"negative","level","scope","token_type","decision","replacement","risk","representative_phrases","explanation","status"
"работа программист","global","ALL","phrase","SAFE","","Broad token «работа программист» on global/ALL — monitored stem","","SAFE: no literal collision in owner groups; separates sibling groups; representative checks pass for scope.","RESOLVED"
"работа 1с","global","ALL","phrase","SAFE","","Broad token «работа 1с» on global/ALL — monitored stem","","SAFE: no literal collision in owner groups; separates sibling groups; representative checks pass for scope.","RESOLVED"
"работа на 1с","global","ALL","phrase","SAFE","","Broad token «работа на 1с» on global/ALL — monitored stem","","SAFE: no literal collision in owner groups; separates sibling groups; representative checks pass for scope.","RESOLVED"
"удаленная работа","global","ALL","phrase","SAFE","","Broad token «удаленная работа» on global/ALL — monitored stem","","SAFE: no literal collision in owner groups; separates sibling groups; representative checks pass for scope.","RESOLVED"
"ищу работу","global","ALL","phrase","SAFE","","Broad token «ищу работу» on global/ALL — monitored stem","","SAFE: no literal collision in owner groups; separates sibling groups; representative checks pass for scope.","RESOLVED"
"вакансии","global","ALL","exact word","SAFE","","Broad token «вакансии» on global/ALL — monitored stem","","SAFE: no literal collision in owner groups; separates sibling groups; representative checks pass for scope.","RESOLVED"
"вакансия","global","ALL","exact word","SAFE","","Broad token «вакансия» on global/ALL — monitored stem","","SAFE: no literal collision in owner groups; separates sibling groups; representative checks pass for scope.","RESOLVED"
"резюме","global","ALL","exact word","SAFE","","Broad token «резюме» on global/ALL — monitored stem","","SAFE: no literal collision in owner groups; separates sibling groups; representative checks pass for scope.","RESOLVED"
"зарплата","global","ALL","exact word","SAFE","","Broad token «зарплата» on global/ALL — monitored stem","","SAFE: no literal collision in owner groups; separates sibling groups; representative checks pass for scope.","RESOLVED"
"стажировка","global","ALL","exact word","SAFE","","Broad token «стажировка» on global/ALL — monitored stem","","SAFE: no literal collision in owner groups; separates sibling groups; representative checks pass for scope.","RESOLVED"
"стажер","global","ALL","exact word","SAFE","","Broad token «стажер» on global/ALL — monitored stem","","SAFE: no literal collision in owner groups; separates sibling groups; representative checks pass for scope.","RESOLVED"
"работодатель","global","ALL","exact word","SAFE","","Broad token «работодатель» on global/ALL — monitored stem","","SAFE: no literal collision in owner groups; separates sibling groups; representative checks pass for scope.","RESOLVED"
"трудоустройство","global","ALL","exact word","SAFE","","Broad token «трудоустройство» on global/ALL — monitored stem","","SAFE: no literal collision in owner groups; separates sibling groups; representative checks pass for scope.","RESOLVED"
"собеседование","global","ALL","exact word","SAFE","","Broad token «собеседование» on global/ALL — monitored stem","","SAFE: no literal collision in owner groups; separates sibling groups; representative checks pass for scope.","RESOLVED"
"hh.ru","global","ALL","exact word","SAFE","","Broad token «hh.ru» on global/ALL — monitored stem","","SAFE: no literal collision in owner groups; separates sibling groups; representative checks pass for scope.","RESOLVED"
"hh","global","ALL","exact word","SAFE","","Broad token «hh» on global/ALL — monitored stem","","SAFE: no literal collision in owner groups; separates sibling groups; representative checks pass for scope.","RESOLVED"
"superjob","global","ALL","exact word","SAFE","","Broad token «superjob» on global/ALL — monitored stem","","SAFE: no literal collision in owner groups; separates sibling groups; representative checks pass for scope.","RESOLVED"
"gorodrabot.ru","global","ALL","exact word","SAFE","","Broad token «gorodrabot.ru» on global/ALL — monitored stem","","SAFE: no literal collision in owner groups; separates sibling groups; representative checks pass for scope.","RESOLVED"
"zarplata.ru","global","ALL","exact word","SAFE","","Broad token «zarplata.ru» on global/ALL — monitored stem","","SAFE: no literal collision in owner groups; separates sibling groups; representative checks pass for scope.","RESOLVED"
"обучение","global","ALL","exact word","SAFE","","Broad token «обучение» on global/ALL — monitored stem","","SAFE: no literal collision in owner groups; separates sibling groups; representative checks pass for scope.","RESOLVED"
"курсы","global","ALL","exact word","SAFE","","Broad token «курсы» on global/ALL — monitored stem","","SAFE: no literal collision in owner groups; separates sibling groups; representative checks pass for scope.","RESOLVED"
"курс","global","ALL","exact word","SAFE","","Broad token «курс» on global/ALL — monitored stem","","SAFE: no literal collision in owner groups; separates sibling groups; representative checks pass for scope.","RESOLVED"
"урок","global","ALL","exact word","SAFE","","Broad token «урок» on global/ALL — monitored stem","","SAFE: no literal collision in owner groups; separates sibling groups; representative checks pass for scope.","RESOLVED"
"уроки","global","ALL","exact word","SAFE","","Broad token «уроки» on global/ALL — monitored stem","","SAFE: no literal collision in owner groups; separates sibling groups; representative checks pass for scope.","RESOLVED"
"учебник","global","ALL","exact word","SAFE","","Broad token «учебник» on global/ALL — monitored stem","","SAFE: no literal collision in owner groups; separates sibling groups; representative checks pass for scope.","RESOLVED"
"учиться","global","ALL","exact word","SAFE","","Broad token «учиться» on global/ALL — monitored stem","","SAFE: no literal collision in owner groups; separates sibling groups; representative checks pass for scope.","RESOLVED"
"профессия","global","ALL","exact word","SAFE","","Broad token «профессия» on global/ALL — monitored stem","","SAFE: no literal collision in owner groups; separates sibling groups; representative checks pass for scope.","RESOLVED"
"экзамен","global","ALL","exact word","SAFE","","Broad token «экзамен» on global/ALL — monitored stem","","SAFE: no literal collision in owner groups; separates sibling groups; representative checks pass for scope.","RESOLVED"
"диплом","global","ALL","exact word","SAFE","","Broad token «диплом» on global/ALL — monitored stem","","SAFE: no literal collision in owner groups; separates sibling groups; representative checks pass for scope.","RESOLVED"
"курсовая","global","ALL","exact word","SAFE","","Broad token «курсовая» on global/ALL — monitored stem","","SAFE: no literal collision in owner groups; separates sibling groups; representative checks pass for scope.","RESOLVED"
"реферат","global","ALL","exact word","SAFE","","Broad token «реферат» on global/ALL — monitored stem","","SAFE: no literal collision in owner groups; separates sibling groups; representative checks pass for scope.","RESOLVED"
"студент","global","ALL","exact word","SAFE","","Broad token «студент» on global/ALL — monitored stem","","SAFE: no literal collision in owner groups; separates sibling groups; representative checks pass for scope.","RESOLVED"
"сертификация специалиста","global","ALL","phrase","SAFE","","Broad token «сертификация специалиста» on global/ALL — monitored stem","","SAFE: no literal collision in owner groups; separates sibling groups; representative checks pass for scope.","RESOLVED"
"школа","global","ALL","exact word","SAFE","","Broad token «школа» on global/ALL — monitored stem","","SAFE: no literal collision in owner groups; separates sibling groups; representative checks pass for scope.","RESOLVED"
"с нуля","global","ALL","phrase","SAFE","","Broad token «с нуля» on global/ALL — monitored stem","","SAFE: no literal collision in owner groups; separates sibling groups; representative checks pass for scope.","RESOLVED"
"скачать","global","ALL","exact word","SAFE","","Broad token «скачать» on global/ALL — monitored stem","","SAFE: no literal collision in owner groups; separates sibling groups; representative checks pass for scope.","RESOLVED"
"торрент","global","ALL","exact word","SAFE","","Broad token «торрент» on global/ALL — monitored stem","","SAFE: no literal collision in owner groups; separates sibling groups; representative checks pass for scope.","RESOLVED"
"crack","global","ALL","exact word","SAFE","","Broad token «crack» on global/ALL — monitored stem","","SAFE: no literal collision in owner groups; separates sibling groups; representative checks pass for scope.","RESOLVED"
"кряк","global","ALL","exact word","SAFE","","Broad token «кряк» on global/ALL — monitored stem","","SAFE: no literal collision in owner groups; separates sibling groups; representative checks pass for scope.","RESOLVED"
"ключ активации","global","ALL","phrase","SAFE","","Broad token «ключ активации» on global/ALL — monitored stem","","SAFE: no literal collision in owner groups; separates sibling groups; representative checks pass for scope.","RESOLVED"
"бесплатно скачать","global","ALL","phrase","SAFE","","Broad token «бесплатно скачать» on global/ALL — monitored stem","","SAFE: no literal collision in owner groups; separates sibling groups; representative checks pass for scope.","RESOLVED"
"установка платформы бесплатно","global","ALL","phrase","SAFE","","Broad token «установка платформы бесплатно» on global/ALL — monitored stem","","SAFE: no literal collision in owner groups; separates sibling groups; representative checks pass for scope.","RESOLVED"
"инструкция","global","ALL","exact word","SAFE","","Broad token «инструкция» on global/ALL — monitored stem","","SAFE: no literal collision in owner groups; separates sibling groups; representative checks pass for scope.","RESOLVED"
"руководство","global","ALL","exact word","SAFE","","Broad token «руководство» on global/ALL — monitored stem","","SAFE: no literal collision in owner groups; separates sibling groups; representative checks pass for scope.","RESOLVED"
"форум","global","ALL","exact word","SAFE","","Broad token «форум» on global/ALL — monitored stem","","SAFE: no literal collision in owner groups; separates sibling groups; representative checks pass for scope.","RESOLVED"
"pdf","global","ALL","exact word","SAFE","","Broad token «pdf» on global/ALL — monitored stem","","SAFE: no literal collision in owner groups; separates sibling groups; representative checks pass for scope.","RESOLVED"
"книга","global","ALL","exact word","SAFE","","Broad token «книга» on global/ALL — monitored stem","","SAFE: no literal collision in owner groups; separates sibling groups; representative checks pass for scope.","RESOLVED"
"своими руками","global","ALL","phrase","SAFE","","Broad token «своими руками» on global/ALL — monitored stem","","SAFE: no literal collision in owner groups; separates sibling groups; representative checks pass for scope.","RESOLVED"
"самостоятельно","global","ALL","exact word","SAFE","","Broad token «самостоятельно» on global/ALL — monitored stem","","SAFE: no literal collision in owner groups; separates sibling groups; representative checks pass for scope.","RESOLVED"
"что такое","global","ALL","phrase","SAFE","","Broad token «что такое» on global/ALL — monitored stem","","SAFE: no literal collision in owner groups; separates sibling groups; representative checks pass for scope.","RESOLVED"
"как стать","global","ALL","phrase","SAFE","","Broad token «как стать» on global/ALL — monitored stem","","SAFE: no literal collision in owner groups; separates sibling groups; representative checks pass for scope.","RESOLVED"
"документация","global","ALL","exact word","SAFE","","Broad token «документация» on global/ALL — monitored stem","","SAFE: no literal collision in owner groups; separates sibling groups; representative checks pass for scope.","RESOLVED"
"маркировка","direction","CORV-C01","stem-like token","SAFE","","Broad token «маркировка» on direction/CORV-C01 — monitored stem","программист 1с новосибирск; программисты 1с новосибирск; абонентское обслуживание 1с; абонентское сопровождение 1с; абонентское сопровождение 1с первый бит","SAFE: no literal collision in owner groups; separates marking groups CORV-C06; representative checks pass for scope.","RESOLVED"
"честный знак","direction","CORV-C01","phrase","SAFE","","Broad token «честный знак» on direction/CORV-C01 — monitored stem","","SAFE: no literal collision in owner groups; separates sibling groups; representative checks pass for scope.","RESOLVED"
"битрикс","direction","CORV-C01","exact word","SAFE","","Broad token «битрикс» on direction/CORV-C01 — monitored stem","","SAFE: no literal collision in owner groups; separates sibling groups; representative checks pass for scope.","RESOLVED"
"не работает","direction","CORV-C01","phrase","REMOVE","","Exchange-failure group must not minus core symptom «не работает»","не работает синхронизация 1с; не работает синхронизация 1с 8.3; после обновления 1с не работает синхронизация; почему не работает синхронизация в 1с","Regression REG-02: Exchange-failure group must not minus core symptom «не работает»","RESOLVED"
"ошибка","direction","CORV-C01","stem-like token","SAFE","","Broad token «ошибка» on direction/CORV-C01 — monitored stem","программист 1с новосибирск; программисты 1с новосибирск; абонентское обслуживание 1с; абонентское сопровождение 1с; абонентское сопровождение 1с первый бит","SAFE: no literal collision in owner groups; separates troubleshooting CORV-C07; representative checks pass for scope.","RESOLVED"
"вакансия программист","direction","CORV-C01","phrase","SAFE","","Broad token «вакансия программист» on direction/CORV-C01 — monitored stem","","SAFE: no literal collision in owner groups; separates sibling groups; representative checks pass for scope.","RESOLVED"
"отчет","direction","CORV-C01","exact word","SAFE","","Broad token «отчет» on direction/CORV-C01 — monitored stem","","SAFE: no literal collision in owner groups; separates sibling groups; representative checks pass for scope.","RESOLVED"
"печатная форма","direction","CORV-C01","phrase","REMOVE","","External print-form group must not minus «печатная форма»","1с 3.0 внешние печатные формы; 1с 8.3 внешние печатные формы упд; 1с бп внешняя печатная форма; 1с бухгалтерия внешние печатные формы; 1с внешние печатные формы управляемые","Regression REG-03: External print-form group must not minus «печатная форма»","RESOLVED"
"рмк","direction","CORV-C01","exact word","SAFE","","Broad token «рмк» on direction/CORV-C01 — monitored stem","","SAFE: no literal collision in owner groups; separates sibling groups; representative checks pass for scope.","RESOLVED"
"тс пиот","direction","CORV-C01","phrase","SAFE","","Broad token «тс пиот» on direction/CORV-C01 — monitored stem","","SAFE: no literal collision in owner groups; separates sibling groups; representative checks pass for scope.","RESOLVED"
"интеграция сайт","direction","CORV-C01","phrase","SAFE","","Broad token «интеграция сайт» on direction/CORV-C01 — monitored stem","программист 1с новосибирск; программисты 1с новосибирск; абонентское обслуживание 1с; абонентское сопровождение 1с; абонентское сопровождение 1с первый бит","SAFE: no literal collision in owner groups; separates integration groups CORV-C05; representative checks pass for scope.","RESOLVED"
"синхронизация","direction","CORV-C01","stem-like token","REMOVE","","Cash-register sync group must not minus stem «синхрон»","1с касса синхронизация розница; 1с касса синхронизация с бухгалтерией; 1с мобильная касса настройка синхронизации; 1с мобильная касса синхронизация; 1с мобильная касса синхронизация с 1с бухгалтерия","Regression REG-04: Cash-register sync group must not minus stem «синхрон»","RESOLVED"
"маркировка","direction","CORV-C02","stem-like token","SAFE","","Broad token «маркировка» on direction/CORV-C02 — monitored stem","обновление доработанной 1с; обновление доработанных конфигураций 1с; перенос доработок 1с; сохранение доработок при обновлении 1с; исправление доработок после обновления 1с","SAFE: no literal collision in owner groups; separates marking groups CORV-C06; representative checks pass for scope.","RESOLVED"
"честный знак","direction","CORV-C02","phrase","SAFE","","Broad token «честный знак» on direction/CORV-C02 — monitored stem","","SAFE: no literal collision in owner groups; separates sibling groups; representative checks pass for scope.","RESOLVED"
"отчет","direction","CORV-C02","exact word","SAFE","","Broad token «отчет» on direction/CORV-C02 — monitored stem","","SAFE: no literal collision in owner groups; separates sibling groups; representative checks pass for scope.","RESOLVED"
"печатная форма","direction","CORV-C02","phrase","REMOVE","","External print-form group must not minus «печатная форма»","1с 3.0 внешние печатные формы; 1с 8.3 внешние печатные формы упд; 1с бп внешняя печатная форма; 1с бухгалтерия внешние печатные формы; 1с внешние печатные формы управляемые","Regression REG-03: External print-form group must not minus «печатная форма»","RESOLVED"
"рмк","direction","CORV-C02","exact word","SAFE","","Broad token «рмк» on direction/CORV-C02 — monitored stem","","SAFE: no literal collision in owner groups; separates sibling groups; representative checks pass for scope.","RESOLVED"
"не работает","direction","CORV-C02","phrase","REMOVE","","Exchange-failure group must not minus core symptom «не работает»","не работает синхронизация 1с; не работает синхронизация 1с 8.3; после обновления 1с не работает синхронизация; почему не работает синхронизация в 1с","Regression REG-02: Exchange-failure group must not minus core symptom «не работает»","RESOLVED"
"вакансия","direction","CORV-C02","exact word","SAFE","","Broad token «вакансия» on direction/CORV-C02 — monitored stem","","SAFE: no literal collision in owner groups; separates sibling groups; representative checks pass for scope.","RESOLVED"
"курсы","direction","CORV-C02","exact word","SAFE","","Broad token «курсы» on direction/CORV-C02 — monitored stem","","SAFE: no literal collision in owner groups; separates sibling groups; representative checks pass for scope.","RESOLVED"
"битрикс","direction","CORV-C02","exact word","SAFE","","Broad token «битрикс» on direction/CORV-C02 — monitored stem","","SAFE: no literal collision in owner groups; separates sibling groups; representative checks pass for scope.","RESOLVED"
"интеграция","direction","CORV-C02","stem-like token","SAFE","","Broad token «интеграция» on direction/CORV-C02 — monitored stem","обновление доработанной 1с; обновление доработанных конфигураций 1с; перенос доработок 1с; сохранение доработок при обновлении 1с; исправление доработок после обновления 1с","SAFE: no literal collision in owner groups; separates integration groups CORV-C05; representative checks pass for scope.","RESOLVED"
"синхронизация","direction","CORV-C02","stem-like token","REMOVE","","Cash-register sync group must not minus stem «синхрон»","1с касса синхронизация розница; 1с касса синхронизация с бухгалтерией; 1с мобильная касса настройка синхронизации; 1с мобильная касса синхронизация; 1с мобильная касса синхронизация с 1с бухгалтерия","Regression REG-04: Cash-register sync group must not minus stem «синхрон»","RESOLVED"
"маркировка","direction","CORV-C03","stem-like token","SAFE","","Broad token «маркировка» on direction/CORV-C03 — monitored stem","1с 7.7 изменить печатную форму; 1с 8.3 изменить печатную форму счета; 1с изменить печатную форму счета; 1с ут изменить печатную форму; доработка печатной формы 1с","SAFE: no literal collision in owner groups; separates marking groups CORV-C06; representative checks pass for scope.","RESOLVED"
"честный знак","direction","CORV-C03","phrase","SAFE","","Broad token «честный знак» on direction/CORV-C03 — monitored stem","","SAFE: no literal collision in owner groups; separates sibling groups; representative checks pass for scope.","RESOLVED"
"программист вакансия","direction","CORV-C03","phrase","SAFE","","Broad token «программист вакансия» on direction/CORV-C03 — monitored stem","1с 7.7 изменить печатную форму; 1с 8.3 изменить печатную форму счета; 1с изменить печатную форму счета; 1с ут изменить печатную форму; доработка печатной формы 1с","SAFE: no literal collision in owner groups; separates general hire CORV-G01-01; representative checks pass for scope.","RESOLVED"
"битрикс","direction","CORV-C03","exact word","SAFE","","Broad token «битрикс» on direction/CORV-C03 — monitored stem","","SAFE: no literal collision in owner groups; separates sibling groups; representative checks pass for scope.","RESOLVED"
"не работает","direction","CORV-C03","phrase","REMOVE","","Exchange-failure group must not minus core symptom «не работает»","не работает синхронизация 1с; не работает синхронизация 1с 8.3; после обновления 1с не работает синхронизация; почему не работает синхронизация в 1с","Regression REG-02: Exchange-failure group must not minus core symptom «не работает»","RESOLVED"
"доработка базы","direction","CORV-C03","phrase","SAFE","","Broad token «доработка базы» on direction/CORV-C03 — monitored stem","1с 7.7 изменить печатную форму; 1с 8.3 изменить печатную форму счета; 1с изменить печатную форму счета; 1с ут изменить печатную форму; доработка печатной формы 1с","SAFE: no literal collision in owner groups; separates modification CORV-C02; representative checks pass for scope.","RESOLVED"
"сопровождение","direction","CORV-C03","exact word","SAFE","","Broad token «сопровождение» on direction/CORV-C03 — monitored stem","","SAFE: no literal collision in owner groups; separates sibling groups; representative checks pass for scope.","RESOLVED"
"интеграция","direction","CORV-C03","stem-like token","SAFE","","Broad token «интеграция» on direction/CORV-C03 — monitored stem","1с 7.7 изменить печатную форму; 1с 8.3 изменить печатную форму счета; 1с изменить печатную форму счета; 1с ут изменить печатную форму; доработка печатной формы 1с","SAFE: no literal collision in owner groups; separates integration groups CORV-C05; representative checks pass for scope.","RESOLVED"
"маркировка","direction","CORV-C04","stem-like token","SAFE","","Broad token «маркировка» on direction/CORV-C04 — monitored stem","расчет себестоимости 1с; себестоимость в 1с; планирование закупок 1с; платежный календарь 1с","SAFE: no literal collision in owner groups; separates marking groups CORV-C06; representative checks pass for scope.","RESOLVED"
"честный знак","direction","CORV-C04","phrase","SAFE","","Broad token «честный знак» on direction/CORV-C04 — monitored stem","","SAFE: no literal collision in owner groups; separates sibling groups; representative checks pass for scope.","RESOLVED"
"вакансия","direction","CORV-C04","exact word","SAFE","","Broad token «вакансия» on direction/CORV-C04 — monitored stem","","SAFE: no literal collision in owner groups; separates sibling groups; representative checks pass for scope.","RESOLVED"
"курсы","direction","CORV-C04","exact word","SAFE","","Broad token «курсы» on direction/CORV-C04 — monitored stem","","SAFE: no literal collision in owner groups; separates sibling groups; representative checks pass for scope.","RESOLVED"
"битрикс","direction","CORV-C04","exact word","SAFE","","Broad token «битрикс» on direction/CORV-C04 — monitored stem","","SAFE: no literal collision in owner groups; separates sibling groups; representative checks pass for scope.","RESOLVED"
"программист","direction","CORV-C04","stem-like token","SAFE","","Broad token «программист» on direction/CORV-C04 — monitored stem","расчет себестоимости 1с; себестоимость в 1с; планирование закупок 1с; платежный календарь 1с","SAFE: no literal collision in owner groups; separates general hire CORV-G01-01; representative checks pass for scope.","RESOLVED"
"доработка","direction","CORV-C04","stem-like token","SAFE","","Broad token «доработка» on direction/CORV-C04 — monitored stem","расчет себестоимости 1с; себестоимость в 1с; планирование закупок 1с; платежный календарь 1с","SAFE: no literal collision in owner groups; separates modification CORV-C02; representative checks pass for scope.","RESOLVED"
"не работает","direction","CORV-C04","phrase","REMOVE","","Exchange-failure group must not minus core symptom «не работает»","не работает синхронизация 1с; не работает синхронизация 1с 8.3; после обновления 1с не работает синхронизация; почему не работает синхронизация в 1с","Regression REG-02: Exchange-failure group must not minus core symptom «не работает»","RESOLVED"
"маркировка","direction","CORV-C05","stem-like token","SAFE","","Broad token «маркировка» on direction/CORV-C05 — monitored stem","1с битрикс документооборот интеграция; 1с унф битрикс интеграция; битрикс 24 модуль интеграции с 1с; битрикс интеграция с 1с; битрикс интернет магазины интеграцией 1с","SAFE: no literal collision in owner groups; separates marking groups CORV-C06; representative checks pass for scope.","RESOLVED"
"честный знак","direction","CORV-C05","phrase","REMOVE","","Literal collision with 2 active phrase(s) in owner scope","настройка обмена суз 1с честный знак; настройка обмена суз 1с честный знак розница","Removed: «честный знак» blocks «настройка обмена суз 1с честный знак» in CORV-G05-05.","RESOLVED"
"вакансия программист","direction","CORV-C05","phrase","SAFE","","Broad token «вакансия программист» on direction/CORV-C05 — monitored stem","","SAFE: no literal collision in owner groups; separates sibling groups; representative checks pass for scope.","RESOLVED"
"доработка отчета","direction","CORV-C05","phrase","SAFE","","Broad token «доработка отчета» on direction/CORV-C05 — monitored stem","1с битрикс документооборот интеграция; 1с унф битрикс интеграция; битрикс 24 модуль интеграции с 1с; битрикс интеграция с 1с; битрикс интернет магазины интеграцией 1с","SAFE: no literal collision in owner groups; separates modification CORV-C02; representative checks pass for scope.","RESOLVED"
"не работает","direction","CORV-C05","phrase","REMOVE","","Exchange-failure group must not minus core symptom «не работает»","не работает синхронизация 1с; не работает синхронизация 1с 8.3; после обновления 1с не работает синхронизация; почему не работает синхронизация в 1с","Regression REG-02: Exchange-failure group must not minus core symptom «не работает»","RESOLVED"
"сопровождение","direction","CORV-C05","exact word","SAFE","","Broad token «сопровождение» on direction/CORV-C05 — monitored stem","","SAFE: no literal collision in owner groups; separates sibling groups; representative checks pass for scope.","RESOLVED"
"программист услуги","direction","CORV-C05","phrase","SAFE","","Broad token «программист услуги» on direction/CORV-C05 — monitored stem","1с битрикс документооборот интеграция; 1с унф битрикс интеграция; битрикс 24 модуль интеграции с 1с; битрикс интеграция с 1с; битрикс интернет магазины интеграцией 1с","SAFE: no literal collision in owner groups; separates general hire CORV-G01-01; representative checks pass for scope.","RESOLVED"
"программист вакансия","direction","CORV-C06","phrase","SAFE","","Broad token «программист вакансия» on direction/CORV-C06 — monitored stem","1с маркировка пива; маркировка пива 1с; 1с маркировка воды; маркировка воды 1с; маркировка воды в 1с","SAFE: no literal collision in owner groups; separates general hire CORV-G01-01; representative checks pass for scope.","RESOLVED"
"доработка 1с","direction","CORV-C06","phrase","SAFE","","Broad token «доработка 1с» on direction/CORV-C06 — monitored stem","1с маркировка пива; маркировка пива 1с; 1с маркировка воды; маркировка воды 1с; маркировка воды в 1с","SAFE: no literal collision in owner groups; separates modification CORV-C02; representative checks pass for scope.","RESOLVED"
"сопровождение абонент","direction","CORV-C06","phrase","SAFE","","Broad token «сопровождение абонент» on direction/CORV-C06 — monitored stem","","SAFE: no literal collision in owner groups; separates sibling groups; representative checks pass for scope.","RESOLVED"
"битрикс","direction","CORV-C06","exact word","SAFE","","Broad token «битрикс» on direction/CORV-C06 — monitored stem","","SAFE: no literal collision in owner groups; separates sibling groups; representative checks pass for scope.","RESOLVED"
"интеграция сайт","direction","CORV-C06","phrase","SAFE","","Broad token «интеграция сайт» on direction/CORV-C06 — monitored stem","1с маркировка пива; маркировка пива 1с; 1с маркировка воды; маркировка воды 1с; маркировка воды в 1с","SAFE: no literal collision in owner groups; separates integration groups CORV-C05; representative checks pass for scope.","RESOLVED"
"отчет","direction","CORV-C06","exact word","SAFE","","Broad token «отчет» on direction/CORV-C06 — monitored stem","","SAFE: no literal collision in owner groups; separates sibling groups; representative checks pass for scope.","RESOLVED"
"печатная форма","direction","CORV-C06","phrase","REMOVE","","External print-form group must not minus «печатная форма»","1с 3.0 внешние печатные формы; 1с 8.3 внешние печатные формы упд; 1с бп внешняя печатная форма; 1с бухгалтерия внешние печатные формы; 1с внешние печатные формы управляемые","Regression REG-03: External print-form group must not minus «печатная форма»","RESOLVED"
"не работает 1с","direction","CORV-C06","phrase","SAFE","","Broad token «не работает 1с» on direction/CORV-C06 — monitored stem","1с маркировка пива; маркировка пива 1с; 1с маркировка воды; маркировка воды 1с; маркировка воды в 1с","SAFE: no literal collision in owner groups; separates urgent troubleshooting CORV-C07; representative checks pass for scope.","RESOLVED"
"тс пиот","direction","CORV-C06","phrase","SAFE","","Broad token «тс пиот» on direction/CORV-C06 — monitored stem","","SAFE: no literal collision in owner groups; separates sibling groups; representative checks pass for scope.","RESOLVED"
"как настроить","direction","CORV-C06","phrase","SAFE","","Broad token «как настроить» on direction/CORV-C06 — monitored stem","","SAFE: no literal collision in owner groups; separates sibling groups; representative checks pass for scope.","RESOLVED"
"как сделать","direction","CORV-C06","phrase","SAFE","","Broad token «как сделать» on direction/CORV-C06 — monitored stem","","SAFE: no literal collision in owner groups; separates sibling groups; representative checks pass for scope.","RESOLVED"
"подлежит маркировке","direction","CORV-C06","phrase","SAFE","","Broad token «подлежит маркировке» on direction/CORV-C06 — monitored stem","","SAFE: no literal collision in owner groups; separates sibling groups; representative checks pass for scope.","RESOLVED"
"сроки маркировки","direction","CORV-C06","phrase","SAFE","","Broad token «сроки маркировки» on direction/CORV-C06 — monitored stem","","SAFE: no literal collision in owner groups; separates sibling groups; representative checks pass for scope.","RESOLVED"
"список маркируемых","direction","CORV-C06","phrase","SAFE","","Broad token «список маркируемых» on direction/CORV-C06 — monitored stem","","SAFE: no literal collision in owner groups; separates sibling groups; representative checks pass for scope.","RESOLVED"
"вакансия","direction","CORV-C07","exact word","SAFE","","Broad token «вакансия» on direction/CORV-C07 — monitored stem","","SAFE: no literal collision in owner groups; separates sibling groups; representative checks pass for scope.","RESOLVED"
"работа программист","direction","CORV-C07","phrase","SAFE","","Broad token «работа программист» on direction/CORV-C07 — monitored stem","","SAFE: no literal collision in owner groups; separates sibling groups; representative checks pass for scope.","RESOLVED"
"курсы","direction","CORV-C07","exact word","SAFE","","Broad token «курсы» on direction/CORV-C07 — monitored stem","","SAFE: no literal collision in owner groups; separates sibling groups; representative checks pass for scope.","RESOLVED"
"маркировка","direction","CORV-C07","stem-like token","SAFE","","Broad token «маркировка» on direction/CORV-C07 — monitored stem","не работает синхронизация 1с; не работает синхронизация 1с 8.3; после обновления 1с не работает синхронизация; почему не работает синхронизация в 1с; 1с ошибка печатная форма недоступна","SAFE: no literal collision in owner groups; separates marking groups CORV-C06; representative checks pass for scope.","RESOLVED"
"битрикс","direction","CORV-C07","exact word","SAFE","","Broad token «битрикс» on direction/CORV-C07 — monitored stem","","SAFE: no literal collision in owner groups; separates sibling groups; representative checks pass for scope.","RESOLVED"
"доработка","direction","CORV-C07","stem-like token","SAFE","","Broad token «доработка» on direction/CORV-C07 — monitored stem","не работает синхронизация 1с; не работает синхронизация 1с 8.3; после обновления 1с не работает синхронизация; почему не работает синхронизация в 1с; 1с ошибка печатная форма недоступна","SAFE: no literal collision in owner groups; separates modification CORV-C02; representative checks pass for scope.","RESOLVED"
"внедрение","direction","CORV-C07","exact word","SAFE","","Broad token «внедрение» on direction/CORV-C07 — monitored stem","","SAFE: no literal collision in owner groups; separates sibling groups; representative checks pass for scope.","RESOLVED"
"сопровождение","direction","CORV-C07","exact word","SAFE","","Broad token «сопровождение» on direction/CORV-C07 — monitored stem","","SAFE: no literal collision in owner groups; separates sibling groups; representative checks pass for scope.","RESOLVED"
"как настроить","direction","CORV-C07","phrase","SAFE","","Broad token «как настроить» on direction/CORV-C07 — monitored stem","","SAFE: no literal collision in owner groups; separates sibling groups; representative checks pass for scope.","RESOLVED"
"инструкция","direction","CORV-C07","exact word","SAFE","","Broad token «инструкция» on direction/CORV-C07 — monitored stem","","SAFE: no literal collision in owner groups; separates sibling groups; representative checks pass for scope.","RESOLVED"
"вакансия","direction","CORV-C08","exact word","SAFE","","Broad token «вакансия» on direction/CORV-C08 — monitored stem","","SAFE: no literal collision in owner groups; separates sibling groups; representative checks pass for scope.","RESOLVED"
"курсы","direction","CORV-C08","exact word","SAFE","","Broad token «курсы» on direction/CORV-C08 — monitored stem","","SAFE: no literal collision in owner groups; separates sibling groups; representative checks pass for scope.","RESOLVED"
"маркировка пива","direction","CORV-C08","phrase","SAFE","","Broad token «маркировка пива» on direction/CORV-C08 — monitored stem","1с розница подключение тс пиот; настройка подключения к тс пиот 1с; настройка подключения к тс пиот 1с розница; настройка тс пиот в 1с розница; настройка тс пиот в 1с розница 2.3","SAFE: no literal collision in owner groups; separates marking groups CORV-C06; representative checks pass for scope.","RESOLVED"
"маркировка воды","direction","CORV-C08","phrase","SAFE","","Broad token «маркировка воды» on direction/CORV-C08 — monitored stem","1с розница подключение тс пиот; настройка подключения к тс пиот 1с; настройка подключения к тс пиот 1с розница; настройка тс пиот в 1с розница; настройка тс пиот в 1с розница 2.3","SAFE: no literal collision in owner groups; separates marking groups CORV-C06; representative checks pass for scope.","RESOLVED"
"лекарства маркировка","direction","CORV-C08","phrase","SAFE","","Broad token «лекарства маркировка» on direction/CORV-C08 — monitored stem","","SAFE: no literal collision in owner groups; separates sibling groups; representative checks pass for scope.","RESOLVED"
"автозапчасти маркировка","direction","CORV-C08","phrase","SAFE","","Broad token «автозапчасти маркировка» on direction/CORV-C08 — monitored stem","","SAFE: no literal collision in owner groups; separates sibling groups; representative checks pass for scope.","RESOLVED"
"программист","direction","CORV-C08","stem-like token","SAFE","","Broad token «программист» on direction/CORV-C08 — monitored stem","1с розница подключение тс пиот; настройка подключения к тс пиот 1с; настройка подключения к тс пиот 1с розница; настройка тс пиот в 1с розница; настройка тс пиот в 1с розница 2.3","SAFE: no literal collision in owner groups; separates general hire CORV-G01-01; representative checks pass for scope.","RESOLVED"
"доработка","direction","CORV-C08","stem-like token","SAFE","","Broad token «доработка» on direction/CORV-C08 — monitored stem","1с розница подключение тс пиот; настройка подключения к тс пиот 1с; настройка подключения к тс пиот 1с розница; настройка тс пиот в 1с розница; настройка тс пиот в 1с розница 2.3","SAFE: no literal collision in owner groups; separates modification CORV-C02; representative checks pass for scope.","RESOLVED"
"интеграц","group_cross","CORV-G08-01","stem-like token","SAFE","","Broad token «интеграц» on group_cross/CORV-G08-01 — monitored stem","1с розница подключение тс пиот; настройка подключения к тс пиот 1с; настройка подключения к тс пиот 1с розница; настройка тс пиот в 1с розница; настройка тс пиот в 1с розница 2.3","SAFE: no literal collision in owner groups; separates integration groups CORV-C05; representative checks pass for 1с розница подключение тс пиот; настройка подключения к тс пиот 1с; настройка подключения к тс пиот 1с розница.","RESOLVED"
"маркировка","group_cross","CORV-G08-01","stem-like token","SAFE","","Broad token «маркировка» on group_cross/CORV-G08-01 — monitored stem","1с розница подключение тс пиот; настройка подключения к тс пиот 1с; настройка подключения к тс пиот 1с розница; настройка тс пиот в 1с розница; настройка тс пиот в 1с розница 2.3","SAFE: no literal collision in owner groups; separates marking groups CORV-C06; representative checks pass for 1с розница подключение тс пиот; настройка подключения к тс пиот 1с; настройка подключения к тс пиот 1с розница.","RESOLVED"
"настрой","group_cross","CORV-G08-02","stem-like token","SAFE","","Broad token «настрой» on group_cross/CORV-G08-02 — monitored stem","1с ут тс пиот; модуль тс пиот 1с; тс пиот 1с атол; тс пиот 1с бухгалтерия; тс пиот 1с касса","SAFE: no literal collision in owner groups; separates setup groups across directions; representative checks pass for 1с ут тс пиот; модуль тс пиот 1с; тс пиот 1с атол.","RESOLVED"
"маркировка","group_cross","CORV-G08-02","stem-like token","SAFE","","Broad token «маркировка» on group_cross/CORV-G08-02 — monitored stem","1с ут тс пиот; модуль тс пиот 1с; тс пиот 1с атол; тс пиот 1с бухгалтерия; тс пиот 1с касса","SAFE: no literal collision in owner groups; separates marking groups CORV-C06; representative checks pass for 1с ут тс пиот; модуль тс пиот 1с; тс пиот 1с атол.","RESOLVED"
"пиот настрой","group_cross","CORV-G08-02","phrase","SAFE","","Broad token «пиот настрой» on group_cross/CORV-G08-02 — monitored stem","","SAFE: no literal collision in owner groups; separates sibling groups; representative checks pass for 1с ут тс пиот; модуль тс пиот 1с; тс пиот 1с атол.","RESOLVED"
"вода","group_cross","CORV-G06-05","exact word","SAFE","","Broad token «вода» on group_cross/CORV-G06-05 — monitored stem","","SAFE: no literal collision in owner groups; separates sibling groups; representative checks pass for 1с маркировка пива; маркировка пива 1с.","RESOLVED"
"лекарств","group_cross","CORV-G06-05","exact word","SAFE","","Broad token «лекарств» on group_cross/CORV-G06-05 — monitored stem","","SAFE: no literal collision in owner groups; separates sibling groups; representative checks pass for 1с маркировка пива; маркировка пива 1с.","RESOLVED"
"косметик","group_cross","CORV-G06-05","exact word","SAFE","","Broad token «косметик» on group_cross/CORV-G06-05 — monitored stem","","SAFE: no literal collision in owner groups; separates sibling groups; representative checks pass for 1с маркировка пива; маркировка пива 1с.","RESOLVED"
"автозапчаст","group_cross","CORV-G06-05","exact word","SAFE","","Broad token «автозапчаст» on group_cross/CORV-G06-05 — monitored stem","","SAFE: no literal collision in owner groups; separates sibling groups; representative checks pass for 1с маркировка пива; маркировка пива 1с.","RESOLVED"
"масл","group_cross","CORV-G06-05","exact word","SAFE","","Broad token «масл» on group_cross/CORV-G06-05 — monitored stem","","SAFE: no literal collision in owner groups; separates sibling groups; representative checks pass for 1с маркировка пива; маркировка пива 1с.","RESOLVED"
"алкогол","group_cross","CORV-G06-05","exact word","SAFE","","Broad token «алкогол» on group_cross/CORV-G06-05 — monitored stem","","SAFE: no literal collision in owner groups; separates sibling groups; representative checks pass for 1с маркировка пива; маркировка пива 1с.","RESOLVED"
"пив","group_cross","CORV-G06-06","exact word","SAFE","","Broad token «пив» on group_cross/CORV-G06-06 — monitored stem","","SAFE: no literal collision in owner groups; separates sibling groups; representative checks pass for 1с маркировка воды; маркировка воды 1с; маркировка воды в 1с.","RESOLVED"
"алкогол","group_cross","CORV-G06-06","exact word","SAFE","","Broad token «алкогол» on group_cross/CORV-G06-06 — monitored stem","","SAFE: no literal collision in owner groups; separates sibling groups; representative checks pass for 1с маркировка воды; маркировка воды 1с; маркировка воды в 1с.","RESOLVED"
"лекарств","group_cross","CORV-G06-06","exact word","SAFE","","Broad token «лекарств» on group_cross/CORV-G06-06 — monitored stem","","SAFE: no literal collision in owner groups; separates sibling groups; representative checks pass for 1с маркировка воды; маркировка воды 1с; маркировка воды в 1с.","RESOLVED"
"косметик","group_cross","CORV-G06-06","exact word","SAFE","","Broad token «косметик» on group_cross/CORV-G06-06 — monitored stem","","SAFE: no literal collision in owner groups; separates sibling groups; representative checks pass for 1с маркировка воды; маркировка воды 1с; маркировка воды в 1с.","RESOLVED"
"автозапчаст","group_cross","CORV-G06-06","exact word","SAFE","","Broad token «автозапчаст» on group_cross/CORV-G06-06 — monitored stem","","SAFE: no literal collision in owner groups; separates sibling groups; representative checks pass for 1с маркировка воды; маркировка воды 1с; маркировка воды в 1с.","RESOLVED"
"пив","group_cross","CORV-G06-07","exact word","SAFE","","Broad token «пив» on group_cross/CORV-G06-07 — monitored stem","","SAFE: no literal collision in owner groups; separates sibling groups; representative checks pass for маркировка косметики 1с.","RESOLVED"
"вода","group_cross","CORV-G06-07","exact word","SAFE","","Broad token «вода» on group_cross/CORV-G06-07 — monitored stem","","SAFE: no literal collision in owner groups; separates sibling groups; representative checks pass for маркировка косметики 1с.","RESOLVED"
"лекарств","group_cross","CORV-G06-07","exact word","SAFE","","Broad token «лекарств» on group_cross/CORV-G06-07 — monitored stem","","SAFE: no literal collision in owner groups; separates sibling groups; representative checks pass for маркировка косметики 1с.","RESOLVED"
"автозапчаст","group_cross","CORV-G06-07","exact word","SAFE","","Broad token «автозапчаст» on group_cross/CORV-G06-07 — monitored stem","","SAFE: no literal collision in owner groups; separates sibling groups; representative checks pass for маркировка косметики 1с.","RESOLVED"
"масл","group_cross","CORV-G06-07","exact word","SAFE","","Broad token «масл» on group_cross/CORV-G06-07 — monitored stem","","SAFE: no literal collision in owner groups; separates sibling groups; representative checks pass for маркировка косметики 1с.","RESOLVED"
"пив","group_cross","CORV-G06-08","exact word","SAFE","","Broad token «пив» on group_cross/CORV-G06-08 — monitored stem","","SAFE: no literal collision in owner groups; separates sibling groups; representative checks pass for маркировка лекарств; маркировка лекарств 1с; маркировка лекарств аптека.","RESOLVED"
"вода","group_cross","CORV-G06-08","exact word","SAFE","","Broad token «вода» on group_cross/CORV-G06-08 — monitored stem","","SAFE: no literal collision in owner groups; separates sibling groups; representative checks pass for маркировка лекарств; маркировка лекарств 1с; маркировка лекарств аптека.","RESOLVED"
"косметик","group_cross","CORV-G06-08","exact word","SAFE","","Broad token «косметик» on group_cross/CORV-G06-08 — monitored stem","","SAFE: no literal collision in owner groups; separates sibling groups; representative checks pass for маркировка лекарств; маркировка лекарств 1с; маркировка лекарств аптека.","RESOLVED"
"автозапчаст","group_cross","CORV-G06-08","exact word","SAFE","","Broad token «автозапчаст» on group_cross/CORV-G06-08 — monitored stem","","SAFE: no literal collision in owner groups; separates sibling groups; representative checks pass for маркировка лекарств; маркировка лекарств 1с; маркировка лекарств аптека.","RESOLVED"
"подлежит","group_cross","CORV-G06-08","exact word","SAFE","","Broad token «подлежит» on group_cross/CORV-G06-08 — monitored stem","","SAFE: no literal collision in owner groups; separates sibling groups; representative checks pass for маркировка лекарств; маркировка лекарств 1с; маркировка лекарств аптека.","RESOLVED"
"сроки","group_cross","CORV-G06-08","exact word","SAFE","","Broad token «сроки» on group_cross/CORV-G06-08 — monitored stem","","SAFE: no literal collision in owner groups; separates sibling groups; representative checks pass for маркировка лекарств; маркировка лекарств 1с; маркировка лекарств аптека.","RESOLVED"
"как настроить","group_cross","CORV-G06-08","phrase","SAFE","","Broad token «как настроить» on group_cross/CORV-G06-08 — monitored stem","","SAFE: no literal collision in owner groups; separates sibling groups; representative checks pass for маркировка лекарств; маркировка лекарств 1с; маркировка лекарств аптека.","RESOLVED"
"пив","group_cross","CORV-G06-09","exact word","SAFE","","Broad token «пив» on group_cross/CORV-G06-09 — monitored stem","","SAFE: no literal collision in owner groups; separates sibling groups; representative checks pass for маркировка бытовой химии 1с.","RESOLVED"
"вода","group_cross","CORV-G06-09","exact word","SAFE","","Broad token «вода» on group_cross/CORV-G06-09 — monitored stem","","SAFE: no literal collision in owner groups; separates sibling groups; representative checks pass for маркировка бытовой химии 1с.","RESOLVED"
"лекарств","group_cross","CORV-G06-09","exact word","SAFE","","Broad token «лекарств» on group_cross/CORV-G06-09 — monitored stem","","SAFE: no literal collision in owner groups; separates sibling groups; representative checks pass for маркировка бытовой химии 1с.","RESOLVED"
"косметик","group_cross","CORV-G06-09","exact word","SAFE","","Broad token «косметик» on group_cross/CORV-G06-09 — monitored stem","","SAFE: no literal collision in owner groups; separates sibling groups; representative checks pass for маркировка бытовой химии 1с.","RESOLVED"
"лекарств","group_cross","CORV-G06-10","exact word","SAFE","","Broad token «лекарств» on group_cross/CORV-G06-10 — monitored stem","","SAFE: no literal collision in owner groups; separates sibling groups; representative checks pass for автозапчасти маркировка честный знак; маркировка автозапчастей; маркировка автозапчастей 1с.","RESOLVED"
"пив","group_cross","CORV-G06-10","exact word","SAFE","","Broad token «пив» on group_cross/CORV-G06-10 — monitored stem","","SAFE: no literal collision in owner groups; separates sibling groups; representative checks pass for автозапчасти маркировка честный знак; маркировка автозапчастей; маркировка автозапчастей 1с.","RESOLVED"
"вода","group_cross","CORV-G06-10","exact word","SAFE","","Broad token «вода» on group_cross/CORV-G06-10 — monitored stem","","SAFE: no literal collision in owner groups; separates sibling groups; representative checks pass for автозапчасти маркировка честный знак; маркировка автозапчастей; маркировка автозапчастей 1с.","RESOLVED"
"косметик","group_cross","CORV-G06-10","exact word","SAFE","","Broad token «косметик» on group_cross/CORV-G06-10 — monitored stem","","SAFE: no literal collision in owner groups; separates sibling groups; representative checks pass for автозапчасти маркировка честный знак; маркировка автозапчастей; маркировка автозапчастей 1с.","RESOLVED"
"подлежит","group_cross","CORV-G06-10","exact word","SAFE","","Broad token «подлежит» on group_cross/CORV-G06-10 — monitored stem","","SAFE: no literal collision in owner groups; separates sibling groups; representative checks pass for автозапчасти маркировка честный знак; маркировка автозапчастей; маркировка автозапчастей 1с.","RESOLVED"
"сроки","group_cross","CORV-G06-10","exact word","SAFE","","Broad token «сроки» on group_cross/CORV-G06-10 — monitored stem","","SAFE: no literal collision in owner groups; separates sibling groups; representative checks pass for автозапчасти маркировка честный знак; маркировка автозапчастей; маркировка автозапчастей 1с.","RESOLVED"
"какие","group_cross","CORV-G06-10","exact word","SAFE","","Broad token «какие» on group_cross/CORV-G06-10 — monitored stem","","SAFE: no literal collision in owner groups; separates sibling groups; representative checks pass for автозапчасти маркировка честный знак; маркировка автозапчастей; маркировка автозапчастей 1с.","RESOLVED"
"пив","group_cross","CORV-G06-11","exact word","SAFE","","Broad token «пив» on group_cross/CORV-G06-11 — monitored stem","","SAFE: no literal collision in owner groups; separates sibling groups; representative checks pass for в 1с маркировка моторные масла; маркировка масел 1с.","RESOLVED"
"вода","group_cross","CORV-G06-11","exact word","SAFE","","Broad token «вода» on group_cross/CORV-G06-11 — monitored stem","","SAFE: no literal collision in owner groups; separates sibling groups; representative checks pass for в 1с маркировка моторные масла; маркировка масел 1с.","RESOLVED"
"лекарств","group_cross","CORV-G06-11","exact word","SAFE","","Broad token «лекарств» on group_cross/CORV-G06-11 — monitored stem","","SAFE: no literal collision in owner groups; separates sibling groups; representative checks pass for в 1с маркировка моторные масла; маркировка масел 1с.","RESOLVED"
"автозапчаст","group_cross","CORV-G06-11","exact word","SAFE","","Broad token «автозапчаст» on group_cross/CORV-G06-11 — monitored stem","","SAFE: no literal collision in owner groups; separates sibling groups; representative checks pass for в 1с маркировка моторные масла; маркировка масел 1с.","RESOLVED"
"пив","group_cross","CORV-G06-12","exact word","SAFE","","Broad token «пив» on group_cross/CORV-G06-12 — monitored stem","","SAFE: no literal collision in owner groups; separates sibling groups; representative checks pass for маркировка техники 1с.","RESOLVED"
"вода","group_cross","CORV-G06-12","exact word","SAFE","","Broad token «вода» on group_cross/CORV-G06-12 — monitored stem","","SAFE: no literal collision in owner groups; separates sibling groups; representative checks pass for маркировка техники 1с.","RESOLVED"
"лекарств","group_cross","CORV-G06-12","exact word","SAFE","","Broad token «лекарств» on group_cross/CORV-G06-12 — monitored stem","","SAFE: no literal collision in owner groups; separates sibling groups; representative checks pass for маркировка техники 1с.","RESOLVED"
"косметик","group_cross","CORV-G06-12","exact word","SAFE","","Broad token «косметик» on group_cross/CORV-G06-12 — monitored stem","","SAFE: no literal collision in owner groups; separates sibling groups; representative checks pass for маркировка техники 1с.","RESOLVED"
"пив","group_cross","CORV-G06-13","exact word","SAFE","","Broad token «пив» on group_cross/CORV-G06-13 — monitored stem","","SAFE: no literal collision in owner groups; separates sibling groups; representative checks pass for маркировка строительных материалов 1с.","RESOLVED"
"вода","group_cross","CORV-G06-13","exact word","SAFE","","Broad token «вода» on group_cross/CORV-G06-13 — monitored stem","","SAFE: no literal collision in owner groups; separates sibling groups; representative checks pass for маркировка строительных материалов 1с.","RESOLVED"
"лекарств","group_cross","CORV-G06-13","exact word","SAFE","","Broad token «лекарств» on group_cross/CORV-G06-13 — monitored stem","","SAFE: no literal collision in owner groups; separates sibling groups; representative checks pass for маркировка строительных материалов 1с.","RESOLVED"
"косметик","group_cross","CORV-G06-13","exact word","SAFE","","Broad token «косметик» on group_cross/CORV-G06-13 — monitored stem","","SAFE: no literal collision in owner groups; separates sibling groups; representative checks pass for маркировка строительных материалов 1с.","RESOLVED"
"доработка","group_cross","CORV-G06-03","stem-like token","SAFE","","Broad token «доработка» on group_cross/CORV-G06-03 — monitored stem","1с 8.3 честный знак; 1с бухгалтерия честный знак; 1с номенклатура честный знак; 1с торговля честный знак; 1с унф честный знак","SAFE: no literal collision in owner groups; separates modification CORV-C02; representative checks pass for 1с 8.3 честный знак; 1с бухгалтерия честный знак; 1с номенклатура честный знак.","RESOLVED"
"программист","group_cross","CORV-G06-03","stem-like token","SAFE","","Broad token «программист» on group_cross/CORV-G06-03 — monitored stem","1с 8.3 честный знак; 1с бухгалтерия честный знак; 1с номенклатура честный знак; 1с торговля честный знак; 1с унф честный знак","SAFE: no literal collision in owner groups; separates general hire CORV-G01-01; representative checks pass for 1с 8.3 честный знак; 1с бухгалтерия честный знак; 1с номенклатура честный знак.","RESOLVED"
"отчет","group_cross","CORV-G06-03","exact word","SAFE","","Broad token «отчет» on group_cross/CORV-G06-03 — monitored stem","","SAFE: no literal collision in owner groups; separates sibling groups; representative checks pass for 1с 8.3 честный знак; 1с бухгалтерия честный знак; 1с номенклатура честный знак.","RESOLVED"
"пив","group_cross","CORV-G06-03","exact word","SAFE","","Broad token «пив» on group_cross/CORV-G06-03 — monitored stem","","SAFE: no literal collision in owner groups; separates sibling groups; representative checks pass for 1с 8.3 честный знак; 1с бухгалтерия честный знак; 1с номенклатура честный знак.","RESOLVED"
"вода","group_cross","CORV-G06-03","exact word","SAFE","","Broad token «вода» on group_cross/CORV-G06-03 — monitored stem","","SAFE: no literal collision in owner groups; separates sibling groups; representative checks pass for 1с 8.3 честный знак; 1с бухгалтерия честный знак; 1с номенклатура честный знак.","RESOLVED"
"подключ","group_cross","CORV-G06-03","exact word","SAFE","","Broad token «подключ» on group_cross/CORV-G06-03 — monitored stem","","SAFE: no literal collision in owner groups; separates sibling groups; representative checks pass for 1с 8.3 честный знак; 1с бухгалтерия честный знак; 1с номенклатура честный знак.","RESOLVED"
"подключ","group_cross","CORV-G06-04","exact word","SAFE","","Broad token «подключ» on group_cross/CORV-G06-04 — monitored stem","","SAFE: no literal collision in owner groups; separates sibling groups; representative checks pass for ошибка маркировки 1с.","RESOLVED"
"настрой","group_cross","CORV-G06-04","stem-like token","SAFE","","Broad token «настрой» on group_cross/CORV-G06-04 — monitored stem","ошибка маркировки 1с","SAFE: no literal collision in owner groups; separates setup groups across directions; representative checks pass for ошибка маркировки 1с.","RESOLVED"
"пив","group_cross","CORV-G06-04","exact word","SAFE","","Broad token «пив» on group_cross/CORV-G06-04 — monitored stem","","SAFE: no literal collision in owner groups; separates sibling groups; representative checks pass for ошибка маркировки 1с.","RESOLVED"
"вода","group_cross","CORV-G06-04","exact word","SAFE","","Broad token «вода» on group_cross/CORV-G06-04 — monitored stem","","SAFE: no literal collision in owner groups; separates sibling groups; representative checks pass for ошибка маркировки 1с.","RESOLVED"
"лекарств","group_cross","CORV-G06-04","exact word","SAFE","","Broad token «лекарств» on group_cross/CORV-G06-04 — monitored stem","","SAFE: no literal collision in owner groups; separates sibling groups; representative checks pass for ошибка маркировки 1с.","RESOLVED"
"честный знак","group_cross","CORV-G06-01","phrase","SAFE","","Broad token «честный знак» on group_cross/CORV-G06-01 — monitored stem","","SAFE: no literal collision in owner groups; separates sibling groups; representative checks pass for 1с маркировка в производстве; 1с маркировка ввод в оборот; внедрение маркировки в 1с.","RESOLVED"
"пив","group_cross","CORV-G06-01","exact word","SAFE","","Broad token «пив» on group_cross/CORV-G06-01 — monitored stem","","SAFE: no literal collision in owner groups; separates sibling groups; representative checks pass for 1с маркировка в производстве; 1с маркировка ввод в оборот; внедрение маркировки в 1с.","RESOLVED"
"вода","group_cross","CORV-G06-01","exact word","SAFE","","Broad token «вода» on group_cross/CORV-G06-01 — monitored stem","","SAFE: no literal collision in owner groups; separates sibling groups; representative checks pass for 1с маркировка в производстве; 1с маркировка ввод в оборот; внедрение маркировки в 1с.","RESOLVED"
"лекарств","group_cross","CORV-G06-01","exact word","SAFE","","Broad token «лекарств» on group_cross/CORV-G06-01 — monitored stem","","SAFE: no literal collision in owner groups; separates sibling groups; representative checks pass for 1с маркировка в производстве; 1с маркировка ввод в оборот; внедрение маркировки в 1с.","RESOLVED"
"косметик","group_cross","CORV-G06-01","exact word","SAFE","","Broad token «косметик» on group_cross/CORV-G06-01 — monitored stem","","SAFE: no literal collision in owner groups; separates sibling groups; representative checks pass for 1с маркировка в производстве; 1с маркировка ввод в оборот; внедрение маркировки в 1с.","RESOLVED"
"автозапчаст","group_cross","CORV-G06-01","exact word","SAFE","","Broad token «автозапчаст» on group_cross/CORV-G06-01 — monitored stem","","SAFE: no literal collision in owner groups; separates sibling groups; representative checks pass for 1с маркировка в производстве; 1с маркировка ввод в оборот; внедрение маркировки в 1с.","RESOLVED"
"ошибк","group_cross","CORV-G06-01","stem-like token","SAFE","","Broad token «ошибк» on group_cross/CORV-G06-01 — monitored stem","1с маркировка в производстве; 1с маркировка ввод в оборот; внедрение маркировки в 1с; маркировка в 1с; настроить маркировку в 1с","SAFE: no literal collision in owner groups; separates troubleshooting CORV-C07; representative checks pass for 1с маркировка в производстве; 1с маркировка ввод в оборот; внедрение маркировки в 1с.","RESOLVED"
"честный знак","group_cross","CORV-G06-02","phrase","SAFE","","Broad token «честный знак» on group_cross/CORV-G06-02 — monitored stem","","SAFE: no literal collision in owner groups; separates sibling groups; representative checks pass for маркировка в 1с розница настройка номенклатуры; маркировка моторных масел в 1с розница настройка; настройка маркировки 1с.","RESOLVED"
"пив","group_cross","CORV-G06-02","exact word","SAFE","","Broad token «пив» on group_cross/CORV-G06-02 — monitored stem","","SAFE: no literal collision in owner groups; separates sibling groups; representative checks pass for маркировка в 1с розница настройка номенклатуры; маркировка моторных масел в 1с розница настройка; настройка маркировки 1с.","RESOLVED"
"вода","group_cross","CORV-G06-02","exact word","SAFE","","Broad token «вода» on group_cross/CORV-G06-02 — monitored stem","","SAFE: no literal collision in owner groups; separates sibling groups; representative checks pass for маркировка в 1с розница настройка номенклатуры; маркировка моторных масел в 1с розница настройка; настройка маркировки 1с.","RESOLVED"
"лекарств","group_cross","CORV-G06-02","exact word","SAFE","","Broad token «лекарств» on group_cross/CORV-G06-02 — monitored stem","","SAFE: no literal collision in owner groups; separates sibling groups; representative checks pass for маркировка в 1с розница настройка номенклатуры; маркировка моторных масел в 1с розница настройка; настройка маркировки 1с.","RESOLVED"
"подключ","group_cross","CORV-G06-02","exact word","SAFE","","Broad token «подключ» on group_cross/CORV-G06-02 — monitored stem","","SAFE: no literal collision in owner groups; separates sibling groups; representative checks pass for маркировка в 1с розница настройка номенклатуры; маркировка моторных масел в 1с розница настройка; настройка маркировки 1с.","RESOLVED"
"ошибка после обновления","group_cross","CORV-G07-03","phrase","SAFE","","Broad token «ошибка после обновления» on group_cross/CORV-G07-03 — monitored stem","не работает синхронизация 1с; не работает синхронизация 1с 8.3; после обновления 1с не работает синхронизация; почему не работает синхронизация в 1с","SAFE: no literal collision in owner groups; separates troubleshooting CORV-C07; representative checks pass for не работает синхронизация 1с; не работает синхронизация 1с 8.3; после обновления 1с не работает синхронизация.","RESOLVED"
"восстановлен","group_cross","CORV-G07-03","exact word","SAFE","","Broad token «восстановлен» on group_cross/CORV-G07-03 — monitored stem","","SAFE: no literal collision in owner groups; separates sibling groups; representative checks pass for не работает синхронизация 1с; не работает синхронизация 1с 8.3; после обновления 1с не работает синхронизация.","RESOLVED"
"запуска","group_cross","CORV-G07-03","exact word","SAFE","","Broad token «запуска» on group_cross/CORV-G07-03 — monitored stem","","SAFE: no literal collision in owner groups; separates sibling groups; representative checks pass for не работает синхронизация 1с; не работает синхронизация 1с 8.3; после обновления 1с не работает синхронизация.","RESOLVED"
"не работает","group_cross","CORV-G07-02","phrase","REMOVE","","Exchange-failure group must not minus core symptom «не работает»","не работает синхронизация 1с; не работает синхронизация 1с 8.3; после обновления 1с не работает синхронизация; почему не работает синхронизация в 1с","Regression REG-02: Exchange-failure group must not minus core symptom «не работает»","RESOLVED"
"обмен","group_cross","CORV-G07-02","stem-like token","SAFE","","Broad token «обмен» on group_cross/CORV-G07-02 — monitored stem","1с ошибка печатная форма недоступна; ошибка 1с; ошибка 1с после обновления; ошибки программиста 1с","SAFE: no literal collision in owner groups; separates exchange groups CORV-G05-04/05; representative checks pass for 1с ошибка печатная форма недоступна; ошибка 1с; ошибка 1с после обновления.","RESOLVED"
"синхронизация","group_cross","CORV-G07-02","stem-like token","REMOVE","","Cash-register sync group must not minus stem «синхрон»","1с касса синхронизация розница; 1с касса синхронизация с бухгалтерией; 1с мобильная касса настройка синхронизации; 1с мобильная касса синхронизация; 1с мобильная касса синхронизация с 1с бухгалтерия","Regression REG-04: Cash-register sync group must not minus stem «синхрон»","RESOLVED"
"восстановлен","group_cross","CORV-G07-02","exact word","SAFE","","Broad token «восстановлен» on group_cross/CORV-G07-02 — monitored stem","","SAFE: no literal collision in owner groups; separates sibling groups; representative checks pass for 1с ошибка печатная форма недоступна; ошибка 1с; ошибка 1с после обновления.","RESOLVED"
"не работает","group_cross","CORV-G07-04","phrase","REMOVE","","Exchange-failure group must not minus core symptom «не работает»","не работает синхронизация 1с; не работает синхронизация 1с 8.3; после обновления 1с не работает синхронизация; почему не работает синхронизация в 1с","Regression REG-02: Exchange-failure group must not minus core symptom «не работает»","RESOLVED"
"обмен","group_cross","CORV-G07-04","stem-like token","SAFE","","Broad token «обмен» on group_cross/CORV-G07-04 — monitored stem","восстановление работы 1с","SAFE: no literal collision in owner groups; separates exchange groups CORV-G05-04/05; representative checks pass for восстановление работы 1с.","RESOLVED"
"ошибка","group_cross","CORV-G07-04","stem-like token","SAFE","","Broad token «ошибка» on group_cross/CORV-G07-04 — monitored stem","восстановление работы 1с","SAFE: no literal collision in owner groups; separates troubleshooting CORV-C07; representative checks pass for восстановление работы 1с.","RESOLVED"
"синхронизация","group_cross","CORV-G07-04","stem-like token","REMOVE","","Cash-register sync group must not minus stem «синхрон»","1с касса синхронизация розница; 1с касса синхронизация с бухгалтерией; 1с мобильная касса настройка синхронизации; 1с мобильная касса синхронизация; 1с мобильная касса синхронизация с 1с бухгалтерия","Regression REG-04: Cash-register sync group must not minus stem «синхрон»","RESOLVED"
"ошибка","group_cross","CORV-G07-01","stem-like token","SAFE","","Broad token «ошибка» on group_cross/CORV-G07-01 — monitored stem","1с не работает; почему не работает программа 1с; программа 1с не работает; срочно программист 1с","SAFE: no literal collision in owner groups; separates troubleshooting CORV-C07; representative checks pass for 1с не работает; почему не работает программа 1с; программа 1с не работает.","RESOLVED"
"обмен","group_cross","CORV-G07-01","stem-like token","SAFE","","Broad token «обмен» on group_cross/CORV-G07-01 — monitored stem","1с не работает; почему не работает программа 1с; программа 1с не работает; срочно программист 1с","SAFE: no literal collision in owner groups; separates exchange groups CORV-G05-04/05; representative checks pass for 1с не работает; почему не работает программа 1с; программа 1с не работает.","RESOLVED"
"синхронизация","group_cross","CORV-G07-01","stem-like token","REMOVE","","Cash-register sync group must not minus stem «синхрон»","1с касса синхронизация розница; 1с касса синхронизация с бухгалтерией; 1с мобильная касса настройка синхронизации; 1с мобильная касса синхронизация; 1с мобильная касса синхронизация с 1с бухгалтерия","Regression REG-04: Cash-register sync group must not minus stem «синхрон»","RESOLVED"
"восстановлен","group_cross","CORV-G07-01","exact word","SAFE","","Broad token «восстановлен» on group_cross/CORV-G07-01 — monitored stem","","SAFE: no literal collision in owner groups; separates sibling groups; representative checks pass for 1с не работает; почему не работает программа 1с; программа 1с не работает.","RESOLVED"
"после обновлен","group_cross","CORV-G07-01","phrase","SAFE","","Broad token «после обновлен» on group_cross/CORV-G07-01 — monitored stem","","SAFE: no literal collision in owner groups; separates sibling groups; representative checks pass for 1с не работает; почему не работает программа 1с; программа 1с не работает.","RESOLVED"
"касса","group_cross","CORV-G05-02","exact word","SAFE","","Broad token «касса» on group_cross/CORV-G05-02 — monitored stem","","SAFE: no literal collision in owner groups; separates sibling groups; representative checks pass for 1с битрикс документооборот интеграция; 1с унф битрикс интеграция; битрикс 24 модуль интеграции с 1с.","RESOLVED"
"маркировка","group_cross","CORV-G05-02","stem-like token","SAFE","","Broad token «маркировка» on group_cross/CORV-G05-02 — monitored stem","1с битрикс документооборот интеграция; 1с унф битрикс интеграция; битрикс 24 модуль интеграции с 1с; битрикс интеграция с 1с; битрикс интернет магазины интеграцией 1с","SAFE: no literal collision in owner groups; separates marking groups CORV-C06; representative checks pass for 1с битрикс документооборот интеграция; 1с унф битрикс интеграция; битрикс 24 модуль интеграции с 1с.","RESOLVED"
"обмен","group_cross","CORV-G05-02","stem-like token","SAFE","","Broad token «обмен» on group_cross/CORV-G05-02 — monitored stem","1с битрикс документооборот интеграция; 1с унф битрикс интеграция; битрикс 24 модуль интеграции с 1с; битрикс интеграция с 1с; битрикс интернет магазины интеграцией 1с","SAFE: no literal collision in owner groups; separates exchange groups CORV-G05-04/05; representative checks pass for 1с битрикс документооборот интеграция; 1с унф битрикс интеграция; битрикс 24 модуль интеграции с 1с.","RESOLVED"
"перенос","group_cross","CORV-G05-02","exact word","SAFE","","Broad token «перенос» on group_cross/CORV-G05-02 — monitored stem","","SAFE: no literal collision in owner groups; separates sibling groups; representative checks pass for 1с битрикс документооборот интеграция; 1с унф битрикс интеграция; битрикс 24 модуль интеграции с 1с.","RESOLVED"
"битрикс","group_cross","CORV-G05-01","exact word","SAFE","","Broad token «битрикс» on group_cross/CORV-G05-01 — monitored stem","","SAFE: no literal collision in owner groups; separates sibling groups; representative checks pass for 1с настройка интеграции с сайтом; 1с унф интеграция с сайтом; интеграция 1с с сайтом.","RESOLVED"
"касса","group_cross","CORV-G05-01","exact word","SAFE","","Broad token «касса» on group_cross/CORV-G05-01 — monitored stem","","SAFE: no literal collision in owner groups; separates sibling groups; representative checks pass for 1с настройка интеграции с сайтом; 1с унф интеграция с сайтом; интеграция 1с с сайтом.","RESOLVED"
"маркировка","group_cross","CORV-G05-01","stem-like token","SAFE","","Broad token «маркировка» on group_cross/CORV-G05-01 — monitored stem","1с настройка интеграции с сайтом; 1с унф интеграция с сайтом; интеграция 1с с сайтом; интеграция сайта с 1с; интеграция сайта с 1с по api","SAFE: no literal collision in owner groups; separates marking groups CORV-C06; representative checks pass for 1с настройка интеграции с сайтом; 1с унф интеграция с сайтом; интеграция 1с с сайтом.","RESOLVED"
"перенос данных","group_cross","CORV-G05-01","phrase","SAFE","","Broad token «перенос данных» on group_cross/CORV-G05-01 — monitored stem","","SAFE: no literal collision in owner groups; separates sibling groups; representative checks pass for 1с настройка интеграции с сайтом; 1с унф интеграция с сайтом; интеграция 1с с сайтом.","RESOLVED"
"сайт","group_cross","CORV-G05-03","stem-like token","REMOVE","","Bitrix/site phrases must not be blocked by bare «сайт» in owner group","1с битрикс документооборот интеграция; 1с унф битрикс интеграция; битрикс 24 модуль интеграции с 1с; битрикс интеграция с 1с; битрикс интернет магазины интеграцией 1с","Regression REG-01: Bitrix/site phrases must not be blocked by bare «сайт» in owner group","RESOLVED"
"битрикс","group_cross","CORV-G05-03","exact word","SAFE","","Broad token «битрикс» on group_cross/CORV-G05-03 — monitored stem","","SAFE: no literal collision in owner groups; separates sibling groups; representative checks pass for 1с касса синхронизация розница; 1с касса синхронизация с бухгалтерией; 1с мобильная касса настройка синхронизации.","RESOLVED"
"маркировка","group_cross","CORV-G05-03","stem-like token","SAFE","","Broad token «маркировка» on group_cross/CORV-G05-03 — monitored stem","1с касса синхронизация розница; 1с касса синхронизация с бухгалтерией; 1с мобильная касса настройка синхронизации; 1с мобильная касса синхронизация; 1с мобильная касса синхронизация с 1с бухгалтерия","SAFE: no literal collision in owner groups; separates marking groups CORV-C06; representative checks pass for 1с касса синхронизация розница; 1с касса синхронизация с бухгалтерией; 1с мобильная касса настройка синхронизации.","RESOLVED"
"перенос","group_cross","CORV-G05-03","exact word","SAFE","","Broad token «перенос» on group_cross/CORV-G05-03 — monitored stem","","SAFE: no literal collision in owner groups; separates sibling groups; representative checks pass for 1с касса синхронизация розница; 1с касса синхронизация с бухгалтерией; 1с мобильная касса настройка синхронизации.","RESOLVED"
"синхронизация","group_cross","CORV-G05-06","stem-like token","REMOVE","","Cash-register sync group must not minus stem «синхрон»","1с касса синхронизация розница; 1с касса синхронизация с бухгалтерией; 1с мобильная касса настройка синхронизации; 1с мобильная касса синхронизация; 1с мобильная касса синхронизация с 1с бухгалтерия","Regression REG-04: Cash-register sync group must not minus stem «синхрон»","RESOLVED"
"обмен","group_cross","CORV-G05-06","stem-like token","SAFE","","Broad token «обмен» on group_cross/CORV-G05-06 — monitored stem","миграция данных 1с; перенос данных в 1с","SAFE: no literal collision in owner groups; separates exchange groups CORV-G05-04/05; representative checks pass for миграция данных 1с; перенос данных в 1с.","RESOLVED"
"сайт","group_cross","CORV-G05-06","stem-like token","REMOVE","","Bitrix/site phrases must not be blocked by bare «сайт» in owner group","1с битрикс документооборот интеграция; 1с унф битрикс интеграция; битрикс 24 модуль интеграции с 1с; битрикс интеграция с 1с; битрикс интернет магазины интеграцией 1с","Regression REG-01: Bitrix/site phrases must not be blocked by bare «сайт» in owner group","RESOLVED"
"битрикс","group_cross","CORV-G05-06","exact word","SAFE","","Broad token «битрикс» on group_cross/CORV-G05-06 — monitored stem","","SAFE: no literal collision in owner groups; separates sibling groups; representative checks pass for миграция данных 1с; перенос данных в 1с.","RESOLVED"
"касса","group_cross","CORV-G05-06","exact word","SAFE","","Broad token «касса» on group_cross/CORV-G05-06 — monitored stem","","SAFE: no literal collision in owner groups; separates sibling groups; representative checks pass for миграция данных 1с; перенос данных в 1с.","RESOLVED"
"сайт","group_cross","CORV-G05-04","stem-like token","REMOVE","","Bitrix/site phrases must not be blocked by bare «сайт» in owner group","1с битрикс документооборот интеграция; 1с унф битрикс интеграция; битрикс 24 модуль интеграции с 1с; битрикс интеграция с 1с; битрикс интернет магазины интеграцией 1с","Regression REG-01: Bitrix/site phrases must not be blocked by bare «сайт» in owner group","RESOLVED"
"битрикс","group_cross","CORV-G05-04","exact word","SAFE","","Broad token «битрикс» on group_cross/CORV-G05-04 — monitored stem","","SAFE: no literal collision in owner groups; separates sibling groups; representative checks pass for 1с 8.3 зуп синхронизация; 1с бп синхронизация; 1с бух синхронизация.","RESOLVED"
"перенос данных","group_cross","CORV-G05-04","phrase","SAFE","","Broad token «перенос данных» on group_cross/CORV-G05-04 — monitored stem","","SAFE: no literal collision in owner groups; separates sibling groups; representative checks pass for 1с 8.3 зуп синхронизация; 1с бп синхронизация; 1с бух синхронизация.","RESOLVED"
"касса","group_cross","CORV-G05-04","exact word","SAFE","","Broad token «касса» on group_cross/CORV-G05-04 — monitored stem","","SAFE: no literal collision in owner groups; separates sibling groups; representative checks pass for 1с 8.3 зуп синхронизация; 1с бп синхронизация; 1с бух синхронизация.","RESOLVED"
"настройк обмен","group_cross","CORV-G05-04","phrase","SAFE","","Broad token «настройк обмен» on group_cross/CORV-G05-04 — monitored stem","1с 8.3 зуп синхронизация; 1с бп синхронизация; 1с бух синхронизация; 1с бухгалтерия 8.3 синхронизация; 1с бухгалтерия синхронизация","SAFE: no literal collision in owner groups; separates setup groups across directions; representative checks pass for 1с 8.3 зуп синхронизация; 1с бп синхронизация; 1с бух синхронизация.","RESOLVED"
"сайт","group_cross","CORV-G05-05","stem-like token","REMOVE","","Bitrix/site phrases must not be blocked by bare «сайт» in owner group","1с битрикс документооборот интеграция; 1с унф битрикс интеграция; битрикс 24 модуль интеграции с 1с; битрикс интеграция с 1с; битрикс интернет магазины интеграцией 1с","Regression REG-01: Bitrix/site phrases must not be blocked by bare «сайт» in owner group","RESOLVED"
"битрикс","group_cross","CORV-G05-05","exact word","SAFE","","Broad token «битрикс» on group_cross/CORV-G05-05 — monitored stem","","SAFE: no literal collision in owner groups; separates sibling groups; representative checks pass for настройка обмена 1с; настройка обмена с честным знаком 1с; настройка обмена суз 1с честный знак.","RESOLVED"
"касса","group_cross","CORV-G05-05","exact word","SAFE","","Broad token «касса» on group_cross/CORV-G05-05 — monitored stem","","SAFE: no literal collision in owner groups; separates sibling groups; representative checks pass for настройка обмена 1с; настройка обмена с честным знаком 1с; настройка обмена суз 1с честный знак.","RESOLVED"
"перенос","group_cross","CORV-G05-05","exact word","SAFE","","Broad token «перенос» on group_cross/CORV-G05-05 — monitored stem","","SAFE: no literal collision in owner groups; separates sibling groups; representative checks pass for настройка обмена 1с; настройка обмена с честным знаком 1с; настройка обмена суз 1с честный знак.","RESOLVED"
"закупок","group_cross","CORV-G04-01","exact word","SAFE","","Broad token «закупок» on group_cross/CORV-G04-01 — monitored stem","","SAFE: no literal collision in owner groups; separates sibling groups; representative checks pass for расчет себестоимости 1с; себестоимость в 1с.","RESOLVED"
"планирован","group_cross","CORV-G04-01","exact word","SAFE","","Broad token «планирован» on group_cross/CORV-G04-01 — monitored stem","","SAFE: no literal collision in owner groups; separates sibling groups; representative checks pass for расчет себестоимости 1с; себестоимость в 1с.","RESOLVED"
"календар","group_cross","CORV-G04-01","exact word","SAFE","","Broad token «календар» on group_cross/CORV-G04-01 — monitored stem","","SAFE: no literal collision in owner groups; separates sibling groups; representative checks pass for расчет себестоимости 1с; себестоимость в 1с.","RESOLVED"
"платеж","group_cross","CORV-G04-01","exact word","SAFE","","Broad token «платеж» on group_cross/CORV-G04-01 — monitored stem","","SAFE: no literal collision in owner groups; separates sibling groups; representative checks pass for расчет себестоимости 1с; себестоимость в 1с.","RESOLVED"
"себестоим","group_cross","CORV-G04-02","exact word","SAFE","","Broad token «себестоим» on group_cross/CORV-G04-02 — monitored stem","","SAFE: no literal collision in owner groups; separates sibling groups; representative checks pass for планирование закупок 1с.","RESOLVED"
"календар","group_cross","CORV-G04-02","exact word","SAFE","","Broad token «календар» on group_cross/CORV-G04-02 — monitored stem","","SAFE: no literal collision in owner groups; separates sibling groups; representative checks pass for планирование закупок 1с.","RESOLVED"
"платеж","group_cross","CORV-G04-02","exact word","SAFE","","Broad token «платеж» on group_cross/CORV-G04-02 — monitored stem","","SAFE: no literal collision in owner groups; separates sibling groups; representative checks pass for планирование закупок 1с.","RESOLVED"
"себестоим","group_cross","CORV-G04-03","exact word","SAFE","","Broad token «себестоим» on group_cross/CORV-G04-03 — monitored stem","","SAFE: no literal collision in owner groups; separates sibling groups; representative checks pass for платежный календарь 1с.","RESOLVED"
"закупок","group_cross","CORV-G04-03","exact word","SAFE","","Broad token «закупок» on group_cross/CORV-G04-03 — monitored stem","","SAFE: no literal collision in owner groups; separates sibling groups; representative checks pass for платежный календарь 1с.","RESOLVED"
"планирован","group_cross","CORV-G04-03","exact word","SAFE","","Broad token «планирован» on group_cross/CORV-G04-03 — monitored stem","","SAFE: no literal collision in owner groups; separates sibling groups; representative checks pass for платежный календарь 1с.","RESOLVED"
"отчет","group_cross","CORV-G03-04","exact word","SAFE","","Broad token «отчет» on group_cross/CORV-G03-04 — monitored stem","","SAFE: no literal collision in owner groups; separates sibling groups; representative checks pass for 1с 7.7 изменить печатную форму; 1с 8.3 изменить печатную форму счета; 1с изменить печатную форму счета.","RESOLVED"
"рмк","group_cross","CORV-G03-04","exact word","SAFE","","Broad token «рмк» on group_cross/CORV-G03-04 — monitored stem","","SAFE: no literal collision in owner groups; separates sibling groups; representative checks pass for 1с 7.7 изменить печатную форму; 1с 8.3 изменить печатную форму счета; 1с изменить печатную форму счета.","RESOLVED"
"маркировка","group_cross","CORV-G03-04","stem-like token","SAFE","","Broad token «маркировка» on group_cross/CORV-G03-04 — monitored stem","1с 7.7 изменить печатную форму; 1с 8.3 изменить печатную форму счета; 1с изменить печатную форму счета; 1с ут изменить печатную форму; доработка печатной формы 1с","SAFE: no literal collision in owner groups; separates marking groups CORV-C06; representative checks pass for 1с 7.7 изменить печатную форму; 1с 8.3 изменить печатную форму счета; 1с изменить печатную форму счета.","RESOLVED"
"создан","group_cross","CORV-G03-04","stem-like token","SAFE","","Broad token «создан» on group_cross/CORV-G03-04 — monitored stem","1с 7.7 изменить печатную форму; 1с 8.3 изменить печатную форму счета; 1с изменить печатную форму счета; 1с ут изменить печатную форму; доработка печатной формы 1с","SAFE: no literal collision in owner groups; separates report creation CORV-G03-02; representative checks pass for 1с 7.7 изменить печатную форму; 1с 8.3 изменить печатную форму счета; 1с изменить печатную форму счета.","RESOLVED"
"отчет","group_cross","CORV-G03-06","exact word","SAFE","","Broad token «отчет» on group_cross/CORV-G03-06 — monitored stem","","SAFE: no literal collision in owner groups; separates sibling groups; representative checks pass for доработка рмк 1с; настройка рмк 1с.","RESOLVED"
"печатная форма","group_cross","CORV-G03-06","phrase","REMOVE","","External print-form group must not minus «печатная форма»","1с 3.0 внешние печатные формы; 1с 8.3 внешние печатные формы упд; 1с бп внешняя печатная форма; 1с бухгалтерия внешние печатные формы; 1с внешние печатные формы управляемые","Regression REG-03: External print-form group must not minus «печатная форма»","RESOLVED"
"маркировка","group_cross","CORV-G03-06","stem-like token","SAFE","","Broad token «маркировка» on group_cross/CORV-G03-06 — monitored stem","доработка рмк 1с; настройка рмк 1с","SAFE: no literal collision in owner groups; separates marking groups CORV-C06; representative checks pass for доработка рмк 1с; настройка рмк 1с.","RESOLVED"
"внешн","group_cross","CORV-G03-06","exact word","SAFE","","Broad token «внешн» on group_cross/CORV-G03-06 — monitored stem","","SAFE: no literal collision in owner groups; separates sibling groups; representative checks pass for доработка рмк 1с; настройка рмк 1с.","RESOLVED"
"касса","group_cross","CORV-G03-06","exact word","SAFE","","Broad token «касса» on group_cross/CORV-G03-06 — monitored stem","","SAFE: no literal collision in owner groups; separates sibling groups; representative checks pass for доработка рмк 1с; настройка рмк 1с.","RESOLVED"
"рмк","group_cross","CORV-G03-05","exact word","SAFE","","Broad token «рмк» on group_cross/CORV-G03-05 — monitored stem","","SAFE: no literal collision in owner groups; separates sibling groups; representative checks pass for 1с 3.0 внешние печатные формы; 1с 8.3 внешние печатные формы упд; 1с бп внешняя печатная форма.","RESOLVED"
"маркировка","group_cross","CORV-G03-05","stem-like token","SAFE","","Broad token «маркировка» on group_cross/CORV-G03-05 — monitored stem","1с 3.0 внешние печатные формы; 1с 8.3 внешние печатные формы упд; 1с бп внешняя печатная форма; 1с бухгалтерия внешние печатные формы; 1с внешние печатные формы управляемые","SAFE: no literal collision in owner groups; separates marking groups CORV-C06; representative checks pass for 1с 3.0 внешние печатные формы; 1с 8.3 внешние печатные формы упд; 1с бп внешняя печатная форма.","RESOLVED"
"печатная форма","group_cross","CORV-G03-02","phrase","REMOVE","","External print-form group must not minus «печатная форма»","1с 3.0 внешние печатные формы; 1с 8.3 внешние печатные формы упд; 1с бп внешняя печатная форма; 1с бухгалтерия внешние печатные формы; 1с внешние печатные формы управляемые","Regression REG-03: External print-form group must not minus «печатная форма»","RESOLVED"
"доработк","group_cross","CORV-G03-02","stem-like token","SAFE","","Broad token «доработк» on group_cross/CORV-G03-02 — monitored stem","новый отчет 1с; создание отчета 1с","SAFE: no literal collision in owner groups; separates modification CORV-C02; representative checks pass for новый отчет 1с; создание отчета 1с.","RESOLVED"
"внешн","group_cross","CORV-G03-02","exact word","SAFE","","Broad token «внешн» on group_cross/CORV-G03-02 — monitored stem","","SAFE: no literal collision in owner groups; separates sibling groups; representative checks pass for новый отчет 1с; создание отчета 1с.","RESOLVED"
"маркировка","group_cross","CORV-G03-02","stem-like token","SAFE","","Broad token «маркировка» on group_cross/CORV-G03-02 — monitored stem","новый отчет 1с; создание отчета 1с","SAFE: no literal collision in owner groups; separates marking groups CORV-C06; representative checks pass for новый отчет 1с; создание отчета 1с.","RESOLVED"
"рмк","group_cross","CORV-G03-02","exact word","SAFE","","Broad token «рмк» on group_cross/CORV-G03-02 — monitored stem","","SAFE: no literal collision in owner groups; separates sibling groups; representative checks pass for новый отчет 1с; создание отчета 1с.","RESOLVED"
"печатная форма","group_cross","CORV-G03-01","phrase","REMOVE","","External print-form group must not minus «печатная форма»","1с 3.0 внешние печатные формы; 1с 8.3 внешние печатные формы упд; 1с бп внешняя печатная форма; 1с бухгалтерия внешние печатные формы; 1с внешние печатные формы управляемые","Regression REG-03: External print-form group must not minus «печатная форма»","RESOLVED"
"внешн","group_cross","CORV-G03-01","exact word","SAFE","","Broad token «внешн» on group_cross/CORV-G03-01 — monitored stem","","SAFE: no literal collision in owner groups; separates sibling groups; representative checks pass for 1с доработка отчета движение денежных средств; 1с доработка отчетов; доработка отчета 1с.","RESOLVED"
"создан","group_cross","CORV-G03-01","stem-like token","SAFE","","Broad token «создан» on group_cross/CORV-G03-01 — monitored stem","1с доработка отчета движение денежных средств; 1с доработка отчетов; доработка отчета 1с; настройка отчета 1с","SAFE: no literal collision in owner groups; separates report creation CORV-G03-02; representative checks pass for 1с доработка отчета движение денежных средств; 1с доработка отчетов; доработка отчета 1с.","RESOLVED"
"маркировка","group_cross","CORV-G03-01","stem-like token","SAFE","","Broad token «маркировка» on group_cross/CORV-G03-01 — monitored stem","1с доработка отчета движение денежных средств; 1с доработка отчетов; доработка отчета 1с; настройка отчета 1с","SAFE: no literal collision in owner groups; separates marking groups CORV-C06; representative checks pass for 1с доработка отчета движение денежных средств; 1с доработка отчетов; доработка отчета 1с.","RESOLVED"
"рмк","group_cross","CORV-G03-01","exact word","SAFE","","Broad token «рмк» on group_cross/CORV-G03-01 — monitored stem","","SAFE: no literal collision in owner groups; separates sibling groups; representative checks pass for 1с доработка отчета движение денежных средств; 1с доработка отчетов; доработка отчета 1с.","RESOLVED"
"доработк","group_cross","CORV-G03-03","stem-like token","SAFE","","Broad token «доработк» on group_cross/CORV-G03-03 — monitored stem","1с 8 печатная форма; 1с вывести печатную форму; 1с изменение печатной формы; 1с макеты печатных форм; 1с печатная форма акта","SAFE: no literal collision in owner groups; separates modification CORV-C02; representative checks pass for 1с 8 печатная форма; 1с вывести печатную форму; 1с изменение печатной формы.","RESOLVED"
"рмк","group_cross","CORV-G03-03","exact word","SAFE","","Broad token «рмк» on group_cross/CORV-G03-03 — monitored stem","","SAFE: no literal collision in owner groups; separates sibling groups; representative checks pass for 1с 8 печатная форма; 1с вывести печатную форму; 1с изменение печатной формы.","RESOLVED"
"маркировка","group_cross","CORV-G03-03","stem-like token","SAFE","","Broad token «маркировка» on group_cross/CORV-G03-03 — monitored stem","1с 8 печатная форма; 1с вывести печатную форму; 1с изменение печатной формы; 1с макеты печатных форм; 1с печатная форма акта","SAFE: no literal collision in owner groups; separates marking groups CORV-C06; representative checks pass for 1с 8 печатная форма; 1с вывести печатную форму; 1с изменение печатной формы.","RESOLVED"
"внешн","group_cross","CORV-G03-03","exact word","SAFE","","Broad token «внешн» on group_cross/CORV-G03-03 — monitored stem","","SAFE: no literal collision in owner groups; separates sibling groups; representative checks pass for 1с 8 печатная форма; 1с вывести печатную форму; 1с изменение печатной формы.","RESOLVED"
"перенос","group_cross","CORV-G02-04","exact word","SAFE","","Broad token «перенос» on group_cross/CORV-G02-04 — monitored stem","","SAFE: no literal collision in owner groups; separates sibling groups; representative checks pass for обновление доработанной 1с; обновление доработанных конфигураций 1с.","RESOLVED"
"исправлен","group_cross","CORV-G02-04","exact word","SAFE","","Broad token «исправлен» on group_cross/CORV-G02-04 — monitored stem","","SAFE: no literal collision in owner groups; separates sibling groups; representative checks pass for обновление доработанной 1с; обновление доработанных конфигураций 1с.","RESOLVED"
"база","group_cross","CORV-G02-04","exact word","SAFE","","Broad token «база» on group_cross/CORV-G02-04 — monitored stem","","SAFE: no literal collision in owner groups; separates sibling groups; representative checks pass for обновление доработанной 1с; обновление доработанных конфигураций 1с.","RESOLVED"
"исправлен","group_cross","CORV-G02-05","exact word","SAFE","","Broad token «исправлен» on group_cross/CORV-G02-05 — monitored stem","","SAFE: no literal collision in owner groups; separates sibling groups; representative checks pass for перенос доработок 1с; сохранение доработок при обновлении 1с.","RESOLVED"
"конфигурац","group_cross","CORV-G02-05","stem-like token","SAFE","","Broad token «конфигурац» on group_cross/CORV-G02-05 — monitored stem","перенос доработок 1с; сохранение доработок при обновлении 1с","SAFE: no literal collision in owner groups; separates config modification CORV-G02-02; representative checks pass for перенос доработок 1с; сохранение доработок при обновлении 1с.","RESOLVED"
"база","group_cross","CORV-G02-05","exact word","SAFE","","Broad token «база» on group_cross/CORV-G02-05 — monitored stem","","SAFE: no literal collision in owner groups; separates sibling groups; representative checks pass for перенос доработок 1с; сохранение доработок при обновлении 1с.","RESOLVED"
"перенос","group_cross","CORV-G02-06","exact word","SAFE","","Broad token «перенос» on group_cross/CORV-G02-06 — monitored stem","","SAFE: no literal collision in owner groups; separates sibling groups; representative checks pass for исправление доработок после обновления 1с.","RESOLVED"
"конфигурац","group_cross","CORV-G02-06","stem-like token","SAFE","","Broad token «конфигурац» on group_cross/CORV-G02-06 — monitored stem","исправление доработок после обновления 1с","SAFE: no literal collision in owner groups; separates config modification CORV-G02-02; representative checks pass for исправление доработок после обновления 1с.","RESOLVED"
"база","group_cross","CORV-G02-06","exact word","SAFE","","Broad token «база» on group_cross/CORV-G02-06 — monitored stem","","SAFE: no literal collision in owner groups; separates sibling groups; representative checks pass for исправление доработок после обновления 1с.","RESOLVED"
"отчет","group_cross","CORV-G02-02","exact word","SAFE","","Broad token «отчет» on group_cross/CORV-G02-02 — monitored stem","","SAFE: no literal collision in owner groups; separates sibling groups; representative checks pass for 1с доработка через расширения; доработка конфигурации 1с; доработка модулей 1с.","RESOLVED"
"печатная форма","group_cross","CORV-G02-02","phrase","REMOVE","","External print-form group must not minus «печатная форма»","1с 3.0 внешние печатные формы; 1с 8.3 внешние печатные формы упд; 1с бп внешняя печатная форма; 1с бухгалтерия внешние печатные формы; 1с внешние печатные формы управляемые","Regression REG-03: External print-form group must not minus «печатная форма»","RESOLVED"
"маркировка","group_cross","CORV-G02-02","stem-like token","SAFE","","Broad token «маркировка» on group_cross/CORV-G02-02 — monitored stem","1с доработка через расширения; доработка конфигурации 1с; доработка модулей 1с; доработка расширений 1с; доработка типовой конфигурации 1с","SAFE: no literal collision in owner groups; separates marking groups CORV-C06; representative checks pass for 1с доработка через расширения; доработка конфигурации 1с; доработка модулей 1с.","RESOLVED"
"база","group_cross","CORV-G02-02","exact word","SAFE","","Broad token «база» on group_cross/CORV-G02-02 — monitored stem","","SAFE: no literal collision in owner groups; separates sibling groups; representative checks pass for 1с доработка через расширения; доработка конфигурации 1с; доработка модулей 1с.","RESOLVED"
"перенос","group_cross","CORV-G02-02","exact word","SAFE","","Broad token «перенос» on group_cross/CORV-G02-02 — monitored stem","","SAFE: no literal collision in owner groups; separates sibling groups; representative checks pass for 1с доработка через расширения; доработка конфигурации 1с; доработка модулей 1с.","RESOLVED"
"исправлен","group_cross","CORV-G02-02","exact word","SAFE","","Broad token «исправлен» on group_cross/CORV-G02-02 — monitored stem","","SAFE: no literal collision in owner groups; separates sibling groups; representative checks pass for 1с доработка через расширения; доработка конфигурации 1с; доработка модулей 1с.","RESOLVED"
"отчет","group_cross","CORV-G02-03","exact word","SAFE","","Broad token «отчет» on group_cross/CORV-G02-03 — monitored stem","","SAFE: no literal collision in owner groups; separates sibling groups; representative checks pass for доработка базы 1с.","RESOLVED"
"печатная форма","group_cross","CORV-G02-03","phrase","REMOVE","","External print-form group must not minus «печатная форма»","1с 3.0 внешние печатные формы; 1с 8.3 внешние печатные формы упд; 1с бп внешняя печатная форма; 1с бухгалтерия внешние печатные формы; 1с внешние печатные формы управляемые","Regression REG-03: External print-form group must not minus «печатная форма»","RESOLVED"
"маркировка","group_cross","CORV-G02-03","stem-like token","SAFE","","Broad token «маркировка» on group_cross/CORV-G02-03 — monitored stem","доработка базы 1с","SAFE: no literal collision in owner groups; separates marking groups CORV-C06; representative checks pass for доработка базы 1с.","RESOLVED"
"конфигурац","group_cross","CORV-G02-03","stem-like token","SAFE","","Broad token «конфигурац» on group_cross/CORV-G02-03 — monitored stem","доработка базы 1с","SAFE: no literal collision in owner groups; separates config modification CORV-G02-02; representative checks pass for доработка базы 1с.","RESOLVED"
"обновлен","group_cross","CORV-G02-03","stem-like token","SAFE","","Broad token «обновлен» on group_cross/CORV-G02-03 — monitored stem","доработка базы 1с","SAFE: no literal collision in owner groups; separates update custom base CORV-G02-04; representative checks pass for доработка базы 1с.","RESOLVED"
"перенос","group_cross","CORV-G02-03","exact word","SAFE","","Broad token «перенос» on group_cross/CORV-G02-03 — monitored stem","","SAFE: no literal collision in owner groups; separates sibling groups; representative checks pass for доработка базы 1с.","RESOLVED"
"отчет","group_cross","CORV-G02-01","exact word","SAFE","","Broad token «отчет» on group_cross/CORV-G02-01 — monitored stem","","SAFE: no literal collision in owner groups; separates sibling groups; representative checks pass for 1с бп доработка; 1с доработка цены; 1с ерп доработка.","RESOLVED"
"печатная форма","group_cross","CORV-G02-01","phrase","REMOVE","","External print-form group must not minus «печатная форма»","1с 3.0 внешние печатные формы; 1с 8.3 внешние печатные формы упд; 1с бп внешняя печатная форма; 1с бухгалтерия внешние печатные формы; 1с внешние печатные формы управляемые","Regression REG-03: External print-form group must not minus «печатная форма»","RESOLVED"
"маркировка","group_cross","CORV-G02-01","stem-like token","SAFE","","Broad token «маркировка» on group_cross/CORV-G02-01 — monitored stem","1с бп доработка; 1с доработка цены; 1с ерп доработка; 1с фреш доработки; договор доработка 1с","SAFE: no literal collision in owner groups; separates marking groups CORV-C06; representative checks pass for 1с бп доработка; 1с доработка цены; 1с ерп доработка.","RESOLVED"
"конфигурац","group_cross","CORV-G02-01","stem-like token","SAFE","","Broad token «конфигурац» on group_cross/CORV-G02-01 — monitored stem","1с бп доработка; 1с доработка цены; 1с ерп доработка; 1с фреш доработки; договор доработка 1с","SAFE: no literal collision in owner groups; separates config modification CORV-G02-02; representative checks pass for 1с бп доработка; 1с доработка цены; 1с ерп доработка.","RESOLVED"
"база","group_cross","CORV-G02-01","exact word","SAFE","","Broad token «база» on group_cross/CORV-G02-01 — monitored stem","","SAFE: no literal collision in owner groups; separates sibling groups; representative checks pass for 1с бп доработка; 1с доработка цены; 1с ерп доработка.","RESOLVED"
"обновлен","group_cross","CORV-G02-01","stem-like token","SAFE","","Broad token «обновлен» on group_cross/CORV-G02-01 — monitored stem","1с бп доработка; 1с доработка цены; 1с ерп доработка; 1с фреш доработки; договор доработка 1с","SAFE: no literal collision in owner groups; separates update custom base CORV-G02-04; representative checks pass for 1с бп доработка; 1с доработка цены; 1с ерп доработка.","RESOLVED"
"перенос","group_cross","CORV-G02-01","exact word","SAFE","","Broad token «перенос» on group_cross/CORV-G02-01 — monitored stem","","SAFE: no literal collision in owner groups; separates sibling groups; representative checks pass for 1с бп доработка; 1с доработка цены; 1с ерп доработка.","RESOLVED"
"маркировка","group_cross","CORV-G01-02","stem-like token","SAFE","","Broad token «маркировка» on group_cross/CORV-G01-02 — monitored stem","программист 1с новосибирск; программисты 1с новосибирск","SAFE: no literal collision in owner groups; separates marking groups CORV-C06; representative checks pass for программист 1с новосибирск; программисты 1с новосибирск.","RESOLVED"
"не работает","group_cross","CORV-G01-02","phrase","REMOVE","","Exchange-failure group must not minus core symptom «не работает»","не работает синхронизация 1с; не работает синхронизация 1с 8.3; после обновления 1с не работает синхронизация; почему не работает синхронизация в 1с","Regression REG-02: Exchange-failure group must not minus core symptom «не работает»","RESOLVED"
"доработка","group_cross","CORV-G01-02","stem-like token","SAFE","","Broad token «доработка» on group_cross/CORV-G01-02 — monitored stem","программист 1с новосибирск; программисты 1с новосибирск","SAFE: no literal collision in owner groups; separates modification CORV-C02; representative checks pass for программист 1с новосибирск; программисты 1с новосибирск.","RESOLVED"
"сопровождение","group_cross","CORV-G01-02","exact word","SAFE","","Broad token «сопровождение» on group_cross/CORV-G01-02 — monitored stem","","SAFE: no literal collision in owner groups; separates sibling groups; representative checks pass for программист 1с новосибирск; программисты 1с новосибирск.","RESOLVED"
"настройка","group_cross","CORV-G01-02","stem-like token","SAFE","","Broad token «настройка» on group_cross/CORV-G01-02 — monitored stem","программист 1с новосибирск; программисты 1с новосибирск","SAFE: no literal collision in owner groups; separates setup groups across directions; representative checks pass for программист 1с новосибирск; программисты 1с новосибирск.","RESOLVED"
"внедрение","group_cross","CORV-G01-02","exact word","SAFE","","Broad token «внедрение» on group_cross/CORV-G01-02 — monitored stem","","SAFE: no literal collision in owner groups; separates sibling groups; representative checks pass for программист 1с новосибирск; программисты 1с новосибирск.","RESOLVED"
"программист","group_cross","CORV-G01-07","stem-like token","SAFE","","Broad token «программист» on group_cross/CORV-G01-07 — monitored stem","абонентское обслуживание 1с; абонентское сопровождение 1с; абонентское сопровождение 1с первый бит","SAFE: no literal collision in owner groups; separates general hire CORV-G01-01; representative checks pass for абонентское обслуживание 1с; абонентское сопровождение 1с; абонентское сопровождение 1с первый бит.","RESOLVED"
"доработка","group_cross","CORV-G01-07","stem-like token","SAFE","","Broad token «доработка» on group_cross/CORV-G01-07 — monitored stem","абонентское обслуживание 1с; абонентское сопровождение 1с; абонентское сопровождение 1с первый бит","SAFE: no literal collision in owner groups; separates modification CORV-C02; representative checks pass for абонентское обслуживание 1с; абонентское сопровождение 1с; абонентское сопровождение 1с первый бит.","RESOLVED"
"маркировка","group_cross","CORV-G01-07","stem-like token","SAFE","","Broad token «маркировка» on group_cross/CORV-G01-07 — monitored stem","абонентское обслуживание 1с; абонентское сопровождение 1с; абонентское сопровождение 1с первый бит","SAFE: no literal collision in owner groups; separates marking groups CORV-C06; representative checks pass for абонентское обслуживание 1с; абонентское сопровождение 1с; абонентское сопровождение 1с первый бит.","RESOLVED"
"настройка","group_cross","CORV-G01-07","stem-like token","SAFE","","Broad token «настройка» on group_cross/CORV-G01-07 — monitored stem","абонентское обслуживание 1с; абонентское сопровождение 1с; абонентское сопровождение 1с первый бит","SAFE: no literal collision in owner groups; separates setup groups across directions; representative checks pass for абонентское обслуживание 1с; абонентское сопровождение 1с; абонентское сопровождение 1с первый бит.","RESOLVED"
"разов","group_cross","CORV-G01-07","stem-like token","SAFE","","Broad token «разов» on group_cross/CORV-G01-07 — monitored stem","абонентское обслуживание 1с; абонентское сопровождение 1с; абонентское сопровождение 1с первый бит","SAFE: no literal collision in owner groups; separates one-off works CORV-G01-08; representative checks pass for абонентское обслуживание 1с; абонентское сопровождение 1с; абонентское сопровождение 1с первый бит.","RESOLVED"
"программист","group_cross","CORV-G01-06","stem-like token","SAFE","","Broad token «программист» on group_cross/CORV-G01-06 — monitored stem","обслуживание 1с для организации; обслуживание и сопровождение 1с; сопровождение и обслуживание 1с предприятие","SAFE: no literal collision in owner groups; separates general hire CORV-G01-01; representative checks pass for обслуживание 1с для организации; обслуживание и сопровождение 1с; сопровождение и обслуживание 1с предприятие.","RESOLVED"
"доработка","group_cross","CORV-G01-06","stem-like token","SAFE","","Broad token «доработка» on group_cross/CORV-G01-06 — monitored stem","обслуживание 1с для организации; обслуживание и сопровождение 1с; сопровождение и обслуживание 1с предприятие","SAFE: no literal collision in owner groups; separates modification CORV-C02; representative checks pass for обслуживание 1с для организации; обслуживание и сопровождение 1с; сопровождение и обслуживание 1с предприятие.","RESOLVED"
"маркировка","group_cross","CORV-G01-06","stem-like token","SAFE","","Broad token «маркировка» on group_cross/CORV-G01-06 — monitored stem","обслуживание 1с для организации; обслуживание и сопровождение 1с; сопровождение и обслуживание 1с предприятие","SAFE: no literal collision in owner groups; separates marking groups CORV-C06; representative checks pass for обслуживание 1с для организации; обслуживание и сопровождение 1с; сопровождение и обслуживание 1с предприятие.","RESOLVED"
"абонент","group_cross","CORV-G01-06","exact word","SAFE","","Broad token «абонент» on group_cross/CORV-G01-06 — monitored stem","","SAFE: no literal collision in owner groups; separates sibling groups; representative checks pass for обслуживание 1с для организации; обслуживание и сопровождение 1с; сопровождение и обслуживание 1с предприятие.","RESOLVED"
"настройка","group_cross","CORV-G01-06","stem-like token","SAFE","","Broad token «настройка» on group_cross/CORV-G01-06 — monitored stem","обслуживание 1с для организации; обслуживание и сопровождение 1с; сопровождение и обслуживание 1с предприятие","SAFE: no literal collision in owner groups; separates setup groups across directions; representative checks pass for обслуживание 1с для организации; обслуживание и сопровождение 1с; сопровождение и обслуживание 1с предприятие.","RESOLVED"
"внедрение","group_cross","CORV-G01-06","exact word","SAFE","","Broad token «внедрение» on group_cross/CORV-G01-06 — monitored stem","","SAFE: no literal collision in owner groups; separates sibling groups; representative checks pass for обслуживание 1с для организации; обслуживание и сопровождение 1с; сопровождение и обслуживание 1с предприятие.","RESOLVED"
"программист","group_cross","CORV-G01-05","stem-like token","SAFE","","Broad token «программист» on group_cross/CORV-G01-05 — monitored stem","асп сопровождение 1с; договор сопровождения 1с; информационно технологическое сопровождение 1с; информационное сопровождение 1с; казначейское сопровождение в 1с","SAFE: no literal collision in owner groups; separates general hire CORV-G01-01; representative checks pass for асп сопровождение 1с; договор сопровождения 1с; информационно технологическое сопровождение 1с.","RESOLVED"
"доработка","group_cross","CORV-G01-05","stem-like token","SAFE","","Broad token «доработка» on group_cross/CORV-G01-05 — monitored stem","асп сопровождение 1с; договор сопровождения 1с; информационно технологическое сопровождение 1с; информационное сопровождение 1с; казначейское сопровождение в 1с","SAFE: no literal collision in owner groups; separates modification CORV-C02; representative checks pass for асп сопровождение 1с; договор сопровождения 1с; информационно технологическое сопровождение 1с.","RESOLVED"
"маркировка","group_cross","CORV-G01-05","stem-like token","SAFE","","Broad token «маркировка» on group_cross/CORV-G01-05 — monitored stem","асп сопровождение 1с; договор сопровождения 1с; информационно технологическое сопровождение 1с; информационное сопровождение 1с; казначейское сопровождение в 1с","SAFE: no literal collision in owner groups; separates marking groups CORV-C06; representative checks pass for асп сопровождение 1с; договор сопровождения 1с; информационно технологическое сопровождение 1с.","RESOLVED"
"не работает","group_cross","CORV-G01-05","phrase","REMOVE","","Exchange-failure group must not minus core symptom «не работает»","не работает синхронизация 1с; не работает синхронизация 1с 8.3; после обновления 1с не работает синхронизация; почему не работает синхронизация в 1с","Regression REG-02: Exchange-failure group must not minus core symptom «не работает»","RESOLVED"
"абонент","group_cross","CORV-G01-05","exact word","SAFE","","Broad token «абонент» on group_cross/CORV-G01-05 — monitored stem","","SAFE: no literal collision in owner groups; separates sibling groups; representative checks pass for асп сопровождение 1с; договор сопровождения 1с; информационно технологическое сопровождение 1с.","RESOLVED"
"настройка","group_cross","CORV-G01-05","stem-like token","SAFE","","Broad token «настройка» on group_cross/CORV-G01-05 — monitored stem","асп сопровождение 1с; договор сопровождения 1с; информационно технологическое сопровождение 1с; информационное сопровождение 1с; казначейское сопровождение в 1с","SAFE: no literal collision in owner groups; separates setup groups across directions; representative checks pass for асп сопровождение 1с; договор сопровождения 1с; информационно технологическое сопровождение 1с.","RESOLVED"
"внедрение","group_cross","CORV-G01-05","exact word","SAFE","","Broad token «внедрение» on group_cross/CORV-G01-05 — monitored stem","","SAFE: no literal collision in owner groups; separates sibling groups; representative checks pass for асп сопровождение 1с; договор сопровождения 1с; информационно технологическое сопровождение 1с.","RESOLVED"
"разов","group_cross","CORV-G01-05","stem-like token","SAFE","","Broad token «разов» on group_cross/CORV-G01-05 — monitored stem","асп сопровождение 1с; договор сопровождения 1с; информационно технологическое сопровождение 1с; информационное сопровождение 1с; казначейское сопровождение в 1с","SAFE: no literal collision in owner groups; separates one-off works CORV-G01-08; representative checks pass for асп сопровождение 1с; договор сопровождения 1с; информационно технологическое сопровождение 1с.","RESOLVED"
"настройка","group_cross","CORV-G01-04","stem-like token","SAFE","","Broad token «настройка» on group_cross/CORV-G01-04 — monitored stem","внедрение 1с; внедренцы и программисты 1с","SAFE: no literal collision in owner groups; separates setup groups across directions; representative checks pass for внедрение 1с; внедренцы и программисты 1с.","RESOLVED"
"сопровождение","group_cross","CORV-G01-04","exact word","SAFE","","Broad token «сопровождение» on group_cross/CORV-G01-04 — monitored stem","","SAFE: no literal collision in owner groups; separates sibling groups; representative checks pass for внедрение 1с; внедренцы и программисты 1с.","RESOLVED"
"маркировка","group_cross","CORV-G01-04","stem-like token","SAFE","","Broad token «маркировка» on group_cross/CORV-G01-04 — monitored stem","внедрение 1с; внедренцы и программисты 1с","SAFE: no literal collision in owner groups; separates marking groups CORV-C06; representative checks pass for внедрение 1с; внедренцы и программисты 1с.","RESOLVED"
"доработка","group_cross","CORV-G01-04","stem-like token","SAFE","","Broad token «доработка» on group_cross/CORV-G01-04 — monitored stem","внедрение 1с; внедренцы и программисты 1с","SAFE: no literal collision in owner groups; separates modification CORV-C02; representative checks pass for внедрение 1с; внедренцы и программисты 1с.","RESOLVED"
"внедрение","group_cross","CORV-G01-03","exact word","SAFE","","Broad token «внедрение» on group_cross/CORV-G01-03 — monitored stem","","SAFE: no literal collision in owner groups; separates sibling groups; representative checks pass for настройка 1с; программист 1с настройка.","RESOLVED"
"маркировка","group_cross","CORV-G01-03","stem-like token","SAFE","","Broad token «маркировка» on group_cross/CORV-G01-03 — monitored stem","настройка 1с; программист 1с настройка","SAFE: no literal collision in owner groups; separates marking groups CORV-C06; representative checks pass for настройка 1с; программист 1с настройка.","RESOLVED"
"интеграция","group_cross","CORV-G01-03","stem-like token","SAFE","","Broad token «интеграция» on group_cross/CORV-G01-03 — monitored stem","настройка 1с; программист 1с настройка","SAFE: no literal collision in owner groups; separates integration groups CORV-C05; representative checks pass for настройка 1с; программист 1с настройка.","RESOLVED"
"доработка","group_cross","CORV-G01-03","stem-like token","SAFE","","Broad token «доработка» on group_cross/CORV-G01-03 — monitored stem","настройка 1с; программист 1с настройка","SAFE: no literal collision in owner groups; separates modification CORV-C02; representative checks pass for настройка 1с; программист 1с настройка.","RESOLVED"
"сопровождение","group_cross","CORV-G01-03","exact word","SAFE","","Broad token «сопровождение» on group_cross/CORV-G01-03 — monitored stem","","SAFE: no literal collision in owner groups; separates sibling groups; representative checks pass for настройка 1с; программист 1с настройка.","RESOLVED"
"разов","group_cross","CORV-G01-03","stem-like token","SAFE","","Broad token «разов» on group_cross/CORV-G01-03 — monitored stem","настройка 1с; программист 1с настройка","SAFE: no literal collision in owner groups; separates one-off works CORV-G01-08; representative checks pass for настройка 1с; программист 1с настройка.","RESOLVED"
"маркировка","group_cross","CORV-G01-08","stem-like token","SAFE","","Broad token «маркировка» on group_cross/CORV-G01-08 — monitored stem","1с программист без образования; ищу 1с программиста для разовой задачи; образование программист 1с; программист 1с без высшего образования; программист 1с высшее образование","SAFE: no literal collision in owner groups; separates marking groups CORV-C06; representative checks pass for 1с программист без образования; ищу 1с программиста для разовой задачи; образование программист 1с.","RESOLVED"
"сопровождение","group_cross","CORV-G01-08","exact word","SAFE","","Broad token «сопровождение» on group_cross/CORV-G01-08 — monitored stem","","SAFE: no literal collision in owner groups; separates sibling groups; representative checks pass for 1с программист без образования; ищу 1с программиста для разовой задачи; образование программист 1с.","RESOLVED"
"абонент","group_cross","CORV-G01-08","exact word","SAFE","","Broad token «абонент» on group_cross/CORV-G01-08 — monitored stem","","SAFE: no literal collision in owner groups; separates sibling groups; representative checks pass for 1с программист без образования; ищу 1с программиста для разовой задачи; образование программист 1с.","RESOLVED"
"настройка","group_cross","CORV-G01-08","stem-like token","SAFE","","Broad token «настройка» on group_cross/CORV-G01-08 — monitored stem","1с программист без образования; ищу 1с программиста для разовой задачи; образование программист 1с; программист 1с без высшего образования; программист 1с высшее образование","SAFE: no literal collision in owner groups; separates setup groups across directions; representative checks pass for 1с программист без образования; ищу 1с программиста для разовой задачи; образование программист 1с.","RESOLVED"
"внедрение","group_cross","CORV-G01-08","exact word","SAFE","","Broad token «внедрение» on group_cross/CORV-G01-08 — monitored stem","","SAFE: no literal collision in owner groups; separates sibling groups; representative checks pass for 1с программист без образования; ищу 1с программиста для разовой задачи; образование программист 1с.","RESOLVED"
"новосибирск","group_cross","CORV-G01-01","exact word","SAFE","","Broad token «новосибирск» on group_cross/CORV-G01-01 — monitored stem","","SAFE: no literal collision in owner groups; separates sibling groups; representative checks pass for 1с программист 2026 стать; задание программисту 1с; задачи 1с программиста.","RESOLVED"
"сопровождение","group_cross","CORV-G01-01","exact word","SAFE","","Broad token «сопровождение» on group_cross/CORV-G01-01 — monitored stem","","SAFE: no literal collision in owner groups; separates sibling groups; representative checks pass for 1с программист 2026 стать; задание программисту 1с; задачи 1с программиста.","RESOLVED"
"доработка","group_cross","CORV-G01-01","stem-like token","SAFE","","Broad token «доработка» on group_cross/CORV-G01-01 — monitored stem","1с программист 2026 стать; задание программисту 1с; задачи 1с программиста; найти программиста 1с; нужен программист 1с","SAFE: no literal collision in owner groups; separates modification CORV-C02; representative checks pass for 1с программист 2026 стать; задание программисту 1с; задачи 1с программиста.","RESOLVED"
"маркировка","group_cross","CORV-G01-01","stem-like token","SAFE","","Broad token «маркировка» on group_cross/CORV-G01-01 — monitored stem","1с программист 2026 стать; задание программисту 1с; задачи 1с программиста; найти программиста 1с; нужен программист 1с","SAFE: no literal collision in owner groups; separates marking groups CORV-C06; representative checks pass for 1с программист 2026 стать; задание программисту 1с; задачи 1с программиста.","RESOLVED"
"не работает","group_cross","CORV-G01-01","phrase","REMOVE","","Exchange-failure group must not minus core symptom «не работает»","не работает синхронизация 1с; не работает синхронизация 1с 8.3; после обновления 1с не работает синхронизация; почему не работает синхронизация в 1с","Regression REG-02: Exchange-failure group must not minus core symptom «не работает»","RESOLVED"
"настройка","group_cross","CORV-G01-01","stem-like token","SAFE","","Broad token «настройка» on group_cross/CORV-G01-01 — monitored stem","1с программист 2026 стать; задание программисту 1с; задачи 1с программиста; найти программиста 1с; нужен программист 1с","SAFE: no literal collision in owner groups; separates setup groups across directions; representative checks pass for 1с программист 2026 стать; задание программисту 1с; задачи 1с программиста.","RESOLVED"
"внедрение","group_cross","CORV-G01-01","exact word","SAFE","","Broad token «внедрение» on group_cross/CORV-G01-01 — monitored stem","","SAFE: no literal collision in owner groups; separates sibling groups; representative checks pass for 1с программист 2026 стать; задание программисту 1с; задачи 1с программиста.","RESOLVED"
"абонент","group_cross","CORV-G01-01","exact word","SAFE","","Broad token «абонент» on group_cross/CORV-G01-01 — monitored stem","","SAFE: no literal collision in owner groups; separates sibling groups; representative checks pass for 1с программист 2026 стать; задание программисту 1с; задачи 1с программиста.","RESOLVED"
"разов","group_cross","CORV-G01-01","stem-like token","SAFE","","Broad token «разов» on group_cross/CORV-G01-01 — monitored stem","1с программист 2026 стать; задание программисту 1с; задачи 1с программиста; найти программиста 1с; нужен программист 1с","SAFE: no literal collision in owner groups; separates one-off works CORV-G01-08; representative checks pass for 1с программист 2026 стать; задание программисту 1с; задачи 1с программиста.","RESOLVED"
"вакансия","phrase_inline","CORV-G01-01","exact word","SAFE","","Broad token «вакансия» on phrase_inline/CORV-G01-01 — monitored stem","","SAFE: no literal collision in owner groups; separates sibling groups; representative checks pass for 1с программист 2026 стать; задание программисту 1с; задачи 1с программиста.","RESOLVED"
"обучение","phrase_inline","CORV-G01-01","exact word","SAFE","","Broad token «обучение» on phrase_inline/CORV-G01-01 — monitored stem","","SAFE: no literal collision in owner groups; separates sibling groups; representative checks pass for 1с программист 2026 стать; задание программисту 1с; задачи 1с программиста.","RESOLVED"
"курсы","phrase_inline","CORV-G01-01","exact word","SAFE","","Broad token «курсы» on phrase_inline/CORV-G01-01 — monitored stem","","SAFE: no literal collision in owner groups; separates sibling groups; representative checks pass for 1с программист 2026 стать; задание программисту 1с; задачи 1с программиста.","RESOLVED"
"резюме","phrase_inline","CORV-G01-01","exact word","SAFE","","Broad token «резюме» on phrase_inline/CORV-G01-01 — monitored stem","","SAFE: no literal collision in owner groups; separates sibling groups; representative checks pass for 1с программист 2026 стать; задание программисту 1с; задачи 1с программиста.","RESOLVED"
"как стать","phrase_inline","CORV-G01-01","phrase","SAFE","","Broad token «как стать» on phrase_inline/CORV-G01-01 — monitored stem","","SAFE: no literal collision in owner groups; separates sibling groups; representative checks pass for 1с программист 2026 стать; задание программисту 1с; задачи 1с программиста.","RESOLVED"