"keyword_id","phrase","assigned_group","literal_interpretation","user_need","paid_service","alt_interpretation","commercial_conf","group_fit_conf","ad_fit","landing_fit","decision","phrase_reason","review_status"
"kw-corv01-disc-2339","1с розница подключение тс пиот","CORV-G08-01","Дословно: запрос «1с розница подключение тс пиот» в контексте 1С/учётных систем.","Заказ настройки/подключения — «1с розница подключение тс пиот»","Настройка ТС ПИОТ в 1С","Информационный или смешанный интент без явного заказа услуги","HIGH","HIGH","match","planned_url_match","ACTIVE COMMERCIAL","ACTIVE: «1с розница подключение тс пиот» — заказ услуги «Настройка ТС ПИОТ в 1С»; ключевые сигналы: розница, подключение, пиот.","SEMANTICALLY REVIEWED"
"kw-corv01-disc-2332","настройка подключения к тс пиот 1с","CORV-G08-01","Дословно: запрос «настройка подключения к тс пиот 1с» в контексте 1С/учётных систем.","Заказ настройки/подключения — «настройка подключения к тс пиот 1с»","Настройка ТС ПИОТ в 1С","Информационный или смешанный интент без явного заказа услуги","HIGH","HIGH","match","planned_url_match","ACTIVE COMMERCIAL","ACTIVE: «настройка подключения к тс пиот 1с» — заказ услуги «Настройка ТС ПИОТ в 1С»; ключевые сигналы: настройка, подключения, пиот.","SEMANTICALLY REVIEWED"
"kw-corv01-disc-2351","настройка подключения к тс пиот 1с розница","CORV-G08-01","Дословно: запрос «настройка подключения к тс пиот 1с розница» в контексте 1С/учётных систем.","Заказ настройки/подключения — «настройка подключения к тс пиот 1с розница»","Настройка ТС ПИОТ в 1С","Информационный или смешанный интент без явного заказа услуги","HIGH","HIGH","match","planned_url_match","ACTIVE COMMERCIAL","ACTIVE: «настройка подключения к тс пиот 1с розница» — заказ услуги «Настройка ТС ПИОТ в 1С»; ключевые сигналы: настройка, подключения, пиот, розница.","SEMANTICALLY REVIEWED"
"kw-corv01-disc-2318","настройка тс пиот в 1с розница","CORV-G08-01","Дословно: запрос «настройка тс пиот в 1с розница» в контексте 1С/учётных систем.","Заказ настройки/подключения — «настройка тс пиот в 1с розница»","Настройка ТС ПИОТ в 1С","Информационный или смешанный интент без явного заказа услуги","HIGH","HIGH","match","planned_url_match","ACTIVE COMMERCIAL","ACTIVE: «настройка тс пиот в 1с розница» — заказ услуги «Настройка ТС ПИОТ в 1С»; ключевые сигналы: настройка, пиот, розница.","SEMANTICALLY REVIEWED"
"kw-corv01-disc-2320","настройка тс пиот в 1с розница 2.3","CORV-G08-01","Дословно: запрос «настройка тс пиот в 1с розница 2.3» в контексте 1С/учётных систем.","Заказ настройки/подключения — «настройка тс пиот в 1с розница 2.3»","Настройка ТС ПИОТ в 1С","Поиск версии конфигурации или документации","MEDIUM","HIGH","match","planned_url_match","CONTROLLED TEST","CONTROLLED TEST: «настройка тс пиот в 1с розница 2.3» — смешанный интент; риск: Поиск версии конфигурации или документации; услуга: Настройка ТС ПИОТ в 1С.","SEMANTICALLY REVIEWED"
"kw-corv01-disc-2363","настройка тс пиот в 1с розница 3","CORV-G08-01","Дословно: запрос «настройка тс пиот в 1с розница 3» в контексте 1С/учётных систем.","Заказ настройки/подключения — «настройка тс пиот в 1с розница 3»","Настройка ТС ПИОТ в 1С","Поиск версии конфигурации или документации","MEDIUM","HIGH","match","planned_url_match","CONTROLLED TEST","CONTROLLED TEST: «настройка тс пиот в 1с розница 3» — смешанный интент; риск: Поиск версии конфигурации или документации; услуга: Настройка ТС ПИОТ в 1С.","SEMANTICALLY REVIEWED"
"kw-corv01-disc-2342","настройка тс пиот в 1с розница 3.0","CORV-G08-01","Дословно: запрос «настройка тс пиот в 1с розница 3.0» в контексте 1С/учётных систем.","Заказ настройки/подключения — «настройка тс пиот в 1с розница 3.0»","Настройка ТС ПИОТ в 1С","Поиск версии конфигурации или документации","MEDIUM","HIGH","match","planned_url_match","CONTROLLED TEST","CONTROLLED TEST: «настройка тс пиот в 1с розница 3.0» — смешанный интент; риск: Поиск версии конфигурации или документации; услуга: Настройка ТС ПИОТ в 1С.","SEMANTICALLY REVIEWED"
"kw-corv01-disc-2336","настройка тс пиот в 1с унф","CORV-G08-01","Дословно: запрос «настройка тс пиот в 1с унф» в контексте 1С/учётных систем.","Заказ настройки/подключения — «настройка тс пиот в 1с унф»","Настройка ТС ПИОТ в 1С","Информационный или смешанный интент без явного заказа услуги","HIGH","HIGH","match","planned_url_match","ACTIVE COMMERCIAL","ACTIVE: «настройка тс пиот в 1с унф» — заказ услуги «Настройка ТС ПИОТ в 1С»; ключевые сигналы: настройка, пиот, унф.","SEMANTICALLY REVIEWED"
"kw-corv01-disc-2324","настройка тс пиот в 1с ут","CORV-G08-01","Дословно: запрос «настройка тс пиот в 1с ут» в контексте 1С/учётных систем.","Заказ настройки/подключения — «настройка тс пиот в 1с ут»","Настройка ТС ПИОТ в 1С","Информационный или смешанный интент без явного заказа услуги","HIGH","HIGH","match","planned_url_match","ACTIVE COMMERCIAL","ACTIVE: «настройка тс пиот в 1с ут» — заказ услуги «Настройка ТС ПИОТ в 1С»; ключевые сигналы: настройка, пиот.","SEMANTICALLY REVIEWED"
"kw-corv01-disc-2331","настройка тс пиот в 1с ут 11.5","CORV-G08-01","Дословно: запрос «настройка тс пиот в 1с ут 11.5» в контексте 1С/учётных систем.","Заказ настройки/подключения — «настройка тс пиот в 1с ут 11.5»","Настройка ТС ПИОТ в 1С","Информационный или смешанный интент без явного заказа услуги","HIGH","HIGH","match","planned_url_match","ACTIVE COMMERCIAL","ACTIVE: «настройка тс пиот в 1с ут 11.5» — заказ услуги «Настройка ТС ПИОТ в 1С»; ключевые сигналы: настройка, пиот, 11.5.","SEMANTICALLY REVIEWED"
"kw-corv01-disc-2334","не удалось подключиться к тс пиоту 1с","CORV-G08-01","Дословно: запрос «не удалось подключиться к тс пиоту 1с» в контексте 1С/учётных систем.","Заказ настройки/подключения — «не удалось подключиться к тс пиоту 1с»","Настройка ТС ПИОТ в 1С","Информационный или смешанный интент без явного заказа услуги","HIGH","HIGH","match","planned_url_match","ACTIVE COMMERCIAL","ACTIVE: «не удалось подключиться к тс пиоту 1с» — заказ услуги «Настройка ТС ПИОТ в 1С»; ключевые сигналы: удалось, подключиться, пиоту.","SEMANTICALLY REVIEWED"
"kw-corv01-disc-2321","подключение тс пиот к 1с","CORV-G08-01","Дословно: запрос «подключение тс пиот к 1с» в контексте 1С/учётных систем.","Заказ настройки/подключения — «подключение тс пиот к 1с»","Настройка ТС ПИОТ в 1С","Информационный или смешанный интент без явного заказа услуги","HIGH","HIGH","match","planned_url_match","ACTIVE COMMERCIAL","ACTIVE: «подключение тс пиот к 1с» — заказ услуги «Настройка ТС ПИОТ в 1С»; ключевые сигналы: подключение, пиот.","SEMANTICALLY REVIEWED"
"kw-corv01-disc-2316","тс пиот 1с розница 2.3","CORV-G08-01","Дословно: запрос «тс пиот 1с розница 2.3» в контексте 1С/учётных систем.","Настройка/интеграция ТС ПИОТ — «тс пиот 1с розница 2.3»","Настройка ТС ПИОТ в 1С","Поиск версии конфигурации или документации","MEDIUM","HIGH","match","planned_url_match","REASSIGN GROUP","REASSIGN: «тс пиот 1с розница 2.3» из CORV-G08-02 в CORV-G08-01 — pattern тс пиот.*розница → general owner CORV-G08-01.","SEMANTICALLY REVIEWED"
"kw-corv01-disc-2338","тс пиот 1с розница 3","CORV-G08-01","Дословно: запрос «тс пиот 1с розница 3» в контексте 1С/учётных систем.","Настройка/интеграция ТС ПИОТ — «тс пиот 1с розница 3»","Настройка ТС ПИОТ в 1С","Поиск версии конфигурации или документации","MEDIUM","HIGH","match","planned_url_match","REASSIGN GROUP","REASSIGN: «тс пиот 1с розница 3» из CORV-G08-02 в CORV-G08-01 — pattern тс пиот.*розница → general owner CORV-G08-01.","SEMANTICALLY REVIEWED"
"kw-corv01-disc-2322","тс пиот 1с розница 3.0","CORV-G08-01","Дословно: запрос «тс пиот 1с розница 3.0» в контексте 1С/учётных систем.","Настройка/интеграция ТС ПИОТ — «тс пиот 1с розница 3.0»","Настройка ТС ПИОТ в 1С","Поиск версии конфигурации или документации","MEDIUM","HIGH","match","planned_url_match","REASSIGN GROUP","REASSIGN: «тс пиот 1с розница 3.0» из CORV-G08-02 в CORV-G08-01 — pattern тс пиот.*розница → general owner CORV-G08-01.","SEMANTICALLY REVIEWED"
"kw-corv01-disc-2329","тс пиот и 1с розница","CORV-G08-01","Дословно: запрос «тс пиот и 1с розница» в контексте 1С/учётных систем.","Настройка/интеграция ТС ПИОТ — «тс пиот и 1с розница»","Настройка ТС ПИОТ в 1С","Информационный или смешанный интент без явного заказа услуги","MEDIUM","HIGH","match","planned_url_match","REASSIGN GROUP","REASSIGN: «тс пиот и 1с розница» из CORV-G08-02 в CORV-G08-01 — pattern тс пиот.*розница → general owner CORV-G08-01.","SEMANTICALLY REVIEWED"
"kw-corv01-disc-2315","тс пиот настройка в 1с","CORV-G08-01","Дословно: запрос «тс пиот настройка в 1с» в контексте 1С/учётных систем.","Заказ настройки/подключения — «тс пиот настройка в 1с»","Настройка ТС ПИОТ в 1С","Информационный или смешанный интент без явного заказа услуги","HIGH","HIGH","match","planned_url_match","ACTIVE COMMERCIAL","ACTIVE: «тс пиот настройка в 1с» — заказ услуги «Настройка ТС ПИОТ в 1С»; ключевые сигналы: пиот, настройка.","SEMANTICALLY REVIEWED"
"kw-corv01-disc-1257","тс пиот честный знак 1с розница","CORV-G08-01","Дословно: запрос «тс пиот честный знак 1с розница» в контексте 1С/учётных систем.","Подключение маркировки в 1С — «тс пиот честный знак 1с розница»","Настройка ТС ПИОТ в 1С","Информационный или смешанный интент без явного заказа услуги","MEDIUM","HIGH","match","planned_url_match","REASSIGN GROUP","REASSIGN: «тс пиот честный знак 1с розница» из CORV-G08-02 в CORV-G08-01 — pattern тс пиот.*розница → general owner CORV-G08-01.","SEMANTICALLY REVIEWED"
"kw-corv01-disc-2317","1с ут тс пиот","CORV-G08-02","Дословно: запрос «1с ут тс пиот» в контексте 1С/учётных систем.","Настройка/интеграция ТС ПИОТ — «1с ут тс пиот»","Интеграция ТС ПИОТ с 1С","Информационный или смешанный интент без явного заказа услуги","HIGH","HIGH","match","planned_url_match","ACTIVE COMMERCIAL","ACTIVE: «1с ут тс пиот» — заказ услуги «Интеграция ТС ПИОТ с 1С»; ключевые сигналы: пиот.","SEMANTICALLY REVIEWED"
"kw-corv01-disc-2325","модуль тс пиот 1с","CORV-G08-02","Дословно: запрос «модуль тс пиот 1с» в контексте 1С/учётных систем.","Настройка/интеграция ТС ПИОТ — «модуль тс пиот 1с»","Интеграция ТС ПИОТ с 1С","Информационный или смешанный интент без явного заказа услуги","HIGH","HIGH","match","planned_url_match","ACTIVE COMMERCIAL","ACTIVE: «модуль тс пиот 1с» — заказ услуги «Интеграция ТС ПИОТ с 1С»; ключевые сигналы: модуль, пиот.","SEMANTICALLY REVIEWED"
"kw-corv01-disc-2327","тс пиот 1с атол","CORV-G08-02","Дословно: запрос «тс пиот 1с атол» в контексте 1С/учётных систем.","Настройка/интеграция ТС ПИОТ — «тс пиот 1с атол»","Интеграция ТС ПИОТ с 1С","Информационный или смешанный интент без явного заказа услуги","HIGH","HIGH","match","planned_url_match","ACTIVE COMMERCIAL","ACTIVE: «тс пиот 1с атол» — заказ услуги «Интеграция ТС ПИОТ с 1С»; ключевые сигналы: пиот, атол.","SEMANTICALLY REVIEWED"
"kw-corv01-disc-2333","тс пиот 1с бухгалтерия","CORV-G08-02","Дословно: запрос «тс пиот 1с бухгалтерия» в контексте 1С/учётных систем.","Настройка/интеграция ТС ПИОТ — «тс пиот 1с бухгалтерия»","Интеграция ТС ПИОТ с 1С","Информационный или смешанный интент без явного заказа услуги","HIGH","HIGH","match","planned_url_match","ACTIVE COMMERCIAL","ACTIVE: «тс пиот 1с бухгалтерия» — заказ услуги «Интеграция ТС ПИОТ с 1С»; ключевые сигналы: пиот, бухгалтерия.","SEMANTICALLY REVIEWED"
"kw-corv01-disc-2323","тс пиот 1с касса","CORV-G08-02","Дословно: запрос «тс пиот 1с касса» в контексте 1С/учётных систем.","Настройка/интеграция ТС ПИОТ — «тс пиот 1с касса»","Интеграция ТС ПИОТ с 1С","Информационный или смешанный интент без явного заказа услуги","HIGH","HIGH","match","planned_url_match","ACTIVE COMMERCIAL","ACTIVE: «тс пиот 1с касса» — заказ услуги «Интеграция ТС ПИОТ с 1С»; ключевые сигналы: пиот, касса.","SEMANTICALLY REVIEWED"
"kw-corv01-disc-2337","тс пиот 1с рмк","CORV-G08-02","Дословно: запрос «тс пиот 1с рмк» в контексте 1С/учётных систем.","Настройка/интеграция ТС ПИОТ — «тс пиот 1с рмк»","Интеграция ТС ПИОТ с 1С","Информационный или смешанный интент без явного заказа услуги","HIGH","HIGH","match","planned_url_match","ACTIVE COMMERCIAL","ACTIVE: «тс пиот 1с рмк» — заказ услуги «Интеграция ТС ПИОТ с 1С»; ключевые сигналы: пиот, рмк.","SEMANTICALLY REVIEWED"
"kw-corv01-disc-2328","тс пиот в 1с унф","CORV-G08-02","Дословно: запрос «тс пиот в 1с унф» в контексте 1С/учётных систем.","Настройка/интеграция ТС ПИОТ — «тс пиот в 1с унф»","Интеграция ТС ПИОТ с 1С","Информационный или смешанный интент без явного заказа услуги","HIGH","HIGH","match","planned_url_match","ACTIVE COMMERCIAL","ACTIVE: «тс пиот в 1с унф» — заказ услуги «Интеграция ТС ПИОТ с 1С»; ключевые сигналы: пиот, унф.","SEMANTICALLY REVIEWED"
"kw-corv01-disc-2340","тс пиот как установить в 1с","CORV-G08-02","Дословно: запрос «тс пиот как установить в 1с» в контексте 1С/учётных систем.","Настройка/интеграция ТС ПИОТ — «тс пиот как установить в 1с»","Интеграция ТС ПИОТ с 1С","Информационный или смешанный интент без явного заказа услуги","HIGH","HIGH","match","planned_url_match","ACTIVE COMMERCIAL","ACTIVE: «тс пиот как установить в 1с» — заказ услуги «Интеграция ТС ПИОТ с 1С»; ключевые сигналы: пиот, как, установить.","SEMANTICALLY REVIEWED"
"kw-corv01-disc-2319","тс пиот установка 1с","CORV-G08-02","Дословно: запрос «тс пиот установка 1с» в контексте 1С/учётных систем.","Настройка/интеграция ТС ПИОТ — «тс пиот установка 1с»","Интеграция ТС ПИОТ с 1С","Информационный или смешанный интент без явного заказа услуги","HIGH","HIGH","match","planned_url_match","ACTIVE COMMERCIAL","ACTIVE: «тс пиот установка 1с» — заказ услуги «Интеграция ТС ПИОТ с 1С»; ключевые сигналы: пиот, установка.","SEMANTICALLY REVIEWED"
"kw-corv01-disc-1163","тс пиот честный знак 1с","CORV-G08-02","Дословно: запрос «тс пиот честный знак 1с» в контексте 1С/учётных систем.","Подключение маркировки в 1С — «тс пиот честный знак 1с»","Интеграция ТС ПИОТ с 1С","Информационный или смешанный интент без явного заказа услуги","MEDIUM","HIGH","match","planned_url_match","CONTROLLED TEST","CONTROLLED TEST: «тс пиот честный знак 1с» — смешанный интент; риск: Информационный или смешанный интент без явного заказа услуги; услуга: Интеграция ТС ПИОТ с 1С.","SEMANTICALLY REVIEWED"
"kw-corv01-disc-2258","1с маркировка пива","CORV-G06-05","Дословно: запрос «1с маркировка пива» в контексте 1С/учётных систем.","Подключение маркировки в 1С — «1с маркировка пива»","Маркировка напитков в 1С","Информационный или смешанный интент без явного заказа услуги","HIGH","MEDIUM","match","planned_url_match","ACTIVE COMMERCIAL","ACTIVE: «1с маркировка пива» — заказ услуги «Маркировка напитков в 1С»; ключевые сигналы: маркировка, пива.","SEMANTICALLY REVIEWED"
"kw-corv01-016","маркировка пива 1с","CORV-G06-05","Дословно: запрос «маркировка пива 1с» в контексте 1С/учётных систем.","Подключение маркировки в 1С — «маркировка пива 1с»","Маркировка напитков в 1С","Информационный или смешанный интент без явного заказа услуги","HIGH","MEDIUM","match","planned_url_match","ACTIVE COMMERCIAL","ACTIVE: «маркировка пива 1с» — заказ услуги «Маркировка напитков в 1С»; ключевые сигналы: маркировка, пива.","SEMANTICALLY REVIEWED"
"kw-corv01-disc-2259","1с маркировка воды","CORV-G06-06","Дословно: запрос «1с маркировка воды» в контексте 1С/учётных систем.","Подключение маркировки в 1С — «1с маркировка воды»","Маркировка воды в 1С","Информационный или смешанный интент без явного заказа услуги","HIGH","HIGH","match","planned_url_match","ACTIVE COMMERCIAL","ACTIVE: «1с маркировка воды» — заказ услуги «Маркировка воды в 1С»; ключевые сигналы: маркировка, воды.","SEMANTICALLY REVIEWED"
"kw-corv01-017","маркировка воды 1с","CORV-G06-06","Дословно: запрос «маркировка воды 1с» в контексте 1С/учётных систем.","Подключение маркировки в 1С — «маркировка воды 1с»","Маркировка воды в 1С","Информационный или смешанный интент без явного заказа услуги","HIGH","HIGH","match","planned_url_match","ACTIVE COMMERCIAL","ACTIVE: «маркировка воды 1с» — заказ услуги «Маркировка воды в 1С»; ключевые сигналы: маркировка, воды.","SEMANTICALLY REVIEWED"
"kw-corv01-disc-1024","маркировка воды в 1с","CORV-G06-06","Дословно: запрос «маркировка воды в 1с» в контексте 1С/учётных систем.","Подключение маркировки в 1С — «маркировка воды в 1с»","Маркировка воды в 1С","Информационный или смешанный интент без явного заказа услуги","HIGH","HIGH","match","planned_url_match","ACTIVE COMMERCIAL","ACTIVE: «маркировка воды в 1с» — заказ услуги «Маркировка воды в 1С»; ключевые сигналы: маркировка, воды.","SEMANTICALLY REVIEWED"
"seed-CORV-G06-07-core-маркировка-к","маркировка косметики 1с","CORV-G06-07","Дословно: запрос «маркировка косметики 1с» в контексте 1С/учётных систем.","Подключение маркировки в 1С — «маркировка косметики 1с»","Маркировка косметики в 1С","Информационный или смешанный интент без явного заказа услуги","HIGH","MEDIUM","match","planned_url_match","ACTIVE COMMERCIAL","ACTIVE: «маркировка косметики 1с» — заказ услуги «Маркировка косметики в 1С»; ключевые сигналы: маркировка, косметики.","SEMANTICALLY REVIEWED"
"kw-corv01-disc-2260","маркировка лекарств","CORV-G06-08","Дословно: запрос «маркировка лекарств» в контексте 1С/учётных систем.","Подключение маркировки в 1С — «маркировка лекарств»","Маркировка лекарств в 1С","Информационный или смешанный интент без явного заказа услуги","HIGH","HIGH","match","planned_url_match","ACTIVE COMMERCIAL","ACTIVE: «маркировка лекарств» — заказ услуги «Маркировка лекарств в 1С»; ключевые сигналы: маркировка, лекарств.","SEMANTICALLY REVIEWED"
"kw-corv01-018","маркировка лекарств 1с","CORV-G06-08","Дословно: запрос «маркировка лекарств 1с» в контексте 1С/учётных систем.","Подключение маркировки в 1С — «маркировка лекарств 1с»","Маркировка лекарств в 1С","Информационный или смешанный интент без явного заказа услуги","HIGH","HIGH","match","planned_url_match","ACTIVE COMMERCIAL","ACTIVE: «маркировка лекарств 1с» — заказ услуги «Маркировка лекарств в 1С»; ключевые сигналы: маркировка, лекарств.","SEMANTICALLY REVIEWED"
"kw-corv01-disc-2271","маркировка лекарств аптека","CORV-G06-08","Дословно: запрос «маркировка лекарств аптека» в контексте 1С/учётных систем.","Подключение маркировки в 1С — «маркировка лекарств аптека»","Маркировка лекарств в 1С","Розничная аптека ищет нормативную информацию","MEDIUM","HIGH","match","planned_url_match","CONTROLLED TEST","CONTROLLED TEST: «маркировка лекарств аптека» — смешанный интент; риск: Розничная аптека ищет нормативную информацию; услуга: Маркировка лекарств в 1С.","SEMANTICALLY REVIEWED"
"kw-corv01-disc-2272","маркировка лекарств проверить","CORV-G06-08","Дословно: запрос «маркировка лекарств проверить» в контексте 1С/учётных систем.","Подключение маркировки в 1С — «маркировка лекарств проверить»","Маркировка лекарств в 1С","Информационный или смешанный интент без явного заказа услуги","HIGH","HIGH","match","planned_url_match","ACTIVE COMMERCIAL","ACTIVE: «маркировка лекарств проверить» — заказ услуги «Маркировка лекарств в 1С»; ключевые сигналы: маркировка, лекарств, проверить.","SEMANTICALLY REVIEWED"
"kw-corv01-disc-2267","маркировка упаковки лекарств","CORV-G06-08","Дословно: запрос «маркировка упаковки лекарств» в контексте 1С/учётных систем.","Подключение маркировки в 1С — «маркировка упаковки лекарств»","Маркировка лекарств в 1С","Информационный или смешанный интент без явного заказа услуги","HIGH","HIGH","match","planned_url_match","ACTIVE COMMERCIAL","ACTIVE: «маркировка упаковки лекарств» — заказ услуги «Маркировка лекарств в 1С»; ключевые сигналы: маркировка, упаковки, лекарств.","SEMANTICALLY REVIEWED"
"kw-corv01-disc-2276","проверка маркировки лекарств","CORV-G06-08","Дословно: запрос «проверка маркировки лекарств» в контексте 1С/учётных систем.","Подключение маркировки в 1С — «проверка маркировки лекарств»","Маркировка лекарств в 1С","Информационный или смешанный интент без явного заказа услуги","HIGH","HIGH","match","planned_url_match","ACTIVE COMMERCIAL","ACTIVE: «проверка маркировки лекарств» — заказ услуги «Маркировка лекарств в 1С»; ключевые сигналы: проверка, маркировки, лекарств.","SEMANTICALLY REVIEWED"
"kw-corv01-disc-2268","систему маркировки лекарств","CORV-G06-08","Дословно: запрос «систему маркировки лекарств» в контексте 1С/учётных систем.","Подключение маркировки в 1С — «систему маркировки лекарств»","Маркировка лекарств в 1С","Информационный или смешанный интент без явного заказа услуги","HIGH","HIGH","match","planned_url_match","ACTIVE COMMERCIAL","ACTIVE: «систему маркировки лекарств» — заказ услуги «Маркировка лекарств в 1С»; ключевые сигналы: систему, маркировки, лекарств.","SEMANTICALLY REVIEWED"
"kw-corv01-disc-2261","честный знак маркировка лекарств","CORV-G06-08","Дословно: запрос «честный знак маркировка лекарств» в контексте 1С/учётных систем.","Подключение маркировки в 1С — «честный знак маркировка лекарств»","Маркировка лекарств в 1С","Информационный или смешанный интент без явного заказа услуги","HIGH","HIGH","match","planned_url_match","ACTIVE COMMERCIAL","ACTIVE: «честный знак маркировка лекарств» — заказ услуги «Маркировка лекарств в 1С»; ключевые сигналы: честный, знак, маркировка, лекарств.","SEMANTICALLY REVIEWED"
"seed-CORV-G06-09-core-маркировка-б","маркировка бытовой химии 1с","CORV-G06-09","Дословно: запрос «маркировка бытовой химии 1с» в контексте 1С/учётных систем.","Подключение маркировки в 1С — «маркировка бытовой химии 1с»","Маркировка бытовой химии в 1С","Информационный или смешанный интент без явного заказа услуги","HIGH","MEDIUM","match","planned_url_match","ACTIVE COMMERCIAL","ACTIVE: «маркировка бытовой химии 1с» — заказ услуги «Маркировка бытовой химии в 1С»; ключевые сигналы: маркировка, бытовой, химии.","SEMANTICALLY REVIEWED"
"kw-corv01-disc-2295","автозапчасти маркировка честный знак","CORV-G06-10","Дословно: запрос «автозапчасти маркировка честный знак» в контексте 1С/учётных систем.","Подключение маркировки в 1С — «автозапчасти маркировка честный знак»","Маркировка автозапчастей в 1С","Информационный или смешанный интент без явного заказа услуги","HIGH","MEDIUM","match","planned_url_match","ACTIVE COMMERCIAL","ACTIVE: «автозапчасти маркировка честный знак» — заказ услуги «Маркировка автозапчастей в 1С»; ключевые сигналы: автозапчасти, маркировка, честный, знак.","SEMANTICALLY REVIEWED"
"kw-corv01-disc-2293","маркировка автозапчастей","CORV-G06-10","Дословно: запрос «маркировка автозапчастей» в контексте 1С/учётных систем.","Подключение маркировки в 1С — «маркировка автозапчастей»","Маркировка автозапчастей в 1С","Информационный или смешанный интент без явного заказа услуги","HIGH","MEDIUM","match","planned_url_match","ACTIVE COMMERCIAL","ACTIVE: «маркировка автозапчастей» — заказ услуги «Маркировка автозапчастей в 1С»; ключевые сигналы: маркировка, автозапчастей.","SEMANTICALLY REVIEWED"
"kw-corv01-020","маркировка автозапчастей 1с","CORV-G06-10","Дословно: запрос «маркировка автозапчастей 1с» в контексте 1С/учётных систем.","Подключение маркировки в 1С — «маркировка автозапчастей 1с»","Маркировка автозапчастей в 1С","Информационный или смешанный интент без явного заказа услуги","HIGH","MEDIUM","match","planned_url_match","ACTIVE COMMERCIAL","ACTIVE: «маркировка автозапчастей 1с» — заказ услуги «Маркировка автозапчастей в 1С»; ключевые сигналы: маркировка, автозапчастей.","SEMANTICALLY REVIEWED"
"kw-corv01-disc-2300","маркировка автозапчастей 2026","CORV-G06-10","Дословно: запрос «маркировка автозапчастей 2026» в контексте 1С/учётных систем.","Подключение маркировки в 1С — «маркировка автозапчастей 2026»","Маркировка автозапчастей в 1С","Информационный или смешанный интент без явного заказа услуги","HIGH","MEDIUM","match","planned_url_match","ACTIVE COMMERCIAL","ACTIVE: «маркировка автозапчастей 2026» — заказ услуги «Маркировка автозапчастей в 1С»; ключевые сигналы: маркировка, автозапчастей, 2026.","SEMANTICALLY REVIEWED"
"kw-corv01-disc-2294","маркировка автозапчастей честный","CORV-G06-10","Дословно: запрос «маркировка автозапчастей честный» в контексте 1С/учётных систем.","Подключение маркировки в 1С — «маркировка автозапчастей честный»","Маркировка автозапчастей в 1С","Информационный или смешанный интент без явного заказа услуги","HIGH","MEDIUM","match","planned_url_match","ACTIVE COMMERCIAL","ACTIVE: «маркировка автозапчастей честный» — заказ услуги «Маркировка автозапчастей в 1С»; ключевые сигналы: маркировка, автозапчастей, честный.","SEMANTICALLY REVIEWED"
"kw-corv01-disc-2308","маркировка автозапчастей честный знак 2026","CORV-G06-10","Дословно: запрос «маркировка автозапчастей честный знак 2026» в контексте 1С/учётных систем.","Подключение маркировки в 1С — «маркировка автозапчастей честный знак 2026»","Маркировка автозапчастей в 1С","Информационный или смешанный интент без явного заказа услуги","HIGH","MEDIUM","match","planned_url_match","ACTIVE COMMERCIAL","ACTIVE: «маркировка автозапчастей честный знак 2026» — заказ услуги «Маркировка автозапчастей в 1С»; ключевые сигналы: маркировка, автозапчастей, честный, знак, 2026.","SEMANTICALLY REVIEWED"
"kw-corv01-disc-2309","маркировка остатков автозапчастей","CORV-G06-10","Дословно: запрос «маркировка остатков автозапчастей» в контексте 1С/учётных систем.","Подключение маркировки в 1С — «маркировка остатков автозапчастей»","Маркировка автозапчастей в 1С","Информационный или смешанный интент без явного заказа услуги","HIGH","MEDIUM","match","planned_url_match","ACTIVE COMMERCIAL","ACTIVE: «маркировка остатков автозапчастей» — заказ услуги «Маркировка автозапчастей в 1С»; ключевые сигналы: маркировка, остатков, автозапчастей.","SEMANTICALLY REVIEWED"
"kw-corv01-disc-2305","маркировка товара автозапчасти","CORV-G06-10","Дословно: запрос «маркировка товара автозапчасти» в контексте 1С/учётных систем.","Подключение маркировки в 1С — «маркировка товара автозапчасти»","Маркировка автозапчастей в 1С","Информационный или смешанный интент без явного заказа услуги","HIGH","MEDIUM","match","planned_url_match","ACTIVE COMMERCIAL","ACTIVE: «маркировка товара автозапчасти» — заказ услуги «Маркировка автозапчастей в 1С»; ключевые сигналы: маркировка, товара, автозапчасти.","SEMANTICALLY REVIEWED"
"kw-corv01-disc-2314","нужна ли маркировка на автозапчасти","CORV-G06-10","Дословно: запрос «нужна ли маркировка на автозапчасти» в контексте 1С/учётных систем.","Подключение маркировки в 1С — «нужна ли маркировка на автозапчасти»","Маркировка автозапчастей в 1С","Информационный или смешанный интент без явного заказа услуги","HIGH","MEDIUM","match","planned_url_match","ACTIVE COMMERCIAL","ACTIVE: «нужна ли маркировка на автозапчасти» — заказ услуги «Маркировка автозапчастей в 1С»; ключевые сигналы: нужна, маркировка, автозапчасти.","SEMANTICALLY REVIEWED"
"kw-corv01-disc-2306","опубликован проект по маркировке автозапчастей","CORV-G06-10","Дословно: запрос «опубликован проект по маркировке автозапчастей» в контексте 1С/учётных систем.","Подключение маркировки в 1С — «опубликован проект по маркировке автозапчастей»","Маркировка автозапчастей в 1С","Информационный или смешанный интент без явного заказа услуги","HIGH","MEDIUM","match","planned_url_match","ACTIVE COMMERCIAL","ACTIVE: «опубликован проект по маркировке автозапчастей» — заказ услуги «Маркировка автозапчастей в 1С»; ключевые сигналы: опубликован, проект, маркировке, автозапчастей.","SEMANTICALLY REVIEWED"
"kw-corv01-disc-993","в 1с маркировка моторные масла","CORV-G06-11","Дословно: запрос «в 1с маркировка моторные масла» в контексте 1С/учётных систем.","Подключение маркировки в 1С — «в 1с маркировка моторные масла»","Маркировка масел в 1С","Информационный или смешанный интент без явного заказа услуги","HIGH","MEDIUM","match","planned_url_match","ACTIVE COMMERCIAL","ACTIVE: «в 1с маркировка моторные масла» — заказ услуги «Маркировка масел в 1С»; ключевые сигналы: маркировка, моторные, масла.","SEMANTICALLY REVIEWED"
"seed-CORV-G06-11-core-маркировка-м","маркировка масел 1с","CORV-G06-11","Дословно: запрос «маркировка масел 1с» в контексте 1С/учётных систем.","Подключение маркировки в 1С — «маркировка масел 1с»","Маркировка масел в 1С","Информационный или смешанный интент без явного заказа услуги","HIGH","MEDIUM","match","planned_url_match","ACTIVE COMMERCIAL","ACTIVE: «маркировка масел 1с» — заказ услуги «Маркировка масел в 1С»; ключевые сигналы: маркировка, масел.","SEMANTICALLY REVIEWED"
"seed-CORV-G06-12-core-маркировка-т","маркировка техники 1с","CORV-G06-12","Дословно: запрос «маркировка техники 1с» в контексте 1С/учётных систем.","Подключение маркировки в 1С — «маркировка техники 1с»","Маркировка техники в 1С","Информационный или смешанный интент без явного заказа услуги","HIGH","MEDIUM","match","planned_url_match","ACTIVE COMMERCIAL","ACTIVE: «маркировка техники 1с» — заказ услуги «Маркировка техники в 1С»; ключевые сигналы: маркировка, техники.","SEMANTICALLY REVIEWED"
"seed-CORV-G06-13-core-маркировка-с","маркировка строительных материалов 1с","CORV-G06-13","Дословно: запрос «маркировка строительных материалов 1с» в контексте 1С/учётных систем.","Подключение маркировки в 1С — «маркировка строительных материалов 1с»","Маркировка стройматериалов в 1С","Информационный или смешанный интент без явного заказа услуги","HIGH","MEDIUM","match","planned_url_match","ACTIVE COMMERCIAL","ACTIVE: «маркировка строительных материалов 1с» — заказ услуги «Маркировка стройматериалов в 1С»; ключевые сигналы: маркировка, строительных, материалов.","SEMANTICALLY REVIEWED"
"kw-corv01-disc-1100","1с 8.3 честный знак","CORV-G06-03","Дословно: запрос «1с 8.3 честный знак» в контексте 1С/учётных систем.","Подключение маркировки в 1С — «1с 8.3 честный знак»","Честный знак в 1С","Информационный или смешанный интент без явного заказа услуги","MEDIUM","MEDIUM","match","planned_url_match","CONTROLLED TEST","CONTROLLED TEST: «1с 8.3 честный знак» — смешанный интент; риск: Информационный или смешанный интент без явного заказа услуги; услуга: Честный знак в 1С.","SEMANTICALLY REVIEWED"
"kw-corv01-disc-1094","1с бухгалтерия честный знак","CORV-G06-03","Дословно: запрос «1с бухгалтерия честный знак» в контексте 1С/учётных систем.","Подключение маркировки в 1С — «1с бухгалтерия честный знак»","Честный знак в 1С","Информационный или смешанный интент без явного заказа услуги","HIGH","MEDIUM","match","planned_url_match","ACTIVE COMMERCIAL","ACTIVE: «1с бухгалтерия честный знак» — заказ услуги «Честный знак в 1С»; ключевые сигналы: бухгалтерия, честный, знак.","SEMANTICALLY REVIEWED"
"kw-corv01-disc-1102","1с номенклатура честный знак","CORV-G06-03","Дословно: запрос «1с номенклатура честный знак» в контексте 1С/учётных систем.","Подключение маркировки в 1С — «1с номенклатура честный знак»","Честный знак в 1С","Информационный или смешанный интент без явного заказа услуги","HIGH","MEDIUM","match","planned_url_match","ACTIVE COMMERCIAL","ACTIVE: «1с номенклатура честный знак» — заказ услуги «Честный знак в 1С»; ключевые сигналы: номенклатура, честный, знак.","SEMANTICALLY REVIEWED"
"kw-corv01-disc-1103","1с торговля честный знак","CORV-G06-03","Дословно: запрос «1с торговля честный знак» в контексте 1С/учётных систем.","Подключение маркировки в 1С — «1с торговля честный знак»","Честный знак в 1С","Информационный или смешанный интент без явного заказа услуги","HIGH","MEDIUM","match","planned_url_match","ACTIVE COMMERCIAL","ACTIVE: «1с торговля честный знак» — заказ услуги «Честный знак в 1С»; ключевые сигналы: торговля, честный, знак.","SEMANTICALLY REVIEWED"
"kw-corv01-disc-1095","1с унф честный знак","CORV-G06-03","Дословно: запрос «1с унф честный знак» в контексте 1С/учётных систем.","Подключение маркировки в 1С — «1с унф честный знак»","Честный знак в 1С","Информационный или смешанный интент без явного заказа услуги","HIGH","MEDIUM","match","planned_url_match","ACTIVE COMMERCIAL","ACTIVE: «1с унф честный знак» — заказ услуги «Честный знак в 1С»; ключевые сигналы: унф, честный, знак.","SEMANTICALLY REVIEWED"
"kw-corv01-disc-1001","агрегация кодов маркировки честный знак в 1с","CORV-G06-03","Дословно: запрос «агрегация кодов маркировки честный знак в 1с» в контексте 1С/учётных систем.","Подключение маркировки в 1С — «агрегация кодов маркировки честный знак в 1с»","Честный знак в 1С","Информационный или смешанный интент без явного заказа услуги","HIGH","MEDIUM","match","planned_url_match","ACTIVE COMMERCIAL","ACTIVE: «агрегация кодов маркировки честный знак в 1с» — заказ услуги «Честный знак в 1С»; ключевые сигналы: агрегация, кодов, маркировки, честный, знак.","SEMANTICALLY REVIEWED"
"kw-corv01-disc-1098","интеграция 1с и честный знак","CORV-G06-03","Дословно: запрос «интеграция 1с и честный знак» в контексте 1С/учётных систем.","Заказ настройки/подключения — «интеграция 1с и честный знак»","Честный знак в 1С","Информационный или смешанный интент без явного заказа услуги","HIGH","MEDIUM","match","planned_url_match","ACTIVE COMMERCIAL","ACTIVE: «интеграция 1с и честный знак» — заказ услуги «Честный знак в 1С»; ключевые сигналы: интеграция, честный, знак.","SEMANTICALLY REVIEWED"
"kw-corv01-disc-903","коды маркировки честный знак в 1с","CORV-G06-03","Дословно: запрос «коды маркировки честный знак в 1с» в контексте 1С/учётных систем.","Подключение маркировки в 1С — «коды маркировки честный знак в 1с»","Честный знак в 1С","Информационный или смешанный интент без явного заказа услуги","HIGH","MEDIUM","match","planned_url_match","ACTIVE COMMERCIAL","ACTIVE: «коды маркировки честный знак в 1с» — заказ услуги «Честный знак в 1С»; ключевые сигналы: коды, маркировки, честный, знак.","SEMANTICALLY REVIEWED"
"kw-corv01-disc-1104","лм честный знак 1с","CORV-G06-03","Дословно: запрос «лм честный знак 1с» в контексте 1С/учётных систем.","Подключение маркировки в 1С — «лм честный знак 1с»","Честный знак в 1С","Информационный или смешанный интент без явного заказа услуги","HIGH","MEDIUM","match","planned_url_match","ACTIVE COMMERCIAL","ACTIVE: «лм честный знак 1с» — заказ услуги «Честный знак в 1С»; ключевые сигналы: честный, знак.","SEMANTICALLY REVIEWED"
"kw-corv01-disc-1039","маркировка остатков честный знак в 1с","CORV-G06-03","Дословно: запрос «маркировка остатков честный знак в 1с» в контексте 1С/учётных систем.","Подключение маркировки в 1С — «маркировка остатков честный знак в 1с»","Честный знак в 1С","Информационный или смешанный интент без явного заказа услуги","HIGH","MEDIUM","match","planned_url_match","ACTIVE COMMERCIAL","ACTIVE: «маркировка остатков честный знак в 1с» — заказ услуги «Честный знак в 1С»; ключевые сигналы: маркировка, остатков, честный, знак.","SEMANTICALLY REVIEWED"
"kw-corv01-disc-920","маркировка товаров в 1с честный знак","CORV-G06-03","Дословно: запрос «маркировка товаров в 1с честный знак» в контексте 1С/учётных систем.","Подключение маркировки в 1С — «маркировка товаров в 1с честный знак»","Честный знак в 1С","Информационный или смешанный интент без явного заказа услуги","HIGH","MEDIUM","match","planned_url_match","ACTIVE COMMERCIAL","ACTIVE: «маркировка товаров в 1с честный знак» — заказ услуги «Честный знак в 1С»; ключевые сигналы: маркировка, товаров, честный, знак.","SEMANTICALLY REVIEWED"
"kw-corv01-disc-899","маркировка честный знак в 1с","CORV-G06-03","Дословно: запрос «маркировка честный знак в 1с» в контексте 1С/учётных систем.","Подключение маркировки в 1С — «маркировка честный знак в 1с»","Честный знак в 1С","Информационный или смешанный интент без явного заказа услуги","HIGH","MEDIUM","match","planned_url_match","ACTIVE COMMERCIAL","ACTIVE: «маркировка честный знак в 1с» — заказ услуги «Честный знак в 1С»; ключевые сигналы: маркировка, честный, знак.","SEMANTICALLY REVIEWED"
"kw-corv01-disc-984","маркировка честный знак в 1с бухгалтерия","CORV-G06-03","Дословно: запрос «маркировка честный знак в 1с бухгалтерия» в контексте 1С/учётных систем.","Подключение маркировки в 1С — «маркировка честный знак в 1с бухгалтерия»","Честный знак в 1С","Информационный или смешанный интент без явного заказа услуги","HIGH","MEDIUM","match","planned_url_match","ACTIVE COMMERCIAL","ACTIVE: «маркировка честный знак в 1с бухгалтерия» — заказ услуги «Честный знак в 1С»; ключевые сигналы: маркировка, честный, знак, бухгалтерия.","SEMANTICALLY REVIEWED"
"kw-corv01-disc-1029","маркировка честный знак в 1с розница","CORV-G06-03","Дословно: запрос «маркировка честный знак в 1с розница» в контексте 1С/учётных систем.","Подключение маркировки в 1С — «маркировка честный знак в 1с розница»","Честный знак в 1С","Информационный или смешанный интент без явного заказа услуги","HIGH","MEDIUM","match","planned_url_match","ACTIVE COMMERCIAL","ACTIVE: «маркировка честный знак в 1с розница» — заказ услуги «Честный знак в 1С»; ключевые сигналы: маркировка, честный, знак, розница.","SEMANTICALLY REVIEWED"
"kw-corv01-disc-973","маркировка честный знак в 1с унф","CORV-G06-03","Дословно: запрос «маркировка честный знак в 1с унф» в контексте 1С/учётных систем.","Подключение маркировки в 1С — «маркировка честный знак в 1с унф»","Честный знак в 1С","Информационный или смешанный интент без явного заказа услуги","HIGH","MEDIUM","match","planned_url_match","ACTIVE COMMERCIAL","ACTIVE: «маркировка честный знак в 1с унф» — заказ услуги «Честный знак в 1С»; ключевые сигналы: маркировка, честный, знак, унф.","SEMANTICALLY REVIEWED"
"kw-corv01-disc-975","маркировка честный знак в 1с ут","CORV-G06-03","Дословно: запрос «маркировка честный знак в 1с ут» в контексте 1С/учётных систем.","Подключение маркировки в 1С — «маркировка честный знак в 1с ут»","Честный знак в 1С","Информационный или смешанный интент без явного заказа услуги","HIGH","MEDIUM","match","planned_url_match","ACTIVE COMMERCIAL","ACTIVE: «маркировка честный знак в 1с ут» — заказ услуги «Честный знак в 1С»; ключевые сигналы: маркировка, честный, знак.","SEMANTICALLY REVIEWED"
"kw-corv01-disc-1006","маркировка честный знак в 1с erp","CORV-G06-03","Дословно: запрос «маркировка честный знак в 1с erp» в контексте 1С/учётных систем.","Подключение маркировки в 1С — «маркировка честный знак в 1с erp»","Честный знак в 1С","Информационный или смешанный интент без явного заказа услуги","HIGH","MEDIUM","match","planned_url_match","ACTIVE COMMERCIAL","ACTIVE: «маркировка честный знак в 1с erp» — заказ услуги «Честный знак в 1С»; ключевые сигналы: маркировка, честный, знак, erp.","SEMANTICALLY REVIEWED"
"kw-corv01-disc-1096","настройка честного знака в 1с","CORV-G06-03","Дословно: запрос «настройка честного знака в 1с» в контексте 1С/учётных систем.","Заказ настройки/подключения — «настройка честного знака в 1с»","Честный знак в 1С","Информационный или смешанный интент без явного заказа услуги","HIGH","MEDIUM","match","planned_url_match","ACTIVE COMMERCIAL","ACTIVE: «настройка честного знака в 1с» — заказ услуги «Честный знак в 1С»; ключевые сигналы: настройка, честного, знака.","SEMANTICALLY REVIEWED"
"kw-corv01-disc-988","работа с маркировкой честный знак в 1с","CORV-G06-03","Дословно: запрос «работа с маркировкой честный знак в 1с» в контексте 1С/учётных систем.","Подключение маркировки в 1С — «работа с маркировкой честный знак в 1с»","Честный знак в 1С","Информационный или смешанный интент без явного заказа услуги","HIGH","MEDIUM","match","planned_url_match","ACTIVE COMMERCIAL","ACTIVE: «работа с маркировкой честный знак в 1с» — заказ услуги «Честный знак в 1С»; ключевые сигналы: работа, маркировкой, честный, знак.","SEMANTICALLY REVIEWED"
"kw-corv01-disc-1101","работа с честным знаком в 1с","CORV-G06-03","Дословно: запрос «работа с честным знаком в 1с» в контексте 1С/учётных систем.","Коммерческая задача по теме группы CORV-G06-03 — «работа с честным знаком в 1с»","Честный знак в 1С","Информационный или смешанный интент без явного заказа услуги","HIGH","MEDIUM","match","planned_url_match","ACTIVE COMMERCIAL","ACTIVE: «работа с честным знаком в 1с» — заказ услуги «Честный знак в 1С»; ключевые сигналы: работа, честным, знаком.","SEMANTICALLY REVIEWED"
"kw-corv01-008","честный знак 1с","CORV-G06-03","Дословно: запрос «честный знак 1с» в контексте 1С/учётных систем.","Подключение маркировки в 1С — «честный знак 1с»","Честный знак в 1С","Информационный или смешанный интент без явного заказа услуги","HIGH","MEDIUM","match","planned_url_match","ACTIVE COMMERCIAL","ACTIVE: «честный знак 1с» — заказ услуги «Честный знак в 1С»; ключевые сигналы: честный, знак.","SEMANTICALLY REVIEWED"
"kw-corv01-disc-1092","честный знак в 1с","CORV-G06-03","Дословно: запрос «честный знак в 1с» в контексте 1С/учётных систем.","Подключение маркировки в 1С — «честный знак в 1с»","Честный знак в 1С","Информационный или смешанный интент без явного заказа услуги","HIGH","MEDIUM","match","planned_url_match","ACTIVE COMMERCIAL","ACTIVE: «честный знак в 1с» — заказ услуги «Честный знак в 1С»; ключевые сигналы: честный, знак.","SEMANTICALLY REVIEWED"
"kw-corv01-disc-1099","честный знак в 1с ут","CORV-G06-03","Дословно: запрос «честный знак в 1с ут» в контексте 1С/учётных систем.","Подключение маркировки в 1С — «честный знак в 1с ут»","Честный знак в 1С","Информационный или смешанный интент без явного заказа услуги","HIGH","MEDIUM","match","planned_url_match","ACTIVE COMMERCIAL","ACTIVE: «честный знак в 1с ут» — заказ услуги «Честный знак в 1С»; ключевые сигналы: честный, знак.","SEMANTICALLY REVIEWED"
"kw-corv01-disc-1093","честный знак модуль 1с","CORV-G06-03","Дословно: запрос «честный знак модуль 1с» в контексте 1С/учётных систем.","Подключение маркировки в 1С — «честный знак модуль 1с»","Честный знак в 1С","Информационный или смешанный интент без явного заказа услуги","HIGH","MEDIUM","match","planned_url_match","ACTIVE COMMERCIAL","ACTIVE: «честный знак модуль 1с» — заказ услуги «Честный знак в 1С»; ключевые сигналы: честный, знак, модуль.","SEMANTICALLY REVIEWED"
"kw-corv01-disc-1097","честный знак через 1с","CORV-G06-03","Дословно: запрос «честный знак через 1с» в контексте 1С/учётных систем.","Подключение маркировки в 1С — «честный знак через 1с»","Честный знак в 1С","Информационный или смешанный интент без явного заказа услуги","HIGH","MEDIUM","match","planned_url_match","ACTIVE COMMERCIAL","ACTIVE: «честный знак через 1с» — заказ услуги «Честный знак в 1С»; ключевые сигналы: честный, знак, через.","SEMANTICALLY REVIEWED"
"seed-CORV-G06-04-core-ошибка-марки","ошибка маркировки 1с","CORV-G06-04","Дословно: запрос «ошибка маркировки 1с» в контексте 1С/учётных систем.","Срочная помощь при сбое — «ошибка маркировки 1с»","Устранение ошибок маркировки в 1С","Информационный или смешанный интент без явного заказа услуги","HIGH","MEDIUM","match","planned_url_match","ACTIVE COMMERCIAL","ACTIVE: «ошибка маркировки 1с» — заказ услуги «Устранение ошибок маркировки в 1С»; ключевые сигналы: ошибка, маркировки.","SEMANTICALLY REVIEWED"
"kw-corv01-disc-968","1с маркировка в производстве","CORV-G06-01","Дословно: запрос «1с маркировка в производстве» в контексте 1С/учётных систем.","Подключение маркировки в 1С — «1с маркировка в производстве»","Подключение маркировки в 1С","Информационный или смешанный интент без явного заказа услуги","HIGH","HIGH","match","planned_url_match","REASSIGN GROUP","REASSIGN: «1с маркировка в производстве» из CORV-G06-06 в CORV-G06-01 — pattern маркиров.*(производств|ввод в оборот) → general owner CORV-G06-01.","SEMANTICALLY REVIEWED"
"kw-corv01-disc-922","1с маркировка ввод в оборот","CORV-G06-01","Дословно: запрос «1с маркировка ввод в оборот» в контексте 1С/учётных систем.","Подключение маркировки в 1С — «1с маркировка ввод в оборот»","Подключение маркировки в 1С","Информационный или смешанный интент без явного заказа услуги","HIGH","HIGH","match","planned_url_match","REASSIGN GROUP","REASSIGN: «1с маркировка ввод в оборот» из CORV-G06-06 в CORV-G06-01 — pattern маркиров.*(производств|ввод в оборот) → general owner CORV-G06-01.","SEMANTICALLY REVIEWED"
"kw-corv01-disc-1067","внедрение маркировки в 1с","CORV-G06-01","Дословно: запрос «внедрение маркировки в 1с» в контексте 1С/учётных систем.","Подключение маркировки в 1С — «внедрение маркировки в 1с»","Подключение маркировки в 1С","Информационный или смешанный интент без явного заказа услуги","HIGH","MEDIUM","match","planned_url_match","ACTIVE COMMERCIAL","ACTIVE: «внедрение маркировки в 1с» — заказ услуги «Подключение маркировки в 1С»; ключевые сигналы: внедрение, маркировки.","SEMANTICALLY REVIEWED"
"kw-corv01-007","маркировка в 1с","CORV-G06-01","Дословно: запрос «маркировка в 1с» в контексте 1С/учётных систем.","Подключение маркировки в 1С — «маркировка в 1с»","Подключение маркировки в 1С","Информационный или смешанный интент без явного заказа услуги","HIGH","MEDIUM","match","planned_url_match","ACTIVE COMMERCIAL","ACTIVE: «маркировка в 1с» — заказ услуги «Подключение маркировки в 1С»; ключевые сигналы: маркировка.","SEMANTICALLY REVIEWED"
"kw-corv01-disc-914","настроить маркировку в 1с","CORV-G06-01","Дословно: запрос «настроить маркировку в 1с» в контексте 1С/учётных систем.","Подключение маркировки в 1С — «настроить маркировку в 1с»","Подключение маркировки в 1С","Информационный или смешанный интент без явного заказа услуги","HIGH","MEDIUM","match","planned_url_match","ACTIVE COMMERCIAL","ACTIVE: «настроить маркировку в 1с» — заказ услуги «Подключение маркировки в 1С»; ключевые сигналы: настроить, маркировку.","SEMANTICALLY REVIEWED"
"kw-corv01-disc-905","настройка маркировки в 1с","CORV-G06-01","Дословно: запрос «настройка маркировки в 1с» в контексте 1С/учётных систем.","Заказ настройки/подключения — «настройка маркировки в 1с»","Подключение маркировки в 1С","Информационный или смешанный интент без явного заказа услуги","HIGH","MEDIUM","match","planned_url_match","ACTIVE COMMERCIAL","ACTIVE: «настройка маркировки в 1с» — заказ услуги «Подключение маркировки в 1С»; ключевые сигналы: настройка, маркировки.","SEMANTICALLY REVIEWED"
"kw-corv01-disc-1017","настройка маркировки в 1с бухгалтерия","CORV-G06-01","Дословно: запрос «настройка маркировки в 1с бухгалтерия» в контексте 1С/учётных систем.","Заказ настройки/подключения — «настройка маркировки в 1с бухгалтерия»","Подключение маркировки в 1С","Информационный или смешанный интент без явного заказа услуги","HIGH","MEDIUM","match","planned_url_match","ACTIVE COMMERCIAL","ACTIVE: «настройка маркировки в 1с бухгалтерия» — заказ услуги «Подключение маркировки в 1С»; ключевые сигналы: настройка, маркировки, бухгалтерия.","SEMANTICALLY REVIEWED"
"kw-corv01-disc-964","настройка маркировки в 1с розница","CORV-G06-01","Дословно: запрос «настройка маркировки в 1с розница» в контексте 1С/учётных систем.","Заказ настройки/подключения — «настройка маркировки в 1с розница»","Подключение маркировки в 1С","Информационный или смешанный интент без явного заказа услуги","HIGH","MEDIUM","match","planned_url_match","ACTIVE COMMERCIAL","ACTIVE: «настройка маркировки в 1с розница» — заказ услуги «Подключение маркировки в 1С»; ключевые сигналы: настройка, маркировки, розница.","SEMANTICALLY REVIEWED"
"kw-corv01-disc-1071","настройка маркировки в 1с розница 2.3","CORV-G06-01","Дословно: запрос «настройка маркировки в 1с розница 2.3» в контексте 1С/учётных систем.","Заказ настройки/подключения — «настройка маркировки в 1с розница 2.3»","Подключение маркировки в 1С","Поиск версии конфигурации или документации","HIGH","MEDIUM","match","planned_url_match","ACTIVE COMMERCIAL","ACTIVE: «настройка маркировки в 1с розница 2.3» — заказ услуги «Подключение маркировки в 1С»; ключевые сигналы: настройка, маркировки, розница, 2.3.","SEMANTICALLY REVIEWED"
"kw-corv01-disc-1037","настройка маркировки в 1с розница 3.0","CORV-G06-01","Дословно: запрос «настройка маркировки в 1с розница 3.0» в контексте 1С/учётных систем.","Заказ настройки/подключения — «настройка маркировки в 1с розница 3.0»","Подключение маркировки в 1С","Поиск версии конфигурации или документации","MEDIUM","MEDIUM","match","planned_url_match","CONTROLLED TEST","CONTROLLED TEST: «настройка маркировки в 1с розница 3.0» — смешанный интент; риск: Поиск версии конфигурации или документации; услуга: Подключение маркировки в 1С.","SEMANTICALLY REVIEWED"
"kw-corv01-disc-1016","настройка маркировки в 1с унф","CORV-G06-01","Дословно: запрос «настройка маркировки в 1с унф» в контексте 1С/учётных систем.","Заказ настройки/подключения — «настройка маркировки в 1с унф»","Подключение маркировки в 1С","Информационный или смешанный интент без явного заказа услуги","HIGH","MEDIUM","match","planned_url_match","ACTIVE COMMERCIAL","ACTIVE: «настройка маркировки в 1с унф» — заказ услуги «Подключение маркировки в 1С»; ключевые сигналы: настройка, маркировки, унф.","SEMANTICALLY REVIEWED"
"kw-corv01-disc-949","настройка маркировки в 1с ут","CORV-G06-01","Дословно: запрос «настройка маркировки в 1с ут» в контексте 1С/учётных систем.","Заказ настройки/подключения — «настройка маркировки в 1с ут»","Подключение маркировки в 1С","Информационный или смешанный интент без явного заказа услуги","HIGH","MEDIUM","match","planned_url_match","ACTIVE COMMERCIAL","ACTIVE: «настройка маркировки в 1с ут» — заказ услуги «Подключение маркировки в 1С»; ключевые сигналы: настройка, маркировки.","SEMANTICALLY REVIEWED"
"kw-corv01-disc-1022","настройка маркировки в 1с ут 11","CORV-G06-01","Дословно: запрос «настройка маркировки в 1с ут 11» в контексте 1С/учётных систем.","Заказ настройки/подключения — «настройка маркировки в 1с ут 11»","Подключение маркировки в 1С","Информационный или смешанный интент без явного заказа услуги","HIGH","MEDIUM","match","planned_url_match","ACTIVE COMMERCIAL","ACTIVE: «настройка маркировки в 1с ут 11» — заказ услуги «Подключение маркировки в 1С»; ключевые сигналы: настройка, маркировки.","SEMANTICALLY REVIEWED"
"kw-corv01-disc-1008","настройка маркировки в 1с ут 11.5","CORV-G06-01","Дословно: запрос «настройка маркировки в 1с ут 11.5» в контексте 1С/учётных систем.","Заказ настройки/подключения — «настройка маркировки в 1с ут 11.5»","Подключение маркировки в 1С","Информационный или смешанный интент без явного заказа услуги","HIGH","MEDIUM","match","planned_url_match","ACTIVE COMMERCIAL","ACTIVE: «настройка маркировки в 1с ут 11.5» — заказ услуги «Подключение маркировки в 1С»; ключевые сигналы: настройка, маркировки, 11.5.","SEMANTICALLY REVIEWED"
"kw-corv01-disc-1012","настройка сканера для маркировки в 1с","CORV-G06-01","Дословно: запрос «настройка сканера для маркировки в 1с» в контексте 1С/учётных систем.","Заказ настройки/подключения — «настройка сканера для маркировки в 1с»","Подключение маркировки в 1С","Информационный или смешанный интент без явного заказа услуги","HIGH","MEDIUM","match","planned_url_match","ACTIVE COMMERCIAL","ACTIVE: «настройка сканера для маркировки в 1с» — заказ услуги «Подключение маркировки в 1С»; ключевые сигналы: настройка, сканера, для, маркировки.","SEMANTICALLY REVIEWED"
"kw-corv01-disc-1019","настройки сканирования кодов маркировки в 1с","CORV-G06-01","Дословно: запрос «настройки сканирования кодов маркировки в 1с» в контексте 1С/учётных систем.","Заказ настройки/подключения — «настройки сканирования кодов маркировки в 1с»","Подключение маркировки в 1С","Информационный или смешанный интент без явного заказа услуги","HIGH","MEDIUM","match","planned_url_match","ACTIVE COMMERCIAL","ACTIVE: «настройки сканирования кодов маркировки в 1с» — заказ услуги «Подключение маркировки в 1С»; ключевые сигналы: настройки, сканирования, кодов, маркировки.","SEMANTICALLY REVIEWED"
"seed-CORV-G06-01-core-подключение-","подключение маркировки 1с","CORV-G06-01","Дословно: запрос «подключение маркировки 1с» в контексте 1С/учётных систем.","Заказ настройки/подключения — «подключение маркировки 1с»","Подключение маркировки в 1С","Информационный или смешанный интент без явного заказа услуги","HIGH","MEDIUM","match","planned_url_match","ACTIVE COMMERCIAL","ACTIVE: «подключение маркировки 1с» — заказ услуги «Подключение маркировки в 1С»; ключевые сигналы: подключение, маркировки.","SEMANTICALLY REVIEWED"
"kw-corv01-disc-1038","подключение маркировки в 1с","CORV-G06-01","Дословно: запрос «подключение маркировки в 1с» в контексте 1С/учётных систем.","Заказ настройки/подключения — «подключение маркировки в 1с»","Подключение маркировки в 1С","Информационный или смешанный интент без явного заказа услуги","HIGH","MEDIUM","match","planned_url_match","ACTIVE COMMERCIAL","ACTIVE: «подключение маркировки в 1с» — заказ услуги «Подключение маркировки в 1С»; ключевые сигналы: подключение, маркировки.","SEMANTICALLY REVIEWED"
"kw-corv01-disc-1084","маркировка в 1с розница настройка номенклатуры","CORV-G06-02","Дословно: запрос «маркировка в 1с розница настройка номенклатуры» в контексте 1С/учётных систем.","Заказ настройки/подключения — «маркировка в 1с розница настройка номенклатуры»","Настройка маркировки в 1С","Информационный или смешанный интент без явного заказа услуги","HIGH","MEDIUM","match","planned_url_match","ACTIVE COMMERCIAL","ACTIVE: «маркировка в 1с розница настройка номенклатуры» — заказ услуги «Настройка маркировки в 1С»; ключевые сигналы: маркировка, розница, настройка, номенклатуры.","SEMANTICALLY REVIEWED"
"kw-corv01-disc-1081","маркировка моторных масел в 1с розница настройка","CORV-G06-02","Дословно: запрос «маркировка моторных масел в 1с розница настройка» в контексте 1С/учётных систем.","Заказ настройки/подключения — «маркировка моторных масел в 1с розница настройка»","Настройка маркировки в 1С","Информационный или смешанный интент без явного заказа услуги","HIGH","MEDIUM","match","planned_url_match","ACTIVE COMMERCIAL","ACTIVE: «маркировка моторных масел в 1с розница настройка» — заказ услуги «Настройка маркировки в 1С»; ключевые сигналы: маркировка, моторных, масел, розница, настройка.","SEMANTICALLY REVIEWED"
"seed-CORV-G06-02-core-настройка-ма","настройка маркировки 1с","CORV-G06-02","Дословно: запрос «настройка маркировки 1с» в контексте 1С/учётных систем.","Заказ настройки/подключения — «настройка маркировки 1с»","Настройка маркировки в 1С","Информационный или смешанный интент без явного заказа услуги","HIGH","MEDIUM","match","planned_url_match","ACTIVE COMMERCIAL","ACTIVE: «настройка маркировки 1с» — заказ услуги «Настройка маркировки в 1С»; ключевые сигналы: настройка, маркировки.","SEMANTICALLY REVIEWED"
"seed-CORV-G07-03-core-не-работает-","не работает синхронизация 1с","CORV-G07-03","Дословно: запрос «не работает синхронизация 1с» в контексте 1С/учётных систем.","Срочная помощь при сбое — «не работает синхронизация 1с»","Восстановление обмена и синхронизации 1С","Информационный или смешанный интент без явного заказа услуги","HIGH","MEDIUM","match","planned_url_match","ACTIVE COMMERCIAL","ACTIVE: «не работает синхронизация 1с» — заказ услуги «Восстановление обмена и синхронизации 1С»; ключевые сигналы: работает, синхронизация.","SEMANTICALLY REVIEWED"
"kw-corv01-disc-2170","не работает синхронизация 1с 8.3","CORV-G07-03","Дословно: запрос «не работает синхронизация 1с 8.3» в контексте 1С/учётных систем.","Срочная помощь при сбое — «не работает синхронизация 1с 8.3»","Восстановление обмена и синхронизации 1С","Информационный или смешанный интент без явного заказа услуги","HIGH","MEDIUM","match","planned_url_match","ACTIVE COMMERCIAL","ACTIVE: «не работает синхронизация 1с 8.3» — заказ услуги «Восстановление обмена и синхронизации 1С»; ключевые сигналы: работает, синхронизация, 8.3.","SEMANTICALLY REVIEWED"
"kw-corv01-disc-2209","после обновления 1с не работает синхронизация","CORV-G07-03","Дословно: запрос «после обновления 1с не работает синхронизация» в контексте 1С/учётных систем.","Срочная помощь при сбое — «после обновления 1с не работает синхронизация»","Восстановление обмена и синхронизации 1С","Информационный или смешанный интент без явного заказа услуги","HIGH","MEDIUM","match","planned_url_match","ACTIVE COMMERCIAL","ACTIVE: «после обновления 1с не работает синхронизация» — заказ услуги «Восстановление обмена и синхронизации 1С»; ключевые сигналы: после, обновления, работает, синхронизация.","SEMANTICALLY REVIEWED"
"kw-corv01-disc-2207","почему не работает синхронизация в 1с","CORV-G07-03","Дословно: запрос «почему не работает синхронизация в 1с» в контексте 1С/учётных систем.","Срочная помощь при сбое — «почему не работает синхронизация в 1с»","Восстановление обмена и синхронизации 1С","Информационный или смешанный интент без явного заказа услуги","HIGH","MEDIUM","match","planned_url_match","ACTIVE COMMERCIAL","ACTIVE: «почему не работает синхронизация в 1с» — заказ услуги «Восстановление обмена и синхронизации 1С»; ключевые сигналы: почему, работает, синхронизация.","SEMANTICALLY REVIEWED"
"kw-corv01-disc-1760","1с ошибка печатная форма недоступна","CORV-G07-02","Дословно: запрос «1с ошибка печатная форма недоступна» в контексте 1С/учётных систем.","Срочная помощь при сбое — «1с ошибка печатная форма недоступна»","Устранение ошибок 1С после обновления","Информационный или смешанный интент без явного заказа услуги","HIGH","MEDIUM","match","planned_url_match","ACTIVE COMMERCIAL","ACTIVE: «1с ошибка печатная форма недоступна» — заказ услуги «Устранение ошибок 1С после обновления»; ключевые сигналы: ошибка, печатная, форма, недоступна.","SEMANTICALLY REVIEWED"
"seed-CORV-G07-02-core-ошибка-1с","ошибка 1с","CORV-G07-02","Дословно: запрос «ошибка 1с» в контексте 1С/учётных систем.","Срочная помощь при сбое — «ошибка 1с»","Устранение ошибок 1С после обновления","Информационный или смешанный интент без явного заказа услуги","HIGH","MEDIUM","match","planned_url_match","ACTIVE COMMERCIAL","ACTIVE: «ошибка 1с» — заказ услуги «Устранение ошибок 1С после обновления»; ключевые сигналы: ошибка.","SEMANTICALLY REVIEWED"
"seed-CORV-G07-02-core-ошибка-1с-по","ошибка 1с после обновления","CORV-G07-02","Дословно: запрос «ошибка 1с после обновления» в контексте 1С/учётных систем.","Срочная помощь при сбое — «ошибка 1с после обновления»","Устранение ошибок 1С после обновления","Информационный или смешанный интент без явного заказа услуги","HIGH","MEDIUM","match","planned_url_match","ACTIVE COMMERCIAL","ACTIVE: «ошибка 1с после обновления» — заказ услуги «Устранение ошибок 1С после обновления»; ключевые сигналы: ошибка, после, обновления.","SEMANTICALLY REVIEWED"
"kw-corv01-disc-292","ошибки программиста 1с","CORV-G07-02","Дословно: запрос «ошибки программиста 1с» в контексте 1С/учётных систем.","Срочная помощь при сбое — «ошибки программиста 1с»","Устранение ошибок 1С после обновления","Информационный или смешанный интент без явного заказа услуги","HIGH","MEDIUM","match","planned_url_match","ACTIVE COMMERCIAL","ACTIVE: «ошибки программиста 1с» — заказ услуги «Устранение ошибок 1С после обновления»; ключевые сигналы: ошибки, программиста.","SEMANTICALLY REVIEWED"
"seed-CORV-G07-04-core-восстановлен","восстановление работы 1с","CORV-G07-04","Дословно: запрос «восстановление работы 1с» в контексте 1С/учётных систем.","Коммерческая задача по теме группы CORV-G07-04 — «восстановление работы 1с»","Восстановление работы 1С","Информационный или смешанный интент без явного заказа услуги","HIGH","MEDIUM","match","planned_url_match","ACTIVE COMMERCIAL","ACTIVE: «восстановление работы 1с» — заказ услуги «Восстановление работы 1С»; ключевые сигналы: восстановление, работы.","SEMANTICALLY REVIEWED"
"kw-corv01-015","1с не работает","CORV-G07-01","Дословно: запрос «1с не работает» в контексте 1С/учётных систем.","Срочная помощь при сбое — «1с не работает»","Диагностика и помощь при сбое 1С","Информационный или смешанный интент без явного заказа услуги","HIGH","MEDIUM","match","planned_url_match","ACTIVE COMMERCIAL","ACTIVE: «1с не работает» — заказ услуги «Диагностика и помощь при сбое 1С»; ключевые сигналы: работает.","SEMANTICALLY REVIEWED"
"kw-corv01-disc-2257","почему не работает программа 1с","CORV-G07-01","Дословно: запрос «почему не работает программа 1с» в контексте 1С/учётных систем.","Срочная помощь при сбое — «почему не работает программа 1с»","Диагностика и помощь при сбое 1С","Информационный или смешанный интент без явного заказа услуги","HIGH","MEDIUM","match","planned_url_match","ACTIVE COMMERCIAL","ACTIVE: «почему не работает программа 1с» — заказ услуги «Диагностика и помощь при сбое 1С»; ключевые сигналы: почему, работает, программа.","SEMANTICALLY REVIEWED"
"kw-corv01-disc-2256","программа 1с не работает","CORV-G07-01","Дословно: запрос «программа 1с не работает» в контексте 1С/учётных систем.","Срочная помощь при сбое — «программа 1с не работает»","Диагностика и помощь при сбое 1С","Информационный или смешанный интент без явного заказа услуги","HIGH","MEDIUM","match","planned_url_match","ACTIVE COMMERCIAL","ACTIVE: «программа 1с не работает» — заказ услуги «Диагностика и помощь при сбое 1С»; ключевые сигналы: программа, работает.","SEMANTICALLY REVIEWED"
"kw-corv01-014","срочно программист 1с","CORV-G07-01","Дословно: запрос «срочно программист 1с» в контексте 1С/учётных систем.","Поиск специалиста 1С — «срочно программист 1с»","Диагностика и помощь при сбое 1С","Информационный или смешанный интент без явного заказа услуги","HIGH","MEDIUM","match","planned_url_match","ACTIVE COMMERCIAL","ACTIVE: «срочно программист 1с» — заказ услуги «Диагностика и помощь при сбое 1С»; ключевые сигналы: срочно, программист.","SEMANTICALLY REVIEWED"
"kw-corv01-disc-877","1с битрикс документооборот интеграция","CORV-G05-02","Дословно: запрос «1с битрикс документооборот интеграция» в контексте 1С/учётных систем.","Заказ настройки/подключения — «1с битрикс документооборот интеграция»","Интеграция 1С и Битрикс","Информационный или смешанный интент без явного заказа услуги","HIGH","HIGH","match","planned_url_match","ACTIVE COMMERCIAL","ACTIVE: «1с битрикс документооборот интеграция» — заказ услуги «Интеграция 1С и Битрикс»; ключевые сигналы: битрикс, документооборот, интеграция.","SEMANTICALLY REVIEWED"
"kw-corv01-disc-874","1с унф битрикс интеграция","CORV-G05-02","Дословно: запрос «1с унф битрикс интеграция» в контексте 1С/учётных систем.","Заказ настройки/подключения — «1с унф битрикс интеграция»","Интеграция 1С и Битрикс","Информационный или смешанный интент без явного заказа услуги","HIGH","HIGH","match","planned_url_match","ACTIVE COMMERCIAL","ACTIVE: «1с унф битрикс интеграция» — заказ услуги «Интеграция 1С и Битрикс»; ключевые сигналы: унф, битрикс, интеграция.","SEMANTICALLY REVIEWED"
"kw-corv01-disc-879","битрикс 24 модуль интеграции с 1с","CORV-G05-02","Дословно: запрос «битрикс 24 модуль интеграции с 1с» в контексте 1С/учётных систем.","Заказ настройки/подключения — «битрикс 24 модуль интеграции с 1с»","Интеграция 1С и Битрикс","Информационный или смешанный интент без явного заказа услуги","HIGH","HIGH","match","planned_url_match","ACTIVE COMMERCIAL","ACTIVE: «битрикс 24 модуль интеграции с 1с» — заказ услуги «Интеграция 1С и Битрикс»; ключевые сигналы: битрикс, модуль, интеграции.","SEMANTICALLY REVIEWED"
"kw-corv01-disc-870","битрикс интеграция с 1с","CORV-G05-02","Дословно: запрос «битрикс интеграция с 1с» в контексте 1С/учётных систем.","Заказ настройки/подключения — «битрикс интеграция с 1с»","Интеграция 1С и Битрикс","Информационный или смешанный интент без явного заказа услуги","HIGH","HIGH","match","planned_url_match","ACTIVE COMMERCIAL","ACTIVE: «битрикс интеграция с 1с» — заказ услуги «Интеграция 1С и Битрикс»; ключевые сигналы: битрикс, интеграция.","SEMANTICALLY REVIEWED"
"kw-corv01-disc-880","битрикс интернет магазины интеграцией 1с","CORV-G05-02","Дословно: запрос «битрикс интернет магазины интеграцией 1с» в контексте 1С/учётных систем.","Заказ настройки/подключения — «битрикс интернет магазины интеграцией 1с»","Интеграция 1С и Битрикс","Информационный или смешанный интент без явного заказа услуги","HIGH","HIGH","match","planned_url_match","ACTIVE COMMERCIAL","ACTIVE: «битрикс интернет магазины интеграцией 1с» — заказ услуги «Интеграция 1С и Битрикс»; ключевые сигналы: битрикс, интернет, магазины, интеграцией.","SEMANTICALLY REVIEWED"
"kw-corv01-disc-861","битрикс сайт интеграция с 1с","CORV-G05-02","Дословно: запрос «битрикс сайт интеграция с 1с» в контексте 1С/учётных систем.","Заказ настройки/подключения — «битрикс сайт интеграция с 1с»","Интеграция 1С и Битрикс","Информационный или смешанный интент без явного заказа услуги","HIGH","HIGH","match","planned_url_match","ACTIVE COMMERCIAL","ACTIVE: «битрикс сайт интеграция с 1с» — заказ услуги «Интеграция 1С и Битрикс»; ключевые сигналы: битрикс, сайт, интеграция.","SEMANTICALLY REVIEWED"
"kw-corv01-disc-863","битрикс управление сайтом интеграция с 1с","CORV-G05-02","Дословно: запрос «битрикс управление сайтом интеграция с 1с» в контексте 1С/учётных систем.","Заказ настройки/подключения — «битрикс управление сайтом интеграция с 1с»","Интеграция 1С и Битрикс","Информационный или смешанный интент без явного заказа услуги","HIGH","HIGH","match","planned_url_match","ACTIVE COMMERCIAL","ACTIVE: «битрикс управление сайтом интеграция с 1с» — заказ услуги «Интеграция 1С и Битрикс»; ключевые сигналы: битрикс, управление, сайтом, интеграция.","SEMANTICALLY REVIEWED"
"kw-corv01-006","интеграция 1с битрикс","CORV-G05-02","Дословно: запрос «интеграция 1с битрикс» в контексте 1С/учётных систем.","Заказ настройки/подключения — «интеграция 1с битрикс»","Интеграция 1С и Битрикс","Информационный или смешанный интент без явного заказа услуги","HIGH","HIGH","match","planned_url_match","ACTIVE COMMERCIAL","ACTIVE: «интеграция 1с битрикс» — заказ услуги «Интеграция 1С и Битрикс»; ключевые сигналы: интеграция, битрикс.","SEMANTICALLY REVIEWED"
"kw-corv01-disc-885","интеграция 1с битрикс и битрикс24","CORV-G05-02","Дословно: запрос «интеграция 1с битрикс и битрикс24» в контексте 1С/учётных систем.","Заказ настройки/подключения — «интеграция 1с битрикс и битрикс24»","Интеграция 1С и Битрикс","Информационный или смешанный интент без явного заказа услуги","HIGH","HIGH","match","planned_url_match","ACTIVE COMMERCIAL","ACTIVE: «интеграция 1с битрикс и битрикс24» — заказ услуги «Интеграция 1С и Битрикс»; ключевые сигналы: интеграция, битрикс, битрикс24.","SEMANTICALLY REVIEWED"
"kw-corv01-disc-884","интеграция 1с битрикс магазина с 1с","CORV-G05-02","Дословно: запрос «интеграция 1с битрикс магазина с 1с» в контексте 1С/учётных систем.","Заказ настройки/подключения — «интеграция 1с битрикс магазина с 1с»","Интеграция 1С и Битрикс","Информационный или смешанный интент без явного заказа услуги","HIGH","HIGH","match","planned_url_match","ACTIVE COMMERCIAL","ACTIVE: «интеграция 1с битрикс магазина с 1с» — заказ услуги «Интеграция 1С и Битрикс»; ключевые сигналы: интеграция, битрикс, магазина.","SEMANTICALLY REVIEWED"
"kw-corv01-disc-875","интеграция 1с бухгалтерия битрикс","CORV-G05-02","Дословно: запрос «интеграция 1с бухгалтерия битрикс» в контексте 1С/учётных систем.","Заказ настройки/подключения — «интеграция 1с бухгалтерия битрикс»","Интеграция 1С и Битрикс","Информационный или смешанный интент без явного заказа услуги","HIGH","HIGH","match","planned_url_match","ACTIVE COMMERCIAL","ACTIVE: «интеграция 1с бухгалтерия битрикс» — заказ услуги «Интеграция 1С и Битрикс»; ключевые сигналы: интеграция, бухгалтерия, битрикс.","SEMANTICALLY REVIEWED"
"kw-corv01-disc-883","интеграция 1с бухгалтерия и битрикс 24","CORV-G05-02","Дословно: запрос «интеграция 1с бухгалтерия и битрикс 24» в контексте 1С/учётных систем.","Заказ настройки/подключения — «интеграция 1с бухгалтерия и битрикс 24»","Интеграция 1С и Битрикс","Информационный или смешанный интент без явного заказа услуги","HIGH","HIGH","match","planned_url_match","ACTIVE COMMERCIAL","ACTIVE: «интеграция 1с бухгалтерия и битрикс 24» — заказ услуги «Интеграция 1С и Битрикс»; ключевые сигналы: интеграция, бухгалтерия, битрикс.","SEMANTICALLY REVIEWED"
"kw-corv01-disc-871","интеграция 1с и битрикс 24","CORV-G05-02","Дословно: запрос «интеграция 1с и битрикс 24» в контексте 1С/учётных систем.","Заказ настройки/подключения — «интеграция 1с и битрикс 24»","Интеграция 1С и Битрикс","Информационный или смешанный интент без явного заказа услуги","HIGH","HIGH","match","planned_url_match","ACTIVE COMMERCIAL","ACTIVE: «интеграция 1с и битрикс 24» — заказ услуги «Интеграция 1С и Битрикс»; ключевые сигналы: интеграция, битрикс.","SEMANTICALLY REVIEWED"
"kw-corv01-disc-876","интеграция битрикс 1с ут","CORV-G05-02","Дословно: запрос «интеграция битрикс 1с ут» в контексте 1С/учётных систем.","Заказ настройки/подключения — «интеграция битрикс 1с ут»","Интеграция 1С и Битрикс","Информационный или смешанный интент без явного заказа услуги","HIGH","HIGH","match","planned_url_match","ACTIVE COMMERCIAL","ACTIVE: «интеграция битрикс 1с ут» — заказ услуги «Интеграция 1С и Битрикс»; ключевые сигналы: интеграция, битрикс.","SEMANTICALLY REVIEWED"
"kw-corv01-disc-882","интеграция битрикс 1с фреш","CORV-G05-02","Дословно: запрос «интеграция битрикс 1с фреш» в контексте 1С/учётных систем.","Заказ настройки/подключения — «интеграция битрикс 1с фреш»","Интеграция 1С и Битрикс","Информационный или смешанный интент без явного заказа услуги","HIGH","HIGH","match","planned_url_match","ACTIVE COMMERCIAL","ACTIVE: «интеграция битрикс 1с фреш» — заказ услуги «Интеграция 1С и Битрикс»; ключевые сигналы: интеграция, битрикс, фреш.","SEMANTICALLY REVIEWED"
"kw-corv01-disc-881","интеграция битрикс 1с erp","CORV-G05-02","Дословно: запрос «интеграция битрикс 1с erp» в контексте 1С/учётных систем.","Заказ настройки/подключения — «интеграция битрикс 1с erp»","Интеграция 1С и Битрикс","Информационный или смешанный интент без явного заказа услуги","HIGH","HIGH","match","planned_url_match","ACTIVE COMMERCIAL","ACTIVE: «интеграция битрикс 1с erp» — заказ услуги «Интеграция 1С и Битрикс»; ключевые сигналы: интеграция, битрикс, erp.","SEMANTICALLY REVIEWED"
"kw-corv01-disc-886","интеграция битрикс и 1с управление торговлей","CORV-G05-02","Дословно: запрос «интеграция битрикс и 1с управление торговлей» в контексте 1С/учётных систем.","Заказ настройки/подключения — «интеграция битрикс и 1с управление торговлей»","Интеграция 1С и Битрикс","Информационный или смешанный интент без явного заказа услуги","HIGH","HIGH","match","planned_url_match","ACTIVE COMMERCIAL","ACTIVE: «интеграция битрикс и 1с управление торговлей» — заказ услуги «Интеграция 1С и Битрикс»; ключевые сигналы: интеграция, битрикс, управление, торговлей.","SEMANTICALLY REVIEWED"
"kw-corv01-disc-872","интеграция сайта 1с битрикс","CORV-G05-02","Дословно: запрос «интеграция сайта 1с битрикс» в контексте 1С/учётных систем.","Заказ настройки/подключения — «интеграция сайта 1с битрикс»","Интеграция 1С и Битрикс","Информационный или смешанный интент без явного заказа услуги","HIGH","HIGH","match","planned_url_match","ACTIVE COMMERCIAL","ACTIVE: «интеграция сайта 1с битрикс» — заказ услуги «Интеграция 1С и Битрикс»; ключевые сигналы: интеграция, сайта, битрикс.","SEMANTICALLY REVIEWED"
"kw-corv01-disc-873","модули интеграции 1с битрикс","CORV-G05-02","Дословно: запрос «модули интеграции 1с битрикс» в контексте 1С/учётных систем.","Заказ настройки/подключения — «модули интеграции 1с битрикс»","Интеграция 1С и Битрикс","Информационный или смешанный интент без явного заказа услуги","HIGH","HIGH","match","planned_url_match","ACTIVE COMMERCIAL","ACTIVE: «модули интеграции 1с битрикс» — заказ услуги «Интеграция 1С и Битрикс»; ключевые сигналы: модули, интеграции, битрикс.","SEMANTICALLY REVIEWED"
"kw-corv01-disc-878","настройка интеграции 1с и битрикс","CORV-G05-02","Дословно: запрос «настройка интеграции 1с и битрикс» в контексте 1С/учётных систем.","Заказ настройки/подключения — «настройка интеграции 1с и битрикс»","Интеграция 1С и Битрикс","Информационный или смешанный интент без явного заказа услуги","HIGH","HIGH","match","planned_url_match","ACTIVE COMMERCIAL","ACTIVE: «настройка интеграции 1с и битрикс» — заказ услуги «Интеграция 1С и Битрикс»; ключевые сигналы: настройка, интеграции, битрикс.","SEMANTICALLY REVIEWED"
"kw-corv01-disc-866","1с настройка интеграции с сайтом","CORV-G05-01","Дословно: запрос «1с настройка интеграции с сайтом» в контексте 1С/учётных систем.","Заказ настройки/подключения — «1с настройка интеграции с сайтом»","Интеграция 1С с сайтом","Информационный или смешанный интент без явного заказа услуги","HIGH","HIGH","match","planned_url_match","ACTIVE COMMERCIAL","ACTIVE: «1с настройка интеграции с сайтом» — заказ услуги «Интеграция 1С с сайтом»; ключевые сигналы: настройка, интеграции, сайтом.","SEMANTICALLY REVIEWED"
"kw-corv01-disc-865","1с унф интеграция с сайтом","CORV-G05-01","Дословно: запрос «1с унф интеграция с сайтом» в контексте 1С/учётных систем.","Заказ настройки/подключения — «1с унф интеграция с сайтом»","Интеграция 1С с сайтом","Информационный или смешанный интент без явного заказа услуги","HIGH","HIGH","match","planned_url_match","ACTIVE COMMERCIAL","ACTIVE: «1с унф интеграция с сайтом» — заказ услуги «Интеграция 1С с сайтом»; ключевые сигналы: унф, интеграция, сайтом.","SEMANTICALLY REVIEWED"
"kw-corv01-005","интеграция 1с с сайтом","CORV-G05-01","Дословно: запрос «интеграция 1с с сайтом» в контексте 1С/учётных систем.","Заказ настройки/подключения — «интеграция 1с с сайтом»","Интеграция 1С с сайтом","Информационный или смешанный интент без явного заказа услуги","HIGH","HIGH","match","planned_url_match","ACTIVE COMMERCIAL","ACTIVE: «интеграция 1с с сайтом» — заказ услуги «Интеграция 1С с сайтом»; ключевые сигналы: интеграция, сайтом.","SEMANTICALLY REVIEWED"
"kw-corv01-disc-860","интеграция сайта с 1с","CORV-G05-01","Дословно: запрос «интеграция сайта с 1с» в контексте 1С/учётных систем.","Заказ настройки/подключения — «интеграция сайта с 1с»","Интеграция 1С с сайтом","Информационный или смешанный интент без явного заказа услуги","HIGH","HIGH","match","planned_url_match","ACTIVE COMMERCIAL","ACTIVE: «интеграция сайта с 1с» — заказ услуги «Интеграция 1С с сайтом»; ключевые сигналы: интеграция, сайта.","SEMANTICALLY REVIEWED"
"kw-corv01-disc-868","интеграция сайта с 1с по api","CORV-G05-01","Дословно: запрос «интеграция сайта с 1с по api» в контексте 1С/учётных систем.","Заказ настройки/подключения — «интеграция сайта с 1с по api»","Интеграция 1С с сайтом","Информационный или смешанный интент без явного заказа услуги","HIGH","HIGH","match","planned_url_match","ACTIVE COMMERCIAL","ACTIVE: «интеграция сайта с 1с по api» — заказ услуги «Интеграция 1С с сайтом»; ключевые сигналы: интеграция, сайта, api.","SEMANTICALLY REVIEWED"
"kw-corv01-disc-867","обмена с сайтом 1с интеграция","CORV-G05-01","Дословно: запрос «обмена с сайтом 1с интеграция» в контексте 1С/учётных систем.","Заказ настройки/подключения — «обмена с сайтом 1с интеграция»","Интеграция 1С с сайтом","Информационный или смешанный интент без явного заказа услуги","HIGH","HIGH","match","planned_url_match","ACTIVE COMMERCIAL","ACTIVE: «обмена с сайтом 1с интеграция» — заказ услуги «Интеграция 1С с сайтом»; ключевые сигналы: обмена, сайтом, интеграция.","SEMANTICALLY REVIEWED"
"kw-corv01-disc-869","сайт личного кабинета интеграция с 1с","CORV-G05-01","Дословно: запрос «сайт личного кабинета интеграция с 1с» в контексте 1С/учётных систем.","Заказ настройки/подключения — «сайт личного кабинета интеграция с 1с»","Интеграция 1С с сайтом","Информационный или смешанный интент без явного заказа услуги","HIGH","HIGH","match","planned_url_match","ACTIVE COMMERCIAL","ACTIVE: «сайт личного кабинета интеграция с 1с» — заказ услуги «Интеграция 1С с сайтом»; ключевые сигналы: сайт, личного, кабинета, интеграция.","SEMANTICALLY REVIEWED"
"kw-corv01-disc-1976","синхронизация сайта 1с","CORV-G05-01","Дословно: запрос «синхронизация сайта 1с» в контексте 1С/учётных систем.","Коммерческая задача по теме группы CORV-G05-01 — «синхронизация сайта 1с»","Интеграция 1С с сайтом","Информационный или смешанный интент без явного заказа услуги","HIGH","HIGH","match","planned_url_match","ACTIVE COMMERCIAL","ACTIVE: «синхронизация сайта 1с» — заказ услуги «Интеграция 1С с сайтом»; ключевые сигналы: синхронизация, сайта.","SEMANTICALLY REVIEWED"
"kw-corv01-disc-862","управление сайтом интеграция с 1с","CORV-G05-01","Дословно: запрос «управление сайтом интеграция с 1с» в контексте 1С/учётных систем.","Заказ настройки/подключения — «управление сайтом интеграция с 1с»","Интеграция 1С с сайтом","Информационный или смешанный интент без явного заказа услуги","HIGH","HIGH","match","planned_url_match","ACTIVE COMMERCIAL","ACTIVE: «управление сайтом интеграция с 1с» — заказ услуги «Интеграция 1С с сайтом»; ключевые сигналы: управление, сайтом, интеграция.","SEMANTICALLY REVIEWED"
"kw-corv01-disc-2074","1с касса синхронизация розница","CORV-G05-03","Дословно: запрос «1с касса синхронизация розница» в контексте 1С/учётных систем.","Коммерческая задача по теме группы CORV-G05-03 — «1с касса синхронизация розница»","Интеграция 1С с кассой","Информационный или смешанный интент без явного заказа услуги","HIGH","MEDIUM","match","planned_url_match","ACTIVE COMMERCIAL","ACTIVE: «1с касса синхронизация розница» — заказ услуги «Интеграция 1С с кассой»; ключевые сигналы: касса, синхронизация, розница.","SEMANTICALLY REVIEWED"
"kw-corv01-disc-2109","1с касса синхронизация с бухгалтерией","CORV-G05-03","Дословно: запрос «1с касса синхронизация с бухгалтерией» в контексте 1С/учётных систем.","Коммерческая задача по теме группы CORV-G05-03 — «1с касса синхронизация с бухгалтерией»","Интеграция 1С с кассой","Информационный или смешанный интент без явного заказа услуги","HIGH","MEDIUM","match","planned_url_match","ACTIVE COMMERCIAL","ACTIVE: «1с касса синхронизация с бухгалтерией» — заказ услуги «Интеграция 1С с кассой»; ключевые сигналы: касса, синхронизация, бухгалтерией.","SEMANTICALLY REVIEWED"
"kw-corv01-disc-2157","1с мобильная касса настройка синхронизации","CORV-G05-03","Дословно: запрос «1с мобильная касса настройка синхронизации» в контексте 1С/учётных систем.","Заказ настройки/подключения — «1с мобильная касса настройка синхронизации»","Интеграция 1С с кассой","Информационный или смешанный интент без явного заказа услуги","HIGH","MEDIUM","match","planned_url_match","ACTIVE COMMERCIAL","ACTIVE: «1с мобильная касса настройка синхронизации» — заказ услуги «Интеграция 1С с кассой»; ключевые сигналы: мобильная, касса, настройка, синхронизации.","SEMANTICALLY REVIEWED"
"kw-corv01-disc-1974","1с мобильная касса синхронизация","CORV-G05-03","Дословно: запрос «1с мобильная касса синхронизация» в контексте 1С/учётных систем.","Коммерческая задача по теме группы CORV-G05-03 — «1с мобильная касса синхронизация»","Интеграция 1С с кассой","Информационный или смешанный интент без явного заказа услуги","HIGH","MEDIUM","match","planned_url_match","ACTIVE COMMERCIAL","ACTIVE: «1с мобильная касса синхронизация» — заказ услуги «Интеграция 1С с кассой»; ключевые сигналы: мобильная, касса, синхронизация.","SEMANTICALLY REVIEWED"
"kw-corv01-disc-2165","1с мобильная касса синхронизация с 1с бухгалтерия","CORV-G05-03","Дословно: запрос «1с мобильная касса синхронизация с 1с бухгалтерия» в контексте 1С/учётных систем.","Коммерческая задача по теме группы CORV-G05-03 — «1с мобильная касса синхронизация с 1с бухгалтерия»","Интеграция 1С с кассой","Информационный или смешанный интент без явного заказа услуги","HIGH","MEDIUM","match","planned_url_match","ACTIVE COMMERCIAL","ACTIVE: «1с мобильная касса синхронизация с 1с бухгалтерия» — заказ услуги «Интеграция 1С с кассой»; ключевые сигналы: мобильная, касса, синхронизация, бухгалтерия.","SEMANTICALLY REVIEWED"
"kw-corv01-disc-2153","1с мобильная касса синхронизация с 1с розница","CORV-G05-03","Дословно: запрос «1с мобильная касса синхронизация с 1с розница» в контексте 1С/учётных систем.","Коммерческая задача по теме группы CORV-G05-03 — «1с мобильная касса синхронизация с 1с розница»","Интеграция 1С с кассой","Информационный или смешанный интент без явного заказа услуги","HIGH","MEDIUM","match","planned_url_match","ACTIVE COMMERCIAL","ACTIVE: «1с мобильная касса синхронизация с 1с розница» — заказ услуги «Интеграция 1С с кассой»; ключевые сигналы: мобильная, касса, синхронизация, розница.","SEMANTICALLY REVIEWED"
"seed-CORV-G05-03-core-интеграция-1","интеграция 1с с кассой","CORV-G05-03","Дословно: запрос «интеграция 1с с кассой» в контексте 1С/учётных систем.","Заказ настройки/подключения — «интеграция 1с с кассой»","Интеграция 1С с кассой","Информационный или смешанный интент без явного заказа услуги","HIGH","MEDIUM","match","planned_url_match","ACTIVE COMMERCIAL","ACTIVE: «интеграция 1с с кассой» — заказ услуги «Интеграция 1С с кассой»; ключевые сигналы: интеграция, кассой.","SEMANTICALLY REVIEWED"
"kw-corv01-disc-1912","синхронизация 1с касса","CORV-G05-03","Дословно: запрос «синхронизация 1с касса» в контексте 1С/учётных систем.","Коммерческая задача по теме группы CORV-G05-03 — «синхронизация 1с касса»","Интеграция 1С с кассой","Информационный или смешанный интент без явного заказа услуги","HIGH","MEDIUM","match","planned_url_match","ACTIVE COMMERCIAL","ACTIVE: «синхронизация 1с касса» — заказ услуги «Интеграция 1С с кассой»; ключевые сигналы: синхронизация, касса.","SEMANTICALLY REVIEWED"
"kw-corv01-disc-2145","синхронизация 1с унф с кассой","CORV-G05-03","Дословно: запрос «синхронизация 1с унф с кассой» в контексте 1С/учётных систем.","Коммерческая задача по теме группы CORV-G05-03 — «синхронизация 1с унф с кассой»","Интеграция 1С с кассой","Информационный или смешанный интент без явного заказа услуги","HIGH","MEDIUM","match","planned_url_match","ACTIVE COMMERCIAL","ACTIVE: «синхронизация 1с унф с кассой» — заказ услуги «Интеграция 1С с кассой»; ключевые сигналы: синхронизация, унф, кассой.","SEMANTICALLY REVIEWED"
"seed-CORV-G05-06-core-миграция-дан","миграция данных 1с","CORV-G05-06","Дословно: запрос «миграция данных 1с» в контексте 1С/учётных систем.","Коммерческая задача по теме группы CORV-G05-06 — «миграция данных 1с»","Перенос данных в 1С","Информационный или смешанный интент без явного заказа услуги","HIGH","MEDIUM","match","planned_url_match","ACTIVE COMMERCIAL","ACTIVE: «миграция данных 1с» — заказ услуги «Перенос данных в 1С»; ключевые сигналы: миграция, данных.","SEMANTICALLY REVIEWED"
"seed-CORV-G05-06-core-перенос-данн","перенос данных в 1с","CORV-G05-06","Дословно: запрос «перенос данных в 1с» в контексте 1С/учётных систем.","Коммерческая задача по теме группы CORV-G05-06 — «перенос данных в 1с»","Перенос данных в 1С","Информационный или смешанный интент без явного заказа услуги","HIGH","MEDIUM","match","planned_url_match","ACTIVE COMMERCIAL","ACTIVE: «перенос данных в 1с» — заказ услуги «Перенос данных в 1С»; ключевые сигналы: перенос, данных.","SEMANTICALLY REVIEWED"
"kw-corv01-disc-1879","1с 8.3 зуп синхронизация","CORV-G05-04","Дословно: запрос «1с 8.3 зуп синхронизация» в контексте 1С/учётных систем.","Коммерческая задача по теме группы CORV-G05-04 — «1с 8.3 зуп синхронизация»","Синхронизация и обмен 1С","Информационный или смешанный интент без явного заказа услуги","MEDIUM","HIGH","match","planned_url_match","CONTROLLED TEST","CONTROLLED TEST: «1с 8.3 зуп синхронизация» — смешанный интент; риск: Информационный или смешанный интент без явного заказа услуги; услуга: Синхронизация и обмен 1С.","SEMANTICALLY REVIEWED"
"kw-corv01-disc-1877","1с бп синхронизация","CORV-G05-04","Дословно: запрос «1с бп синхронизация» в контексте 1С/учётных систем.","Коммерческая задача по теме группы CORV-G05-04 — «1с бп синхронизация»","Синхронизация и обмен 1С","Информационный или смешанный интент без явного заказа услуги","HIGH","HIGH","match","planned_url_match","ACTIVE COMMERCIAL","ACTIVE: «1с бп синхронизация» — заказ услуги «Синхронизация и обмен 1С»; ключевые сигналы: синхронизация.","SEMANTICALLY REVIEWED"
"kw-corv01-disc-1888","1с бух синхронизация","CORV-G05-04","Дословно: запрос «1с бух синхронизация» в контексте 1С/учётных систем.","Коммерческая задача по теме группы CORV-G05-04 — «1с бух синхронизация»","Синхронизация и обмен 1С","Информационный или смешанный интент без явного заказа услуги","HIGH","HIGH","match","planned_url_match","ACTIVE COMMERCIAL","ACTIVE: «1с бух синхронизация» — заказ услуги «Синхронизация и обмен 1С»; ключевые сигналы: бух, синхронизация.","SEMANTICALLY REVIEWED"
"kw-corv01-disc-1878","1с бухгалтерия 8.3 синхронизация","CORV-G05-04","Дословно: запрос «1с бухгалтерия 8.3 синхронизация» в контексте 1С/учётных систем.","Коммерческая задача по теме группы CORV-G05-04 — «1с бухгалтерия 8.3 синхронизация»","Синхронизация и обмен 1С","Информационный или смешанный интент без явного заказа услуги","MEDIUM","HIGH","match","planned_url_match","CONTROLLED TEST","CONTROLLED TEST: «1с бухгалтерия 8.3 синхронизация» — смешанный интент; риск: Информационный или смешанный интент без явного заказа услуги; услуга: Синхронизация и обмен 1С.","SEMANTICALLY REVIEWED"
"kw-corv01-disc-1875","1с бухгалтерия синхронизация","CORV-G05-04","Дословно: запрос «1с бухгалтерия синхронизация» в контексте 1С/учётных систем.","Коммерческая задача по теме группы CORV-G05-04 — «1с бухгалтерия синхронизация»","Синхронизация и обмен 1С","Информационный или смешанный интент без явного заказа услуги","HIGH","HIGH","match","planned_url_match","ACTIVE COMMERCIAL","ACTIVE: «1с бухгалтерия синхронизация» — заказ услуги «Синхронизация и обмен 1С»; ключевые сигналы: бухгалтерия, синхронизация.","SEMANTICALLY REVIEWED"
"kw-corv01-disc-1891","1с зуп настройка синхронизации","CORV-G05-04","Дословно: запрос «1с зуп настройка синхронизации» в контексте 1С/учётных систем.","Заказ настройки/подключения — «1с зуп настройка синхронизации»","Синхронизация и обмен 1С","Информационный или смешанный интент без явного заказа услуги","HIGH","HIGH","match","planned_url_match","ACTIVE COMMERCIAL","ACTIVE: «1с зуп настройка синхронизации» — заказ услуги «Синхронизация и обмен 1С»; ключевые сигналы: зуп, настройка, синхронизации.","SEMANTICALLY REVIEWED"
"kw-corv01-disc-1880","1с настроить синхронизацию","CORV-G05-04","Дословно: запрос «1с настроить синхронизацию» в контексте 1С/учётных систем.","Коммерческая задача по теме группы CORV-G05-04 — «1с настроить синхронизацию»","Синхронизация и обмен 1С","Информационный или смешанный интент без явного заказа услуги","HIGH","HIGH","match","planned_url_match","ACTIVE COMMERCIAL","ACTIVE: «1с настроить синхронизацию» — заказ услуги «Синхронизация и обмен 1С»; ключевые сигналы: настроить, синхронизацию.","SEMANTICALLY REVIEWED"
"kw-corv01-disc-1889","1с розница синхронизация","CORV-G05-04","Дословно: запрос «1с розница синхронизация» в контексте 1С/учётных систем.","Коммерческая задача по теме группы CORV-G05-04 — «1с розница синхронизация»","Синхронизация и обмен 1С","Информационный или смешанный интент без явного заказа услуги","HIGH","HIGH","match","planned_url_match","ACTIVE COMMERCIAL","ACTIVE: «1с розница синхронизация» — заказ услуги «Синхронизация и обмен 1С»; ключевые сигналы: розница, синхронизация.","SEMANTICALLY REVIEWED"
"kw-corv01-disc-1892","1с сделать синхронизацию","CORV-G05-04","Дословно: запрос «1с сделать синхронизацию» в контексте 1С/учётных систем.","Коммерческая задача по теме группы CORV-G05-04 — «1с сделать синхронизацию»","Синхронизация и обмен 1С","Информационный или смешанный интент без явного заказа услуги","HIGH","HIGH","match","planned_url_match","ACTIVE COMMERCIAL","ACTIVE: «1с сделать синхронизацию» — заказ услуги «Синхронизация и обмен 1С»; ключевые сигналы: сделать, синхронизацию.","SEMANTICALLY REVIEWED"
"kw-corv01-disc-1890","1с синхронизация зуп бп","CORV-G05-04","Дословно: запрос «1с синхронизация зуп бп» в контексте 1С/учётных систем.","Коммерческая задача по теме группы CORV-G05-04 — «1с синхронизация зуп бп»","Синхронизация и обмен 1С","Информационный или смешанный интент без явного заказа услуги","HIGH","HIGH","match","planned_url_match","ACTIVE COMMERCIAL","ACTIVE: «1с синхронизация зуп бп» — заказ услуги «Синхронизация и обмен 1С»; ключевые сигналы: синхронизация, зуп.","SEMANTICALLY REVIEWED"
"kw-corv01-disc-1884","1с унф синхронизация","CORV-G05-04","Дословно: запрос «1с унф синхронизация» в контексте 1С/учётных систем.","Коммерческая задача по теме группы CORV-G05-04 — «1с унф синхронизация»","Синхронизация и обмен 1С","Информационный или смешанный интент без явного заказа услуги","HIGH","HIGH","match","planned_url_match","ACTIVE COMMERCIAL","ACTIVE: «1с унф синхронизация» — заказ услуги «Синхронизация и обмен 1С»; ключевые сигналы: унф, синхронизация.","SEMANTICALLY REVIEWED"
"kw-corv01-012","настройка синхронизации 1с","CORV-G05-04","Дословно: запрос «настройка синхронизации 1с» в контексте 1С/учётных систем.","Заказ настройки/подключения — «настройка синхронизации 1с»","Синхронизация и обмен 1С","Информационный или смешанный интент без явного заказа услуги","HIGH","HIGH","match","planned_url_match","ACTIVE COMMERCIAL","ACTIVE: «настройка синхронизации 1с» — заказ услуги «Синхронизация и обмен 1С»; ключевые сигналы: настройка, синхронизации.","SEMANTICALLY REVIEWED"
"kw-corv01-disc-1874","синхронизация 1с","CORV-G05-04","Дословно: запрос «синхронизация 1с» в контексте 1С/учётных систем.","Коммерческая задача по теме группы CORV-G05-04 — «синхронизация 1с»","Синхронизация и обмен 1С","Информационный или смешанный интент без явного заказа услуги","HIGH","HIGH","match","planned_url_match","ACTIVE COMMERCIAL","ACTIVE: «синхронизация 1с» — заказ услуги «Синхронизация и обмен 1С»; ключевые сигналы: синхронизация.","SEMANTICALLY REVIEWED"
"kw-corv01-disc-1876","синхронизация 1с 8.3","CORV-G05-04","Дословно: запрос «синхронизация 1с 8.3» в контексте 1С/учётных систем.","Коммерческая задача по теме группы CORV-G05-04 — «синхронизация 1с 8.3»","Синхронизация и обмен 1С","Информационный или смешанный интент без явного заказа услуги","MEDIUM","HIGH","match","planned_url_match","CONTROLLED TEST","CONTROLLED TEST: «синхронизация 1с 8.3» — смешанный интент; риск: Информационный или смешанный интент без явного заказа услуги; услуга: Синхронизация и обмен 1С.","SEMANTICALLY REVIEWED"
"kw-corv01-disc-1882","синхронизация 1с ут","CORV-G05-04","Дословно: запрос «синхронизация 1с ут» в контексте 1С/учётных систем.","Коммерческая задача по теме группы CORV-G05-04 — «синхронизация 1с ут»","Синхронизация и обмен 1С","Информационный или смешанный интент без явного заказа услуги","HIGH","HIGH","match","planned_url_match","ACTIVE COMMERCIAL","ACTIVE: «синхронизация 1с ут» — заказ услуги «Синхронизация и обмен 1С»; ключевые сигналы: синхронизация.","SEMANTICALLY REVIEWED"
"kw-corv01-disc-1886","синхронизация баз 1с","CORV-G05-04","Дословно: запрос «синхронизация баз 1с» в контексте 1С/учётных систем.","Коммерческая задача по теме группы CORV-G05-04 — «синхронизация баз 1с»","Синхронизация и обмен 1С","Информационный или смешанный интент без явного заказа услуги","HIGH","HIGH","match","planned_url_match","ACTIVE COMMERCIAL","ACTIVE: «синхронизация баз 1с» — заказ услуги «Синхронизация и обмен 1С»; ключевые сигналы: синхронизация, баз.","SEMANTICALLY REVIEWED"
"kw-corv01-disc-1885","синхронизация данных в 1с","CORV-G05-04","Дословно: запрос «синхронизация данных в 1с» в контексте 1С/учётных систем.","Коммерческая задача по теме группы CORV-G05-04 — «синхронизация данных в 1с»","Синхронизация и обмен 1С","Информационный или смешанный интент без явного заказа услуги","HIGH","HIGH","match","planned_url_match","ACTIVE COMMERCIAL","ACTIVE: «синхронизация данных в 1с» — заказ услуги «Синхронизация и обмен 1С»; ключевые сигналы: синхронизация, данных.","SEMANTICALLY REVIEWED"
"kw-corv01-disc-1887","синхронизация документов 1с","CORV-G05-04","Дословно: запрос «синхронизация документов 1с» в контексте 1С/учётных систем.","Коммерческая задача по теме группы CORV-G05-04 — «синхронизация документов 1с»","Синхронизация и обмен 1С","Информационный или смешанный интент без явного заказа услуги","HIGH","HIGH","match","planned_url_match","ACTIVE COMMERCIAL","ACTIVE: «синхронизация документов 1с» — заказ услуги «Синхронизация и обмен 1С»; ключевые сигналы: синхронизация, документов.","SEMANTICALLY REVIEWED"
"kw-corv01-disc-1883","синхронизация зуп и 1с бухгалтерия 8.3","CORV-G05-04","Дословно: запрос «синхронизация зуп и 1с бухгалтерия 8.3» в контексте 1С/учётных систем.","Коммерческая задача по теме группы CORV-G05-04 — «синхронизация зуп и 1с бухгалтерия 8.3»","Синхронизация и обмен 1С","Информационный или смешанный интент без явного заказа услуги","MEDIUM","HIGH","match","planned_url_match","CONTROLLED TEST","CONTROLLED TEST: «синхронизация зуп и 1с бухгалтерия 8.3» — смешанный интент; риск: Информационный или смешанный интент без явного заказа услуги; услуга: Синхронизация и обмен 1С.","SEMANTICALLY REVIEWED"
"kw-corv01-disc-1881","синхронизация между 1с","CORV-G05-04","Дословно: запрос «синхронизация между 1с» в контексте 1С/учётных систем.","Коммерческая задача по теме группы CORV-G05-04 — «синхронизация между 1с»","Синхронизация и обмен 1С","Информационный или смешанный интент без явного заказа услуги","HIGH","HIGH","match","planned_url_match","ACTIVE COMMERCIAL","ACTIVE: «синхронизация между 1с» — заказ услуги «Синхронизация и обмен 1С»; ключевые сигналы: синхронизация, между.","SEMANTICALLY REVIEWED"
"seed-CORV-G05-05-core-настройка-об","настройка обмена 1с","CORV-G05-05","Дословно: запрос «настройка обмена 1с» в контексте 1С/учётных систем.","Заказ настройки/подключения — «настройка обмена 1с»","Настройка обмена 1С","Информационный или смешанный интент без явного заказа услуги","HIGH","HIGH","match","planned_url_match","ACTIVE COMMERCIAL","ACTIVE: «настройка обмена 1с» — заказ услуги «Настройка обмена 1С»; ключевые сигналы: настройка, обмена.","SEMANTICALLY REVIEWED"
"kw-corv01-disc-1221","настройка обмена с честным знаком 1с","CORV-G05-05","Дословно: запрос «настройка обмена с честным знаком 1с» в контексте 1С/учётных систем.","Заказ настройки/подключения — «настройка обмена с честным знаком 1с»","Настройка обмена 1С","Информационный или смешанный интент без явного заказа услуги","HIGH","HIGH","match","planned_url_match","REASSIGN GROUP","REASSIGN: «настройка обмена с честным знаком 1с» из CORV-G06-03 в CORV-G05-05 — filter_priority 68 vs current score 50→90.","SEMANTICALLY REVIEWED"
"kw-corv01-disc-1181","настройка обмена суз 1с честный знак","CORV-G05-05","Дословно: запрос «настройка обмена суз 1с честный знак» в контексте 1С/учётных систем.","Заказ настройки/подключения — «настройка обмена суз 1с честный знак»","Настройка обмена 1С","Информационный или смешанный интент без явного заказа услуги","HIGH","HIGH","match","planned_url_match","REASSIGN GROUP","REASSIGN: «настройка обмена суз 1с честный знак» из CORV-G06-03 в CORV-G05-05 — filter_priority 68 vs current score 65→90.","SEMANTICALLY REVIEWED"
"kw-corv01-disc-1259","настройка обмена суз 1с честный знак розница","CORV-G05-05","Дословно: запрос «настройка обмена суз 1с честный знак розница» в контексте 1С/учётных систем.","Заказ настройки/подключения — «настройка обмена суз 1с честный знак розница»","Настройка обмена 1С","Информационный или смешанный интент без явного заказа услуги","HIGH","HIGH","match","planned_url_match","REASSIGN GROUP","REASSIGN: «настройка обмена суз 1с честный знак розница» из CORV-G06-03 в CORV-G05-05 — filter_priority 68 vs current score 65→90.","SEMANTICALLY REVIEWED"
"seed-CORV-G04-01-core-расчет-себес","расчет себестоимости 1с","CORV-G04-01","Дословно: запрос «расчет себестоимости 1с» в контексте 1С/учётных систем.","Коммерческая задача по теме группы CORV-G04-01 — «расчет себестоимости 1с»","Расчёт себестоимости в 1С","Информационный или смешанный интент без явного заказа услуги","HIGH","MEDIUM","match","planned_url_match","ACTIVE COMMERCIAL","ACTIVE: «расчет себестоимости 1с» — заказ услуги «Расчёт себестоимости в 1С»; ключевые сигналы: расчет, себестоимости.","SEMANTICALLY REVIEWED"
"seed-CORV-G04-01-core-себестоимост","себестоимость в 1с","CORV-G04-01","Дословно: запрос «себестоимость в 1с» в контексте 1С/учётных систем.","Коммерческая задача по теме группы CORV-G04-01 — «себестоимость в 1с»","Расчёт себестоимости в 1С","Информационный или смешанный интент без явного заказа услуги","HIGH","MEDIUM","match","planned_url_match","ACTIVE COMMERCIAL","ACTIVE: «себестоимость в 1с» — заказ услуги «Расчёт себестоимости в 1С»; ключевые сигналы: себестоимость.","SEMANTICALLY REVIEWED"
"seed-CORV-G04-02-core-планирование","планирование закупок 1с","CORV-G04-02","Дословно: запрос «планирование закупок 1с» в контексте 1С/учётных систем.","Коммерческая задача по теме группы CORV-G04-02 — «планирование закупок 1с»","Планирование закупок в 1С","Информационный или смешанный интент без явного заказа услуги","HIGH","MEDIUM","match","planned_url_match","ACTIVE COMMERCIAL","ACTIVE: «планирование закупок 1с» — заказ услуги «Планирование закупок в 1С»; ключевые сигналы: планирование, закупок.","SEMANTICALLY REVIEWED"
"seed-CORV-G04-03-core-платежный-ка","платежный календарь 1с","CORV-G04-03","Дословно: запрос «платежный календарь 1с» в контексте 1С/учётных систем.","Коммерческая задача по теме группы CORV-G04-03 — «платежный календарь 1с»","Платёжный календарь в 1С","Информационный или смешанный интент без явного заказа услуги","HIGH","MEDIUM","match","planned_url_match","ACTIVE COMMERCIAL","ACTIVE: «платежный календарь 1с» — заказ услуги «Платёжный календарь в 1С»; ключевые сигналы: платежный, календарь.","SEMANTICALLY REVIEWED"
"kw-corv01-disc-1789","1с 7.7 изменить печатную форму","CORV-G03-04","Дословно: запрос «1с 7.7 изменить печатную форму» в контексте 1С/учётных систем.","Заказ доработки конфигурации — «1с 7.7 изменить печатную форму»","Доработка печатной формы 1С","Информационный или смешанный интент без явного заказа услуги","MEDIUM","MEDIUM","match","planned_url_match","CONTROLLED TEST","CONTROLLED TEST: «1с 7.7 изменить печатную форму» — смешанный интент; риск: Информационный или смешанный интент без явного заказа услуги; услуга: Доработка печатной формы 1С.","SEMANTICALLY REVIEWED"
"kw-corv01-disc-1509","1с 8.3 изменить печатную форму счета","CORV-G03-04","Дословно: запрос «1с 8.3 изменить печатную форму счета» в контексте 1С/учётных систем.","Заказ доработки конфигурации — «1с 8.3 изменить печатную форму счета»","Доработка печатной формы 1С","Информационный или смешанный интент без явного заказа услуги","MEDIUM","MEDIUM","match","planned_url_match","CONTROLLED TEST","CONTROLLED TEST: «1с 8.3 изменить печатную форму счета» — смешанный интент; риск: Информационный или смешанный интент без явного заказа услуги; услуга: Доработка печатной формы 1С.","SEMANTICALLY REVIEWED"
"kw-corv01-disc-1417","1с изменить печатную форму счета","CORV-G03-04","Дословно: запрос «1с изменить печатную форму счета» в контексте 1С/учётных систем.","Заказ доработки конфигурации — «1с изменить печатную форму счета»","Доработка печатной формы 1С","Информационный или смешанный интент без явного заказа услуги","HIGH","MEDIUM","match","planned_url_match","ACTIVE COMMERCIAL","ACTIVE: «1с изменить печатную форму счета» — заказ услуги «Доработка печатной формы 1С»; ключевые сигналы: изменить, печатную, форму, счета.","SEMANTICALLY REVIEWED"
"kw-corv01-disc-1631","1с ут изменить печатную форму","CORV-G03-04","Дословно: запрос «1с ут изменить печатную форму» в контексте 1С/учётных систем.","Заказ доработки конфигурации — «1с ут изменить печатную форму»","Доработка печатной формы 1С","Информационный или смешанный интент без явного заказа услуги","HIGH","MEDIUM","match","planned_url_match","ACTIVE COMMERCIAL","ACTIVE: «1с ут изменить печатную форму» — заказ услуги «Доработка печатной формы 1С»; ключевые сигналы: изменить, печатную, форму.","SEMANTICALLY REVIEWED"
"kw-corv01-010","доработка печатной формы 1с","CORV-G03-04","Дословно: запрос «доработка печатной формы 1с» в контексте 1С/учётных систем.","Заказ доработки конфигурации — «доработка печатной формы 1с»","Доработка печатной формы 1С","Информационный или смешанный интент без явного заказа услуги","HIGH","MEDIUM","match","planned_url_match","ACTIVE COMMERCIAL","ACTIVE: «доработка печатной формы 1с» — заказ услуги «Доработка печатной формы 1С»; ключевые сигналы: доработка, печатной, формы.","SEMANTICALLY REVIEWED"
"kw-corv01-disc-1375","изменить печатную форму 1с 8.3","CORV-G03-04","Дословно: запрос «изменить печатную форму 1с 8.3» в контексте 1С/учётных систем.","Заказ доработки конфигурации — «изменить печатную форму 1с 8.3»","Доработка печатной формы 1С","Информационный или смешанный интент без явного заказа услуги","MEDIUM","MEDIUM","match","planned_url_match","CONTROLLED TEST","CONTROLLED TEST: «изменить печатную форму 1с 8.3» — смешанный интент; риск: Информационный или смешанный интент без явного заказа услуги; услуга: Доработка печатной формы 1С.","SEMANTICALLY REVIEWED"
"kw-corv01-011","доработка рмк 1с","CORV-G03-06","Дословно: запрос «доработка рмк 1с» в контексте 1С/учётных систем.","Заказ доработки конфигурации — «доработка рмк 1с»","Настройка РМК в 1С","Информационный или смешанный интент без явного заказа услуги","HIGH","HIGH","match","planned_url_match","ACTIVE COMMERCIAL","ACTIVE: «доработка рмк 1с» — заказ услуги «Настройка РМК в 1С»; ключевые сигналы: доработка, рмк.","SEMANTICALLY REVIEWED"
"seed-CORV-G03-06-core-настройка-рм","настройка рмк 1с","CORV-G03-06","Дословно: запрос «настройка рмк 1с» в контексте 1С/учётных систем.","Заказ настройки/подключения — «настройка рмк 1с»","Настройка РМК в 1С","Информационный или смешанный интент без явного заказа услуги","HIGH","HIGH","match","planned_url_match","ACTIVE COMMERCIAL","ACTIVE: «настройка рмк 1с» — заказ услуги «Настройка РМК в 1С»; ключевые сигналы: настройка, рмк.","SEMANTICALLY REVIEWED"
"kw-corv01-disc-1438","1с 3.0 внешние печатные формы","CORV-G03-05","Дословно: запрос «1с 3.0 внешние печатные формы» в контексте 1С/учётных систем.","Заказ доработки конфигурации — «1с 3.0 внешние печатные формы»","Внешние отчёты и обработки 1С","Информационный или смешанный интент без явного заказа услуги","MEDIUM","HIGH","match","planned_url_match","CONTROLLED TEST","CONTROLLED TEST: «1с 3.0 внешние печатные формы» — смешанный интент; риск: Информационный или смешанный интент без явного заказа услуги; услуга: Внешние отчёты и обработки 1С.","SEMANTICALLY REVIEWED"
"kw-corv01-disc-1460","1с 8.3 внешние печатные формы упд","CORV-G03-05","Дословно: запрос «1с 8.3 внешние печатные формы упд» в контексте 1С/учётных систем.","Заказ доработки конфигурации — «1с 8.3 внешние печатные формы упд»","Внешние отчёты и обработки 1С","Информационный или смешанный интент без явного заказа услуги","MEDIUM","HIGH","match","planned_url_match","CONTROLLED TEST","CONTROLLED TEST: «1с 8.3 внешние печатные формы упд» — смешанный интент; риск: Информационный или смешанный интент без явного заказа услуги; услуга: Внешние отчёты и обработки 1С.","SEMANTICALLY REVIEWED"
"kw-corv01-disc-1434","1с бп внешняя печатная форма","CORV-G03-05","Дословно: запрос «1с бп внешняя печатная форма» в контексте 1С/учётных систем.","Заказ доработки конфигурации — «1с бп внешняя печатная форма»","Внешние отчёты и обработки 1С","Информационный или смешанный интент без явного заказа услуги","HIGH","HIGH","match","planned_url_match","ACTIVE COMMERCIAL","ACTIVE: «1с бп внешняя печатная форма» — заказ услуги «Внешние отчёты и обработки 1С»; ключевые сигналы: внешняя, печатная, форма.","SEMANTICALLY REVIEWED"
"kw-corv01-disc-1462","1с бухгалтерия внешние печатные формы","CORV-G03-05","Дословно: запрос «1с бухгалтерия внешние печатные формы» в контексте 1С/учётных систем.","Заказ доработки конфигурации — «1с бухгалтерия внешние печатные формы»","Внешние отчёты и обработки 1С","Информационный или смешанный интент без явного заказа услуги","HIGH","HIGH","match","planned_url_match","ACTIVE COMMERCIAL","ACTIVE: «1с бухгалтерия внешние печатные формы» — заказ услуги «Внешние отчёты и обработки 1С»; ключевые сигналы: бухгалтерия, внешние, печатные, формы.","SEMANTICALLY REVIEWED"
"kw-corv01-disc-1412","1с внешние печатные формы управляемые","CORV-G03-05","Дословно: запрос «1с внешние печатные формы управляемые» в контексте 1С/учётных систем.","Заказ доработки конфигурации — «1с внешние печатные формы управляемые»","Внешние отчёты и обработки 1С","Информационный или смешанный интент без явного заказа услуги","HIGH","HIGH","match","planned_url_match","ACTIVE COMMERCIAL","ACTIVE: «1с внешние печатные формы управляемые» — заказ услуги «Внешние отчёты и обработки 1С»; ключевые сигналы: внешние, печатные, формы, управляемые.","SEMANTICALLY REVIEWED"
"kw-corv01-disc-1334","1с внешняя печатная форма","CORV-G03-05","Дословно: запрос «1с внешняя печатная форма» в контексте 1С/учётных систем.","Заказ доработки конфигурации — «1с внешняя печатная форма»","Внешние отчёты и обработки 1С","Информационный или смешанный интент без явного заказа услуги","HIGH","HIGH","match","planned_url_match","ACTIVE COMMERCIAL","ACTIVE: «1с внешняя печатная форма» — заказ услуги «Внешние отчёты и обработки 1С»; ключевые сигналы: внешняя, печатная, форма.","SEMANTICALLY REVIEWED"
"kw-corv01-disc-1427","1с внешняя печатная форма макет","CORV-G03-05","Дословно: запрос «1с внешняя печатная форма макет» в контексте 1С/учётных систем.","Заказ доработки конфигурации — «1с внешняя печатная форма макет»","Внешние отчёты и обработки 1С","Информационный или смешанный интент без явного заказа услуги","HIGH","HIGH","match","planned_url_match","ACTIVE COMMERCIAL","ACTIVE: «1с внешняя печатная форма макет» — заказ услуги «Внешние отчёты и обработки 1С»; ключевые сигналы: внешняя, печатная, форма, макет.","SEMANTICALLY REVIEWED"
"kw-corv01-disc-1388","1с внешняя печатная форма обработки","CORV-G03-05","Дословно: запрос «1с внешняя печатная форма обработки» в контексте 1С/учётных систем.","Заказ доработки конфигурации — «1с внешняя печатная форма обработки»","Внешние отчёты и обработки 1С","Информационный или смешанный интент без явного заказа услуги","HIGH","HIGH","match","planned_url_match","ACTIVE COMMERCIAL","ACTIVE: «1с внешняя печатная форма обработки» — заказ услуги «Внешние отчёты и обработки 1С»; ключевые сигналы: внешняя, печатная, форма, обработки.","SEMANTICALLY REVIEWED"
"kw-corv01-disc-1440","1с внешняя печатная форма счет","CORV-G03-05","Дословно: запрос «1с внешняя печатная форма счет» в контексте 1С/учётных систем.","Заказ доработки конфигурации — «1с внешняя печатная форма счет»","Внешние отчёты и обработки 1С","Информационный или смешанный интент без явного заказа услуги","HIGH","HIGH","match","planned_url_match","ACTIVE COMMERCIAL","ACTIVE: «1с внешняя печатная форма счет» — заказ услуги «Внешние отчёты и обработки 1С»; ключевые сигналы: внешняя, печатная, форма, счет.","SEMANTICALLY REVIEWED"
"kw-corv01-disc-1404","1с внешняя печатная форма упд","CORV-G03-05","Дословно: запрос «1с внешняя печатная форма упд» в контексте 1С/учётных систем.","Заказ доработки конфигурации — «1с внешняя печатная форма упд»","Внешние отчёты и обработки 1С","Информационный или смешанный интент без явного заказа услуги","HIGH","HIGH","match","planned_url_match","ACTIVE COMMERCIAL","ACTIVE: «1с внешняя печатная форма упд» — заказ услуги «Внешние отчёты и обработки 1С»; ключевые сигналы: внешняя, печатная, форма, упд.","SEMANTICALLY REVIEWED"
"kw-corv01-disc-1420","1с зуп внешняя печатная форма","CORV-G03-05","Дословно: запрос «1с зуп внешняя печатная форма» в контексте 1С/учётных систем.","Заказ доработки конфигурации — «1с зуп внешняя печатная форма»","Внешние отчёты и обработки 1С","Информационный или смешанный интент без явного заказа услуги","HIGH","HIGH","match","planned_url_match","ACTIVE COMMERCIAL","ACTIVE: «1с зуп внешняя печатная форма» — заказ услуги «Внешние отчёты и обработки 1С»; ключевые сигналы: зуп, внешняя, печатная, форма.","SEMANTICALLY REVIEWED"
"kw-corv01-disc-1415","1с отладка внешней печатной формы","CORV-G03-05","Дословно: запрос «1с отладка внешней печатной формы» в контексте 1С/учётных систем.","Заказ доработки конфигурации — «1с отладка внешней печатной формы»","Внешние отчёты и обработки 1С","Информационный или смешанный интент без явного заказа услуги","HIGH","HIGH","match","planned_url_match","ACTIVE COMMERCIAL","ACTIVE: «1с отладка внешней печатной формы» — заказ услуги «Внешние отчёты и обработки 1С»; ключевые сигналы: отладка, внешней, печатной, формы.","SEMANTICALLY REVIEWED"
"kw-corv01-disc-1374","1с печать внешней печатной формы","CORV-G03-05","Дословно: запрос «1с печать внешней печатной формы» в контексте 1С/учётных систем.","Заказ доработки конфигурации — «1с печать внешней печатной формы»","Внешние отчёты и обработки 1С","Информационный или смешанный интент без явного заказа услуги","HIGH","HIGH","match","planned_url_match","ACTIVE COMMERCIAL","ACTIVE: «1с печать внешней печатной формы» — заказ услуги «Внешние отчёты и обработки 1С»; ключевые сигналы: печать, внешней, печатной, формы.","SEMANTICALLY REVIEWED"
"kw-corv01-disc-1393","1с создание внешней печатной формы","CORV-G03-05","Дословно: запрос «1с создание внешней печатной формы» в контексте 1С/учётных систем.","Заказ доработки конфигурации — «1с создание внешней печатной формы»","Внешние отчёты и обработки 1С","Информационный или смешанный интент без явного заказа услуги","HIGH","HIGH","match","planned_url_match","ACTIVE COMMERCIAL","ACTIVE: «1с создание внешней печатной формы» — заказ услуги «Внешние отчёты и обработки 1С»; ключевые сигналы: создание, внешней, печатной, формы.","SEMANTICALLY REVIEWED"
"kw-corv01-disc-1436","1с ут внешняя печатная форма","CORV-G03-05","Дословно: запрос «1с ут внешняя печатная форма» в контексте 1С/учётных систем.","Заказ доработки конфигурации — «1с ут внешняя печатная форма»","Внешние отчёты и обработки 1С","Информационный или смешанный интент без явного заказа услуги","HIGH","HIGH","match","planned_url_match","ACTIVE COMMERCIAL","ACTIVE: «1с ут внешняя печатная форма» — заказ услуги «Внешние отчёты и обработки 1С»; ключевые сигналы: внешняя, печатная, форма.","SEMANTICALLY REVIEWED"
"kw-corv01-disc-1342","внешние печатные формы 1с 8.3","CORV-G03-05","Дословно: запрос «внешние печатные формы 1с 8.3» в контексте 1С/учётных систем.","Заказ доработки конфигурации — «внешние печатные формы 1с 8.3»","Внешние отчёты и обработки 1С","Информационный или смешанный интент без явного заказа услуги","MEDIUM","HIGH","match","planned_url_match","CONTROLLED TEST","CONTROLLED TEST: «внешние печатные формы 1с 8.3» — смешанный интент; риск: Информационный или смешанный интент без явного заказа услуги; услуга: Внешние отчёты и обработки 1С.","SEMANTICALLY REVIEWED"
"kw-corv01-disc-1431","внешняя печатная форма 1с 8.3 управляемое","CORV-G03-05","Дословно: запрос «внешняя печатная форма 1с 8.3 управляемое» в контексте 1С/учётных систем.","Заказ доработки конфигурации — «внешняя печатная форма 1с 8.3 управляемое»","Внешние отчёты и обработки 1С","Информационный или смешанный интент без явного заказа услуги","MEDIUM","HIGH","match","planned_url_match","CONTROLLED TEST","CONTROLLED TEST: «внешняя печатная форма 1с 8.3 управляемое» — смешанный интент; риск: Информационный или смешанный интент без явного заказа услуги; услуга: Внешние отчёты и обработки 1С.","SEMANTICALLY REVIEWED"
"kw-corv01-disc-1371","внешняя печатная форма документа 1с","CORV-G03-05","Дословно: запрос «внешняя печатная форма документа 1с» в контексте 1С/учётных систем.","Заказ доработки конфигурации — «внешняя печатная форма документа 1с»","Внешние отчёты и обработки 1С","Информационный или смешанный интент без явного заказа услуги","HIGH","HIGH","match","planned_url_match","ACTIVE COMMERCIAL","ACTIVE: «внешняя печатная форма документа 1с» — заказ услуги «Внешние отчёты и обработки 1С»; ключевые сигналы: внешняя, печатная, форма, документа.","SEMANTICALLY REVIEWED"
"kw-corv01-disc-1411","параметры внешней печатной формы 1с","CORV-G03-05","Дословно: запрос «параметры внешней печатной формы 1с» в контексте 1С/учётных систем.","Заказ доработки конфигурации — «параметры внешней печатной формы 1с»","Внешние отчёты и обработки 1С","Информационный или смешанный интент без явного заказа услуги","HIGH","HIGH","match","planned_url_match","ACTIVE COMMERCIAL","ACTIVE: «параметры внешней печатной формы 1с» — заказ услуги «Внешние отчёты и обработки 1С»; ключевые сигналы: параметры, внешней, печатной, формы.","SEMANTICALLY REVIEWED"
"kw-corv01-disc-1435","создание внешних печатных форм 1с 8.3","CORV-G03-05","Дословно: запрос «создание внешних печатных форм 1с 8.3» в контексте 1С/учётных систем.","Заказ доработки конфигурации — «создание внешних печатных форм 1с 8.3»","Внешние отчёты и обработки 1С","Информационный или смешанный интент без явного заказа услуги","MEDIUM","HIGH","match","planned_url_match","CONTROLLED TEST","CONTROLLED TEST: «создание внешних печатных форм 1с 8.3» — смешанный интент; риск: Информационный или смешанный интент без явного заказа услуги; услуга: Внешние отчёты и обработки 1С.","SEMANTICALLY REVIEWED"
"seed-CORV-G03-02-core-новый-отчет-","новый отчет 1с","CORV-G03-02","Дословно: запрос «новый отчет 1с» в контексте 1С/учётных систем.","Заказ доработки конфигурации — «новый отчет 1с»","Создание отчёта 1С","Информационный или смешанный интент без явного заказа услуги","HIGH","MEDIUM","match","planned_url_match","ACTIVE COMMERCIAL","ACTIVE: «новый отчет 1с» — заказ услуги «Создание отчёта 1С»; ключевые сигналы: новый, отчет.","SEMANTICALLY REVIEWED"
"seed-CORV-G03-02-core-создание-отч","создание отчета 1с","CORV-G03-02","Дословно: запрос «создание отчета 1с» в контексте 1С/учётных систем.","Заказ доработки конфигурации — «создание отчета 1с»","Создание отчёта 1С","Информационный или смешанный интент без явного заказа услуги","HIGH","MEDIUM","match","planned_url_match","ACTIVE COMMERCIAL","ACTIVE: «создание отчета 1с» — заказ услуги «Создание отчёта 1С»; ключевые сигналы: создание, отчета.","SEMANTICALLY REVIEWED"
"kw-corv01-disc-845","1с доработка отчета движение денежных средств","CORV-G03-01","Дословно: запрос «1с доработка отчета движение денежных средств» в контексте 1С/учётных систем.","Заказ доработки конфигурации — «1с доработка отчета движение денежных средств»","Доработка и настройка отчёта 1С","Информационный или смешанный интент без явного заказа услуги","HIGH","MEDIUM","match","planned_url_match","ACTIVE COMMERCIAL","ACTIVE: «1с доработка отчета движение денежных средств» — заказ услуги «Доработка и настройка отчёта 1С»; ключевые сигналы: доработка, отчета, движение, денежных, средств.","SEMANTICALLY REVIEWED"
"kw-corv01-disc-786","1с доработка отчетов","CORV-G03-01","Дословно: запрос «1с доработка отчетов» в контексте 1С/учётных систем.","Заказ доработки конфигурации — «1с доработка отчетов»","Доработка и настройка отчёта 1С","Информационный или смешанный интент без явного заказа услуги","HIGH","MEDIUM","match","planned_url_match","ACTIVE COMMERCIAL","ACTIVE: «1с доработка отчетов» — заказ услуги «Доработка и настройка отчёта 1С»; ключевые сигналы: доработка, отчетов.","SEMANTICALLY REVIEWED"
"kw-corv01-009","доработка отчета 1с","CORV-G03-01","Дословно: запрос «доработка отчета 1с» в контексте 1С/учётных систем.","Заказ доработки конфигурации — «доработка отчета 1с»","Доработка и настройка отчёта 1С","Информационный или смешанный интент без явного заказа услуги","HIGH","MEDIUM","match","planned_url_match","ACTIVE COMMERCIAL","ACTIVE: «доработка отчета 1с» — заказ услуги «Доработка и настройка отчёта 1С»; ключевые сигналы: доработка, отчета.","SEMANTICALLY REVIEWED"
"seed-CORV-G03-01-core-настройка-от","настройка отчета 1с","CORV-G03-01","Дословно: запрос «настройка отчета 1с» в контексте 1С/учётных систем.","Заказ настройки/подключения — «настройка отчета 1с»","Доработка и настройка отчёта 1С","Информационный или смешанный интент без явного заказа услуги","HIGH","MEDIUM","match","planned_url_match","ACTIVE COMMERCIAL","ACTIVE: «настройка отчета 1с» — заказ услуги «Доработка и настройка отчёта 1С»; ключевые сигналы: настройка, отчета.","SEMANTICALLY REVIEWED"
"kw-corv01-disc-1352","1с 8 печатная форма","CORV-G03-03","Дословно: запрос «1с 8 печатная форма» в контексте 1С/учётных систем.","Заказ доработки конфигурации — «1с 8 печатная форма»","Печатные формы 1С","Информационный или смешанный интент без явного заказа услуги","HIGH","MEDIUM","match","planned_url_match","ACTIVE COMMERCIAL","ACTIVE: «1с 8 печатная форма» — заказ услуги «Печатные формы 1С»; ключевые сигналы: печатная, форма.","SEMANTICALLY REVIEWED"
"kw-corv01-disc-1345","1с вывести печатную форму","CORV-G03-03","Дословно: запрос «1с вывести печатную форму» в контексте 1С/учётных систем.","Заказ доработки конфигурации — «1с вывести печатную форму»","Печатные формы 1С","Информационный или смешанный интент без явного заказа услуги","HIGH","MEDIUM","match","planned_url_match","ACTIVE COMMERCIAL","ACTIVE: «1с вывести печатную форму» — заказ услуги «Печатные формы 1С»; ключевые сигналы: вывести, печатную, форму.","SEMANTICALLY REVIEWED"
"kw-corv01-disc-1365","1с изменение печатной формы","CORV-G03-03","Дословно: запрос «1с изменение печатной формы» в контексте 1С/учётных систем.","Заказ доработки конфигурации — «1с изменение печатной формы»","Печатные формы 1С","Информационный или смешанный интент без явного заказа услуги","HIGH","MEDIUM","match","planned_url_match","ACTIVE COMMERCIAL","ACTIVE: «1с изменение печатной формы» — заказ услуги «Печатные формы 1С»; ключевые сигналы: изменение, печатной, формы.","SEMANTICALLY REVIEWED"
"kw-corv01-disc-1336","1с макеты печатных форм","CORV-G03-03","Дословно: запрос «1с макеты печатных форм» в контексте 1С/учётных систем.","Заказ доработки конфигурации — «1с макеты печатных форм»","Печатные формы 1С","Информационный или смешанный интент без явного заказа услуги","HIGH","MEDIUM","match","planned_url_match","ACTIVE COMMERCIAL","ACTIVE: «1с макеты печатных форм» — заказ услуги «Печатные формы 1С»; ключевые сигналы: макеты, печатных, форм.","SEMANTICALLY REVIEWED"
"kw-corv01-disc-1364","1с печатная форма акта","CORV-G03-03","Дословно: запрос «1с печатная форма акта» в контексте 1С/учётных систем.","Заказ доработки конфигурации — «1с печатная форма акта»","Печатные формы 1С","Информационный или смешанный интент без явного заказа услуги","HIGH","MEDIUM","match","planned_url_match","ACTIVE COMMERCIAL","ACTIVE: «1с печатная форма акта» — заказ услуги «Печатные формы 1С»; ключевые сигналы: печатная, форма, акта.","SEMANTICALLY REVIEWED"
"kw-corv01-disc-1354","1с печатная форма договора","CORV-G03-03","Дословно: запрос «1с печатная форма договора» в контексте 1С/учётных систем.","Заказ доработки конфигурации — «1с печатная форма договора»","Печатные формы 1С","Информационный или смешанный интент без явного заказа услуги","HIGH","MEDIUM","match","planned_url_match","ACTIVE COMMERCIAL","ACTIVE: «1с печатная форма договора» — заказ услуги «Печатные формы 1С»; ключевые сигналы: печатная, форма, договора.","SEMANTICALLY REVIEWED"
"kw-corv01-disc-1358","1с печатная форма недоступна","CORV-G03-03","Дословно: запрос «1с печатная форма недоступна» в контексте 1С/учётных систем.","Заказ доработки конфигурации — «1с печатная форма недоступна»","Печатные формы 1С","Информационный или смешанный интент без явного заказа услуги","HIGH","MEDIUM","match","planned_url_match","ACTIVE COMMERCIAL","ACTIVE: «1с печатная форма недоступна» — заказ услуги «Печатные формы 1С»; ключевые сигналы: печатная, форма, недоступна.","SEMANTICALLY REVIEWED"
"kw-corv01-disc-1344","1с печатная форма печать","CORV-G03-03","Дословно: запрос «1с печатная форма печать» в контексте 1С/учётных систем.","Заказ доработки конфигурации — «1с печатная форма печать»","Печатные формы 1С","Информационный или смешанный интент без явного заказа услуги","HIGH","MEDIUM","match","planned_url_match","ACTIVE COMMERCIAL","ACTIVE: «1с печатная форма печать» — заказ услуги «Печатные формы 1С»; ключевые сигналы: печатная, форма, печать.","SEMANTICALLY REVIEWED"
"kw-corv01-disc-1337","1с печатные формы документов","CORV-G03-03","Дословно: запрос «1с печатные формы документов» в контексте 1С/учётных систем.","Заказ доработки конфигурации — «1с печатные формы документов»","Печатные формы 1С","Информационный или смешанный интент без явного заказа услуги","HIGH","MEDIUM","match","planned_url_match","ACTIVE COMMERCIAL","ACTIVE: «1с печатные формы документов» — заказ услуги «Печатные формы 1С»; ключевые сигналы: печатные, формы, документов.","SEMANTICALLY REVIEWED"
"kw-corv01-disc-1351","1с программно печатную форму","CORV-G03-03","Дословно: запрос «1с программно печатную форму» в контексте 1С/учётных систем.","Заказ доработки конфигурации — «1с программно печатную форму»","Печатные формы 1С","Информационный или смешанный интент без явного заказа услуги","HIGH","MEDIUM","match","planned_url_match","ACTIVE COMMERCIAL","ACTIVE: «1с программно печатную форму» — заказ услуги «Печатные формы 1С»; ключевые сигналы: программно, печатную, форму.","SEMANTICALLY REVIEWED"
"kw-corv01-disc-1347","1с унф печатные формы","CORV-G03-03","Дословно: запрос «1с унф печатные формы» в контексте 1С/учётных систем.","Заказ доработки конфигурации — «1с унф печатные формы»","Печатные формы 1С","Информационный или смешанный интент без явного заказа услуги","HIGH","MEDIUM","match","planned_url_match","ACTIVE COMMERCIAL","ACTIVE: «1с унф печатные формы» — заказ услуги «Печатные формы 1С»; ключевые сигналы: унф, печатные, формы.","SEMANTICALLY REVIEWED"
"kw-corv01-disc-1353","где в 1с печатные формы","CORV-G03-03","Дословно: запрос «где в 1с печатные формы» в контексте 1С/учётных систем.","Заказ доработки конфигурации — «где в 1с печатные формы»","Печатные формы 1С","Информационный или смешанный интент без явного заказа услуги","HIGH","MEDIUM","match","planned_url_match","ACTIVE COMMERCIAL","ACTIVE: «где в 1с печатные формы» — заказ услуги «Печатные формы 1С»; ключевые сигналы: где, печатные, формы.","SEMANTICALLY REVIEWED"
"kw-corv01-disc-1341","добавить печатную форму в 1с","CORV-G03-03","Дословно: запрос «добавить печатную форму в 1с» в контексте 1С/учётных систем.","Заказ доработки конфигурации — «добавить печатную форму в 1с»","Печатные формы 1С","Информационный или смешанный интент без явного заказа услуги","HIGH","MEDIUM","match","planned_url_match","ACTIVE COMMERCIAL","ACTIVE: «добавить печатную форму в 1с» — заказ услуги «Печатные формы 1С»; ключевые сигналы: добавить, печатную, форму.","SEMANTICALLY REVIEWED"
"kw-corv01-disc-1366","макет печатной формы в 1с 8.3","CORV-G03-03","Дословно: запрос «макет печатной формы в 1с 8.3» в контексте 1С/учётных систем.","Заказ доработки конфигурации — «макет печатной формы в 1с 8.3»","Печатные формы 1С","Информационный или смешанный интент без явного заказа услуги","MEDIUM","MEDIUM","match","planned_url_match","CONTROLLED TEST","CONTROLLED TEST: «макет печатной формы в 1с 8.3» — смешанный интент; риск: Информационный или смешанный интент без явного заказа услуги; услуга: Печатные формы 1С.","SEMANTICALLY REVIEWED"
"kw-corv01-disc-1359","настройка печатных форм в 1с","CORV-G03-03","Дословно: запрос «настройка печатных форм в 1с» в контексте 1С/учётных систем.","Заказ настройки/подключения — «настройка печатных форм в 1с»","Печатные формы 1С","Информационный или смешанный интент без явного заказа услуги","HIGH","MEDIUM","match","planned_url_match","ACTIVE COMMERCIAL","ACTIVE: «настройка печатных форм в 1с» — заказ услуги «Печатные формы 1С»; ключевые сигналы: настройка, печатных, форм.","SEMANTICALLY REVIEWED"
"kw-corv01-disc-1356","обработки печатная форма 1с","CORV-G03-03","Дословно: запрос «обработки печатная форма 1с» в контексте 1С/учётных систем.","Заказ доработки конфигурации — «обработки печатная форма 1с»","Печатные формы 1С","Информационный или смешанный интент без явного заказа услуги","HIGH","MEDIUM","match","planned_url_match","ACTIVE COMMERCIAL","ACTIVE: «обработки печатная форма 1с» — заказ услуги «Печатные формы 1С»; ключевые сигналы: обработки, печатная, форма.","SEMANTICALLY REVIEWED"
"kw-corv01-disc-1350","параметры печатных форм 1с","CORV-G03-03","Дословно: запрос «параметры печатных форм 1с» в контексте 1С/учётных систем.","Заказ доработки конфигурации — «параметры печатных форм 1с»","Печатные формы 1С","Информационный или смешанный интент без явного заказа услуги","HIGH","MEDIUM","match","planned_url_match","ACTIVE COMMERCIAL","ACTIVE: «параметры печатных форм 1с» — заказ услуги «Печатные формы 1С»; ключевые сигналы: параметры, печатных, форм.","SEMANTICALLY REVIEWED"
"kw-corv01-disc-1343","печатная форма 1с ут","CORV-G03-03","Дословно: запрос «печатная форма 1с ут» в контексте 1С/учётных систем.","Заказ доработки конфигурации — «печатная форма 1с ут»","Печатные формы 1С","Информационный или смешанный интент без явного заказа услуги","HIGH","MEDIUM","match","planned_url_match","ACTIVE COMMERCIAL","ACTIVE: «печатная форма 1с ут» — заказ услуги «Печатные формы 1С»; ключевые сигналы: печатная, форма.","SEMANTICALLY REVIEWED"
"kw-corv01-disc-1357","печатная форма отчета 1с","CORV-G03-03","Дословно: запрос «печатная форма отчета 1с» в контексте 1С/учётных систем.","Заказ доработки конфигурации — «печатная форма отчета 1с»","Печатные формы 1С","Информационный или смешанный интент без явного заказа услуги","HIGH","MEDIUM","match","planned_url_match","ACTIVE COMMERCIAL","ACTIVE: «печатная форма отчета 1с» — заказ услуги «Печатные формы 1С»; ключевые сигналы: печатная, форма, отчета.","SEMANTICALLY REVIEWED"
"kw-corv01-disc-1333","печатные формы 1с","CORV-G03-03","Дословно: запрос «печатные формы 1с» в контексте 1С/учётных систем.","Заказ доработки конфигурации — «печатные формы 1с»","Печатные формы 1С","Информационный или смешанный интент без явного заказа услуги","HIGH","MEDIUM","match","planned_url_match","ACTIVE COMMERCIAL","ACTIVE: «печатные формы 1с» — заказ услуги «Печатные формы 1С»; ключевые сигналы: печатные, формы.","SEMANTICALLY REVIEWED"
"kw-corv01-disc-1335","печатные формы 1с 8.3","CORV-G03-03","Дословно: запрос «печатные формы 1с 8.3» в контексте 1С/учётных систем.","Заказ доработки конфигурации — «печатные формы 1с 8.3»","Печатные формы 1С","Информационный или смешанный интент без явного заказа услуги","MEDIUM","MEDIUM","match","planned_url_match","CONTROLLED TEST","CONTROLLED TEST: «печатные формы 1с 8.3» — смешанный интент; риск: Информационный или смешанный интент без явного заказа услуги; услуга: Печатные формы 1С.","SEMANTICALLY REVIEWED"
"kw-corv01-disc-1361","печатные формы 1с бп","CORV-G03-03","Дословно: запрос «печатные формы 1с бп» в контексте 1С/учётных систем.","Заказ доработки конфигурации — «печатные формы 1с бп»","Печатные формы 1С","Информационный или смешанный интент без явного заказа услуги","HIGH","MEDIUM","match","planned_url_match","ACTIVE COMMERCIAL","ACTIVE: «печатные формы 1с бп» — заказ услуги «Печатные формы 1С»; ключевые сигналы: печатные, формы.","SEMANTICALLY REVIEWED"
"kw-corv01-disc-1363","печатные формы 1с конфигуратор","CORV-G03-03","Дословно: запрос «печатные формы 1с конфигуратор» в контексте 1С/учётных систем.","Заказ доработки конфигурации — «печатные формы 1с конфигуратор»","Печатные формы 1С","Информационный или смешанный интент без явного заказа услуги","HIGH","MEDIUM","match","planned_url_match","ACTIVE COMMERCIAL","ACTIVE: «печатные формы 1с конфигуратор» — заказ услуги «Печатные формы 1С»; ключевые сигналы: печатные, формы, конфигуратор.","SEMANTICALLY REVIEWED"
"kw-corv01-disc-1349","создание печатной формы 1с","CORV-G03-03","Дословно: запрос «создание печатной формы 1с» в контексте 1С/учётных систем.","Заказ доработки конфигурации — «создание печатной формы 1с»","Печатные формы 1С","Информационный или смешанный интент без явного заказа услуги","HIGH","MEDIUM","match","planned_url_match","ACTIVE COMMERCIAL","ACTIVE: «создание печатной формы 1с» — заказ услуги «Печатные формы 1С»; ключевые сигналы: создание, печатной, формы.","SEMANTICALLY REVIEWED"
"kw-corv01-disc-1367","страница печатной формы 1с","CORV-G03-03","Дословно: запрос «страница печатной формы 1с» в контексте 1С/учётных систем.","Заказ доработки конфигурации — «страница печатной формы 1с»","Печатные формы 1С","Информационный или смешанный интент без явного заказа услуги","HIGH","MEDIUM","match","planned_url_match","ACTIVE COMMERCIAL","ACTIVE: «страница печатной формы 1с» — заказ услуги «Печатные формы 1С»; ключевые сигналы: страница, печатной, формы.","SEMANTICALLY REVIEWED"
"kw-corv01-013","обновление доработанной 1с","CORV-G02-04","Дословно: запрос «обновление доработанной 1с» в контексте 1С/учётных систем.","Заказ доработки конфигурации — «обновление доработанной 1с»","Обновление доработанной 1С","Информационный или смешанный интент без явного заказа услуги","HIGH","MEDIUM","match","planned_url_match","ACTIVE COMMERCIAL","ACTIVE: «обновление доработанной 1с» — заказ услуги «Обновление доработанной 1С»; ключевые сигналы: обновление, доработанной.","SEMANTICALLY REVIEWED"
"kw-corv01-disc-2255","обновление доработанных конфигураций 1с","CORV-G02-04","Дословно: запрос «обновление доработанных конфигураций 1с» в контексте 1С/учётных систем.","Заказ доработки конфигурации — «обновление доработанных конфигураций 1с»","Обновление доработанной 1С","Информационный или смешанный интент без явного заказа услуги","HIGH","MEDIUM","match","planned_url_match","ACTIVE COMMERCIAL","ACTIVE: «обновление доработанных конфигураций 1с» — заказ услуги «Обновление доработанной 1С»; ключевые сигналы: обновление, доработанных, конфигураций.","SEMANTICALLY REVIEWED"
"seed-CORV-G02-05-core-перенос-дора","перенос доработок 1с","CORV-G02-05","Дословно: запрос «перенос доработок 1с» в контексте 1С/учётных систем.","Заказ доработки конфигурации — «перенос доработок 1с»","Перенос доработок при обновлении 1С","Информационный или смешанный интент без явного заказа услуги","HIGH","MEDIUM","match","planned_url_match","ACTIVE COMMERCIAL","ACTIVE: «перенос доработок 1с» — заказ услуги «Перенос доработок при обновлении 1С»; ключевые сигналы: перенос, доработок.","SEMANTICALLY REVIEWED"
"seed-CORV-G02-05-core-сохранение-д","сохранение доработок при обновлении 1с","CORV-G02-05","Дословно: запрос «сохранение доработок при обновлении 1с» в контексте 1С/учётных систем.","Заказ доработки конфигурации — «сохранение доработок при обновлении 1с»","Перенос доработок при обновлении 1С","Информационный или смешанный интент без явного заказа услуги","HIGH","MEDIUM","match","planned_url_match","ACTIVE COMMERCIAL","ACTIVE: «сохранение доработок при обновлении 1с» — заказ услуги «Перенос доработок при обновлении 1С»; ключевые сигналы: сохранение, доработок, при, обновлении.","SEMANTICALLY REVIEWED"
"seed-CORV-G02-06-core-исправление-","исправление доработок после обновления 1с","CORV-G02-06","Дословно: запрос «исправление доработок после обновления 1с» в контексте 1С/учётных систем.","Заказ доработки конфигурации — «исправление доработок после обновления 1с»","Исправление доработок после обновления 1С","Информационный или смешанный интент без явного заказа услуги","HIGH","MEDIUM","match","planned_url_match","ACTIVE COMMERCIAL","ACTIVE: «исправление доработок после обновления 1с» — заказ услуги «Исправление доработок после обновления 1С»; ключевые сигналы: исправление, доработок, после, обновления.","SEMANTICALLY REVIEWED"
"kw-corv01-disc-832","1с доработка через расширения","CORV-G02-02","Дословно: запрос «1с доработка через расширения» в контексте 1С/учётных систем.","Заказ доработки конфигурации — «1с доработка через расширения»","Доработка конфигурации 1С","Информационный или смешанный интент без явного заказа услуги","HIGH","MEDIUM","match","planned_url_match","ACTIVE COMMERCIAL","ACTIVE: «1с доработка через расширения» — заказ услуги «Доработка конфигурации 1С»; ключевые сигналы: доработка, через, расширения.","SEMANTICALLY REVIEWED"
"kw-corv01-disc-783","доработка конфигурации 1с","CORV-G02-02","Дословно: запрос «доработка конфигурации 1с» в контексте 1С/учётных систем.","Заказ доработки конфигурации — «доработка конфигурации 1с»","Доработка конфигурации 1С","Информационный или смешанный интент без явного заказа услуги","HIGH","MEDIUM","match","planned_url_match","ACTIVE COMMERCIAL","ACTIVE: «доработка конфигурации 1с» — заказ услуги «Доработка конфигурации 1С»; ключевые сигналы: доработка, конфигурации.","SEMANTICALLY REVIEWED"
"kw-corv01-disc-794","доработка модулей 1с","CORV-G02-02","Дословно: запрос «доработка модулей 1с» в контексте 1С/учётных систем.","Заказ доработки конфигурации — «доработка модулей 1с»","Доработка конфигурации 1С","Информационный или смешанный интент без явного заказа услуги","HIGH","MEDIUM","match","planned_url_match","ACTIVE COMMERCIAL","ACTIVE: «доработка модулей 1с» — заказ услуги «Доработка конфигурации 1С»; ключевые сигналы: доработка, модулей.","SEMANTICALLY REVIEWED"
"kw-corv01-disc-784","доработка расширений 1с","CORV-G02-02","Дословно: запрос «доработка расширений 1с» в контексте 1С/учётных систем.","Заказ доработки конфигурации — «доработка расширений 1с»","Доработка конфигурации 1С","Информационный или смешанный интент без явного заказа услуги","HIGH","MEDIUM","match","planned_url_match","ACTIVE COMMERCIAL","ACTIVE: «доработка расширений 1с» — заказ услуги «Доработка конфигурации 1С»; ключевые сигналы: доработка, расширений.","SEMANTICALLY REVIEWED"
"kw-corv01-disc-814","доработка типовой конфигурации 1с","CORV-G02-02","Дословно: запрос «доработка типовой конфигурации 1с» в контексте 1С/учётных систем.","Заказ доработки конфигурации — «доработка типовой конфигурации 1с»","Доработка конфигурации 1С","Информационный или смешанный интент без явного заказа услуги","HIGH","MEDIUM","match","planned_url_match","ACTIVE COMMERCIAL","ACTIVE: «доработка типовой конфигурации 1с» — заказ услуги «Доработка конфигурации 1С»; ключевые сигналы: доработка, типовой, конфигурации.","SEMANTICALLY REVIEWED"
"kw-corv01-disc-848","обновление конфигурации 1с с доработками","CORV-G02-02","Дословно: запрос «обновление конфигурации 1с с доработками» в контексте 1С/учётных систем.","Заказ доработки конфигурации — «обновление конфигурации 1с с доработками»","Доработка конфигурации 1С","Информационный или смешанный интент без явного заказа услуги","HIGH","MEDIUM","match","planned_url_match","ACTIVE COMMERCIAL","ACTIVE: «обновление конфигурации 1с с доработками» — заказ услуги «Доработка конфигурации 1С»; ключевые сигналы: обновление, конфигурации, доработками.","SEMANTICALLY REVIEWED"
"kw-corv01-disc-853","примеры реальных задач по доработки конфигурации 1с","CORV-G02-02","Дословно: запрос «примеры реальных задач по доработки конфигурации 1с» в контексте 1С/учётных систем.","Заказ доработки конфигурации — «примеры реальных задач по доработки конфигурации 1с»","Доработка конфигурации 1С","Информационный или смешанный интент без явного заказа услуги","HIGH","MEDIUM","match","planned_url_match","ACTIVE COMMERCIAL","ACTIVE: «примеры реальных задач по доработки конфигурации 1с» — заказ услуги «Доработка конфигурации 1С»; ключевые сигналы: примеры, реальных, задач, доработки, конфигурации.","SEMANTICALLY REVIEWED"
"kw-corv01-disc-798","доработка базы 1с","CORV-G02-03","Дословно: запрос «доработка базы 1с» в контексте 1С/учётных систем.","Заказ доработки конфигурации — «доработка базы 1с»","Доработка базы 1С","Информационный или смешанный интент без явного заказа услуги","HIGH","MEDIUM","match","planned_url_match","ACTIVE COMMERCIAL","ACTIVE: «доработка базы 1с» — заказ услуги «Доработка базы 1С»; ключевые сигналы: доработка, базы.","SEMANTICALLY REVIEWED"
"kw-corv01-disc-795","1с бп доработка","CORV-G02-01","Дословно: запрос «1с бп доработка» в контексте 1С/учётных систем.","Заказ доработки конфигурации — «1с бп доработка»","Доработка 1С","Информационный или смешанный интент без явного заказа услуги","HIGH","MEDIUM","match","planned_url_match","ACTIVE COMMERCIAL","ACTIVE: «1с бп доработка» — заказ услуги «Доработка 1С»; ключевые сигналы: доработка.","SEMANTICALLY REVIEWED"
"kw-corv01-disc-807","1с доработка цены","CORV-G02-01","Дословно: запрос «1с доработка цены» в контексте 1С/учётных систем.","Заказ доработки конфигурации — «1с доработка цены»","Доработка 1С","Информационный или смешанный интент без явного заказа услуги","HIGH","MEDIUM","match","planned_url_match","ACTIVE COMMERCIAL","ACTIVE: «1с доработка цены» — заказ услуги «Доработка 1С»; ключевые сигналы: доработка, цены.","SEMANTICALLY REVIEWED"
"kw-corv01-disc-805","1с ерп доработка","CORV-G02-01","Дословно: запрос «1с ерп доработка» в контексте 1С/учётных систем.","Заказ доработки конфигурации — «1с ерп доработка»","Доработка 1С","Информационный или смешанный интент без явного заказа услуги","HIGH","MEDIUM","match","planned_url_match","ACTIVE COMMERCIAL","ACTIVE: «1с ерп доработка» — заказ услуги «Доработка 1С»; ключевые сигналы: ерп, доработка.","SEMANTICALLY REVIEWED"
"kw-corv01-disc-801","1с фреш доработки","CORV-G02-01","Дословно: запрос «1с фреш доработки» в контексте 1С/учётных систем.","Заказ доработки конфигурации — «1с фреш доработки»","Доработка 1С","Информационный или смешанный интент без явного заказа услуги","HIGH","MEDIUM","match","planned_url_match","ACTIVE COMMERCIAL","ACTIVE: «1с фреш доработки» — заказ услуги «Доработка 1С»; ключевые сигналы: фреш, доработки.","SEMANTICALLY REVIEWED"
"kw-corv01-disc-808","договор доработка 1с","CORV-G02-01","Дословно: запрос «договор доработка 1с» в контексте 1С/учётных систем.","Заказ доработки конфигурации — «договор доработка 1с»","Доработка 1С","Информационный или смешанный интент без явного заказа услуги","HIGH","MEDIUM","match","planned_url_match","ACTIVE COMMERCIAL","ACTIVE: «договор доработка 1с» — заказ услуги «Доработка 1С»; ключевые сигналы: договор, доработка.","SEMANTICALLY REVIEWED"
"kw-corv01-004","доработка 1с","CORV-G02-01","Дословно: запрос «доработка 1с» в контексте 1С/учётных систем.","Заказ доработки конфигурации — «доработка 1с»","Доработка 1С","Информационный или смешанный интент без явного заказа услуги","HIGH","MEDIUM","match","planned_url_match","ACTIVE COMMERCIAL","ACTIVE: «доработка 1с» — заказ услуги «Доработка 1С»; ключевые сигналы: доработка.","SEMANTICALLY REVIEWED"
"kw-corv01-disc-806","доработка 1с 8.3","CORV-G02-01","Дословно: запрос «доработка 1с 8.3» в контексте 1С/учётных систем.","Заказ доработки конфигурации — «доработка 1с 8.3»","Доработка 1С","Информационный или смешанный интент без явного заказа услуги","HIGH","MEDIUM","match","planned_url_match","ACTIVE COMMERCIAL","ACTIVE: «доработка 1с 8.3» — заказ услуги «Доработка 1С»; ключевые сигналы: доработка, 8.3.","SEMANTICALLY REVIEWED"
"kw-corv01-disc-792","доработка 1с системы","CORV-G02-01","Дословно: запрос «доработка 1с системы» в контексте 1С/учётных систем.","Заказ доработки конфигурации — «доработка 1с системы»","Доработка 1С","Информационный или смешанный интент без явного заказа услуги","HIGH","MEDIUM","match","planned_url_match","ACTIVE COMMERCIAL","ACTIVE: «доработка 1с системы» — заказ услуги «Доработка 1С»; ключевые сигналы: доработка, системы.","SEMANTICALLY REVIEWED"
"kw-corv01-disc-810","доработка 1с стоимость","CORV-G02-01","Дословно: запрос «доработка 1с стоимость» в контексте 1С/учётных систем.","Заказ доработки конфигурации — «доработка 1с стоимость»","Доработка 1С","Информационный или смешанный интент без явного заказа услуги","HIGH","MEDIUM","match","planned_url_match","ACTIVE COMMERCIAL","ACTIVE: «доработка 1с стоимость» — заказ услуги «Доработка 1С»; ключевые сигналы: доработка, стоимость.","SEMANTICALLY REVIEWED"
"kw-corv01-disc-800","доработка 1с унф","CORV-G02-01","Дословно: запрос «доработка 1с унф» в контексте 1С/учётных систем.","Заказ доработки конфигурации — «доработка 1с унф»","Доработка 1С","Информационный или смешанный интент без явного заказа услуги","HIGH","MEDIUM","match","planned_url_match","ACTIVE COMMERCIAL","ACTIVE: «доработка 1с унф» — заказ услуги «Доработка 1С»; ключевые сигналы: доработка, унф.","SEMANTICALLY REVIEWED"
"kw-corv01-disc-790","доработка 1с ут","CORV-G02-01","Дословно: запрос «доработка 1с ут» в контексте 1С/учётных систем.","Заказ доработки конфигурации — «доработка 1с ут»","Доработка 1С","Информационный или смешанный интент без явного заказа услуги","HIGH","MEDIUM","match","planned_url_match","ACTIVE COMMERCIAL","ACTIVE: «доработка 1с ут» — заказ услуги «Доработка 1С»; ключевые сигналы: доработка.","SEMANTICALLY REVIEWED"
"kw-corv01-disc-791","доработки 1с бухгалтерии","CORV-G02-01","Дословно: запрос «доработки 1с бухгалтерии» в контексте 1С/учётных систем.","Заказ доработки конфигурации — «доработки 1с бухгалтерии»","Доработка 1С","Информационный или смешанный интент без явного заказа услуги","HIGH","MEDIUM","match","planned_url_match","ACTIVE COMMERCIAL","ACTIVE: «доработки 1с бухгалтерии» — заказ услуги «Доработка 1С»; ключевые сигналы: доработки, бухгалтерии.","SEMANTICALLY REVIEWED"
"kw-corv01-disc-797","доработки 1с документооборот","CORV-G02-01","Дословно: запрос «доработки 1с документооборот» в контексте 1С/учётных систем.","Заказ доработки конфигурации — «доработки 1с документооборот»","Доработка 1С","Информационный или смешанный интент без явного заказа услуги","HIGH","MEDIUM","match","planned_url_match","ACTIVE COMMERCIAL","ACTIVE: «доработки 1с документооборот» — заказ услуги «Доработка 1С»; ключевые сигналы: доработки, документооборот.","SEMANTICALLY REVIEWED"
"kw-corv01-disc-804","доработки 1с зуп","CORV-G02-01","Дословно: запрос «доработки 1с зуп» в контексте 1С/учётных систем.","Заказ доработки конфигурации — «доработки 1с зуп»","Доработка 1С","Информационный или смешанный интент без явного заказа услуги","HIGH","MEDIUM","match","planned_url_match","ACTIVE COMMERCIAL","ACTIVE: «доработки 1с зуп» — заказ услуги «Доработка 1С»; ключевые сигналы: доработки, зуп.","SEMANTICALLY REVIEWED"
"kw-corv01-disc-796","доработки 1с erp","CORV-G02-01","Дословно: запрос «доработки 1с erp» в контексте 1С/учётных систем.","Заказ доработки конфигурации — «доработки 1с erp»","Доработка 1С","Информационный или смешанный интент без явного заказа услуги","HIGH","MEDIUM","match","planned_url_match","ACTIVE COMMERCIAL","ACTIVE: «доработки 1с erp» — заказ услуги «Доработка 1С»; ключевые сигналы: доработки, erp.","SEMANTICALLY REVIEWED"
"kw-corv01-disc-789","доработки программы 1с","CORV-G02-01","Дословно: запрос «доработки программы 1с» в контексте 1С/учётных систем.","Заказ доработки конфигурации — «доработки программы 1с»","Доработка 1С","Информационный или смешанный интент без явного заказа услуги","HIGH","MEDIUM","match","planned_url_match","ACTIVE COMMERCIAL","ACTIVE: «доработки программы 1с» — заказ услуги «Доработка 1С»; ключевые сигналы: доработки, программы.","SEMANTICALLY REVIEWED"
"kw-corv01-disc-802","настройка 1с доработка 1с","CORV-G02-01","Дословно: запрос «настройка 1с доработка 1с» в контексте 1С/учётных систем.","Заказ настройки/подключения — «настройка 1с доработка 1с»","Доработка 1С","Информационный или смешанный интент без явного заказа услуги","HIGH","MEDIUM","match","planned_url_match","ACTIVE COMMERCIAL","ACTIVE: «настройка 1с доработка 1с» — заказ услуги «Доработка 1С»; ключевые сигналы: настройка, доработка.","SEMANTICALLY REVIEWED"
"kw-corv01-disc-793","обмен 1с доработка","CORV-G02-01","Дословно: запрос «обмен 1с доработка» в контексте 1С/учётных систем.","Заказ доработки конфигурации — «обмен 1с доработка»","Доработка 1С","Информационный или смешанный интент без явного заказа услуги","HIGH","MEDIUM","match","planned_url_match","ACTIVE COMMERCIAL","ACTIVE: «обмен 1с доработка» — заказ услуги «Доработка 1С»; ключевые сигналы: обмен, доработка.","SEMANTICALLY REVIEWED"
"kw-corv01-disc-788","примеры доработки 1с","CORV-G02-01","Дословно: запрос «примеры доработки 1с» в контексте 1С/учётных систем.","Заказ доработки конфигурации — «примеры доработки 1с»","Доработка 1С","Информационный или смешанный интент без явного заказа услуги","HIGH","MEDIUM","match","planned_url_match","ACTIVE COMMERCIAL","ACTIVE: «примеры доработки 1с» — заказ услуги «Доработка 1С»; ключевые сигналы: примеры, доработки.","SEMANTICALLY REVIEWED"
"kw-corv01-disc-803","разработка доработка 1с","CORV-G02-01","Дословно: запрос «разработка доработка 1с» в контексте 1С/учётных систем.","Заказ доработки конфигурации — «разработка доработка 1с»","Доработка 1С","Информационный или смешанный интент без явного заказа услуги","HIGH","MEDIUM","match","planned_url_match","ACTIVE COMMERCIAL","ACTIVE: «разработка доработка 1с» — заказ услуги «Доработка 1С»; ключевые сигналы: разработка, доработка.","SEMANTICALLY REVIEWED"
"kw-corv01-disc-809","тестирование доработок 1с","CORV-G02-01","Дословно: запрос «тестирование доработок 1с» в контексте 1С/учётных систем.","Заказ доработки конфигурации — «тестирование доработок 1с»","Доработка 1С","Информационный или смешанный интент без явного заказа услуги","HIGH","MEDIUM","match","planned_url_match","ACTIVE COMMERCIAL","ACTIVE: «тестирование доработок 1с» — заказ услуги «Доработка 1С»; ключевые сигналы: тестирование, доработок.","SEMANTICALLY REVIEWED"
"kw-corv01-disc-811","техническое на доработку 1с","CORV-G02-01","Дословно: запрос «техническое на доработку 1с» в контексте 1С/учётных систем.","Заказ доработки конфигурации — «техническое на доработку 1с»","Доработка 1С","Информационный или смешанный интент без явного заказа услуги","HIGH","MEDIUM","match","planned_url_match","ACTIVE COMMERCIAL","ACTIVE: «техническое на доработку 1с» — заказ услуги «Доработка 1С»; ключевые сигналы: техническое, доработку.","SEMANTICALLY REVIEWED"
"kw-corv01-disc-799","типовые доработки 1с","CORV-G02-01","Дословно: запрос «типовые доработки 1с» в контексте 1С/учётных систем.","Заказ доработки конфигурации — «типовые доработки 1с»","Доработка 1С","Информационный или смешанный интент без явного заказа услуги","HIGH","MEDIUM","match","planned_url_match","ACTIVE COMMERCIAL","ACTIVE: «типовые доработки 1с» — заказ услуги «Доработка 1С»; ключевые сигналы: типовые, доработки.","SEMANTICALLY REVIEWED"
"kw-corv01-disc-787","услуги доработки 1с","CORV-G02-01","Дословно: запрос «услуги доработки 1с» в контексте 1С/учётных систем.","Заказ доработки конфигурации — «услуги доработки 1с»","Доработка 1С","Информационный или смешанный интент без явного заказа услуги","HIGH","MEDIUM","match","planned_url_match","ACTIVE COMMERCIAL","ACTIVE: «услуги доработки 1с» — заказ услуги «Доработка 1С»; ключевые сигналы: услуги, доработки.","SEMANTICALLY REVIEWED"
"kw-corv01-disc-785","учет доработки 1с","CORV-G02-01","Дословно: запрос «учет доработки 1с» в контексте 1С/учётных систем.","Заказ доработки конфигурации — «учет доработки 1с»","Доработка 1С","Информационный или смешанный интент без явного заказа услуги","HIGH","MEDIUM","match","planned_url_match","ACTIVE COMMERCIAL","ACTIVE: «учет доработки 1с» — заказ услуги «Доработка 1С»; ключевые сигналы: учет, доработки.","SEMANTICALLY REVIEWED"
"kw-corv01-002","программист 1с новосибирск","CORV-G01-02","Дословно: запрос «программист 1с новосибирск» в контексте 1С/учётных систем.","Поиск специалиста 1С — «программист 1с новосибирск»","Программист 1С в Новосибирске","Информационный или смешанный интент без явного заказа услуги","HIGH","MEDIUM","match","planned_url_match","ACTIVE COMMERCIAL","ACTIVE: «программист 1с новосибирск» — заказ услуги «Программист 1С в Новосибирске»; ключевые сигналы: программист, новосибирск.","SEMANTICALLY REVIEWED"
"kw-corv01-disc-092","программисты 1с новосибирск","CORV-G01-02","Дословно: запрос «программисты 1с новосибирск» в контексте 1С/учётных систем.","Поиск специалиста 1С — «программисты 1с новосибирск»","Программист 1С в Новосибирске","Информационный или смешанный интент без явного заказа услуги","HIGH","MEDIUM","match","planned_url_match","ACTIVE COMMERCIAL","ACTIVE: «программисты 1с новосибирск» — заказ услуги «Программист 1С в Новосибирске»; ключевые сигналы: программисты, новосибирск.","SEMANTICALLY REVIEWED"
"seed-CORV-G01-07-core-абонентское-","абонентское обслуживание 1с","CORV-G01-07","Дословно: запрос «абонентское обслуживание 1с» в контексте 1С/учётных систем.","Коммерческая задача по теме группы CORV-G01-07 — «абонентское обслуживание 1с»","Абонентское сопровождение 1С","Информационный или смешанный интент без явного заказа услуги","HIGH","MEDIUM","match","planned_url_match","ACTIVE COMMERCIAL","ACTIVE: «абонентское обслуживание 1с» — заказ услуги «Абонентское сопровождение 1С»; ключевые сигналы: абонентское, обслуживание.","SEMANTICALLY REVIEWED"
"kw-corv01-disc-686","абонентское сопровождение 1с","CORV-G01-07","Дословно: запрос «абонентское сопровождение 1с» в контексте 1С/учётных систем.","Коммерческая задача по теме группы CORV-G01-07 — «абонентское сопровождение 1с»","Абонентское сопровождение 1С","Информационный или смешанный интент без явного заказа услуги","HIGH","MEDIUM","match","planned_url_match","ACTIVE COMMERCIAL","ACTIVE: «абонентское сопровождение 1с» — заказ услуги «Абонентское сопровождение 1С»; ключевые сигналы: абонентское, сопровождение.","SEMANTICALLY REVIEWED"
"kw-corv01-disc-780","абонентское сопровождение 1с первый бит","CORV-G01-07","Дословно: запрос «абонентское сопровождение 1с первый бит» в контексте 1С/учётных систем.","Коммерческая задача по теме группы CORV-G01-07 — «абонентское сопровождение 1с первый бит»","Абонентское сопровождение 1С","Информационный или смешанный интент без явного заказа услуги","HIGH","MEDIUM","match","planned_url_match","ACTIVE COMMERCIAL","ACTIVE: «абонентское сопровождение 1с первый бит» — заказ услуги «Абонентское сопровождение 1С»; ключевые сигналы: абонентское, сопровождение, первый, бит.","SEMANTICALLY REVIEWED"
"seed-CORV-G01-06-core-обслуживание","обслуживание 1с для организации","CORV-G01-06","Дословно: запрос «обслуживание 1с для организации» в контексте 1С/учётных систем.","Коммерческая задача по теме группы CORV-G01-06 — «обслуживание 1с для организации»","Обслуживание 1С","Информационный или смешанный интент без явного заказа услуги","HIGH","MEDIUM","match","planned_url_match","ACTIVE COMMERCIAL","ACTIVE: «обслуживание 1с для организации» — заказ услуги «Обслуживание 1С»; ключевые сигналы: обслуживание, для, организации.","SEMANTICALLY REVIEWED"
"kw-corv01-disc-661","обслуживание и сопровождение 1с","CORV-G01-06","Дословно: запрос «обслуживание и сопровождение 1с» в контексте 1С/учётных систем.","Коммерческая задача по теме группы CORV-G01-06 — «обслуживание и сопровождение 1с»","Обслуживание 1С","Информационный или смешанный интент без явного заказа услуги","HIGH","MEDIUM","match","planned_url_match","ACTIVE COMMERCIAL","ACTIVE: «обслуживание и сопровождение 1с» — заказ услуги «Обслуживание 1С»; ключевые сигналы: обслуживание, сопровождение.","SEMANTICALLY REVIEWED"
"kw-corv01-disc-717","сопровождение и обслуживание 1с предприятие","CORV-G01-06","Дословно: запрос «сопровождение и обслуживание 1с предприятие» в контексте 1С/учётных систем.","Коммерческая задача по теме группы CORV-G01-06 — «сопровождение и обслуживание 1с предприятие»","Обслуживание 1С","Информационный или смешанный интент без явного заказа услуги","HIGH","MEDIUM","match","planned_url_match","ACTIVE COMMERCIAL","ACTIVE: «сопровождение и обслуживание 1с предприятие» — заказ услуги «Обслуживание 1С»; ключевые сигналы: сопровождение, обслуживание, предприятие.","SEMANTICALLY REVIEWED"
"kw-corv01-disc-633","асп сопровождение 1с","CORV-G01-05","Дословно: запрос «асп сопровождение 1с» в контексте 1С/учётных систем.","Коммерческая задача по теме группы CORV-G01-05 — «асп сопровождение 1с»","Сопровождение 1С","Информационный или смешанный интент без явного заказа услуги","HIGH","MEDIUM","match","planned_url_match","ACTIVE COMMERCIAL","ACTIVE: «асп сопровождение 1с» — заказ услуги «Сопровождение 1С»; ключевые сигналы: асп, сопровождение.","SEMANTICALLY REVIEWED"
"kw-corv01-disc-618","договор сопровождения 1с","CORV-G01-05","Дословно: запрос «договор сопровождения 1с» в контексте 1С/учётных систем.","Коммерческая задача по теме группы CORV-G01-05 — «договор сопровождения 1с»","Сопровождение 1С","Информационный или смешанный интент без явного заказа услуги","HIGH","MEDIUM","match","planned_url_match","ACTIVE COMMERCIAL","ACTIVE: «договор сопровождения 1с» — заказ услуги «Сопровождение 1С»; ключевые сигналы: договор, сопровождения.","SEMANTICALLY REVIEWED"
"kw-corv01-disc-622","информационно технологическое сопровождение 1с","CORV-G01-05","Дословно: запрос «информационно технологическое сопровождение 1с» в контексте 1С/учётных систем.","Коммерческая задача по теме группы CORV-G01-05 — «информационно технологическое сопровождение 1с»","Сопровождение 1С","Информационный или смешанный интент без явного заказа услуги","HIGH","MEDIUM","match","planned_url_match","ACTIVE COMMERCIAL","ACTIVE: «информационно технологическое сопровождение 1с» — заказ услуги «Сопровождение 1С»; ключевые сигналы: информационно, технологическое, сопровождение.","SEMANTICALLY REVIEWED"
"kw-corv01-disc-631","информационное сопровождение 1с","CORV-G01-05","Дословно: запрос «информационное сопровождение 1с» в контексте 1С/учётных систем.","Коммерческая задача по теме группы CORV-G01-05 — «информационное сопровождение 1с»","Сопровождение 1С","Информационный или смешанный интент без явного заказа услуги","HIGH","MEDIUM","match","planned_url_match","ACTIVE COMMERCIAL","ACTIVE: «информационное сопровождение 1с» — заказ услуги «Сопровождение 1С»; ключевые сигналы: информационное, сопровождение.","SEMANTICALLY REVIEWED"
"kw-corv01-disc-617","казначейское сопровождение в 1с","CORV-G01-05","Дословно: запрос «казначейское сопровождение в 1с» в контексте 1С/учётных систем.","Коммерческая задача по теме группы CORV-G01-05 — «казначейское сопровождение в 1с»","Сопровождение 1С","Информационный или смешанный интент без явного заказа услуги","HIGH","MEDIUM","match","planned_url_match","ACTIVE COMMERCIAL","ACTIVE: «казначейское сопровождение в 1с» — заказ услуги «Сопровождение 1С»; ключевые сигналы: казначейское, сопровождение.","SEMANTICALLY REVIEWED"
"kw-corv01-disc-625","оказание услуг по сопровождению 1с","CORV-G01-05","Дословно: запрос «оказание услуг по сопровождению 1с» в контексте 1С/учётных систем.","Поиск специалиста 1С — «оказание услуг по сопровождению 1с»","Сопровождение 1С","Информационный или смешанный интент без явного заказа услуги","HIGH","MEDIUM","match","planned_url_match","ACTIVE COMMERCIAL","ACTIVE: «оказание услуг по сопровождению 1с» — заказ услуги «Сопровождение 1С»; ключевые сигналы: оказание, услуг, сопровождению.","SEMANTICALLY REVIEWED"
"kw-corv01-disc-627","окпд 2 сопровождение 1с","CORV-G01-05","Дословно: запрос «окпд 2 сопровождение 1с» в контексте 1С/учётных систем.","Коммерческая задача по теме группы CORV-G01-05 — «окпд 2 сопровождение 1с»","Сопровождение 1С","Информационный или смешанный интент без явного заказа услуги","HIGH","MEDIUM","match","planned_url_match","ACTIVE COMMERCIAL","ACTIVE: «окпд 2 сопровождение 1с» — заказ услуги «Сопровождение 1С»; ключевые сигналы: окпд, сопровождение.","SEMANTICALLY REVIEWED"
"kw-corv01-disc-611","программное сопровождение 1с","CORV-G01-05","Дословно: запрос «программное сопровождение 1с» в контексте 1С/учётных систем.","Коммерческая задача по теме группы CORV-G01-05 — «программное сопровождение 1с»","Сопровождение 1С","Информационный или смешанный интент без явного заказа услуги","HIGH","MEDIUM","match","planned_url_match","ACTIVE COMMERCIAL","ACTIVE: «программное сопровождение 1с» — заказ услуги «Сопровождение 1С»; ключевые сигналы: программное, сопровождение.","SEMANTICALLY REVIEWED"
"kw-corv01-003","сопровождение 1с","CORV-G01-05","Дословно: запрос «сопровождение 1с» в контексте 1С/учётных систем.","Коммерческая задача по теме группы CORV-G01-05 — «сопровождение 1с»","Сопровождение 1С","Информационный или смешанный интент без явного заказа услуги","HIGH","MEDIUM","match","planned_url_match","ACTIVE COMMERCIAL","ACTIVE: «сопровождение 1с» — заказ услуги «Сопровождение 1С»; ключевые сигналы: сопровождение.","SEMANTICALLY REVIEWED"
"kw-corv01-disc-623","сопровождение 1с 8","CORV-G01-05","Дословно: запрос «сопровождение 1с 8» в контексте 1С/учётных систем.","Коммерческая задача по теме группы CORV-G01-05 — «сопровождение 1с 8»","Сопровождение 1С","Информационный или смешанный интент без явного заказа услуги","HIGH","MEDIUM","match","planned_url_match","ACTIVE COMMERCIAL","ACTIVE: «сопровождение 1с 8» — заказ услуги «Сопровождение 1С»; ключевые сигналы: сопровождение.","SEMANTICALLY REVIEWED"
"kw-corv01-disc-634","сопровождение 1с 8.3","CORV-G01-05","Дословно: запрос «сопровождение 1с 8.3» в контексте 1С/учётных систем.","Коммерческая задача по теме группы CORV-G01-05 — «сопровождение 1с 8.3»","Сопровождение 1С","Информационный или смешанный интент без явного заказа услуги","MEDIUM","MEDIUM","match","planned_url_match","CONTROLLED TEST","CONTROLLED TEST: «сопровождение 1с 8.3» — смешанный интент; риск: Информационный или смешанный интент без явного заказа услуги; услуга: Сопровождение 1С.","SEMANTICALLY REVIEWED"
"kw-corv01-disc-615","сопровождение 1с бухгалтерия","CORV-G01-05","Дословно: запрос «сопровождение 1с бухгалтерия» в контексте 1С/учётных систем.","Коммерческая задача по теме группы CORV-G01-05 — «сопровождение 1с бухгалтерия»","Сопровождение 1С","Информационный или смешанный интент без явного заказа услуги","HIGH","MEDIUM","match","planned_url_match","ACTIVE COMMERCIAL","ACTIVE: «сопровождение 1с бухгалтерия» — заказ услуги «Сопровождение 1С»; ключевые сигналы: сопровождение, бухгалтерия.","SEMANTICALLY REVIEWED"
"kw-corv01-disc-624","сопровождение 1с итс","CORV-G01-05","Дословно: запрос «сопровождение 1с итс» в контексте 1С/учётных систем.","Коммерческая задача по теме группы CORV-G01-05 — «сопровождение 1с итс»","Сопровождение 1С","Информационный или смешанный интент без явного заказа услуги","HIGH","MEDIUM","match","planned_url_match","ACTIVE COMMERCIAL","ACTIVE: «сопровождение 1с итс» — заказ услуги «Сопровождение 1С»; ключевые сигналы: сопровождение, итс.","SEMANTICALLY REVIEWED"
"kw-corv01-disc-621","сопровождение 1с окпд","CORV-G01-05","Дословно: запрос «сопровождение 1с окпд» в контексте 1С/учётных систем.","Коммерческая задача по теме группы CORV-G01-05 — «сопровождение 1с окпд»","Сопровождение 1С","Информационный или смешанный интент без явного заказа услуги","HIGH","MEDIUM","match","planned_url_match","ACTIVE COMMERCIAL","ACTIVE: «сопровождение 1с окпд» — заказ услуги «Сопровождение 1С»; ключевые сигналы: сопровождение, окпд.","SEMANTICALLY REVIEWED"
"kw-corv01-disc-610","сопровождение 1с предприятие","CORV-G01-05","Дословно: запрос «сопровождение 1с предприятие» в контексте 1С/учётных систем.","Коммерческая задача по теме группы CORV-G01-05 — «сопровождение 1с предприятие»","Сопровождение 1С","Информационный или смешанный интент без явного заказа услуги","HIGH","MEDIUM","match","planned_url_match","ACTIVE COMMERCIAL","ACTIVE: «сопровождение 1с предприятие» — заказ услуги «Сопровождение 1С»; ключевые сигналы: сопровождение, предприятие.","SEMANTICALLY REVIEWED"
"kw-corv01-disc-616","сопровождение программных продуктов 1с","CORV-G01-05","Дословно: запрос «сопровождение программных продуктов 1с» в контексте 1С/учётных систем.","Коммерческая задача по теме группы CORV-G01-05 — «сопровождение программных продуктов 1с»","Сопровождение 1С","Информационный или смешанный интент без явного заказа услуги","HIGH","MEDIUM","match","planned_url_match","ACTIVE COMMERCIAL","ACTIVE: «сопровождение программных продуктов 1с» — заказ услуги «Сопровождение 1С»; ключевые сигналы: сопровождение, программных, продуктов.","SEMANTICALLY REVIEWED"
"kw-corv01-disc-612","сопровождение продуктов 1с","CORV-G01-05","Дословно: запрос «сопровождение продуктов 1с» в контексте 1С/учётных систем.","Коммерческая задача по теме группы CORV-G01-05 — «сопровождение продуктов 1с»","Сопровождение 1С","Информационный или смешанный интент без явного заказа услуги","HIGH","MEDIUM","match","planned_url_match","ACTIVE COMMERCIAL","ACTIVE: «сопровождение продуктов 1с» — заказ услуги «Сопровождение 1С»; ключевые сигналы: сопровождение, продуктов.","SEMANTICALLY REVIEWED"
"kw-corv01-disc-614","сопровождение системы 1с","CORV-G01-05","Дословно: запрос «сопровождение системы 1с» в контексте 1С/учётных систем.","Коммерческая задача по теме группы CORV-G01-05 — «сопровождение системы 1с»","Сопровождение 1С","Информационный или смешанный интент без явного заказа услуги","HIGH","MEDIUM","match","planned_url_match","ACTIVE COMMERCIAL","ACTIVE: «сопровождение системы 1с» — заказ услуги «Сопровождение 1С»; ключевые сигналы: сопровождение, системы.","SEMANTICALLY REVIEWED"
"kw-corv01-disc-629","сопровождение учета в 1с","CORV-G01-05","Дословно: запрос «сопровождение учета в 1с» в контексте 1С/учётных систем.","Коммерческая задача по теме группы CORV-G01-05 — «сопровождение учета в 1с»","Сопровождение 1С","Информационный или смешанный интент без явного заказа услуги","HIGH","MEDIUM","match","planned_url_match","ACTIVE COMMERCIAL","ACTIVE: «сопровождение учета в 1с» — заказ услуги «Сопровождение 1С»; ключевые сигналы: сопровождение, учета.","SEMANTICALLY REVIEWED"
"kw-corv01-disc-613","сопровождения программы 1с","CORV-G01-05","Дословно: запрос «сопровождения программы 1с» в контексте 1С/учётных систем.","Коммерческая задача по теме группы CORV-G01-05 — «сопровождения программы 1с»","Сопровождение 1С","Информационный или смешанный интент без явного заказа услуги","HIGH","MEDIUM","match","planned_url_match","ACTIVE COMMERCIAL","ACTIVE: «сопровождения программы 1с» — заказ услуги «Сопровождение 1С»; ключевые сигналы: сопровождения, программы.","SEMANTICALLY REVIEWED"
"kw-corv01-disc-626","техническое сопровождение 1с","CORV-G01-05","Дословно: запрос «техническое сопровождение 1с» в контексте 1С/учётных систем.","Коммерческая задача по теме группы CORV-G01-05 — «техническое сопровождение 1с»","Сопровождение 1С","Информационный или смешанный интент без явного заказа услуги","HIGH","MEDIUM","match","planned_url_match","ACTIVE COMMERCIAL","ACTIVE: «техническое сопровождение 1с» — заказ услуги «Сопровождение 1С»; ключевые сигналы: техническое, сопровождение.","SEMANTICALLY REVIEWED"
"kw-corv01-disc-620","технологическое сопровождение 1с","CORV-G01-05","Дословно: запрос «технологическое сопровождение 1с» в контексте 1С/учётных систем.","Коммерческая задача по теме группы CORV-G01-05 — «технологическое сопровождение 1с»","Сопровождение 1С","Информационный или смешанный интент без явного заказа услуги","HIGH","MEDIUM","match","planned_url_match","ACTIVE COMMERCIAL","ACTIVE: «технологическое сопровождение 1с» — заказ услуги «Сопровождение 1С»; ключевые сигналы: технологическое, сопровождение.","SEMANTICALLY REVIEWED"
"kw-corv01-disc-632","услуг по сопровождению программного продукта 1с","CORV-G01-05","Дословно: запрос «услуг по сопровождению программного продукта 1с» в контексте 1С/учётных систем.","Поиск специалиста 1С — «услуг по сопровождению программного продукта 1с»","Сопровождение 1С","Информационный или смешанный интент без явного заказа услуги","HIGH","MEDIUM","match","planned_url_match","ACTIVE COMMERCIAL","ACTIVE: «услуг по сопровождению программного продукта 1с» — заказ услуги «Сопровождение 1С»; ключевые сигналы: услуг, сопровождению, программного, продукта.","SEMANTICALLY REVIEWED"
"kw-corv01-disc-609","услуги по сопровождению 1с","CORV-G01-05","Дословно: запрос «услуги по сопровождению 1с» в контексте 1С/учётных систем.","Поиск специалиста 1С — «услуги по сопровождению 1с»","Сопровождение 1С","Информационный или смешанный интент без явного заказа услуги","HIGH","MEDIUM","match","planned_url_match","ACTIVE COMMERCIAL","ACTIVE: «услуги по сопровождению 1с» — заказ услуги «Сопровождение 1С»; ключевые сигналы: услуги, сопровождению.","SEMANTICALLY REVIEWED"
"kw-corv01-disc-619","центр сопровождения 1с","CORV-G01-05","Дословно: запрос «центр сопровождения 1с» в контексте 1С/учётных систем.","Коммерческая задача по теме группы CORV-G01-05 — «центр сопровождения 1с»","Сопровождение 1С","Информационный или смешанный интент без явного заказа услуги","HIGH","MEDIUM","match","planned_url_match","ACTIVE COMMERCIAL","ACTIVE: «центр сопровождения 1с» — заказ услуги «Сопровождение 1С»; ключевые сигналы: центр, сопровождения.","SEMANTICALLY REVIEWED"
"seed-CORV-G01-04-core-внедрение-1с","внедрение 1с","CORV-G01-04","Дословно: запрос «внедрение 1с» в контексте 1С/учётных систем.","Коммерческая задача по теме группы CORV-G01-04 — «внедрение 1с»","Внедрение 1С","Информационный или смешанный интент без явного заказа услуги","HIGH","MEDIUM","match","planned_url_match","ACTIVE COMMERCIAL","ACTIVE: «внедрение 1с» — заказ услуги «Внедрение 1С»; ключевые сигналы: внедрение.","SEMANTICALLY REVIEWED"
"kw-corv01-disc-509","внедренцы и программисты 1с","CORV-G01-04","Дословно: запрос «внедренцы и программисты 1с» в контексте 1С/учётных систем.","Поиск специалиста 1С — «внедренцы и программисты 1с»","Внедрение 1С","Информационный или смешанный интент без явного заказа услуги","HIGH","MEDIUM","match","planned_url_match","ACTIVE COMMERCIAL","ACTIVE: «внедренцы и программисты 1с» — заказ услуги «Внедрение 1С»; ключевые сигналы: внедренцы, программисты.","SEMANTICALLY REVIEWED"
"seed-CORV-G01-03-core-настройка-1с","настройка 1с","CORV-G01-03","Дословно: запрос «настройка 1с» в контексте 1С/учётных систем.","Заказ настройки/подключения — «настройка 1с»","Настройка 1С под задачи бизнеса","Информационный или смешанный интент без явного заказа услуги","HIGH","MEDIUM","match","planned_url_match","ACTIVE COMMERCIAL","ACTIVE: «настройка 1с» — заказ услуги «Настройка 1С под задачи бизнеса»; ключевые сигналы: настройка.","SEMANTICALLY REVIEWED"
"kw-corv01-disc-184","программист 1с настройка","CORV-G01-03","Дословно: запрос «программист 1с настройка» в контексте 1С/учётных систем.","Заказ настройки/подключения — «программист 1с настройка»","Настройка 1С под задачи бизнеса","Информационный или смешанный интент без явного заказа услуги","HIGH","MEDIUM","match","planned_url_match","ACTIVE COMMERCIAL","ACTIVE: «программист 1с настройка» — заказ услуги «Настройка 1С под задачи бизнеса»; ключевые сигналы: программист, настройка.","SEMANTICALLY REVIEWED"
"kw-corv01-disc-499","1с программист без образования","CORV-G01-08","Дословно: запрос «1с программист без образования» в контексте 1С/учётных систем.","Поиск специалиста 1С — «1с программист без образования»","Разовые работы программиста 1С","Информационный или смешанный интент без явного заказа услуги","HIGH","MEDIUM","match","planned_url_match","ACTIVE COMMERCIAL","ACTIVE: «1с программист без образования» — заказ услуги «Разовые работы программиста 1С»; ключевые сигналы: программист, без, образования.","SEMANTICALLY REVIEWED"
"kw-corv01-disc-550","ищу 1с программиста для разовой задачи","CORV-G01-08","Дословно: запрос «ищу 1с программиста для разовой задачи» в контексте 1С/учётных систем.","Поиск специалиста 1С — «ищу 1с программиста для разовой задачи»","Разовые работы программиста 1С","Информационный или смешанный интент без явного заказа услуги","HIGH","MEDIUM","match","planned_url_match","ACTIVE COMMERCIAL","ACTIVE: «ищу 1с программиста для разовой задачи» — заказ услуги «Разовые работы программиста 1С»; ключевые сигналы: ищу, программиста, для, разовой, задачи.","SEMANTICALLY REVIEWED"
"kw-corv01-disc-101","образование программист 1с","CORV-G01-08","Дословно: запрос «образование программист 1с» в контексте 1С/учётных систем.","Поиск специалиста 1С — «образование программист 1с»","Разовые работы программиста 1С","Информационный или смешанный интент без явного заказа услуги","HIGH","MEDIUM","match","planned_url_match","ACTIVE COMMERCIAL","ACTIVE: «образование программист 1с» — заказ услуги «Разовые работы программиста 1С»; ключевые сигналы: образование, программист.","SEMANTICALLY REVIEWED"
"kw-corv01-disc-591","программист 1с без высшего образования","CORV-G01-08","Дословно: запрос «программист 1с без высшего образования» в контексте 1С/учётных систем.","Поиск специалиста 1С — «программист 1с без высшего образования»","Разовые работы программиста 1С","Информационный или смешанный интент без явного заказа услуги","HIGH","MEDIUM","match","planned_url_match","ACTIVE COMMERCIAL","ACTIVE: «программист 1с без высшего образования» — заказ услуги «Разовые работы программиста 1С»; ключевые сигналы: программист, без, высшего, образования.","SEMANTICALLY REVIEWED"
"kw-corv01-disc-264","программист 1с высшее образование","CORV-G01-08","Дословно: запрос «программист 1с высшее образование» в контексте 1С/учётных систем.","Поиск специалиста 1С — «программист 1с высшее образование»","Разовые работы программиста 1С","Информационный или смешанный интент без явного заказа услуги","HIGH","MEDIUM","match","planned_url_match","ACTIVE COMMERCIAL","ACTIVE: «программист 1с высшее образование» — заказ услуги «Разовые работы программиста 1С»; ключевые сигналы: программист, высшее, образование.","SEMANTICALLY REVIEWED"
"seed-CORV-G01-08-core-разовая-дора","разовая доработка 1с","CORV-G01-08","Дословно: запрос «разовая доработка 1с» в контексте 1С/учётных систем.","Заказ доработки конфигурации — «разовая доработка 1с»","Разовые работы программиста 1С","Информационный или смешанный интент без явного заказа услуги","HIGH","MEDIUM","match","planned_url_match","ACTIVE COMMERCIAL","ACTIVE: «разовая доработка 1с» — заказ услуги «Разовые работы программиста 1С»; ключевые сигналы: разовая, доработка.","SEMANTICALLY REVIEWED"
"seed-CORV-G01-08-core-разовые-рабо","разовые работы 1с","CORV-G01-08","Дословно: запрос «разовые работы 1с» в контексте 1С/учётных систем.","Коммерческая задача по теме группы CORV-G01-08 — «разовые работы 1с»","Разовые работы программиста 1С","Информационный или смешанный интент без явного заказа услуги","HIGH","MEDIUM","match","planned_url_match","ACTIVE COMMERCIAL","ACTIVE: «разовые работы 1с» — заказ услуги «Разовые работы программиста 1С»; ключевые сигналы: разовые, работы.","SEMANTICALLY REVIEWED"
"kw-corv01-disc-037","1с программист 2026","CORV-G01-01","Дословно: запрос «1с программист 2026» в контексте 1С/учётных систем.","Поиск специалиста 1С — «1с программист 2026»","Услуги программиста 1С для организаций","Информационный или смешанный интент без явного заказа услуги","HIGH","MEDIUM","match","planned_url_match","ACTIVE COMMERCIAL","ACTIVE: «1с программист 2026» — заказ услуги «Услуги программиста 1С для организаций»; ключевые сигналы: программист, 2026.","SEMANTICALLY REVIEWED"
"kw-corv01-disc-041","задание программисту 1с","CORV-G01-01","Дословно: запрос «задание программисту 1с» в контексте 1С/учётных систем.","Поиск специалиста 1С — «задание программисту 1с»","Услуги программиста 1С для организаций","Информационный или смешанный интент без явного заказа услуги","HIGH","MEDIUM","match","planned_url_match","ACTIVE COMMERCIAL","ACTIVE: «задание программисту 1с» — заказ услуги «Услуги программиста 1С для организаций»; ключевые сигналы: задание, программисту.","SEMANTICALLY REVIEWED"
"kw-corv01-disc-054","задачи 1с программиста","CORV-G01-01","Дословно: запрос «задачи 1с программиста» в контексте 1С/учётных систем.","Поиск специалиста 1С — «задачи 1с программиста»","Услуги программиста 1С для организаций","Информационный или смешанный интент без явного заказа услуги","HIGH","MEDIUM","match","planned_url_match","ACTIVE COMMERCIAL","ACTIVE: «задачи 1с программиста» — заказ услуги «Услуги программиста 1С для организаций»; ключевые сигналы: задачи, программиста.","SEMANTICALLY REVIEWED"
"kw-corv01-disc-052","найти программиста 1с","CORV-G01-01","Дословно: запрос «найти программиста 1с» в контексте 1С/учётных систем.","Поиск специалиста 1С — «найти программиста 1с»","Услуги программиста 1С для организаций","Информационный или смешанный интент без явного заказа услуги","HIGH","MEDIUM","match","planned_url_match","ACTIVE COMMERCIAL","ACTIVE: «найти программиста 1с» — заказ услуги «Услуги программиста 1С для организаций»; ключевые сигналы: найти, программиста.","SEMANTICALLY REVIEWED"
"kw-corv01-disc-050","нужен программист 1с","CORV-G01-01","Дословно: запрос «нужен программист 1с» в контексте 1С/учётных систем.","Поиск специалиста 1С — «нужен программист 1с»","Услуги программиста 1С для организаций","Информационный или смешанный интент без явного заказа услуги","HIGH","MEDIUM","match","planned_url_match","ACTIVE COMMERCIAL","ACTIVE: «нужен программист 1с» — заказ услуги «Услуги программиста 1С для организаций»; ключевые сигналы: нужен, программист.","SEMANTICALLY REVIEWED"
"kw-corv01-disc-062","отзыв программисту 1с","CORV-G01-01","Дословно: запрос «отзыв программисту 1с» в контексте 1С/учётных систем.","Поиск специалиста 1С — «отзыв программисту 1с»","Услуги программиста 1С для организаций","Информационный или смешанный интент без явного заказа услуги","HIGH","MEDIUM","match","planned_url_match","ACTIVE COMMERCIAL","ACTIVE: «отзыв программисту 1с» — заказ услуги «Услуги программиста 1С для организаций»; ключевые сигналы: отзыв, программисту.","SEMANTICALLY REVIEWED"
"kw-corv01-disc-060","программа программист 1с","CORV-G01-01","Дословно: запрос «программа программист 1с» в контексте 1С/учётных систем.","Поиск специалиста 1С — «программа программист 1с»","Услуги программиста 1С для организаций","Информационный или смешанный интент без явного заказа услуги","HIGH","MEDIUM","match","planned_url_match","ACTIVE COMMERCIAL","ACTIVE: «программа программист 1с» — заказ услуги «Услуги программиста 1С для организаций»; ключевые сигналы: программа, программист.","SEMANTICALLY REVIEWED"
"kw-corv01-001","программист 1с","CORV-G01-01","Дословно: запрос «программист 1с» в контексте 1С/учётных систем.","Поиск специалиста 1С — «программист 1с»","Услуги программиста 1С для организаций","Информационный или смешанный интент без явного заказа услуги","HIGH","MEDIUM","match","planned_url_match","ACTIVE COMMERCIAL","ACTIVE: «программист 1с» — заказ услуги «Услуги программиста 1С для организаций»; ключевые сигналы: программист.","SEMANTICALLY REVIEWED"
"kw-corv01-disc-056","программист 1с предприятие","CORV-G01-01","Дословно: запрос «программист 1с предприятие» в контексте 1С/учётных систем.","Поиск специалиста 1С — «программист 1с предприятие»","Услуги программиста 1С для организаций","Информационный или смешанный интент без явного заказа услуги","HIGH","MEDIUM","match","planned_url_match","ACTIVE COMMERCIAL","ACTIVE: «программист 1с предприятие» — заказ услуги «Услуги программиста 1С для организаций»; ключевые сигналы: программист, предприятие.","SEMANTICALLY REVIEWED"
"kw-corv01-disc-026","программист 1с удаленно","CORV-G01-01","Дословно: запрос «программист 1с удаленно» в контексте 1С/учётных систем.","Поиск специалиста 1С — «программист 1с удаленно»","Услуги программиста 1С для организаций","Информационный или смешанный интент без явного заказа услуги","HIGH","MEDIUM","match","planned_url_match","ACTIVE COMMERCIAL","ACTIVE: «программист 1с удаленно» — заказ услуги «Услуги программиста 1С для организаций»; ключевые сигналы: программист, удаленно.","SEMANTICALLY REVIEWED"
"kw-corv01-disc-061","программист аналитик 1с","CORV-G01-01","Дословно: запрос «программист аналитик 1с» в контексте 1С/учётных систем.","Поиск специалиста 1С — «программист аналитик 1с»","Услуги программиста 1С для организаций","Информационный или смешанный интент без явного заказа услуги","HIGH","MEDIUM","match","planned_url_match","ACTIVE COMMERCIAL","ACTIVE: «программист аналитик 1с» — заказ услуги «Услуги программиста 1С для организаций»; ключевые сигналы: программист, аналитик.","SEMANTICALLY REVIEWED"
"kw-corv01-disc-038","программист разработчик 1с","CORV-G01-01","Дословно: запрос «программист разработчик 1с» в контексте 1С/учётных систем.","Поиск специалиста 1С — «программист разработчик 1с»","Услуги программиста 1С для организаций","Информационный или смешанный интент без явного заказа услуги","HIGH","MEDIUM","match","planned_url_match","ACTIVE COMMERCIAL","ACTIVE: «программист разработчик 1с» — заказ услуги «Услуги программиста 1С для организаций»; ключевые сигналы: программист, разработчик.","SEMANTICALLY REVIEWED"
"kw-corv01-disc-048","программисты 1с спб","CORV-G01-01","Дословно: запрос «программисты 1с спб» в контексте 1С/учётных систем.","Поиск специалиста 1С — «программисты 1с спб»","Услуги программиста 1С для организаций","Информационный или смешанный интент без явного заказа услуги","HIGH","MEDIUM","match","planned_url_match","ACTIVE COMMERCIAL","ACTIVE: «программисты 1с спб» — заказ услуги «Услуги программиста 1С для организаций»; ключевые сигналы: программисты, спб.","SEMANTICALLY REVIEWED"
"kw-corv01-disc-053","работать программистом 1с","CORV-G01-01","Дословно: запрос «работать программистом 1с» в контексте 1С/учётных систем.","Поиск специалиста 1С — «работать программистом 1с»","Услуги программиста 1С для организаций","Информационный или смешанный интент без явного заказа услуги","HIGH","MEDIUM","match","planned_url_match","ACTIVE COMMERCIAL","ACTIVE: «работать программистом 1с» — заказ услуги «Услуги программиста 1С для организаций»; ключевые сигналы: работать, программистом.","SEMANTICALLY REVIEWED"
"kw-corv01-disc-064","сколько зарабатывает программист 1с","CORV-G01-01","Дословно: запрос «сколько зарабатывает программист 1с» в контексте 1С/учётных систем.","Поиск специалиста 1С — «сколько зарабатывает программист 1с»","Услуги программиста 1С для организаций","Информационный или смешанный интент без явного заказа услуги","HIGH","MEDIUM","match","planned_url_match","ACTIVE COMMERCIAL","ACTIVE: «сколько зарабатывает программист 1с» — заказ услуги «Услуги программиста 1С для организаций»; ключевые сигналы: сколько, зарабатывает, программист.","SEMANTICALLY REVIEWED"
"kw-corv01-disc-033","сколько программистов 1с","CORV-G01-01","Дословно: запрос «сколько программистов 1с» в контексте 1С/учётных систем.","Поиск специалиста 1С — «сколько программистов 1с»","Услуги программиста 1С для организаций","Информационный или смешанный интент без явного заказа услуги","HIGH","MEDIUM","match","planned_url_match","ACTIVE COMMERCIAL","ACTIVE: «сколько программистов 1с» — заказ услуги «Услуги программиста 1С для организаций»; ключевые сигналы: сколько, программистов.","SEMANTICALLY REVIEWED"
"kw-corv01-disc-042","стал программистом 1с","CORV-G01-01","Дословно: запрос «стал программистом 1с» в контексте 1С/учётных систем.","Поиск специалиста 1С — «стал программистом 1с»","Услуги программиста 1С для организаций","Информационный или смешанный интент без явного заказа услуги","HIGH","MEDIUM","match","planned_url_match","ACTIVE COMMERCIAL","ACTIVE: «стал программистом 1с» — заказ услуги «Услуги программиста 1С для организаций»; ключевые сигналы: стал, программистом.","SEMANTICALLY REVIEWED"
"kw-corv01-disc-044","стоимость 1с программисты","CORV-G01-01","Дословно: запрос «стоимость 1с программисты» в контексте 1С/учётных систем.","Поиск специалиста 1С — «стоимость 1с программисты»","Услуги программиста 1С для организаций","Информационный или смешанный интент без явного заказа услуги","HIGH","MEDIUM","match","planned_url_match","ACTIVE COMMERCIAL","ACTIVE: «стоимость 1с программисты» — заказ услуги «Услуги программиста 1С для организаций»; ключевые сигналы: стоимость, программисты.","SEMANTICALLY REVIEWED"
"kw-corv01-disc-059","стоимость часа 1с программиста","CORV-G01-01","Дословно: запрос «стоимость часа 1с программиста» в контексте 1С/учётных систем.","Поиск специалиста 1С — «стоимость часа 1с программиста»","Услуги программиста 1С для организаций","Информационный или смешанный интент без явного заказа услуги","HIGH","MEDIUM","match","planned_url_match","ACTIVE COMMERCIAL","ACTIVE: «стоимость часа 1с программиста» — заказ услуги «Услуги программиста 1С для организаций»; ключевые сигналы: стоимость, часа, программиста.","SEMANTICALLY REVIEWED"
"kw-corv01-disc-066","технические задания программистам 1с","CORV-G01-01","Дословно: запрос «технические задания программистам 1с» в контексте 1С/учётных систем.","Поиск специалиста 1С — «технические задания программистам 1с»","Услуги программиста 1С для организаций","Информационный или смешанный интент без явного заказа услуги","HIGH","MEDIUM","match","planned_url_match","ACTIVE COMMERCIAL","ACTIVE: «технические задания программистам 1с» — заказ услуги «Услуги программиста 1С для организаций»; ключевые сигналы: технические, задания, программистам.","SEMANTICALLY REVIEWED"
"kw-corv01-disc-039","услуги программиста 1с","CORV-G01-01","Дословно: запрос «услуги программиста 1с» в контексте 1С/учётных систем.","Поиск специалиста 1С — «услуги программиста 1с»","Услуги программиста 1С для организаций","Информационный или смешанный интент без явного заказа услуги","HIGH","MEDIUM","match","planned_url_match","ACTIVE COMMERCIAL","ACTIVE: «услуги программиста 1с» — заказ услуги «Услуги программиста 1С для организаций»; ключевые сигналы: услуги, программиста.","SEMANTICALLY REVIEWED"
"kw-corv01-disc-034","часа программиста 1с","CORV-G01-01","Дословно: запрос «часа программиста 1с» в контексте 1С/учётных систем.","Поиск специалиста 1С — «часа программиста 1с»","Услуги программиста 1С для организаций","Информационный или смешанный интент без явного заказа услуги","HIGH","MEDIUM","match","planned_url_match","ACTIVE COMMERCIAL","ACTIVE: «часа программиста 1с» — заказ услуги «Услуги программиста 1С для организаций»; ключевые сигналы: часа, программиста.","SEMANTICALLY REVIEWED"