slot_id,campaign_id,campaign_name,service,mode,group_id,group_name,phrase,normalized_phrase,source_decision,source_geo,expected_xlsx,authority_source_file,authority_source_row_or_key,status,filename,xlsx_row,bid,landing_url
EXP-000001,CA-01-LOCAL,Корво Неро — Программист 1С — Новосибирск и область — поиск,CA-01,LOCAL,ca-01-find-hire-specialist,Программист 1С — поиск специалиста,где найти программиста 1с,где найти программиста 1с,DEPLOYABLE_GROUP_PLAN,LOCAL,CORVONERO-CA-01-LOCAL-PROGRAMMIST-1S-COMMANDER-IMPORT-v2.6.1.xlsx,CORVONERO-CAMPAIGN-V2.6-FINAL-GROUP-PLAN-v1.json,CA-01-LOCAL::ca-01-find-hire-specialist::где найти программиста 1с,expected_and_present,CORVONERO-CA-01-LOCAL-PROGRAMMIST-1S-COMMANDER-IMPORT-v2.6.1.xlsx,17,500,
EXP-000002,CA-01-LOCAL,Корво Неро — Программист 1С — Новосибирск и область — поиск,CA-01,LOCAL,ca-01-find-hire-specialist,Программист 1С — поиск специалиста,ищу 1с программиста для разовой задачи,ищу 1с программиста для разовой задачи,DEPLOYABLE_GROUP_PLAN,LOCAL,CORVONERO-CA-01-LOCAL-PROGRAMMIST-1S-COMMANDER-IMPORT-v2.6.1.xlsx,CORVONERO-CAMPAIGN-V2.6-FINAL-GROUP-PLAN-v1.json,CA-01-LOCAL::ca-01-find-hire-specialist::ищу 1с программиста для разовой задачи,expected_and_present,CORVONERO-CA-01-LOCAL-PROGRAMMIST-1S-COMMANDER-IMPORT-v2.6.1.xlsx,18,490,
EXP-000003,CA-01-LOCAL,Корво Неро — Программист 1С — Новосибирск и область — поиск,CA-01,LOCAL,ca-01-find-hire-specialist,Программист 1С — поиск специалиста,ищу программист 1с,ищу программист 1с,DEPLOYABLE_GROUP_PLAN,LOCAL,CORVONERO-CA-01-LOCAL-PROGRAMMIST-1S-COMMANDER-IMPORT-v2.6.1.xlsx,CORVONERO-CAMPAIGN-V2.6-FINAL-GROUP-PLAN-v1.json,CA-01-LOCAL::ca-01-find-hire-specialist::ищу программист 1с,expected_and_present,CORVONERO-CA-01-LOCAL-PROGRAMMIST-1S-COMMANDER-IMPORT-v2.6.1.xlsx,19,480,
EXP-000004,CA-01-LOCAL,Корво Неро — Программист 1С — Новосибирск и область — поиск,CA-01,LOCAL,ca-01-find-hire-specialist,Программист 1С — поиск специалиста,найти программиста 1с,найти программиста 1с,DEPLOYABLE_GROUP_PLAN,LOCAL,CORVONERO-CA-01-LOCAL-PROGRAMMIST-1S-COMMANDER-IMPORT-v2.6.1.xlsx,CORVONERO-CAMPAIGN-V2.6-FINAL-GROUP-PLAN-v1.json,CA-01-LOCAL::ca-01-find-hire-specialist::найти программиста 1с,expected_and_present,CORVONERO-CA-01-LOCAL-PROGRAMMIST-1S-COMMANDER-IMPORT-v2.6.1.xlsx,20,470,
EXP-000005,CA-01-LOCAL,Корво Неро — Программист 1С — Новосибирск и область — поиск,CA-01,LOCAL,ca-01-find-hire-specialist,Программист 1С — поиск специалиста,нужен программист 1с,нужен программист 1с,DEPLOYABLE_GROUP_PLAN,LOCAL,CORVONERO-CA-01-LOCAL-PROGRAMMIST-1S-COMMANDER-IMPORT-v2.6.1.xlsx,CORVONERO-CAMPAIGN-V2.6-FINAL-GROUP-PLAN-v1.json,CA-01-LOCAL::ca-01-find-hire-specialist::нужен программист 1с,expected_and_present,CORVONERO-CA-01-LOCAL-PROGRAMMIST-1S-COMMANDER-IMPORT-v2.6.1.xlsx,21,460,
EXP-000006,CA-01-LOCAL,Корво Неро — Программист 1С — Новосибирск и область — поиск,CA-01,LOCAL,ca-01-find-hire-specialist,Программист 1С — поиск специалиста,нужен программист 1с для доработок,нужен программист 1с для доработок,DEPLOYABLE_GROUP_PLAN,LOCAL,CORVONERO-CA-01-LOCAL-PROGRAMMIST-1S-COMMANDER-IMPORT-v2.6.1.xlsx,CORVONERO-CAMPAIGN-V2.6-FINAL-GROUP-PLAN-v1.json,CA-01-LOCAL::ca-01-find-hire-specialist::нужен программист 1с для доработок,expected_and_present,CORVONERO-CA-01-LOCAL-PROGRAMMIST-1S-COMMANDER-IMPORT-v2.6.1.xlsx,22,450,
EXP-000007,CA-01-LOCAL,Корво Неро — Программист 1С — Новосибирск и область — поиск,CA-01,LOCAL,ca-01-find-hire-specialist,Программист 1С — поиск специалиста,программист 1с зуп,программист 1с зуп,DEPLOYABLE_GROUP_PLAN,LOCAL,CORVONERO-CA-01-LOCAL-PROGRAMMIST-1S-COMMANDER-IMPORT-v2.6.1.xlsx,CORVONERO-CAMPAIGN-V2.6-FINAL-GROUP-PLAN-v1.json,CA-01-LOCAL::ca-01-find-hire-specialist::программист 1с зуп,expected_and_present,CORVONERO-CA-01-LOCAL-PROGRAMMIST-1S-COMMANDER-IMPORT-v2.6.1.xlsx,23,440,
EXP-000008,CA-01-LOCAL,Корво Неро — Программист 1С — Новосибирск и область — поиск,CA-01,LOCAL,ca-01-find-hire-specialist,Программист 1С — поиск специалиста,программист 1с найти специалиста,программист 1с найти специалиста,DEPLOYABLE_GROUP_PLAN,LOCAL,CORVONERO-CA-01-LOCAL-PROGRAMMIST-1S-COMMANDER-IMPORT-v2.6.1.xlsx,CORVONERO-CAMPAIGN-V2.6-FINAL-GROUP-PLAN-v1.json,CA-01-LOCAL::ca-01-find-hire-specialist::программист 1с найти специалиста,expected_and_present,CORVONERO-CA-01-LOCAL-PROGRAMMIST-1S-COMMANDER-IMPORT-v2.6.1.xlsx,24,430,
EXP-000009,CA-01-LOCAL,Корво Неро — Программист 1С — Новосибирск и область — поиск,CA-01,LOCAL,ca-01-find-hire-specialist,Программист 1С — поиск специалиста,программист 1с унф,программист 1с унф,DEPLOYABLE_GROUP_PLAN,LOCAL,CORVONERO-CA-01-LOCAL-PROGRAMMIST-1S-COMMANDER-IMPORT-v2.6.1.xlsx,CORVONERO-CAMPAIGN-V2.6-FINAL-GROUP-PLAN-v1.json,CA-01-LOCAL::ca-01-find-hire-specialist::программист 1с унф,expected_and_present,CORVONERO-CA-01-LOCAL-PROGRAMMIST-1S-COMMANDER-IMPORT-v2.6.1.xlsx,25,420,
EXP-000010,CA-01-LOCAL,Корво Неро — Программист 1С — Новосибирск и область — поиск,CA-01,LOCAL,ca-01-find-hire-specialist,Программист 1С — поиск специалиста,программист 1с ут,программист 1с ут,DEPLOYABLE_GROUP_PLAN,LOCAL,CORVONERO-CA-01-LOCAL-PROGRAMMIST-1S-COMMANDER-IMPORT-v2.6.1.xlsx,CORVONERO-CAMPAIGN-V2.6-FINAL-GROUP-PLAN-v1.json,CA-01-LOCAL::ca-01-find-hire-specialist::программист 1с ут,expected_and_present,CORVONERO-CA-01-LOCAL-PROGRAMMIST-1S-COMMANDER-IMPORT-v2.6.1.xlsx,26,410,
EXP-000011,CA-01-LOCAL,Корво Неро — Программист 1С — Новосибирск и область — поиск,CA-01,LOCAL,ca-01-find-hire-specialist,Программист 1С — поиск специалиста,услуги программиста 1с,услуги программиста 1с,DEPLOYABLE_GROUP_PLAN,LOCAL,CORVONERO-CA-01-LOCAL-PROGRAMMIST-1S-COMMANDER-IMPORT-v2.6.1.xlsx,CORVONERO-CAMPAIGN-V2.6-FINAL-GROUP-PLAN-v1.json,CA-01-LOCAL::ca-01-find-hire-specialist::услуги программиста 1с,expected_and_present,CORVONERO-CA-01-LOCAL-PROGRAMMIST-1S-COMMANDER-IMPORT-v2.6.1.xlsx,27,500,
EXP-000012,CA-01-LOCAL,Корво Неро — Программист 1С — Новосибирск и область — поиск,CA-01,LOCAL,ca-01-find-hire-specialist,Программист 1С — поиск специалиста,фриланс 1с программист,фриланс 1с программист,DEPLOYABLE_GROUP_PLAN,LOCAL,CORVONERO-CA-01-LOCAL-PROGRAMMIST-1S-COMMANDER-IMPORT-v2.6.1.xlsx,CORVONERO-CAMPAIGN-V2.6-FINAL-GROUP-PLAN-v1.json,CA-01-LOCAL::ca-01-find-hire-specialist::фриланс 1с программист,expected_and_present,CORVONERO-CA-01-LOCAL-PROGRAMMIST-1S-COMMANDER-IMPORT-v2.6.1.xlsx,28,490,
EXP-000013,CA-01-LOCAL,Корво Неро — Программист 1С — Новосибирск и область — поиск,CA-01,LOCAL,ca-01-find-hire-specialist,Программист 1С — поиск специалиста,частный программист 1с,частный программист 1с,DEPLOYABLE_GROUP_PLAN,LOCAL,CORVONERO-CA-01-LOCAL-PROGRAMMIST-1S-COMMANDER-IMPORT-v2.6.1.xlsx,CORVONERO-CAMPAIGN-V2.6-FINAL-GROUP-PLAN-v1.json,CA-01-LOCAL::ca-01-find-hire-specialist::частный программист 1с,expected_and_present,CORVONERO-CA-01-LOCAL-PROGRAMMIST-1S-COMMANDER-IMPORT-v2.6.1.xlsx,29,480,
EXP-000014,CA-01-LOCAL,Корво Неро — Программист 1С — Новосибирск и область — поиск,CA-01,LOCAL,ca-01-price-intent,Программист 1С — стоимость часа,1 час работы программиста 1с,1 час работы программиста 1с,DEPLOYABLE_GROUP_PLAN,LOCAL,CORVONERO-CA-01-LOCAL-PROGRAMMIST-1S-COMMANDER-IMPORT-v2.6.1.xlsx,CORVONERO-CAMPAIGN-V2.6-FINAL-GROUP-PLAN-v1.json,CA-01-LOCAL::ca-01-price-intent::1 час работы программиста 1с,expected_and_present,CORVONERO-CA-01-LOCAL-PROGRAMMIST-1S-COMMANDER-IMPORT-v2.6.1.xlsx,31,500,
EXP-000015,CA-01-LOCAL,Корво Неро — Программист 1С — Новосибирск и область — поиск,CA-01,LOCAL,ca-01-price-intent,Программист 1С — стоимость часа,1с стоимость работы программиста,1с стоимость работы программиста,DEPLOYABLE_GROUP_PLAN,LOCAL,CORVONERO-CA-01-LOCAL-PROGRAMMIST-1S-COMMANDER-IMPORT-v2.6.1.xlsx,CORVONERO-CAMPAIGN-V2.6-FINAL-GROUP-PLAN-v1.json,CA-01-LOCAL::ca-01-price-intent::1с стоимость работы программиста,expected_and_present,CORVONERO-CA-01-LOCAL-PROGRAMMIST-1S-COMMANDER-IMPORT-v2.6.1.xlsx,32,490,
EXP-000016,CA-01-LOCAL,Корво Неро — Программист 1С — Новосибирск и область — поиск,CA-01,LOCAL,ca-01-price-intent,Программист 1С — стоимость часа,нормо час программиста 1с,нормо час программиста 1с,DEPLOYABLE_GROUP_PLAN,LOCAL,CORVONERO-CA-01-LOCAL-PROGRAMMIST-1S-COMMANDER-IMPORT-v2.6.1.xlsx,CORVONERO-CAMPAIGN-V2.6-FINAL-GROUP-PLAN-v1.json,CA-01-LOCAL::ca-01-price-intent::нормо час программиста 1с,expected_and_present,CORVONERO-CA-01-LOCAL-PROGRAMMIST-1S-COMMANDER-IMPORT-v2.6.1.xlsx,33,480,
EXP-000017,CA-01-LOCAL,Корво Неро — Программист 1С — Новосибирск и область — поиск,CA-01,LOCAL,ca-01-price-intent,Программист 1С — стоимость часа,программист 1с 1 час,программист 1с 1 час,DEPLOYABLE_GROUP_PLAN,LOCAL,CORVONERO-CA-01-LOCAL-PROGRAMMIST-1S-COMMANDER-IMPORT-v2.6.1.xlsx,CORVONERO-CAMPAIGN-V2.6-FINAL-GROUP-PLAN-v1.json,CA-01-LOCAL::ca-01-price-intent::программист 1с 1 час,expected_and_present,CORVONERO-CA-01-LOCAL-PROGRAMMIST-1S-COMMANDER-IMPORT-v2.6.1.xlsx,34,470,
EXP-000018,CA-01-LOCAL,Корво Неро — Программист 1С — Новосибирск и область — поиск,CA-01,LOCAL,ca-01-price-intent,Программист 1С — стоимость часа,программист 1с стоимость 1 часа,программист 1с стоимость 1 часа,DEPLOYABLE_GROUP_PLAN,LOCAL,CORVONERO-CA-01-LOCAL-PROGRAMMIST-1S-COMMANDER-IMPORT-v2.6.1.xlsx,CORVONERO-CAMPAIGN-V2.6-FINAL-GROUP-PLAN-v1.json,CA-01-LOCAL::ca-01-price-intent::программист 1с стоимость 1 часа,expected_and_present,CORVONERO-CA-01-LOCAL-PROGRAMMIST-1S-COMMANDER-IMPORT-v2.6.1.xlsx,35,460,
EXP-000019,CA-01-LOCAL,Корво Неро — Программист 1С — Новосибирск и область — поиск,CA-01,LOCAL,ca-01-price-intent,Программист 1С — стоимость часа,программист 1с цена за час,программист 1с цена за час,DEPLOYABLE_GROUP_PLAN,LOCAL,CORVONERO-CA-01-LOCAL-PROGRAMMIST-1S-COMMANDER-IMPORT-v2.6.1.xlsx,CORVONERO-CAMPAIGN-V2.6-FINAL-GROUP-PLAN-v1.json,CA-01-LOCAL::ca-01-price-intent::программист 1с цена за час,expected_and_present,CORVONERO-CA-01-LOCAL-PROGRAMMIST-1S-COMMANDER-IMPORT-v2.6.1.xlsx,36,450,
EXP-000020,CA-01-LOCAL,Корво Неро — Программист 1С — Новосибирск и область — поиск,CA-01,LOCAL,ca-01-price-intent,Программист 1С — стоимость часа,программисты 1с цена,программисты 1с цена,DEPLOYABLE_GROUP_PLAN,LOCAL,CORVONERO-CA-01-LOCAL-PROGRAMMIST-1S-COMMANDER-IMPORT-v2.6.1.xlsx,CORVONERO-CAMPAIGN-V2.6-FINAL-GROUP-PLAN-v1.json,CA-01-LOCAL::ca-01-price-intent::программисты 1с цена,expected_and_present,CORVONERO-CA-01-LOCAL-PROGRAMMIST-1S-COMMANDER-IMPORT-v2.6.1.xlsx,37,440,
EXP-000021,CA-01-LOCAL,Корво Неро — Программист 1С — Новосибирск и область — поиск,CA-01,LOCAL,ca-01-price-intent,Программист 1С — стоимость часа,рекомендованная стоимость часа 1с программиста,рекомендованная стоимость часа 1с программиста,DEPLOYABLE_GROUP_PLAN,LOCAL,CORVONERO-CA-01-LOCAL-PROGRAMMIST-1S-COMMANDER-IMPORT-v2.6.1.xlsx,CORVONERO-CAMPAIGN-V2.6-FINAL-GROUP-PLAN-v1.json,CA-01-LOCAL::ca-01-price-intent::рекомендованная стоимость часа 1с программиста,expected_and_present,CORVONERO-CA-01-LOCAL-PROGRAMMIST-1S-COMMANDER-IMPORT-v2.6.1.xlsx,38,430,
EXP-000022,CA-01-LOCAL,Корво Неро — Программист 1С — Новосибирск и область — поиск,CA-01,LOCAL,ca-01-price-intent,Программист 1С — стоимость часа,сколько стоит 1 час работы программиста 1с,сколько стоит 1 час работы программиста 1с,DEPLOYABLE_GROUP_PLAN,LOCAL,CORVONERO-CA-01-LOCAL-PROGRAMMIST-1S-COMMANDER-IMPORT-v2.6.1.xlsx,CORVONERO-CAMPAIGN-V2.6-FINAL-GROUP-PLAN-v1.json,CA-01-LOCAL::ca-01-price-intent::сколько стоит 1 час работы программиста 1с,expected_and_present,CORVONERO-CA-01-LOCAL-PROGRAMMIST-1S-COMMANDER-IMPORT-v2.6.1.xlsx,39,420,
EXP-000023,CA-01-LOCAL,Корво Неро — Программист 1С — Новосибирск и область — поиск,CA-01,LOCAL,ca-01-price-intent,Программист 1С — стоимость часа,сколько стоит программист 1с,сколько стоит программист 1с,DEPLOYABLE_GROUP_PLAN,LOCAL,CORVONERO-CA-01-LOCAL-PROGRAMMIST-1S-COMMANDER-IMPORT-v2.6.1.xlsx,CORVONERO-CAMPAIGN-V2.6-FINAL-GROUP-PLAN-v1.json,CA-01-LOCAL::ca-01-price-intent::сколько стоит программист 1с,expected_and_present,CORVONERO-CA-01-LOCAL-PROGRAMMIST-1S-COMMANDER-IMPORT-v2.6.1.xlsx,40,410,
EXP-000024,CA-01-LOCAL,Корво Неро — Программист 1С — Новосибирск и область — поиск,CA-01,LOCAL,ca-01-price-intent,Программист 1С — стоимость часа,сколько стоит час программиста 1с,сколько стоит час программиста 1с,DEPLOYABLE_GROUP_PLAN,LOCAL,CORVONERO-CA-01-LOCAL-PROGRAMMIST-1S-COMMANDER-IMPORT-v2.6.1.xlsx,CORVONERO-CAMPAIGN-V2.6-FINAL-GROUP-PLAN-v1.json,CA-01-LOCAL::ca-01-price-intent::сколько стоит час программиста 1с,expected_and_present,CORVONERO-CA-01-LOCAL-PROGRAMMIST-1S-COMMANDER-IMPORT-v2.6.1.xlsx,41,500,
EXP-000025,CA-01-LOCAL,Корво Неро — Программист 1С — Новосибирск и область — поиск,CA-01,LOCAL,ca-01-price-intent,Программист 1С — стоимость часа,сколько стоит час работы программиста 1с,сколько стоит час работы программиста 1с,DEPLOYABLE_GROUP_PLAN,LOCAL,CORVONERO-CA-01-LOCAL-PROGRAMMIST-1S-COMMANDER-IMPORT-v2.6.1.xlsx,CORVONERO-CAMPAIGN-V2.6-FINAL-GROUP-PLAN-v1.json,CA-01-LOCAL::ca-01-price-intent::сколько стоит час работы программиста 1с,expected_and_present,CORVONERO-CA-01-LOCAL-PROGRAMMIST-1S-COMMANDER-IMPORT-v2.6.1.xlsx,42,490,
EXP-000026,CA-01-LOCAL,Корво Неро — Программист 1С — Новосибирск и область — поиск,CA-01,LOCAL,ca-01-price-intent,Программист 1С — стоимость часа,сопровождение 1с стоимость 1 часа,сопровождение 1с стоимость 1 часа,DEPLOYABLE_GROUP_PLAN,LOCAL,CORVONERO-CA-01-LOCAL-PROGRAMMIST-1S-COMMANDER-IMPORT-v2.6.1.xlsx,CORVONERO-CAMPAIGN-V2.6-FINAL-GROUP-PLAN-v1.json,CA-01-LOCAL::ca-01-price-intent::сопровождение 1с стоимость 1 часа,expected_and_present,CORVONERO-CA-01-LOCAL-PROGRAMMIST-1S-COMMANDER-IMPORT-v2.6.1.xlsx,43,480,
EXP-000027,CA-01-LOCAL,Корво Неро — Программист 1С — Новосибирск и область — поиск,CA-01,LOCAL,ca-01-price-intent,Программист 1С — стоимость часа,ставка часа программиста 1с,ставка часа программиста 1с,DEPLOYABLE_GROUP_PLAN,LOCAL,CORVONERO-CA-01-LOCAL-PROGRAMMIST-1S-COMMANDER-IMPORT-v2.6.1.xlsx,CORVONERO-CAMPAIGN-V2.6-FINAL-GROUP-PLAN-v1.json,CA-01-LOCAL::ca-01-price-intent::ставка часа программиста 1с,expected_and_present,CORVONERO-CA-01-LOCAL-PROGRAMMIST-1S-COMMANDER-IMPORT-v2.6.1.xlsx,44,470,
EXP-000028,CA-01-LOCAL,Корво Неро — Программист 1С — Новосибирск и область — поиск,CA-01,LOCAL,ca-01-price-intent,Программист 1С — стоимость часа,стоимость 1 часа работы программиста 1с,стоимость 1 часа работы программиста 1с,DEPLOYABLE_GROUP_PLAN,LOCAL,CORVONERO-CA-01-LOCAL-PROGRAMMIST-1S-COMMANDER-IMPORT-v2.6.1.xlsx,CORVONERO-CAMPAIGN-V2.6-FINAL-GROUP-PLAN-v1.json,CA-01-LOCAL::ca-01-price-intent::стоимость 1 часа работы программиста 1с,expected_and_present,CORVONERO-CA-01-LOCAL-PROGRAMMIST-1S-COMMANDER-IMPORT-v2.6.1.xlsx,45,460,
EXP-000029,CA-01-LOCAL,Корво Неро — Программист 1С — Новосибирск и область — поиск,CA-01,LOCAL,ca-01-price-intent,Программист 1С — стоимость часа,стоимость 1с программисты,стоимость 1с программисты,DEPLOYABLE_GROUP_PLAN,LOCAL,CORVONERO-CA-01-LOCAL-PROGRAMMIST-1S-COMMANDER-IMPORT-v2.6.1.xlsx,CORVONERO-CAMPAIGN-V2.6-FINAL-GROUP-PLAN-v1.json,CA-01-LOCAL::ca-01-price-intent::стоимость 1с программисты,expected_and_present,CORVONERO-CA-01-LOCAL-PROGRAMMIST-1S-COMMANDER-IMPORT-v2.6.1.xlsx,46,450,
EXP-000030,CA-01-LOCAL,Корво Неро — Программист 1С — Новосибирск и область — поиск,CA-01,LOCAL,ca-01-price-intent,Программист 1С — стоимость часа,стоимость работы программиста 1с в час,стоимость работы программиста 1с в час,DEPLOYABLE_GROUP_PLAN,LOCAL,CORVONERO-CA-01-LOCAL-PROGRAMMIST-1S-COMMANDER-IMPORT-v2.6.1.xlsx,CORVONERO-CAMPAIGN-V2.6-FINAL-GROUP-PLAN-v1.json,CA-01-LOCAL::ca-01-price-intent::стоимость работы программиста 1с в час,expected_and_present,CORVONERO-CA-01-LOCAL-PROGRAMMIST-1S-COMMANDER-IMPORT-v2.6.1.xlsx,47,440,
EXP-000031,CA-01-LOCAL,Корво Неро — Программист 1С — Новосибирск и область — поиск,CA-01,LOCAL,ca-01-price-intent,Программист 1С — стоимость часа,стоимость услуг 1с программиста,стоимость услуг 1с программиста,DEPLOYABLE_GROUP_PLAN,LOCAL,CORVONERO-CA-01-LOCAL-PROGRAMMIST-1S-COMMANDER-IMPORT-v2.6.1.xlsx,CORVONERO-CAMPAIGN-V2.6-FINAL-GROUP-PLAN-v1.json,CA-01-LOCAL::ca-01-price-intent::стоимость услуг 1с программиста,expected_and_present,CORVONERO-CA-01-LOCAL-PROGRAMMIST-1S-COMMANDER-IMPORT-v2.6.1.xlsx,48,430,
EXP-000032,CA-01-LOCAL,Корво Неро — Программист 1С — Новосибирск и область — поиск,CA-01,LOCAL,ca-01-price-intent,Программист 1С — стоимость часа,стоимость услуг программиста 1с в час,стоимость услуг программиста 1с в час,DEPLOYABLE_GROUP_PLAN,LOCAL,CORVONERO-CA-01-LOCAL-PROGRAMMIST-1S-COMMANDER-IMPORT-v2.6.1.xlsx,CORVONERO-CAMPAIGN-V2.6-FINAL-GROUP-PLAN-v1.json,CA-01-LOCAL::ca-01-price-intent::стоимость услуг программиста 1с в час,expected_and_present,CORVONERO-CA-01-LOCAL-PROGRAMMIST-1S-COMMANDER-IMPORT-v2.6.1.xlsx,49,420,
EXP-000033,CA-01-LOCAL,Корво Неро — Программист 1С — Новосибирск и область — поиск,CA-01,LOCAL,ca-01-price-intent,Программист 1С — стоимость часа,стоимость часа 1с программиста,стоимость часа 1с программиста,DEPLOYABLE_GROUP_PLAN,LOCAL,CORVONERO-CA-01-LOCAL-PROGRAMMIST-1S-COMMANDER-IMPORT-v2.6.1.xlsx,CORVONERO-CAMPAIGN-V2.6-FINAL-GROUP-PLAN-v1.json,CA-01-LOCAL::ca-01-price-intent::стоимость часа 1с программиста,expected_and_present,CORVONERO-CA-01-LOCAL-PROGRAMMIST-1S-COMMANDER-IMPORT-v2.6.1.xlsx,50,410,
EXP-000034,CA-01-LOCAL,Корво Неро — Программист 1С — Новосибирск и область — поиск,CA-01,LOCAL,ca-01-price-intent,Программист 1С — стоимость часа,стоимость часа 1с программиста 2026,стоимость часа 1с программиста 2026,DEPLOYABLE_GROUP_PLAN,LOCAL,CORVONERO-CA-01-LOCAL-PROGRAMMIST-1S-COMMANDER-IMPORT-v2.6.1.xlsx,CORVONERO-CAMPAIGN-V2.6-FINAL-GROUP-PLAN-v1.json,CA-01-LOCAL::ca-01-price-intent::стоимость часа 1с программиста 2026,expected_and_present,CORVONERO-CA-01-LOCAL-PROGRAMMIST-1S-COMMANDER-IMPORT-v2.6.1.xlsx,51,500,
EXP-000035,CA-01-LOCAL,Корво Неро — Программист 1С — Новосибирск и область — поиск,CA-01,LOCAL,ca-01-price-intent,Программист 1С — стоимость часа,стоимость часа сопровождения 1с,стоимость часа сопровождения 1с,DEPLOYABLE_GROUP_PLAN,LOCAL,CORVONERO-CA-01-LOCAL-PROGRAMMIST-1S-COMMANDER-IMPORT-v2.6.1.xlsx,CORVONERO-CAMPAIGN-V2.6-FINAL-GROUP-PLAN-v1.json,CA-01-LOCAL::ca-01-price-intent::стоимость часа сопровождения 1с,expected_and_present,CORVONERO-CA-01-LOCAL-PROGRAMMIST-1S-COMMANDER-IMPORT-v2.6.1.xlsx,52,490,
EXP-000036,CA-01-LOCAL,Корво Неро — Программист 1С — Новосибирск и область — поиск,CA-01,LOCAL,ca-01-price-intent,Программист 1С — стоимость часа,час работы 1с программиста цена,час работы 1с программиста цена,DEPLOYABLE_GROUP_PLAN,LOCAL,CORVONERO-CA-01-LOCAL-PROGRAMMIST-1S-COMMANDER-IMPORT-v2.6.1.xlsx,CORVONERO-CAMPAIGN-V2.6-FINAL-GROUP-PLAN-v1.json,CA-01-LOCAL::ca-01-price-intent::час работы 1с программиста цена,expected_and_present,CORVONERO-CA-01-LOCAL-PROGRAMMIST-1S-COMMANDER-IMPORT-v2.6.1.xlsx,53,480,
EXP-000037,CA-01-LOCAL,Корво Неро — Программист 1С — Новосибирск и область — поиск,CA-01,LOCAL,ca-01-price-intent,Программист 1С — стоимость часа,часа программиста 1с,часа программиста 1с,DEPLOYABLE_GROUP_PLAN,LOCAL,CORVONERO-CA-01-LOCAL-PROGRAMMIST-1S-COMMANDER-IMPORT-v2.6.1.xlsx,CORVONERO-CAMPAIGN-V2.6-FINAL-GROUP-PLAN-v1.json,CA-01-LOCAL::ca-01-price-intent::часа программиста 1с,expected_and_present,CORVONERO-CA-01-LOCAL-PROGRAMMIST-1S-COMMANDER-IMPORT-v2.6.1.xlsx,54,470,
EXP-000038,CA-01-LOCAL,Корво Неро — Программист 1С — Новосибирск и область — поиск,CA-01,LOCAL,ca-01-price-intent,Программист 1С — стоимость часа,часа работы программиста 1с,часа работы программиста 1с,DEPLOYABLE_GROUP_PLAN,LOCAL,CORVONERO-CA-01-LOCAL-PROGRAMMIST-1S-COMMANDER-IMPORT-v2.6.1.xlsx,CORVONERO-CAMPAIGN-V2.6-FINAL-GROUP-PLAN-v1.json,CA-01-LOCAL::ca-01-price-intent::часа работы программиста 1с,expected_and_present,CORVONERO-CA-01-LOCAL-PROGRAMMIST-1S-COMMANDER-IMPORT-v2.6.1.xlsx,55,460,
EXP-000039,CA-01-LOCAL,Корво Неро — Программист 1С — Новосибирск и область — поиск,CA-01,LOCAL,ca-01-price-intent,Программист 1С — стоимость часа,часы работы программиста 1с,часы работы программиста 1с,DEPLOYABLE_GROUP_PLAN,LOCAL,CORVONERO-CA-01-LOCAL-PROGRAMMIST-1S-COMMANDER-IMPORT-v2.6.1.xlsx,CORVONERO-CAMPAIGN-V2.6-FINAL-GROUP-PLAN-v1.json,CA-01-LOCAL::ca-01-price-intent::часы работы программиста 1с,expected_and_present,CORVONERO-CA-01-LOCAL-PROGRAMMIST-1S-COMMANDER-IMPORT-v2.6.1.xlsx,56,450,
EXP-000040,CA-01-LOCAL,Корво Неро — Программист 1С — Новосибирск и область — поиск,CA-01,LOCAL,ca-01-specialist-by-product,Программист 1С — конфигурации,программист 1с битрикс,программист 1с битрикс,DEPLOYABLE_GROUP_PLAN,LOCAL,CORVONERO-CA-01-LOCAL-PROGRAMMIST-1S-COMMANDER-IMPORT-v2.6.1.xlsx,CORVONERO-CAMPAIGN-V2.6-FINAL-GROUP-PLAN-v1.json,CA-01-LOCAL::ca-01-specialist-by-product::программист 1с битрикс,expected_and_present,CORVONERO-CA-01-LOCAL-PROGRAMMIST-1S-COMMANDER-IMPORT-v2.6.1.xlsx,58,500,
EXP-000041,CA-01-LOCAL,Корво Неро — Программист 1С — Новосибирск и область — поиск,CA-01,LOCAL,ca-01-specialist-by-product,Программист 1С — конфигурации,программист 1с документооборот,программист 1с документооборот,DEPLOYABLE_GROUP_PLAN,LOCAL,CORVONERO-CA-01-LOCAL-PROGRAMMIST-1S-COMMANDER-IMPORT-v2.6.1.xlsx,CORVONERO-CAMPAIGN-V2.6-FINAL-GROUP-PLAN-v1.json,CA-01-LOCAL::ca-01-specialist-by-product::программист 1с документооборот,expected_and_present,CORVONERO-CA-01-LOCAL-PROGRAMMIST-1S-COMMANDER-IMPORT-v2.6.1.xlsx,59,490,
EXP-000042,CA-01-LOCAL,Корво Неро — Программист 1С — Новосибирск и область — поиск,CA-01,LOCAL,ca-01-specialist-by-product,Программист 1С — конфигурации,программист 1с предприятие,программист 1с предприятие,DEPLOYABLE_GROUP_PLAN,LOCAL,CORVONERO-CA-01-LOCAL-PROGRAMMIST-1S-COMMANDER-IMPORT-v2.6.1.xlsx,CORVONERO-CAMPAIGN-V2.6-FINAL-GROUP-PLAN-v1.json,CA-01-LOCAL::ca-01-specialist-by-product::программист 1с предприятие,expected_and_present,CORVONERO-CA-01-LOCAL-PROGRAMMIST-1S-COMMANDER-IMPORT-v2.6.1.xlsx,60,480,
EXP-000043,CA-01-LOCAL,Корво Неро — Программист 1С — Новосибирск и область — поиск,CA-01,LOCAL,ca-01-specialist-by-product,Программист 1С — конфигурации,программист 1с предприятие 8.3,программист 1с предприятие 8.3,DEPLOYABLE_GROUP_PLAN,LOCAL,CORVONERO-CA-01-LOCAL-PROGRAMMIST-1S-COMMANDER-IMPORT-v2.6.1.xlsx,CORVONERO-CAMPAIGN-V2.6-FINAL-GROUP-PLAN-v1.json,CA-01-LOCAL::ca-01-specialist-by-product::программист 1с предприятие 8.3,expected_and_present,CORVONERO-CA-01-LOCAL-PROGRAMMIST-1S-COMMANDER-IMPORT-v2.6.1.xlsx,61,470,
EXP-000044,CA-01-LOCAL,Корво Неро — Программист 1С — Новосибирск и область — поиск,CA-01,LOCAL,ca-01-specialist-by-product,Программист 1С — конфигурации,программист ерп 1с,программист ерп 1с,DEPLOYABLE_GROUP_PLAN,LOCAL,CORVONERO-CA-01-LOCAL-PROGRAMMIST-1S-COMMANDER-IMPORT-v2.6.1.xlsx,CORVONERO-CAMPAIGN-V2.6-FINAL-GROUP-PLAN-v1.json,CA-01-LOCAL::ca-01-specialist-by-product::программист ерп 1с,expected_and_present,CORVONERO-CA-01-LOCAL-PROGRAMMIST-1S-COMMANDER-IMPORT-v2.6.1.xlsx,62,460,
EXP-000045,CA-01-LOCAL,Корво Неро — Программист 1С — Новосибирск и область — поиск,CA-01,LOCAL,ca-01-specialist-search,Программист 1С — услуги и настройка,программист 1с,программист 1с,DEPLOYABLE_GROUP_PLAN,LOCAL,CORVONERO-CA-01-LOCAL-PROGRAMMIST-1S-COMMANDER-IMPORT-v2.6.1.xlsx,CORVONERO-CAMPAIGN-V2.6-FINAL-GROUP-PLAN-v1.json,CA-01-LOCAL::ca-01-specialist-search::программист 1с,expected_and_present,CORVONERO-CA-01-LOCAL-PROGRAMMIST-1S-COMMANDER-IMPORT-v2.6.1.xlsx,64,500,
EXP-000046,CA-01-LOCAL,Корво Неро — Программист 1С — Новосибирск и область — поиск,CA-01,LOCAL,ca-01-specialist-search,Программист 1С — услуги и настройка,программист 1с 7.7,программист 1с 7.7,DEPLOYABLE_GROUP_PLAN,LOCAL,CORVONERO-CA-01-LOCAL-PROGRAMMIST-1S-COMMANDER-IMPORT-v2.6.1.xlsx,CORVONERO-CAMPAIGN-V2.6-FINAL-GROUP-PLAN-v1.json,CA-01-LOCAL::ca-01-specialist-search::программист 1с 7.7,expected_and_present,CORVONERO-CA-01-LOCAL-PROGRAMMIST-1S-COMMANDER-IMPORT-v2.6.1.xlsx,65,490,
EXP-000047,CA-01-LOCAL,Корво Неро — Программист 1С — Новосибирск и область — поиск,CA-01,LOCAL,ca-01-specialist-search,Программист 1С — услуги и настройка,программист 1с 8,программист 1с 8,DEPLOYABLE_GROUP_PLAN,LOCAL,CORVONERO-CA-01-LOCAL-PROGRAMMIST-1S-COMMANDER-IMPORT-v2.6.1.xlsx,CORVONERO-CAMPAIGN-V2.6-FINAL-GROUP-PLAN-v1.json,CA-01-LOCAL::ca-01-specialist-search::программист 1с 8,expected_and_present,CORVONERO-CA-01-LOCAL-PROGRAMMIST-1S-COMMANDER-IMPORT-v2.6.1.xlsx,66,480,
EXP-000048,CA-01-LOCAL,Корво Неро — Программист 1С — Новосибирск и область — поиск,CA-01,LOCAL,ca-01-specialist-search,Программист 1С — услуги и настройка,программист 1с 8.3,программист 1с 8.3,DEPLOYABLE_GROUP_PLAN,LOCAL,CORVONERO-CA-01-LOCAL-PROGRAMMIST-1S-COMMANDER-IMPORT-v2.6.1.xlsx,CORVONERO-CAMPAIGN-V2.6-FINAL-GROUP-PLAN-v1.json,CA-01-LOCAL::ca-01-specialist-search::программист 1с 8.3,expected_and_present,CORVONERO-CA-01-LOCAL-PROGRAMMIST-1S-COMMANDER-IMPORT-v2.6.1.xlsx,67,470,
EXP-000049,CA-01-LOCAL,Корво Неро — Программист 1С — Новосибирск и область — поиск,CA-01,LOCAL,ca-01-specialist-search,Программист 1С — услуги и настройка,программист 1с диадок контур,программист 1с диадок контур,DEPLOYABLE_GROUP_PLAN,LOCAL,CORVONERO-CA-01-LOCAL-PROGRAMMIST-1S-COMMANDER-IMPORT-v2.6.1.xlsx,CORVONERO-CAMPAIGN-V2.6-FINAL-GROUP-PLAN-v1.json,CA-01-LOCAL::ca-01-specialist-search::программист 1с диадок контур,expected_and_present,CORVONERO-CA-01-LOCAL-PROGRAMMIST-1S-COMMANDER-IMPORT-v2.6.1.xlsx,68,460,
EXP-000050,CA-01-LOCAL,Корво Неро — Программист 1С — Новосибирск и область — поиск,CA-01,LOCAL,ca-01-specialist-search,Программист 1С — услуги и настройка,программист 1с настройка,программист 1с настройка,DEPLOYABLE_GROUP_PLAN,LOCAL,CORVONERO-CA-01-LOCAL-PROGRAMMIST-1S-COMMANDER-IMPORT-v2.6.1.xlsx,CORVONERO-CAMPAIGN-V2.6-FINAL-GROUP-PLAN-v1.json,CA-01-LOCAL::ca-01-specialist-search::программист 1с настройка,expected_and_present,CORVONERO-CA-01-LOCAL-PROGRAMMIST-1S-COMMANDER-IMPORT-v2.6.1.xlsx,69,450,
EXP-000051,CA-01-LOCAL,Корво Неро — Программист 1С — Новосибирск и область — поиск,CA-01,LOCAL,ca-01-specialist-search,Программист 1С — услуги и настройка,программист 1с платформа 8.5,программист 1с платформа 8.5,DEPLOYABLE_GROUP_PLAN,LOCAL,CORVONERO-CA-01-LOCAL-PROGRAMMIST-1S-COMMANDER-IMPORT-v2.6.1.xlsx,CORVONERO-CAMPAIGN-V2.6-FINAL-GROUP-PLAN-v1.json,CA-01-LOCAL::ca-01-specialist-search::программист 1с платформа 8.5,expected_and_present,CORVONERO-CA-01-LOCAL-PROGRAMMIST-1S-COMMANDER-IMPORT-v2.6.1.xlsx,70,440,
EXP-000052,CA-01-LOCAL,Корво Неро — Программист 1С — Новосибирск и область — поиск,CA-01,LOCAL,ca-01-specialist-search,Программист 1С — услуги и настройка,программист 1с россия,программист 1с россия,DEPLOYABLE_GROUP_PLAN,LOCAL,CORVONERO-CA-01-LOCAL-PROGRAMMIST-1S-COMMANDER-IMPORT-v2.6.1.xlsx,CORVONERO-CAMPAIGN-V2.6-FINAL-GROUP-PLAN-v1.json,CA-01-LOCAL::ca-01-specialist-search::программист 1с россия,expected_and_present,CORVONERO-CA-01-LOCAL-PROGRAMMIST-1S-COMMANDER-IMPORT-v2.6.1.xlsx,71,430,
EXP-000053,CA-01-LOCAL,Корво Неро — Программист 1С — Новосибирск и область — поиск,CA-01,LOCAL,ca-01-specialist-search,Программист 1С — услуги и настройка,специалист программист 1с,специалист программист 1с,DEPLOYABLE_GROUP_PLAN,LOCAL,CORVONERO-CA-01-LOCAL-PROGRAMMIST-1S-COMMANDER-IMPORT-v2.6.1.xlsx,CORVONERO-CAMPAIGN-V2.6-FINAL-GROUP-PLAN-v1.json,CA-01-LOCAL::ca-01-specialist-search::специалист программист 1с,expected_and_present,CORVONERO-CA-01-LOCAL-PROGRAMMIST-1S-COMMANDER-IMPORT-v2.6.1.xlsx,72,420,
EXP-000054,CA-01-LOCAL,Корво Неро — Программист 1С — Новосибирск и область — поиск,CA-01,LOCAL,ca-01-specialist-search,Программист 1С — услуги и настройка,стоимость услуг 1с сопровождения,стоимость услуг 1с сопровождения,DEPLOYABLE_GROUP_PLAN,LOCAL,CORVONERO-CA-01-LOCAL-PROGRAMMIST-1S-COMMANDER-IMPORT-v2.6.1.xlsx,CORVONERO-CAMPAIGN-V2.6-FINAL-GROUP-PLAN-v1.json,CA-01-LOCAL::ca-01-specialist-search::стоимость услуг 1с сопровождения,expected_and_present,CORVONERO-CA-01-LOCAL-PROGRAMMIST-1S-COMMANDER-IMPORT-v2.6.1.xlsx,73,410,
EXP-000055,CA-01-LOCAL,Корво Неро — Программист 1С — Новосибирск и область — поиск,CA-01,LOCAL,ca-01-specialist-search,Программист 1С — услуги и настройка,услуги 1с программиста цены,услуги 1с программиста цены,DEPLOYABLE_GROUP_PLAN,LOCAL,CORVONERO-CA-01-LOCAL-PROGRAMMIST-1S-COMMANDER-IMPORT-v2.6.1.xlsx,CORVONERO-CAMPAIGN-V2.6-FINAL-GROUP-PLAN-v1.json,CA-01-LOCAL::ca-01-specialist-search::услуги 1с программиста цены,expected_and_present,CORVONERO-CA-01-LOCAL-PROGRAMMIST-1S-COMMANDER-IMPORT-v2.6.1.xlsx,74,500,
EXP-000056,CA-01-REMOTE,Корво Неро — Программист 1С — Россия без НСО — поиск,CA-01,REMOTE,ca-01-city-remote,Программист 1С — по городам России,программист 1с барнаул,программист 1с барнаул,DEPLOYABLE_GROUP_PLAN,REMOTE,CORVONERO-CA-01-REMOTE-PROGRAMMIST-1S-COMMANDER-IMPORT-v2.6.1.xlsx,CORVONERO-CAMPAIGN-V2.6-FINAL-GROUP-PLAN-v1.json,CA-01-REMOTE::ca-01-city-remote::программист 1с барнаул,expected_and_present,CORVONERO-CA-01-REMOTE-PROGRAMMIST-1S-COMMANDER-IMPORT-v2.6.1.xlsx,17,500,
EXP-000057,CA-01-REMOTE,Корво Неро — Программист 1С — Россия без НСО — поиск,CA-01,REMOTE,ca-01-city-remote,Программист 1С — по городам России,программист 1с бийск,программист 1с бийск,DEPLOYABLE_GROUP_PLAN,REMOTE,CORVONERO-CA-01-REMOTE-PROGRAMMIST-1S-COMMANDER-IMPORT-v2.6.1.xlsx,CORVONERO-CAMPAIGN-V2.6-FINAL-GROUP-PLAN-v1.json,CA-01-REMOTE::ca-01-city-remote::программист 1с бийск,expected_and_present,CORVONERO-CA-01-REMOTE-PROGRAMMIST-1S-COMMANDER-IMPORT-v2.6.1.xlsx,18,490,
EXP-000058,CA-01-REMOTE,Корво Неро — Программист 1С — Россия без НСО — поиск,CA-01,REMOTE,ca-01-city-remote,Программист 1С — по городам России,программист 1с верхняя пышма,программист 1с верхняя пышма,DEPLOYABLE_GROUP_PLAN,REMOTE,CORVONERO-CA-01-REMOTE-PROGRAMMIST-1S-COMMANDER-IMPORT-v2.6.1.xlsx,CORVONERO-CAMPAIGN-V2.6-FINAL-GROUP-PLAN-v1.json,CA-01-REMOTE::ca-01-city-remote::программист 1с верхняя пышма,expected_and_present,CORVONERO-CA-01-REMOTE-PROGRAMMIST-1S-COMMANDER-IMPORT-v2.6.1.xlsx,19,480,
EXP-000059,CA-01-REMOTE,Корво Неро — Программист 1С — Россия без НСО — поиск,CA-01,REMOTE,ca-01-city-remote,Программист 1С — по городам России,программист 1с владимир,программист 1с владимир,DEPLOYABLE_GROUP_PLAN,REMOTE,CORVONERO-CA-01-REMOTE-PROGRAMMIST-1S-COMMANDER-IMPORT-v2.6.1.xlsx,CORVONERO-CAMPAIGN-V2.6-FINAL-GROUP-PLAN-v1.json,CA-01-REMOTE::ca-01-city-remote::программист 1с владимир,expected_and_present,CORVONERO-CA-01-REMOTE-PROGRAMMIST-1S-COMMANDER-IMPORT-v2.6.1.xlsx,20,470,
EXP-000060,CA-01-REMOTE,Корво Неро — Программист 1С — Россия без НСО — поиск,CA-01,REMOTE,ca-01-city-remote,Программист 1С — по городам России,программист 1с вологда,программист 1с вологда,DEPLOYABLE_GROUP_PLAN,REMOTE,CORVONERO-CA-01-REMOTE-PROGRAMMIST-1S-COMMANDER-IMPORT-v2.6.1.xlsx,CORVONERO-CAMPAIGN-V2.6-FINAL-GROUP-PLAN-v1.json,CA-01-REMOTE::ca-01-city-remote::программист 1с вологда,expected_and_present,CORVONERO-CA-01-REMOTE-PROGRAMMIST-1S-COMMANDER-IMPORT-v2.6.1.xlsx,21,460,
EXP-000061,CA-01-REMOTE,Корво Неро — Программист 1С — Россия без НСО — поиск,CA-01,REMOTE,ca-01-city-remote,Программист 1С — по городам России,программист 1с ижевск,программист 1с ижевск,DEPLOYABLE_GROUP_PLAN,REMOTE,CORVONERO-CA-01-REMOTE-PROGRAMMIST-1S-COMMANDER-IMPORT-v2.6.1.xlsx,CORVONERO-CAMPAIGN-V2.6-FINAL-GROUP-PLAN-v1.json,CA-01-REMOTE::ca-01-city-remote::программист 1с ижевск,expected_and_present,CORVONERO-CA-01-REMOTE-PROGRAMMIST-1S-COMMANDER-IMPORT-v2.6.1.xlsx,22,450,
EXP-000062,CA-01-REMOTE,Корво Неро — Программист 1С — Россия без НСО — поиск,CA-01,REMOTE,ca-01-city-remote,Программист 1С — по городам России,программист 1с иркутск,программист 1с иркутск,DEPLOYABLE_GROUP_PLAN,REMOTE,CORVONERO-CA-01-REMOTE-PROGRAMMIST-1S-COMMANDER-IMPORT-v2.6.1.xlsx,CORVONERO-CAMPAIGN-V2.6-FINAL-GROUP-PLAN-v1.json,CA-01-REMOTE::ca-01-city-remote::программист 1с иркутск,expected_and_present,CORVONERO-CA-01-REMOTE-PROGRAMMIST-1S-COMMANDER-IMPORT-v2.6.1.xlsx,23,440,
EXP-000063,CA-01-REMOTE,Корво Неро — Программист 1С — Россия без НСО — поиск,CA-01,REMOTE,ca-01-city-remote,Программист 1С — по городам России,программист 1с калининград,программист 1с калининград,DEPLOYABLE_GROUP_PLAN,REMOTE,CORVONERO-CA-01-REMOTE-PROGRAMMIST-1S-COMMANDER-IMPORT-v2.6.1.xlsx,CORVONERO-CAMPAIGN-V2.6-FINAL-GROUP-PLAN-v1.json,CA-01-REMOTE::ca-01-city-remote::программист 1с калининград,expected_and_present,CORVONERO-CA-01-REMOTE-PROGRAMMIST-1S-COMMANDER-IMPORT-v2.6.1.xlsx,24,430,
EXP-000064,CA-01-REMOTE,Корво Неро — Программист 1С — Россия без НСО — поиск,CA-01,REMOTE,ca-01-city-remote,Программист 1С — по городам России,программист 1с киров,программист 1с киров,DEPLOYABLE_GROUP_PLAN,REMOTE,CORVONERO-CA-01-REMOTE-PROGRAMMIST-1S-COMMANDER-IMPORT-v2.6.1.xlsx,CORVONERO-CAMPAIGN-V2.6-FINAL-GROUP-PLAN-v1.json,CA-01-REMOTE::ca-01-city-remote::программист 1с киров,expected_and_present,CORVONERO-CA-01-REMOTE-PROGRAMMIST-1S-COMMANDER-IMPORT-v2.6.1.xlsx,25,420,
EXP-000065,CA-01-REMOTE,Корво Неро — Программист 1С — Россия без НСО — поиск,CA-01,REMOTE,ca-01-city-remote,Программист 1С — по городам России,программист 1с клин,программист 1с клин,DEPLOYABLE_GROUP_PLAN,REMOTE,CORVONERO-CA-01-REMOTE-PROGRAMMIST-1S-COMMANDER-IMPORT-v2.6.1.xlsx,CORVONERO-CAMPAIGN-V2.6-FINAL-GROUP-PLAN-v1.json,CA-01-REMOTE::ca-01-city-remote::программист 1с клин,expected_and_present,CORVONERO-CA-01-REMOTE-PROGRAMMIST-1S-COMMANDER-IMPORT-v2.6.1.xlsx,26,410,
EXP-000066,CA-01-REMOTE,Корво Неро — Программист 1С — Россия без НСО — поиск,CA-01,REMOTE,ca-01-city-remote,Программист 1С — по городам России,программист 1с комендантский проспект спб,программист 1с комендантский проспект спб,DEPLOYABLE_GROUP_PLAN,REMOTE,CORVONERO-CA-01-REMOTE-PROGRAMMIST-1S-COMMANDER-IMPORT-v2.6.1.xlsx,CORVONERO-CAMPAIGN-V2.6-FINAL-GROUP-PLAN-v1.json,CA-01-REMOTE::ca-01-city-remote::программист 1с комендантский проспект спб,expected_and_present,CORVONERO-CA-01-REMOTE-PROGRAMMIST-1S-COMMANDER-IMPORT-v2.6.1.xlsx,27,500,
EXP-000067,CA-01-REMOTE,Корво Неро — Программист 1С — Россия без НСО — поиск,CA-01,REMOTE,ca-01-city-remote,Программист 1С — по городам России,программист 1с кострома,программист 1с кострома,DEPLOYABLE_GROUP_PLAN,REMOTE,CORVONERO-CA-01-REMOTE-PROGRAMMIST-1S-COMMANDER-IMPORT-v2.6.1.xlsx,CORVONERO-CAMPAIGN-V2.6-FINAL-GROUP-PLAN-v1.json,CA-01-REMOTE::ca-01-city-remote::программист 1с кострома,expected_and_present,CORVONERO-CA-01-REMOTE-PROGRAMMIST-1S-COMMANDER-IMPORT-v2.6.1.xlsx,28,490,
EXP-000068,CA-01-REMOTE,Корво Неро — Программист 1С — Россия без НСО — поиск,CA-01,REMOTE,ca-01-city-remote,Программист 1С — по городам России,программист 1с москва,программист 1с москва,DEPLOYABLE_GROUP_PLAN,REMOTE,CORVONERO-CA-01-REMOTE-PROGRAMMIST-1S-COMMANDER-IMPORT-v2.6.1.xlsx,CORVONERO-CAMPAIGN-V2.6-FINAL-GROUP-PLAN-v1.json,CA-01-REMOTE::ca-01-city-remote::программист 1с москва,expected_and_present,CORVONERO-CA-01-REMOTE-PROGRAMMIST-1S-COMMANDER-IMPORT-v2.6.1.xlsx,29,480,
EXP-000069,CA-01-REMOTE,Корво Неро — Программист 1С — Россия без НСО — поиск,CA-01,REMOTE,ca-01-city-remote,Программист 1С — по городам России,программист 1с нижний,программист 1с нижний,DEPLOYABLE_GROUP_PLAN,REMOTE,CORVONERO-CA-01-REMOTE-PROGRAMMIST-1S-COMMANDER-IMPORT-v2.6.1.xlsx,CORVONERO-CAMPAIGN-V2.6-FINAL-GROUP-PLAN-v1.json,CA-01-REMOTE::ca-01-city-remote::программист 1с нижний,expected_and_present,CORVONERO-CA-01-REMOTE-PROGRAMMIST-1S-COMMANDER-IMPORT-v2.6.1.xlsx,30,470,
EXP-000070,CA-01-REMOTE,Корво Неро — Программист 1С — Россия без НСО — поиск,CA-01,REMOTE,ca-01-city-remote,Программист 1С — по городам России,программист 1с нижний новгород,программист 1с нижний новгород,DEPLOYABLE_GROUP_PLAN,REMOTE,CORVONERO-CA-01-REMOTE-PROGRAMMIST-1S-COMMANDER-IMPORT-v2.6.1.xlsx,CORVONERO-CAMPAIGN-V2.6-FINAL-GROUP-PLAN-v1.json,CA-01-REMOTE::ca-01-city-remote::программист 1с нижний новгород,expected_and_present,CORVONERO-CA-01-REMOTE-PROGRAMMIST-1S-COMMANDER-IMPORT-v2.6.1.xlsx,31,460,
EXP-000071,CA-01-REMOTE,Корво Неро — Программист 1С — Россия без НСО — поиск,CA-01,REMOTE,ca-01-city-remote,Программист 1С — по городам России,программист 1с новороссийск,программист 1с новороссийск,DEPLOYABLE_GROUP_PLAN,REMOTE,CORVONERO-CA-01-REMOTE-PROGRAMMIST-1S-COMMANDER-IMPORT-v2.6.1.xlsx,CORVONERO-CAMPAIGN-V2.6-FINAL-GROUP-PLAN-v1.json,CA-01-REMOTE::ca-01-city-remote::программист 1с новороссийск,expected_and_present,CORVONERO-CA-01-REMOTE-PROGRAMMIST-1S-COMMANDER-IMPORT-v2.6.1.xlsx,32,450,
EXP-000072,CA-01-REMOTE,Корво Неро — Программист 1С — Россия без НСО — поиск,CA-01,REMOTE,ca-01-city-remote,Программист 1С — по городам России,программист 1с оренбург,программист 1с оренбург,DEPLOYABLE_GROUP_PLAN,REMOTE,CORVONERO-CA-01-REMOTE-PROGRAMMIST-1S-COMMANDER-IMPORT-v2.6.1.xlsx,CORVONERO-CAMPAIGN-V2.6-FINAL-GROUP-PLAN-v1.json,CA-01-REMOTE::ca-01-city-remote::программист 1с оренбург,expected_and_present,CORVONERO-CA-01-REMOTE-PROGRAMMIST-1S-COMMANDER-IMPORT-v2.6.1.xlsx,33,440,
EXP-000073,CA-01-REMOTE,Корво Неро — Программист 1С — Россия без НСО — поиск,CA-01,REMOTE,ca-01-city-remote,Программист 1С — по городам России,программист 1с пенза,программист 1с пенза,DEPLOYABLE_GROUP_PLAN,REMOTE,CORVONERO-CA-01-REMOTE-PROGRAMMIST-1S-COMMANDER-IMPORT-v2.6.1.xlsx,CORVONERO-CAMPAIGN-V2.6-FINAL-GROUP-PLAN-v1.json,CA-01-REMOTE::ca-01-city-remote::программист 1с пенза,expected_and_present,CORVONERO-CA-01-REMOTE-PROGRAMMIST-1S-COMMANDER-IMPORT-v2.6.1.xlsx,34,430,
EXP-000074,CA-01-REMOTE,Корво Неро — Программист 1С — Россия без НСО — поиск,CA-01,REMOTE,ca-01-city-remote,Программист 1С — по городам России,программист 1с пермь,программист 1с пермь,DEPLOYABLE_GROUP_PLAN,REMOTE,CORVONERO-CA-01-REMOTE-PROGRAMMIST-1S-COMMANDER-IMPORT-v2.6.1.xlsx,CORVONERO-CAMPAIGN-V2.6-FINAL-GROUP-PLAN-v1.json,CA-01-REMOTE::ca-01-city-remote::программист 1с пермь,expected_and_present,CORVONERO-CA-01-REMOTE-PROGRAMMIST-1S-COMMANDER-IMPORT-v2.6.1.xlsx,35,420,
EXP-000075,CA-01-REMOTE,Корво Неро — Программист 1С — Россия без НСО — поиск,CA-01,REMOTE,ca-01-city-remote,Программист 1С — по городам России,программист 1с петербург,программист 1с петербург,DEPLOYABLE_GROUP_PLAN,REMOTE,CORVONERO-CA-01-REMOTE-PROGRAMMIST-1S-COMMANDER-IMPORT-v2.6.1.xlsx,CORVONERO-CAMPAIGN-V2.6-FINAL-GROUP-PLAN-v1.json,CA-01-REMOTE::ca-01-city-remote::программист 1с петербург,expected_and_present,CORVONERO-CA-01-REMOTE-PROGRAMMIST-1S-COMMANDER-IMPORT-v2.6.1.xlsx,36,410,
EXP-000076,CA-01-REMOTE,Корво Неро — Программист 1С — Россия без НСО — поиск,CA-01,REMOTE,ca-01-city-remote,Программист 1С — по городам России,программист 1с ростов на дону,программист 1с ростов на дону,DEPLOYABLE_GROUP_PLAN,REMOTE,CORVONERO-CA-01-REMOTE-PROGRAMMIST-1S-COMMANDER-IMPORT-v2.6.1.xlsx,CORVONERO-CAMPAIGN-V2.6-FINAL-GROUP-PLAN-v1.json,CA-01-REMOTE::ca-01-city-remote::программист 1с ростов на дону,expected_and_present,CORVONERO-CA-01-REMOTE-PROGRAMMIST-1S-COMMANDER-IMPORT-v2.6.1.xlsx,37,500,
EXP-000077,CA-01-REMOTE,Корво Неро — Программист 1С — Россия без НСО — поиск,CA-01,REMOTE,ca-01-city-remote,Программист 1С — по городам России,программист 1с рязань,программист 1с рязань,DEPLOYABLE_GROUP_PLAN,REMOTE,CORVONERO-CA-01-REMOTE-PROGRAMMIST-1S-COMMANDER-IMPORT-v2.6.1.xlsx,CORVONERO-CAMPAIGN-V2.6-FINAL-GROUP-PLAN-v1.json,CA-01-REMOTE::ca-01-city-remote::программист 1с рязань,expected_and_present,CORVONERO-CA-01-REMOTE-PROGRAMMIST-1S-COMMANDER-IMPORT-v2.6.1.xlsx,38,490,
EXP-000078,CA-01-REMOTE,Корво Неро — Программист 1С — Россия без НСО — поиск,CA-01,REMOTE,ca-01-city-remote,Программист 1С — по городам России,программист 1с санкт петербург,программист 1с санкт петербург,DEPLOYABLE_GROUP_PLAN,REMOTE,CORVONERO-CA-01-REMOTE-PROGRAMMIST-1S-COMMANDER-IMPORT-v2.6.1.xlsx,CORVONERO-CAMPAIGN-V2.6-FINAL-GROUP-PLAN-v1.json,CA-01-REMOTE::ca-01-city-remote::программист 1с санкт петербург,expected_and_present,CORVONERO-CA-01-REMOTE-PROGRAMMIST-1S-COMMANDER-IMPORT-v2.6.1.xlsx,39,480,
EXP-000079,CA-01-REMOTE,Корво Неро — Программист 1С — Россия без НСО — поиск,CA-01,REMOTE,ca-01-city-remote,Программист 1С — по городам России,программист 1с саранск,программист 1с саранск,DEPLOYABLE_GROUP_PLAN,REMOTE,CORVONERO-CA-01-REMOTE-PROGRAMMIST-1S-COMMANDER-IMPORT-v2.6.1.xlsx,CORVONERO-CAMPAIGN-V2.6-FINAL-GROUP-PLAN-v1.json,CA-01-REMOTE::ca-01-city-remote::программист 1с саранск,expected_and_present,CORVONERO-CA-01-REMOTE-PROGRAMMIST-1S-COMMANDER-IMPORT-v2.6.1.xlsx,40,470,
EXP-000080,CA-01-REMOTE,Корво Неро — Программист 1С — Россия без НСО — поиск,CA-01,REMOTE,ca-01-city-remote,Программист 1С — по городам России,программист 1с саратов,программист 1с саратов,DEPLOYABLE_GROUP_PLAN,REMOTE,CORVONERO-CA-01-REMOTE-PROGRAMMIST-1S-COMMANDER-IMPORT-v2.6.1.xlsx,CORVONERO-CAMPAIGN-V2.6-FINAL-GROUP-PLAN-v1.json,CA-01-REMOTE::ca-01-city-remote::программист 1с саратов,expected_and_present,CORVONERO-CA-01-REMOTE-PROGRAMMIST-1S-COMMANDER-IMPORT-v2.6.1.xlsx,41,460,
EXP-000081,CA-01-REMOTE,Корво Неро — Программист 1С — Россия без НСО — поиск,CA-01,REMOTE,ca-01-city-remote,Программист 1С — по городам России,программист 1с севастополь,программист 1с севастополь,DEPLOYABLE_GROUP_PLAN,REMOTE,CORVONERO-CA-01-REMOTE-PROGRAMMIST-1S-COMMANDER-IMPORT-v2.6.1.xlsx,CORVONERO-CAMPAIGN-V2.6-FINAL-GROUP-PLAN-v1.json,CA-01-REMOTE::ca-01-city-remote::программист 1с севастополь,expected_and_present,CORVONERO-CA-01-REMOTE-PROGRAMMIST-1S-COMMANDER-IMPORT-v2.6.1.xlsx,42,450,
EXP-000082,CA-01-REMOTE,Корво Неро — Программист 1С — Россия без НСО — поиск,CA-01,REMOTE,ca-01-city-remote,Программист 1С — по городам России,программист 1с симферополь,программист 1с симферополь,DEPLOYABLE_GROUP_PLAN,REMOTE,CORVONERO-CA-01-REMOTE-PROGRAMMIST-1S-COMMANDER-IMPORT-v2.6.1.xlsx,CORVONERO-CAMPAIGN-V2.6-FINAL-GROUP-PLAN-v1.json,CA-01-REMOTE::ca-01-city-remote::программист 1с симферополь,expected_and_present,CORVONERO-CA-01-REMOTE-PROGRAMMIST-1S-COMMANDER-IMPORT-v2.6.1.xlsx,43,440,
EXP-000083,CA-01-REMOTE,Корво Неро — Программист 1С — Россия без НСО — поиск,CA-01,REMOTE,ca-01-city-remote,Программист 1С — по городам России,программист 1с сочи,программист 1с сочи,DEPLOYABLE_GROUP_PLAN,REMOTE,CORVONERO-CA-01-REMOTE-PROGRAMMIST-1S-COMMANDER-IMPORT-v2.6.1.xlsx,CORVONERO-CAMPAIGN-V2.6-FINAL-GROUP-PLAN-v1.json,CA-01-REMOTE::ca-01-city-remote::программист 1с сочи,expected_and_present,CORVONERO-CA-01-REMOTE-PROGRAMMIST-1S-COMMANDER-IMPORT-v2.6.1.xlsx,44,430,
EXP-000084,CA-01-REMOTE,Корво Неро — Программист 1С — Россия без НСО — поиск,CA-01,REMOTE,ca-01-city-remote,Программист 1С — по городам России,программист 1с ставрополь,программист 1с ставрополь,DEPLOYABLE_GROUP_PLAN,REMOTE,CORVONERO-CA-01-REMOTE-PROGRAMMIST-1S-COMMANDER-IMPORT-v2.6.1.xlsx,CORVONERO-CAMPAIGN-V2.6-FINAL-GROUP-PLAN-v1.json,CA-01-REMOTE::ca-01-city-remote::программист 1с ставрополь,expected_and_present,CORVONERO-CA-01-REMOTE-PROGRAMMIST-1S-COMMANDER-IMPORT-v2.6.1.xlsx,45,420,
EXP-000085,CA-01-REMOTE,Корво Неро — Программист 1С — Россия без НСО — поиск,CA-01,REMOTE,ca-01-city-remote,Программист 1С — по городам России,программист 1с тольятти,программист 1с тольятти,DEPLOYABLE_GROUP_PLAN,REMOTE,CORVONERO-CA-01-REMOTE-PROGRAMMIST-1S-COMMANDER-IMPORT-v2.6.1.xlsx,CORVONERO-CAMPAIGN-V2.6-FINAL-GROUP-PLAN-v1.json,CA-01-REMOTE::ca-01-city-remote::программист 1с тольятти,expected_and_present,CORVONERO-CA-01-REMOTE-PROGRAMMIST-1S-COMMANDER-IMPORT-v2.6.1.xlsx,46,410,
EXP-000086,CA-01-REMOTE,Корво Неро — Программист 1С — Россия без НСО — поиск,CA-01,REMOTE,ca-01-city-remote,Программист 1С — по городам России,программист 1с томск,программист 1с томск,DEPLOYABLE_GROUP_PLAN,REMOTE,CORVONERO-CA-01-REMOTE-PROGRAMMIST-1S-COMMANDER-IMPORT-v2.6.1.xlsx,CORVONERO-CAMPAIGN-V2.6-FINAL-GROUP-PLAN-v1.json,CA-01-REMOTE::ca-01-city-remote::программист 1с томск,expected_and_present,CORVONERO-CA-01-REMOTE-PROGRAMMIST-1S-COMMANDER-IMPORT-v2.6.1.xlsx,47,500,
EXP-000087,CA-01-REMOTE,Корво Неро — Программист 1С — Россия без НСО — поиск,CA-01,REMOTE,ca-01-city-remote,Программист 1С — по городам России,программист 1с тула,программист 1с тула,DEPLOYABLE_GROUP_PLAN,REMOTE,CORVONERO-CA-01-REMOTE-PROGRAMMIST-1S-COMMANDER-IMPORT-v2.6.1.xlsx,CORVONERO-CAMPAIGN-V2.6-FINAL-GROUP-PLAN-v1.json,CA-01-REMOTE::ca-01-city-remote::программист 1с тула,expected_and_present,CORVONERO-CA-01-REMOTE-PROGRAMMIST-1S-COMMANDER-IMPORT-v2.6.1.xlsx,48,490,
EXP-000088,CA-01-REMOTE,Корво Неро — Программист 1С — Россия без НСО — поиск,CA-01,REMOTE,ca-01-city-remote,Программист 1С — по городам России,программист 1с тюмень,программист 1с тюмень,DEPLOYABLE_GROUP_PLAN,REMOTE,CORVONERO-CA-01-REMOTE-PROGRAMMIST-1S-COMMANDER-IMPORT-v2.6.1.xlsx,CORVONERO-CAMPAIGN-V2.6-FINAL-GROUP-PLAN-v1.json,CA-01-REMOTE::ca-01-city-remote::программист 1с тюмень,expected_and_present,CORVONERO-CA-01-REMOTE-PROGRAMMIST-1S-COMMANDER-IMPORT-v2.6.1.xlsx,49,480,
EXP-000089,CA-01-REMOTE,Корво Неро — Программист 1С — Россия без НСО — поиск,CA-01,REMOTE,ca-01-city-remote,Программист 1С — по городам России,программист 1с удаленно москва,программист 1с удаленно москва,DEPLOYABLE_GROUP_PLAN,REMOTE,CORVONERO-CA-01-REMOTE-PROGRAMMIST-1S-COMMANDER-IMPORT-v2.6.1.xlsx,CORVONERO-CAMPAIGN-V2.6-FINAL-GROUP-PLAN-v1.json,CA-01-REMOTE::ca-01-city-remote::программист 1с удаленно москва,expected_and_present,CORVONERO-CA-01-REMOTE-PROGRAMMIST-1S-COMMANDER-IMPORT-v2.6.1.xlsx,50,470,
EXP-000090,CA-01-REMOTE,Корво Неро — Программист 1С — Россия без НСО — поиск,CA-01,REMOTE,ca-01-city-remote,Программист 1С — по городам России,программист 1с уфа,программист 1с уфа,DEPLOYABLE_GROUP_PLAN,REMOTE,CORVONERO-CA-01-REMOTE-PROGRAMMIST-1S-COMMANDER-IMPORT-v2.6.1.xlsx,CORVONERO-CAMPAIGN-V2.6-FINAL-GROUP-PLAN-v1.json,CA-01-REMOTE::ca-01-city-remote::программист 1с уфа,expected_and_present,CORVONERO-CA-01-REMOTE-PROGRAMMIST-1S-COMMANDER-IMPORT-v2.6.1.xlsx,51,460,
EXP-000091,CA-01-REMOTE,Корво Неро — Программист 1С — Россия без НСО — поиск,CA-01,REMOTE,ca-01-city-remote,Программист 1С — по городам России,программист 1с хабаровск,программист 1с хабаровск,DEPLOYABLE_GROUP_PLAN,REMOTE,CORVONERO-CA-01-REMOTE-PROGRAMMIST-1S-COMMANDER-IMPORT-v2.6.1.xlsx,CORVONERO-CAMPAIGN-V2.6-FINAL-GROUP-PLAN-v1.json,CA-01-REMOTE::ca-01-city-remote::программист 1с хабаровск,expected_and_present,CORVONERO-CA-01-REMOTE-PROGRAMMIST-1S-COMMANDER-IMPORT-v2.6.1.xlsx,52,450,
EXP-000092,CA-01-REMOTE,Корво Неро — Программист 1С — Россия без НСО — поиск,CA-01,REMOTE,ca-01-city-remote,Программист 1С — по городам России,программист 1с чебоксары,программист 1с чебоксары,DEPLOYABLE_GROUP_PLAN,REMOTE,CORVONERO-CA-01-REMOTE-PROGRAMMIST-1S-COMMANDER-IMPORT-v2.6.1.xlsx,CORVONERO-CAMPAIGN-V2.6-FINAL-GROUP-PLAN-v1.json,CA-01-REMOTE::ca-01-city-remote::программист 1с чебоксары,expected_and_present,CORVONERO-CA-01-REMOTE-PROGRAMMIST-1S-COMMANDER-IMPORT-v2.6.1.xlsx,53,440,
EXP-000093,CA-01-REMOTE,Корво Неро — Программист 1С — Россия без НСО — поиск,CA-01,REMOTE,ca-01-city-remote,Программист 1С — по городам России,частный программист 1с сергиев посад,частный программист 1с сергиев посад,DEPLOYABLE_GROUP_PLAN,REMOTE,CORVONERO-CA-01-REMOTE-PROGRAMMIST-1S-COMMANDER-IMPORT-v2.6.1.xlsx,CORVONERO-CAMPAIGN-V2.6-FINAL-GROUP-PLAN-v1.json,CA-01-REMOTE::ca-01-city-remote::частный программист 1с сергиев посад,expected_and_present,CORVONERO-CA-01-REMOTE-PROGRAMMIST-1S-COMMANDER-IMPORT-v2.6.1.xlsx,54,430,
EXP-000094,CA-01-REMOTE,Корво Неро — Программист 1С — Россия без НСО — поиск,CA-01,REMOTE,ca-01-find-hire-specialist,Программист 1С — поиск специалиста,где найти программиста 1с,где найти программиста 1с,DEPLOYABLE_GROUP_PLAN,REMOTE,CORVONERO-CA-01-REMOTE-PROGRAMMIST-1S-COMMANDER-IMPORT-v2.6.1.xlsx,CORVONERO-CAMPAIGN-V2.6-FINAL-GROUP-PLAN-v1.json,CA-01-REMOTE::ca-01-find-hire-specialist::где найти программиста 1с,expected_and_present,CORVONERO-CA-01-REMOTE-PROGRAMMIST-1S-COMMANDER-IMPORT-v2.6.1.xlsx,56,500,
EXP-000095,CA-01-REMOTE,Корво Неро — Программист 1С — Россия без НСО — поиск,CA-01,REMOTE,ca-01-find-hire-specialist,Программист 1С — поиск специалиста,ищу 1с программиста для разовой задачи,ищу 1с программиста для разовой задачи,DEPLOYABLE_GROUP_PLAN,REMOTE,CORVONERO-CA-01-REMOTE-PROGRAMMIST-1S-COMMANDER-IMPORT-v2.6.1.xlsx,CORVONERO-CAMPAIGN-V2.6-FINAL-GROUP-PLAN-v1.json,CA-01-REMOTE::ca-01-find-hire-specialist::ищу 1с программиста для разовой задачи,expected_and_present,CORVONERO-CA-01-REMOTE-PROGRAMMIST-1S-COMMANDER-IMPORT-v2.6.1.xlsx,57,490,
EXP-000096,CA-01-REMOTE,Корво Неро — Программист 1С — Россия без НСО — поиск,CA-01,REMOTE,ca-01-find-hire-specialist,Программист 1С — поиск специалиста,ищу программист 1с,ищу программист 1с,DEPLOYABLE_GROUP_PLAN,REMOTE,CORVONERO-CA-01-REMOTE-PROGRAMMIST-1S-COMMANDER-IMPORT-v2.6.1.xlsx,CORVONERO-CAMPAIGN-V2.6-FINAL-GROUP-PLAN-v1.json,CA-01-REMOTE::ca-01-find-hire-specialist::ищу программист 1с,expected_and_present,CORVONERO-CA-01-REMOTE-PROGRAMMIST-1S-COMMANDER-IMPORT-v2.6.1.xlsx,58,480,
EXP-000097,CA-01-REMOTE,Корво Неро — Программист 1С — Россия без НСО — поиск,CA-01,REMOTE,ca-01-find-hire-specialist,Программист 1С — поиск специалиста,найти программиста 1с,найти программиста 1с,DEPLOYABLE_GROUP_PLAN,REMOTE,CORVONERO-CA-01-REMOTE-PROGRAMMIST-1S-COMMANDER-IMPORT-v2.6.1.xlsx,CORVONERO-CAMPAIGN-V2.6-FINAL-GROUP-PLAN-v1.json,CA-01-REMOTE::ca-01-find-hire-specialist::найти программиста 1с,expected_and_present,CORVONERO-CA-01-REMOTE-PROGRAMMIST-1S-COMMANDER-IMPORT-v2.6.1.xlsx,59,470,
EXP-000098,CA-01-REMOTE,Корво Неро — Программист 1С — Россия без НСО — поиск,CA-01,REMOTE,ca-01-find-hire-specialist,Программист 1С — поиск специалиста,найти программиста 1с на аутсорсинг,найти программиста 1с на аутсорсинг,DEPLOYABLE_GROUP_PLAN,REMOTE,CORVONERO-CA-01-REMOTE-PROGRAMMIST-1S-COMMANDER-IMPORT-v2.6.1.xlsx,CORVONERO-CAMPAIGN-V2.6-FINAL-GROUP-PLAN-v1.json,CA-01-REMOTE::ca-01-find-hire-specialist::найти программиста 1с на аутсорсинг,expected_and_present,CORVONERO-CA-01-REMOTE-PROGRAMMIST-1S-COMMANDER-IMPORT-v2.6.1.xlsx,60,460,
EXP-000099,CA-01-REMOTE,Корво Неро — Программист 1С — Россия без НСО — поиск,CA-01,REMOTE,ca-01-find-hire-specialist,Программист 1С — поиск специалиста,нужен программист 1с,нужен программист 1с,DEPLOYABLE_GROUP_PLAN,REMOTE,CORVONERO-CA-01-REMOTE-PROGRAMMIST-1S-COMMANDER-IMPORT-v2.6.1.xlsx,CORVONERO-CAMPAIGN-V2.6-FINAL-GROUP-PLAN-v1.json,CA-01-REMOTE::ca-01-find-hire-specialist::нужен программист 1с,expected_and_present,CORVONERO-CA-01-REMOTE-PROGRAMMIST-1S-COMMANDER-IMPORT-v2.6.1.xlsx,61,450,
EXP-000100,CA-01-REMOTE,Корво Неро — Программист 1С — Россия без НСО — поиск,CA-01,REMOTE,ca-01-find-hire-specialist,Программист 1С — поиск специалиста,нужен программист 1с для доработок,нужен программист 1с для доработок,DEPLOYABLE_GROUP_PLAN,REMOTE,CORVONERO-CA-01-REMOTE-PROGRAMMIST-1S-COMMANDER-IMPORT-v2.6.1.xlsx,CORVONERO-CAMPAIGN-V2.6-FINAL-GROUP-PLAN-v1.json,CA-01-REMOTE::ca-01-find-hire-specialist::нужен программист 1с для доработок,expected_and_present,CORVONERO-CA-01-REMOTE-PROGRAMMIST-1S-COMMANDER-IMPORT-v2.6.1.xlsx,62,440,
EXP-000101,CA-01-REMOTE,Корво Неро — Программист 1С — Россия без НСО — поиск,CA-01,REMOTE,ca-01-find-hire-specialist,Программист 1С — поиск специалиста,программист 1с дистанционно,программист 1с дистанционно,DEPLOYABLE_GROUP_PLAN,REMOTE,CORVONERO-CA-01-REMOTE-PROGRAMMIST-1S-COMMANDER-IMPORT-v2.6.1.xlsx,CORVONERO-CAMPAIGN-V2.6-FINAL-GROUP-PLAN-v1.json,CA-01-REMOTE::ca-01-find-hire-specialist::программист 1с дистанционно,expected_and_present,CORVONERO-CA-01-REMOTE-PROGRAMMIST-1S-COMMANDER-IMPORT-v2.6.1.xlsx,63,430,
EXP-000102,CA-01-REMOTE,Корво Неро — Программист 1С — Россия без НСО — поиск,CA-01,REMOTE,ca-01-find-hire-specialist,Программист 1С — поиск специалиста,программист 1с зуп,программист 1с зуп,DEPLOYABLE_GROUP_PLAN,REMOTE,CORVONERO-CA-01-REMOTE-PROGRAMMIST-1S-COMMANDER-IMPORT-v2.6.1.xlsx,CORVONERO-CAMPAIGN-V2.6-FINAL-GROUP-PLAN-v1.json,CA-01-REMOTE::ca-01-find-hire-specialist::программист 1с зуп,expected_and_present,CORVONERO-CA-01-REMOTE-PROGRAMMIST-1S-COMMANDER-IMPORT-v2.6.1.xlsx,64,420,
EXP-000103,CA-01-REMOTE,Корво Неро — Программист 1С — Россия без НСО — поиск,CA-01,REMOTE,ca-01-find-hire-specialist,Программист 1С — поиск специалиста,программист 1с найти специалиста,программист 1с найти специалиста,DEPLOYABLE_GROUP_PLAN,REMOTE,CORVONERO-CA-01-REMOTE-PROGRAMMIST-1S-COMMANDER-IMPORT-v2.6.1.xlsx,CORVONERO-CAMPAIGN-V2.6-FINAL-GROUP-PLAN-v1.json,CA-01-REMOTE::ca-01-find-hire-specialist::программист 1с найти специалиста,expected_and_present,CORVONERO-CA-01-REMOTE-PROGRAMMIST-1S-COMMANDER-IMPORT-v2.6.1.xlsx,65,410,
EXP-000104,CA-01-REMOTE,Корво Неро — Программист 1С — Россия без НСО — поиск,CA-01,REMOTE,ca-01-find-hire-specialist,Программист 1С — поиск специалиста,программист 1с удаленно,программист 1с удаленно,DEPLOYABLE_GROUP_PLAN,REMOTE,CORVONERO-CA-01-REMOTE-PROGRAMMIST-1S-COMMANDER-IMPORT-v2.6.1.xlsx,CORVONERO-CAMPAIGN-V2.6-FINAL-GROUP-PLAN-v1.json,CA-01-REMOTE::ca-01-find-hire-specialist::программист 1с удаленно,expected_and_present,CORVONERO-CA-01-REMOTE-PROGRAMMIST-1S-COMMANDER-IMPORT-v2.6.1.xlsx,66,500,
EXP-000105,CA-01-REMOTE,Корво Неро — Программист 1С — Россия без НСО — поиск,CA-01,REMOTE,ca-01-find-hire-specialist,Программист 1С — поиск специалиста,программист 1с унф,программист 1с унф,DEPLOYABLE_GROUP_PLAN,REMOTE,CORVONERO-CA-01-REMOTE-PROGRAMMIST-1S-COMMANDER-IMPORT-v2.6.1.xlsx,CORVONERO-CAMPAIGN-V2.6-FINAL-GROUP-PLAN-v1.json,CA-01-REMOTE::ca-01-find-hire-specialist::программист 1с унф,expected_and_present,CORVONERO-CA-01-REMOTE-PROGRAMMIST-1S-COMMANDER-IMPORT-v2.6.1.xlsx,67,490,
EXP-000106,CA-01-REMOTE,Корво Неро — Программист 1С — Россия без НСО — поиск,CA-01,REMOTE,ca-01-find-hire-specialist,Программист 1С — поиск специалиста,программист 1с ут,программист 1с ут,DEPLOYABLE_GROUP_PLAN,REMOTE,CORVONERO-CA-01-REMOTE-PROGRAMMIST-1S-COMMANDER-IMPORT-v2.6.1.xlsx,CORVONERO-CAMPAIGN-V2.6-FINAL-GROUP-PLAN-v1.json,CA-01-REMOTE::ca-01-find-hire-specialist::программист 1с ут,expected_and_present,CORVONERO-CA-01-REMOTE-PROGRAMMIST-1S-COMMANDER-IMPORT-v2.6.1.xlsx,68,480,
EXP-000107,CA-01-REMOTE,Корво Неро — Программист 1С — Россия без НСО — поиск,CA-01,REMOTE,ca-01-find-hire-specialist,Программист 1С — поиск специалиста,услуги программиста 1с,услуги программиста 1с,DEPLOYABLE_GROUP_PLAN,REMOTE,CORVONERO-CA-01-REMOTE-PROGRAMMIST-1S-COMMANDER-IMPORT-v2.6.1.xlsx,CORVONERO-CAMPAIGN-V2.6-FINAL-GROUP-PLAN-v1.json,CA-01-REMOTE::ca-01-find-hire-specialist::услуги программиста 1с,expected_and_present,CORVONERO-CA-01-REMOTE-PROGRAMMIST-1S-COMMANDER-IMPORT-v2.6.1.xlsx,69,470,
EXP-000108,CA-01-REMOTE,Корво Неро — Программист 1С — Россия без НСО — поиск,CA-01,REMOTE,ca-01-find-hire-specialist,Программист 1С — поиск специалиста,фриланс 1с программист,фриланс 1с программист,DEPLOYABLE_GROUP_PLAN,REMOTE,CORVONERO-CA-01-REMOTE-PROGRAMMIST-1S-COMMANDER-IMPORT-v2.6.1.xlsx,CORVONERO-CAMPAIGN-V2.6-FINAL-GROUP-PLAN-v1.json,CA-01-REMOTE::ca-01-find-hire-specialist::фриланс 1с программист,expected_and_present,CORVONERO-CA-01-REMOTE-PROGRAMMIST-1S-COMMANDER-IMPORT-v2.6.1.xlsx,70,460,
EXP-000109,CA-01-REMOTE,Корво Неро — Программист 1С — Россия без НСО — поиск,CA-01,REMOTE,ca-01-find-hire-specialist,Программист 1С — поиск специалиста,частный программист 1с,частный программист 1с,DEPLOYABLE_GROUP_PLAN,REMOTE,CORVONERO-CA-01-REMOTE-PROGRAMMIST-1S-COMMANDER-IMPORT-v2.6.1.xlsx,CORVONERO-CAMPAIGN-V2.6-FINAL-GROUP-PLAN-v1.json,CA-01-REMOTE::ca-01-find-hire-specialist::частный программист 1с,expected_and_present,CORVONERO-CA-01-REMOTE-PROGRAMMIST-1S-COMMANDER-IMPORT-v2.6.1.xlsx,71,450,
EXP-000110,CA-01-REMOTE,Корво Неро — Программист 1С — Россия без НСО — поиск,CA-01,REMOTE,ca-01-price-intent,Программист 1С — стоимость часа,1 час работы программиста 1с,1 час работы программиста 1с,DEPLOYABLE_GROUP_PLAN,REMOTE,CORVONERO-CA-01-REMOTE-PROGRAMMIST-1S-COMMANDER-IMPORT-v2.6.1.xlsx,CORVONERO-CAMPAIGN-V2.6-FINAL-GROUP-PLAN-v1.json,CA-01-REMOTE::ca-01-price-intent::1 час работы программиста 1с,expected_and_present,CORVONERO-CA-01-REMOTE-PROGRAMMIST-1S-COMMANDER-IMPORT-v2.6.1.xlsx,73,500,
EXP-000111,CA-01-REMOTE,Корво Неро — Программист 1С — Россия без НСО — поиск,CA-01,REMOTE,ca-01-price-intent,Программист 1С — стоимость часа,1с программист доработки липецк частный исполнитель,1с программист доработки липецк частный исполнитель,DEPLOYABLE_GROUP_PLAN,REMOTE,CORVONERO-CA-01-REMOTE-PROGRAMMIST-1S-COMMANDER-IMPORT-v2.6.1.xlsx,CORVONERO-CAMPAIGN-V2.6-FINAL-GROUP-PLAN-v1.json,CA-01-REMOTE::ca-01-price-intent::1с программист доработки липецк частный исполнитель,expected_and_present,CORVONERO-CA-01-REMOTE-PROGRAMMIST-1S-COMMANDER-IMPORT-v2.6.1.xlsx,74,490,
EXP-000112,CA-01-REMOTE,Корво Неро — Программист 1С — Россия без НСО — поиск,CA-01,REMOTE,ca-01-price-intent,Программист 1С — стоимость часа,1с стоимость работы программиста,1с стоимость работы программиста,DEPLOYABLE_GROUP_PLAN,REMOTE,CORVONERO-CA-01-REMOTE-PROGRAMMIST-1S-COMMANDER-IMPORT-v2.6.1.xlsx,CORVONERO-CAMPAIGN-V2.6-FINAL-GROUP-PLAN-v1.json,CA-01-REMOTE::ca-01-price-intent::1с стоимость работы программиста,expected_and_present,CORVONERO-CA-01-REMOTE-PROGRAMMIST-1S-COMMANDER-IMPORT-v2.6.1.xlsx,75,480,
EXP-000113,CA-01-REMOTE,Корво Неро — Программист 1С — Россия без НСО — поиск,CA-01,REMOTE,ca-01-price-intent,Программист 1С — стоимость часа,нормо час программиста 1с,нормо час программиста 1с,DEPLOYABLE_GROUP_PLAN,REMOTE,CORVONERO-CA-01-REMOTE-PROGRAMMIST-1S-COMMANDER-IMPORT-v2.6.1.xlsx,CORVONERO-CAMPAIGN-V2.6-FINAL-GROUP-PLAN-v1.json,CA-01-REMOTE::ca-01-price-intent::нормо час программиста 1с,expected_and_present,CORVONERO-CA-01-REMOTE-PROGRAMMIST-1S-COMMANDER-IMPORT-v2.6.1.xlsx,76,470,
EXP-000114,CA-01-REMOTE,Корво Неро — Программист 1С — Россия без НСО — поиск,CA-01,REMOTE,ca-01-price-intent,Программист 1С — стоимость часа,программист 1с 1 час,программист 1с 1 час,DEPLOYABLE_GROUP_PLAN,REMOTE,CORVONERO-CA-01-REMOTE-PROGRAMMIST-1S-COMMANDER-IMPORT-v2.6.1.xlsx,CORVONERO-CAMPAIGN-V2.6-FINAL-GROUP-PLAN-v1.json,CA-01-REMOTE::ca-01-price-intent::программист 1с 1 час,expected_and_present,CORVONERO-CA-01-REMOTE-PROGRAMMIST-1S-COMMANDER-IMPORT-v2.6.1.xlsx,77,460,
EXP-000115,CA-01-REMOTE,Корво Неро — Программист 1С — Россия без НСО — поиск,CA-01,REMOTE,ca-01-price-intent,Программист 1С — стоимость часа,программист 1с стоимость 1 часа,программист 1с стоимость 1 часа,DEPLOYABLE_GROUP_PLAN,REMOTE,CORVONERO-CA-01-REMOTE-PROGRAMMIST-1S-COMMANDER-IMPORT-v2.6.1.xlsx,CORVONERO-CAMPAIGN-V2.6-FINAL-GROUP-PLAN-v1.json,CA-01-REMOTE::ca-01-price-intent::программист 1с стоимость 1 часа,expected_and_present,CORVONERO-CA-01-REMOTE-PROGRAMMIST-1S-COMMANDER-IMPORT-v2.6.1.xlsx,78,450,
EXP-000116,CA-01-REMOTE,Корво Неро — Программист 1С — Россия без НСО — поиск,CA-01,REMOTE,ca-01-price-intent,Программист 1С — стоимость часа,программист 1с цена за час,программист 1с цена за час,DEPLOYABLE_GROUP_PLAN,REMOTE,CORVONERO-CA-01-REMOTE-PROGRAMMIST-1S-COMMANDER-IMPORT-v2.6.1.xlsx,CORVONERO-CAMPAIGN-V2.6-FINAL-GROUP-PLAN-v1.json,CA-01-REMOTE::ca-01-price-intent::программист 1с цена за час,expected_and_present,CORVONERO-CA-01-REMOTE-PROGRAMMIST-1S-COMMANDER-IMPORT-v2.6.1.xlsx,79,440,
EXP-000117,CA-01-REMOTE,Корво Неро — Программист 1С — Россия без НСО — поиск,CA-01,REMOTE,ca-01-price-intent,Программист 1С — стоимость часа,программисты 1с цена,программисты 1с цена,DEPLOYABLE_GROUP_PLAN,REMOTE,CORVONERO-CA-01-REMOTE-PROGRAMMIST-1S-COMMANDER-IMPORT-v2.6.1.xlsx,CORVONERO-CAMPAIGN-V2.6-FINAL-GROUP-PLAN-v1.json,CA-01-REMOTE::ca-01-price-intent::программисты 1с цена,expected_and_present,CORVONERO-CA-01-REMOTE-PROGRAMMIST-1S-COMMANDER-IMPORT-v2.6.1.xlsx,80,430,
EXP-000118,CA-01-REMOTE,Корво Неро — Программист 1С — Россия без НСО — поиск,CA-01,REMOTE,ca-01-price-intent,Программист 1С — стоимость часа,рекомендованная стоимость часа 1с программиста,рекомендованная стоимость часа 1с программиста,DEPLOYABLE_GROUP_PLAN,REMOTE,CORVONERO-CA-01-REMOTE-PROGRAMMIST-1S-COMMANDER-IMPORT-v2.6.1.xlsx,CORVONERO-CAMPAIGN-V2.6-FINAL-GROUP-PLAN-v1.json,CA-01-REMOTE::ca-01-price-intent::рекомендованная стоимость часа 1с программиста,expected_and_present,CORVONERO-CA-01-REMOTE-PROGRAMMIST-1S-COMMANDER-IMPORT-v2.6.1.xlsx,81,420,
EXP-000119,CA-01-REMOTE,Корво Неро — Программист 1С — Россия без НСО — поиск,CA-01,REMOTE,ca-01-price-intent,Программист 1С — стоимость часа,сколько стоит 1 час работы программиста 1с,сколько стоит 1 час работы программиста 1с,DEPLOYABLE_GROUP_PLAN,REMOTE,CORVONERO-CA-01-REMOTE-PROGRAMMIST-1S-COMMANDER-IMPORT-v2.6.1.xlsx,CORVONERO-CAMPAIGN-V2.6-FINAL-GROUP-PLAN-v1.json,CA-01-REMOTE::ca-01-price-intent::сколько стоит 1 час работы программиста 1с,expected_and_present,CORVONERO-CA-01-REMOTE-PROGRAMMIST-1S-COMMANDER-IMPORT-v2.6.1.xlsx,82,410,
EXP-000120,CA-01-REMOTE,Корво Неро — Программист 1С — Россия без НСО — поиск,CA-01,REMOTE,ca-01-price-intent,Программист 1С — стоимость часа,сколько стоит программист 1с,сколько стоит программист 1с,DEPLOYABLE_GROUP_PLAN,REMOTE,CORVONERO-CA-01-REMOTE-PROGRAMMIST-1S-COMMANDER-IMPORT-v2.6.1.xlsx,CORVONERO-CAMPAIGN-V2.6-FINAL-GROUP-PLAN-v1.json,CA-01-REMOTE::ca-01-price-intent::сколько стоит программист 1с,expected_and_present,CORVONERO-CA-01-REMOTE-PROGRAMMIST-1S-COMMANDER-IMPORT-v2.6.1.xlsx,83,500,
EXP-000121,CA-01-REMOTE,Корво Неро — Программист 1С — Россия без НСО — поиск,CA-01,REMOTE,ca-01-price-intent,Программист 1С — стоимость часа,сколько стоит час программиста 1с,сколько стоит час программиста 1с,DEPLOYABLE_GROUP_PLAN,REMOTE,CORVONERO-CA-01-REMOTE-PROGRAMMIST-1S-COMMANDER-IMPORT-v2.6.1.xlsx,CORVONERO-CAMPAIGN-V2.6-FINAL-GROUP-PLAN-v1.json,CA-01-REMOTE::ca-01-price-intent::сколько стоит час программиста 1с,expected_and_present,CORVONERO-CA-01-REMOTE-PROGRAMMIST-1S-COMMANDER-IMPORT-v2.6.1.xlsx,84,490,
EXP-000122,CA-01-REMOTE,Корво Неро — Программист 1С — Россия без НСО — поиск,CA-01,REMOTE,ca-01-price-intent,Программист 1С — стоимость часа,сколько стоит час работы программиста 1с,сколько стоит час работы программиста 1с,DEPLOYABLE_GROUP_PLAN,REMOTE,CORVONERO-CA-01-REMOTE-PROGRAMMIST-1S-COMMANDER-IMPORT-v2.6.1.xlsx,CORVONERO-CAMPAIGN-V2.6-FINAL-GROUP-PLAN-v1.json,CA-01-REMOTE::ca-01-price-intent::сколько стоит час работы программиста 1с,expected_and_present,CORVONERO-CA-01-REMOTE-PROGRAMMIST-1S-COMMANDER-IMPORT-v2.6.1.xlsx,85,480,
EXP-000123,CA-01-REMOTE,Корво Неро — Программист 1С — Россия без НСО — поиск,CA-01,REMOTE,ca-01-price-intent,Программист 1С — стоимость часа,сопровождение 1с стоимость 1 часа,сопровождение 1с стоимость 1 часа,DEPLOYABLE_GROUP_PLAN,REMOTE,CORVONERO-CA-01-REMOTE-PROGRAMMIST-1S-COMMANDER-IMPORT-v2.6.1.xlsx,CORVONERO-CAMPAIGN-V2.6-FINAL-GROUP-PLAN-v1.json,CA-01-REMOTE::ca-01-price-intent::сопровождение 1с стоимость 1 часа,expected_and_present,CORVONERO-CA-01-REMOTE-PROGRAMMIST-1S-COMMANDER-IMPORT-v2.6.1.xlsx,86,470,
EXP-000124,CA-01-REMOTE,Корво Неро — Программист 1С — Россия без НСО — поиск,CA-01,REMOTE,ca-01-price-intent,Программист 1С — стоимость часа,ставка часа программиста 1с,ставка часа программиста 1с,DEPLOYABLE_GROUP_PLAN,REMOTE,CORVONERO-CA-01-REMOTE-PROGRAMMIST-1S-COMMANDER-IMPORT-v2.6.1.xlsx,CORVONERO-CAMPAIGN-V2.6-FINAL-GROUP-PLAN-v1.json,CA-01-REMOTE::ca-01-price-intent::ставка часа программиста 1с,expected_and_present,CORVONERO-CA-01-REMOTE-PROGRAMMIST-1S-COMMANDER-IMPORT-v2.6.1.xlsx,87,460,
EXP-000125,CA-01-REMOTE,Корво Неро — Программист 1С — Россия без НСО — поиск,CA-01,REMOTE,ca-01-price-intent,Программист 1С — стоимость часа,стоимость 1 часа работы программиста 1с,стоимость 1 часа работы программиста 1с,DEPLOYABLE_GROUP_PLAN,REMOTE,CORVONERO-CA-01-REMOTE-PROGRAMMIST-1S-COMMANDER-IMPORT-v2.6.1.xlsx,CORVONERO-CAMPAIGN-V2.6-FINAL-GROUP-PLAN-v1.json,CA-01-REMOTE::ca-01-price-intent::стоимость 1 часа работы программиста 1с,expected_and_present,CORVONERO-CA-01-REMOTE-PROGRAMMIST-1S-COMMANDER-IMPORT-v2.6.1.xlsx,88,450,
EXP-000126,CA-01-REMOTE,Корво Неро — Программист 1С — Россия без НСО — поиск,CA-01,REMOTE,ca-01-price-intent,Программист 1С — стоимость часа,стоимость 1с программисты,стоимость 1с программисты,DEPLOYABLE_GROUP_PLAN,REMOTE,CORVONERO-CA-01-REMOTE-PROGRAMMIST-1S-COMMANDER-IMPORT-v2.6.1.xlsx,CORVONERO-CAMPAIGN-V2.6-FINAL-GROUP-PLAN-v1.json,CA-01-REMOTE::ca-01-price-intent::стоимость 1с программисты,expected_and_present,CORVONERO-CA-01-REMOTE-PROGRAMMIST-1S-COMMANDER-IMPORT-v2.6.1.xlsx,89,440,
EXP-000127,CA-01-REMOTE,Корво Неро — Программист 1С — Россия без НСО — поиск,CA-01,REMOTE,ca-01-price-intent,Программист 1С — стоимость часа,стоимость работы программиста 1с в час,стоимость работы программиста 1с в час,DEPLOYABLE_GROUP_PLAN,REMOTE,CORVONERO-CA-01-REMOTE-PROGRAMMIST-1S-COMMANDER-IMPORT-v2.6.1.xlsx,CORVONERO-CAMPAIGN-V2.6-FINAL-GROUP-PLAN-v1.json,CA-01-REMOTE::ca-01-price-intent::стоимость работы программиста 1с в час,expected_and_present,CORVONERO-CA-01-REMOTE-PROGRAMMIST-1S-COMMANDER-IMPORT-v2.6.1.xlsx,90,430,
EXP-000128,CA-01-REMOTE,Корво Неро — Программист 1С — Россия без НСО — поиск,CA-01,REMOTE,ca-01-price-intent,Программист 1С — стоимость часа,стоимость услуг 1с программиста,стоимость услуг 1с программиста,DEPLOYABLE_GROUP_PLAN,REMOTE,CORVONERO-CA-01-REMOTE-PROGRAMMIST-1S-COMMANDER-IMPORT-v2.6.1.xlsx,CORVONERO-CAMPAIGN-V2.6-FINAL-GROUP-PLAN-v1.json,CA-01-REMOTE::ca-01-price-intent::стоимость услуг 1с программиста,expected_and_present,CORVONERO-CA-01-REMOTE-PROGRAMMIST-1S-COMMANDER-IMPORT-v2.6.1.xlsx,91,420,
EXP-000129,CA-01-REMOTE,Корво Неро — Программист 1С — Россия без НСО — поиск,CA-01,REMOTE,ca-01-price-intent,Программист 1С — стоимость часа,стоимость услуг программиста 1с в час,стоимость услуг программиста 1с в час,DEPLOYABLE_GROUP_PLAN,REMOTE,CORVONERO-CA-01-REMOTE-PROGRAMMIST-1S-COMMANDER-IMPORT-v2.6.1.xlsx,CORVONERO-CAMPAIGN-V2.6-FINAL-GROUP-PLAN-v1.json,CA-01-REMOTE::ca-01-price-intent::стоимость услуг программиста 1с в час,expected_and_present,CORVONERO-CA-01-REMOTE-PROGRAMMIST-1S-COMMANDER-IMPORT-v2.6.1.xlsx,92,410,
EXP-000130,CA-01-REMOTE,Корво Неро — Программист 1С — Россия без НСО — поиск,CA-01,REMOTE,ca-01-price-intent,Программист 1С — стоимость часа,стоимость часа 1с программиста,стоимость часа 1с программиста,DEPLOYABLE_GROUP_PLAN,REMOTE,CORVONERO-CA-01-REMOTE-PROGRAMMIST-1S-COMMANDER-IMPORT-v2.6.1.xlsx,CORVONERO-CAMPAIGN-V2.6-FINAL-GROUP-PLAN-v1.json,CA-01-REMOTE::ca-01-price-intent::стоимость часа 1с программиста,expected_and_present,CORVONERO-CA-01-REMOTE-PROGRAMMIST-1S-COMMANDER-IMPORT-v2.6.1.xlsx,93,500,
EXP-000131,CA-01-REMOTE,Корво Неро — Программист 1С — Россия без НСО — поиск,CA-01,REMOTE,ca-01-price-intent,Программист 1С — стоимость часа,стоимость часа 1с программиста 2026,стоимость часа 1с программиста 2026,DEPLOYABLE_GROUP_PLAN,REMOTE,CORVONERO-CA-01-REMOTE-PROGRAMMIST-1S-COMMANDER-IMPORT-v2.6.1.xlsx,CORVONERO-CAMPAIGN-V2.6-FINAL-GROUP-PLAN-v1.json,CA-01-REMOTE::ca-01-price-intent::стоимость часа 1с программиста 2026,expected_and_present,CORVONERO-CA-01-REMOTE-PROGRAMMIST-1S-COMMANDER-IMPORT-v2.6.1.xlsx,94,490,
EXP-000132,CA-01-REMOTE,Корво Неро — Программист 1С — Россия без НСО — поиск,CA-01,REMOTE,ca-01-price-intent,Программист 1С — стоимость часа,стоимость часа сопровождения 1с,стоимость часа сопровождения 1с,DEPLOYABLE_GROUP_PLAN,REMOTE,CORVONERO-CA-01-REMOTE-PROGRAMMIST-1S-COMMANDER-IMPORT-v2.6.1.xlsx,CORVONERO-CAMPAIGN-V2.6-FINAL-GROUP-PLAN-v1.json,CA-01-REMOTE::ca-01-price-intent::стоимость часа сопровождения 1с,expected_and_present,CORVONERO-CA-01-REMOTE-PROGRAMMIST-1S-COMMANDER-IMPORT-v2.6.1.xlsx,95,480,
EXP-000133,CA-01-REMOTE,Корво Неро — Программист 1С — Россия без НСО — поиск,CA-01,REMOTE,ca-01-price-intent,Программист 1С — стоимость часа,час программиста 1с в москве,час программиста 1с в москве,DEPLOYABLE_GROUP_PLAN,REMOTE,CORVONERO-CA-01-REMOTE-PROGRAMMIST-1S-COMMANDER-IMPORT-v2.6.1.xlsx,CORVONERO-CAMPAIGN-V2.6-FINAL-GROUP-PLAN-v1.json,CA-01-REMOTE::ca-01-price-intent::час программиста 1с в москве,expected_and_present,CORVONERO-CA-01-REMOTE-PROGRAMMIST-1S-COMMANDER-IMPORT-v2.6.1.xlsx,96,470,
EXP-000134,CA-01-REMOTE,Корво Неро — Программист 1С — Россия без НСО — поиск,CA-01,REMOTE,ca-01-price-intent,Программист 1С — стоимость часа,час работы 1с программиста цена,час работы 1с программиста цена,DEPLOYABLE_GROUP_PLAN,REMOTE,CORVONERO-CA-01-REMOTE-PROGRAMMIST-1S-COMMANDER-IMPORT-v2.6.1.xlsx,CORVONERO-CAMPAIGN-V2.6-FINAL-GROUP-PLAN-v1.json,CA-01-REMOTE::ca-01-price-intent::час работы 1с программиста цена,expected_and_present,CORVONERO-CA-01-REMOTE-PROGRAMMIST-1S-COMMANDER-IMPORT-v2.6.1.xlsx,97,460,
EXP-000135,CA-01-REMOTE,Корво Неро — Программист 1С — Россия без НСО — поиск,CA-01,REMOTE,ca-01-price-intent,Программист 1С — стоимость часа,часа программиста 1с,часа программиста 1с,DEPLOYABLE_GROUP_PLAN,REMOTE,CORVONERO-CA-01-REMOTE-PROGRAMMIST-1S-COMMANDER-IMPORT-v2.6.1.xlsx,CORVONERO-CAMPAIGN-V2.6-FINAL-GROUP-PLAN-v1.json,CA-01-REMOTE::ca-01-price-intent::часа программиста 1с,expected_and_present,CORVONERO-CA-01-REMOTE-PROGRAMMIST-1S-COMMANDER-IMPORT-v2.6.1.xlsx,98,450,
EXP-000136,CA-01-REMOTE,Корво Неро — Программист 1С — Россия без НСО — поиск,CA-01,REMOTE,ca-01-price-intent,Программист 1С — стоимость часа,часа работы программиста 1с,часа работы программиста 1с,DEPLOYABLE_GROUP_PLAN,REMOTE,CORVONERO-CA-01-REMOTE-PROGRAMMIST-1S-COMMANDER-IMPORT-v2.6.1.xlsx,CORVONERO-CAMPAIGN-V2.6-FINAL-GROUP-PLAN-v1.json,CA-01-REMOTE::ca-01-price-intent::часа работы программиста 1с,expected_and_present,CORVONERO-CA-01-REMOTE-PROGRAMMIST-1S-COMMANDER-IMPORT-v2.6.1.xlsx,99,440,
EXP-000137,CA-01-REMOTE,Корво Неро — Программист 1С — Россия без НСО — поиск,CA-01,REMOTE,ca-01-price-intent,Программист 1С — стоимость часа,часы работы программиста 1с,часы работы программиста 1с,DEPLOYABLE_GROUP_PLAN,REMOTE,CORVONERO-CA-01-REMOTE-PROGRAMMIST-1S-COMMANDER-IMPORT-v2.6.1.xlsx,CORVONERO-CAMPAIGN-V2.6-FINAL-GROUP-PLAN-v1.json,CA-01-REMOTE::ca-01-price-intent::часы работы программиста 1с,expected_and_present,CORVONERO-CA-01-REMOTE-PROGRAMMIST-1S-COMMANDER-IMPORT-v2.6.1.xlsx,100,430,
EXP-000138,CA-01-REMOTE,Корво Неро — Программист 1С — Россия без НСО — поиск,CA-01,REMOTE,ca-01-specialist-by-product,Программист 1С — конфигурации,программист 1с битрикс,программист 1с битрикс,DEPLOYABLE_GROUP_PLAN,REMOTE,CORVONERO-CA-01-REMOTE-PROGRAMMIST-1S-COMMANDER-IMPORT-v2.6.1.xlsx,CORVONERO-CAMPAIGN-V2.6-FINAL-GROUP-PLAN-v1.json,CA-01-REMOTE::ca-01-specialist-by-product::программист 1с битрикс,expected_and_present,CORVONERO-CA-01-REMOTE-PROGRAMMIST-1S-COMMANDER-IMPORT-v2.6.1.xlsx,102,500,
EXP-000139,CA-01-REMOTE,Корво Неро — Программист 1С — Россия без НСО — поиск,CA-01,REMOTE,ca-01-specialist-by-product,Программист 1С — конфигурации,программист 1с документооборот,программист 1с документооборот,DEPLOYABLE_GROUP_PLAN,REMOTE,CORVONERO-CA-01-REMOTE-PROGRAMMIST-1S-COMMANDER-IMPORT-v2.6.1.xlsx,CORVONERO-CAMPAIGN-V2.6-FINAL-GROUP-PLAN-v1.json,CA-01-REMOTE::ca-01-specialist-by-product::программист 1с документооборот,expected_and_present,CORVONERO-CA-01-REMOTE-PROGRAMMIST-1S-COMMANDER-IMPORT-v2.6.1.xlsx,103,490,
EXP-000140,CA-01-REMOTE,Корво Неро — Программист 1С — Россия без НСО — поиск,CA-01,REMOTE,ca-01-specialist-by-product,Программист 1С — конфигурации,программист 1с предприятие,программист 1с предприятие,DEPLOYABLE_GROUP_PLAN,REMOTE,CORVONERO-CA-01-REMOTE-PROGRAMMIST-1S-COMMANDER-IMPORT-v2.6.1.xlsx,CORVONERO-CAMPAIGN-V2.6-FINAL-GROUP-PLAN-v1.json,CA-01-REMOTE::ca-01-specialist-by-product::программист 1с предприятие,expected_and_present,CORVONERO-CA-01-REMOTE-PROGRAMMIST-1S-COMMANDER-IMPORT-v2.6.1.xlsx,104,480,
EXP-000141,CA-01-REMOTE,Корво Неро — Программист 1С — Россия без НСО — поиск,CA-01,REMOTE,ca-01-specialist-by-product,Программист 1С — конфигурации,программист 1с предприятие 8.3,программист 1с предприятие 8.3,DEPLOYABLE_GROUP_PLAN,REMOTE,CORVONERO-CA-01-REMOTE-PROGRAMMIST-1S-COMMANDER-IMPORT-v2.6.1.xlsx,CORVONERO-CAMPAIGN-V2.6-FINAL-GROUP-PLAN-v1.json,CA-01-REMOTE::ca-01-specialist-by-product::программист 1с предприятие 8.3,expected_and_present,CORVONERO-CA-01-REMOTE-PROGRAMMIST-1S-COMMANDER-IMPORT-v2.6.1.xlsx,105,470,
EXP-000142,CA-01-REMOTE,Корво Неро — Программист 1С — Россия без НСО — поиск,CA-01,REMOTE,ca-01-specialist-by-product,Программист 1С — конфигурации,программист ерп 1с,программист ерп 1с,DEPLOYABLE_GROUP_PLAN,REMOTE,CORVONERO-CA-01-REMOTE-PROGRAMMIST-1S-COMMANDER-IMPORT-v2.6.1.xlsx,CORVONERO-CAMPAIGN-V2.6-FINAL-GROUP-PLAN-v1.json,CA-01-REMOTE::ca-01-specialist-by-product::программист ерп 1с,expected_and_present,CORVONERO-CA-01-REMOTE-PROGRAMMIST-1S-COMMANDER-IMPORT-v2.6.1.xlsx,106,460,
EXP-000143,CA-01-REMOTE,Корво Неро — Программист 1С — Россия без НСО — поиск,CA-01,REMOTE,ca-01-specialist-search,Программист 1С — услуги и настройка,программист 1с,программист 1с,DEPLOYABLE_GROUP_PLAN,REMOTE,CORVONERO-CA-01-REMOTE-PROGRAMMIST-1S-COMMANDER-IMPORT-v2.6.1.xlsx,CORVONERO-CAMPAIGN-V2.6-FINAL-GROUP-PLAN-v1.json,CA-01-REMOTE::ca-01-specialist-search::программист 1с,expected_and_present,CORVONERO-CA-01-REMOTE-PROGRAMMIST-1S-COMMANDER-IMPORT-v2.6.1.xlsx,108,500,
EXP-000144,CA-01-REMOTE,Корво Неро — Программист 1С — Россия без НСО — поиск,CA-01,REMOTE,ca-01-specialist-search,Программист 1С — услуги и настройка,программист 1с 7.7,программист 1с 7.7,DEPLOYABLE_GROUP_PLAN,REMOTE,CORVONERO-CA-01-REMOTE-PROGRAMMIST-1S-COMMANDER-IMPORT-v2.6.1.xlsx,CORVONERO-CAMPAIGN-V2.6-FINAL-GROUP-PLAN-v1.json,CA-01-REMOTE::ca-01-specialist-search::программист 1с 7.7,expected_and_present,CORVONERO-CA-01-REMOTE-PROGRAMMIST-1S-COMMANDER-IMPORT-v2.6.1.xlsx,109,490,
EXP-000145,CA-01-REMOTE,Корво Неро — Программист 1С — Россия без НСО — поиск,CA-01,REMOTE,ca-01-specialist-search,Программист 1С — услуги и настройка,программист 1с 8,программист 1с 8,DEPLOYABLE_GROUP_PLAN,REMOTE,CORVONERO-CA-01-REMOTE-PROGRAMMIST-1S-COMMANDER-IMPORT-v2.6.1.xlsx,CORVONERO-CAMPAIGN-V2.6-FINAL-GROUP-PLAN-v1.json,CA-01-REMOTE::ca-01-specialist-search::программист 1с 8,expected_and_present,CORVONERO-CA-01-REMOTE-PROGRAMMIST-1S-COMMANDER-IMPORT-v2.6.1.xlsx,110,480,
EXP-000146,CA-01-REMOTE,Корво Неро — Программист 1С — Россия без НСО — поиск,CA-01,REMOTE,ca-01-specialist-search,Программист 1С — услуги и настройка,программист 1с 8.3,программист 1с 8.3,DEPLOYABLE_GROUP_PLAN,REMOTE,CORVONERO-CA-01-REMOTE-PROGRAMMIST-1S-COMMANDER-IMPORT-v2.6.1.xlsx,CORVONERO-CAMPAIGN-V2.6-FINAL-GROUP-PLAN-v1.json,CA-01-REMOTE::ca-01-specialist-search::программист 1с 8.3,expected_and_present,CORVONERO-CA-01-REMOTE-PROGRAMMIST-1S-COMMANDER-IMPORT-v2.6.1.xlsx,111,470,
EXP-000147,CA-01-REMOTE,Корво Неро — Программист 1С — Россия без НСО — поиск,CA-01,REMOTE,ca-01-specialist-search,Программист 1С — услуги и настройка,программист 1с диадок контур,программист 1с диадок контур,DEPLOYABLE_GROUP_PLAN,REMOTE,CORVONERO-CA-01-REMOTE-PROGRAMMIST-1S-COMMANDER-IMPORT-v2.6.1.xlsx,CORVONERO-CAMPAIGN-V2.6-FINAL-GROUP-PLAN-v1.json,CA-01-REMOTE::ca-01-specialist-search::программист 1с диадок контур,expected_and_present,CORVONERO-CA-01-REMOTE-PROGRAMMIST-1S-COMMANDER-IMPORT-v2.6.1.xlsx,112,460,
EXP-000148,CA-01-REMOTE,Корво Неро — Программист 1С — Россия без НСО — поиск,CA-01,REMOTE,ca-01-specialist-search,Программист 1С — услуги и настройка,программист 1с настройка,программист 1с настройка,DEPLOYABLE_GROUP_PLAN,REMOTE,CORVONERO-CA-01-REMOTE-PROGRAMMIST-1S-COMMANDER-IMPORT-v2.6.1.xlsx,CORVONERO-CAMPAIGN-V2.6-FINAL-GROUP-PLAN-v1.json,CA-01-REMOTE::ca-01-specialist-search::программист 1с настройка,expected_and_present,CORVONERO-CA-01-REMOTE-PROGRAMMIST-1S-COMMANDER-IMPORT-v2.6.1.xlsx,113,450,
EXP-000149,CA-01-REMOTE,Корво Неро — Программист 1С — Россия без НСО — поиск,CA-01,REMOTE,ca-01-specialist-search,Программист 1С — услуги и настройка,программист 1с платформа 8.5,программист 1с платформа 8.5,DEPLOYABLE_GROUP_PLAN,REMOTE,CORVONERO-CA-01-REMOTE-PROGRAMMIST-1S-COMMANDER-IMPORT-v2.6.1.xlsx,CORVONERO-CAMPAIGN-V2.6-FINAL-GROUP-PLAN-v1.json,CA-01-REMOTE::ca-01-specialist-search::программист 1с платформа 8.5,expected_and_present,CORVONERO-CA-01-REMOTE-PROGRAMMIST-1S-COMMANDER-IMPORT-v2.6.1.xlsx,114,440,
EXP-000150,CA-01-REMOTE,Корво Неро — Программист 1С — Россия без НСО — поиск,CA-01,REMOTE,ca-01-specialist-search,Программист 1С — услуги и настройка,программист 1с россия,программист 1с россия,DEPLOYABLE_GROUP_PLAN,REMOTE,CORVONERO-CA-01-REMOTE-PROGRAMMIST-1S-COMMANDER-IMPORT-v2.6.1.xlsx,CORVONERO-CAMPAIGN-V2.6-FINAL-GROUP-PLAN-v1.json,CA-01-REMOTE::ca-01-specialist-search::программист 1с россия,expected_and_present,CORVONERO-CA-01-REMOTE-PROGRAMMIST-1S-COMMANDER-IMPORT-v2.6.1.xlsx,115,430,
EXP-000151,CA-01-REMOTE,Корво Неро — Программист 1С — Россия без НСО — поиск,CA-01,REMOTE,ca-01-specialist-search,Программист 1С — услуги и настройка,специалист программист 1с,специалист программист 1с,DEPLOYABLE_GROUP_PLAN,REMOTE,CORVONERO-CA-01-REMOTE-PROGRAMMIST-1S-COMMANDER-IMPORT-v2.6.1.xlsx,CORVONERO-CAMPAIGN-V2.6-FINAL-GROUP-PLAN-v1.json,CA-01-REMOTE::ca-01-specialist-search::специалист программист 1с,expected_and_present,CORVONERO-CA-01-REMOTE-PROGRAMMIST-1S-COMMANDER-IMPORT-v2.6.1.xlsx,116,420,
EXP-000152,CA-01-REMOTE,Корво Неро — Программист 1С — Россия без НСО — поиск,CA-01,REMOTE,ca-01-specialist-search,Программист 1С — услуги и настройка,стоимость услуг 1с сопровождения,стоимость услуг 1с сопровождения,DEPLOYABLE_GROUP_PLAN,REMOTE,CORVONERO-CA-01-REMOTE-PROGRAMMIST-1S-COMMANDER-IMPORT-v2.6.1.xlsx,CORVONERO-CAMPAIGN-V2.6-FINAL-GROUP-PLAN-v1.json,CA-01-REMOTE::ca-01-specialist-search::стоимость услуг 1с сопровождения,expected_and_present,CORVONERO-CA-01-REMOTE-PROGRAMMIST-1S-COMMANDER-IMPORT-v2.6.1.xlsx,117,410,
EXP-000153,CA-01-REMOTE,Корво Неро — Программист 1С — Россия без НСО — поиск,CA-01,REMOTE,ca-01-specialist-search,Программист 1С — услуги и настройка,услуги 1с программиста цены,услуги 1с программиста цены,DEPLOYABLE_GROUP_PLAN,REMOTE,CORVONERO-CA-01-REMOTE-PROGRAMMIST-1S-COMMANDER-IMPORT-v2.6.1.xlsx,CORVONERO-CAMPAIGN-V2.6-FINAL-GROUP-PLAN-v1.json,CA-01-REMOTE::ca-01-specialist-search::услуги 1с программиста цены,expected_and_present,CORVONERO-CA-01-REMOTE-PROGRAMMIST-1S-COMMANDER-IMPORT-v2.6.1.xlsx,118,500,
EXP-000154,CA-02-LOCAL,Корво Неро — Сопровождение 1С — Новосибирск и область — поиск,CA-02,LOCAL,ca-02-direct-service-order,Сопровождение 1С — заказ услуги,оказание услуг по сопровождению 1с,оказание услуг по сопровождению 1с,DEPLOYABLE_GROUP_PLAN,LOCAL,CORVONERO-CA-02-LOCAL-SOPROVOZHDENIE-1S-COMMANDER-IMPORT-v2.6.1.xlsx,CORVONERO-CAMPAIGN-V2.6-FINAL-GROUP-PLAN-v1.json,CA-02-LOCAL::ca-02-direct-service-order::оказание услуг по сопровождению 1с,expected_and_present,CORVONERO-CA-02-LOCAL-SOPROVOZHDENIE-1S-COMMANDER-IMPORT-v2.6.1.xlsx,17,400,
EXP-000155,CA-02-LOCAL,Корво Неро — Сопровождение 1С — Новосибирск и область — поиск,CA-02,LOCAL,ca-02-direct-service-order,Сопровождение 1С — заказ услуги,оказание услуг по сопровождению 1с предприятие,оказание услуг по сопровождению 1с предприятие,DEPLOYABLE_GROUP_PLAN,LOCAL,CORVONERO-CA-02-LOCAL-SOPROVOZHDENIE-1S-COMMANDER-IMPORT-v2.6.1.xlsx,CORVONERO-CAMPAIGN-V2.6-FINAL-GROUP-PLAN-v1.json,CA-02-LOCAL::ca-02-direct-service-order::оказание услуг по сопровождению 1с предприятие,expected_and_present,CORVONERO-CA-02-LOCAL-SOPROVOZHDENIE-1S-COMMANDER-IMPORT-v2.6.1.xlsx,18,390,
EXP-000156,CA-02-LOCAL,Корво Неро — Сопровождение 1С — Новосибирск и область — поиск,CA-02,LOCAL,ca-02-direct-service-order,Сопровождение 1С — заказ услуги,услуг по сопровождению программного продукта 1с,услуг по сопровождению программного продукта 1с,DEPLOYABLE_GROUP_PLAN,LOCAL,CORVONERO-CA-02-LOCAL-SOPROVOZHDENIE-1S-COMMANDER-IMPORT-v2.6.1.xlsx,CORVONERO-CAMPAIGN-V2.6-FINAL-GROUP-PLAN-v1.json,CA-02-LOCAL::ca-02-direct-service-order::услуг по сопровождению программного продукта 1с,expected_and_present,CORVONERO-CA-02-LOCAL-SOPROVOZHDENIE-1S-COMMANDER-IMPORT-v2.6.1.xlsx,19,380,
EXP-000157,CA-02-LOCAL,Корво Неро — Сопровождение 1С — Новосибирск и область — поиск,CA-02,LOCAL,ca-02-direct-service-order,Сопровождение 1С — заказ услуги,услуги по информационно технологическому сопровождению 1с,услуги по информационно технологическому сопровождению 1с,DEPLOYABLE_GROUP_PLAN,LOCAL,CORVONERO-CA-02-LOCAL-SOPROVOZHDENIE-1S-COMMANDER-IMPORT-v2.6.1.xlsx,CORVONERO-CAMPAIGN-V2.6-FINAL-GROUP-PLAN-v1.json,CA-02-LOCAL::ca-02-direct-service-order::услуги по информационно технологическому сопровождению 1с,expected_and_present,CORVONERO-CA-02-LOCAL-SOPROVOZHDENIE-1S-COMMANDER-IMPORT-v2.6.1.xlsx,20,370,
EXP-000158,CA-02-LOCAL,Корво Неро — Сопровождение 1С — Новосибирск и область — поиск,CA-02,LOCAL,ca-02-direct-service-order,Сопровождение 1С — заказ услуги,услуги по сопровождению 1с,услуги по сопровождению 1с,DEPLOYABLE_GROUP_PLAN,LOCAL,CORVONERO-CA-02-LOCAL-SOPROVOZHDENIE-1S-COMMANDER-IMPORT-v2.6.1.xlsx,CORVONERO-CAMPAIGN-V2.6-FINAL-GROUP-PLAN-v1.json,CA-02-LOCAL::ca-02-direct-service-order::услуги по сопровождению 1с,expected_and_present,CORVONERO-CA-02-LOCAL-SOPROVOZHDENIE-1S-COMMANDER-IMPORT-v2.6.1.xlsx,21,360,
EXP-000159,CA-02-LOCAL,Корво Неро — Сопровождение 1С — Новосибирск и область — поиск,CA-02,LOCAL,ca-02-direct-service-order,Сопровождение 1С — заказ услуги,услуги по сопровождению 1с 8,услуги по сопровождению 1с 8,DEPLOYABLE_GROUP_PLAN,LOCAL,CORVONERO-CA-02-LOCAL-SOPROVOZHDENIE-1S-COMMANDER-IMPORT-v2.6.1.xlsx,CORVONERO-CAMPAIGN-V2.6-FINAL-GROUP-PLAN-v1.json,CA-02-LOCAL::ca-02-direct-service-order::услуги по сопровождению 1с 8,expected_and_present,CORVONERO-CA-02-LOCAL-SOPROVOZHDENIE-1S-COMMANDER-IMPORT-v2.6.1.xlsx,22,350,
EXP-000160,CA-02-LOCAL,Корво Неро — Сопровождение 1С — Новосибирск и область — поиск,CA-02,LOCAL,ca-02-direct-service-order,Сопровождение 1С — заказ услуги,услуги по сопровождению 1с предприятие,услуги по сопровождению 1с предприятие,DEPLOYABLE_GROUP_PLAN,LOCAL,CORVONERO-CA-02-LOCAL-SOPROVOZHDENIE-1S-COMMANDER-IMPORT-v2.6.1.xlsx,CORVONERO-CAMPAIGN-V2.6-FINAL-GROUP-PLAN-v1.json,CA-02-LOCAL::ca-02-direct-service-order::услуги по сопровождению 1с предприятие,expected_and_present,CORVONERO-CA-02-LOCAL-SOPROVOZHDENIE-1S-COMMANDER-IMPORT-v2.6.1.xlsx,23,340,
EXP-000161,CA-02-LOCAL,Корво Неро — Сопровождение 1С — Новосибирск и область — поиск,CA-02,LOCAL,ca-02-direct-service-order,Сопровождение 1С — заказ услуги,услуги по техническому сопровождению 1с,услуги по техническому сопровождению 1с,DEPLOYABLE_GROUP_PLAN,LOCAL,CORVONERO-CA-02-LOCAL-SOPROVOZHDENIE-1S-COMMANDER-IMPORT-v2.6.1.xlsx,CORVONERO-CAMPAIGN-V2.6-FINAL-GROUP-PLAN-v1.json,CA-02-LOCAL::ca-02-direct-service-order::услуги по техническому сопровождению 1с,expected_and_present,CORVONERO-CA-02-LOCAL-SOPROVOZHDENIE-1S-COMMANDER-IMPORT-v2.6.1.xlsx,24,330,
EXP-000162,CA-02-LOCAL,Корво Неро — Сопровождение 1С — Новосибирск и область — поиск,CA-02,LOCAL,ca-02-price-intent,Сопровождение 1С — стоимость,1с сопровождение цены,1с сопровождение цены,DEPLOYABLE_GROUP_PLAN,LOCAL,CORVONERO-CA-02-LOCAL-SOPROVOZHDENIE-1S-COMMANDER-IMPORT-v2.6.1.xlsx,CORVONERO-CAMPAIGN-V2.6-FINAL-GROUP-PLAN-v1.json,CA-02-LOCAL::ca-02-price-intent::1с сопровождение цены,expected_and_present,CORVONERO-CA-02-LOCAL-SOPROVOZHDENIE-1S-COMMANDER-IMPORT-v2.6.1.xlsx,26,400,
EXP-000163,CA-02-LOCAL,Корво Неро — Сопровождение 1С — Новосибирск и область — поиск,CA-02,LOCAL,ca-02-price-intent,Сопровождение 1С — стоимость,итс сопровождение 1с цены,итс сопровождение 1с цены,DEPLOYABLE_GROUP_PLAN,LOCAL,CORVONERO-CA-02-LOCAL-SOPROVOZHDENIE-1S-COMMANDER-IMPORT-v2.6.1.xlsx,CORVONERO-CAMPAIGN-V2.6-FINAL-GROUP-PLAN-v1.json,CA-02-LOCAL::ca-02-price-intent::итс сопровождение 1с цены,expected_and_present,CORVONERO-CA-02-LOCAL-SOPROVOZHDENIE-1S-COMMANDER-IMPORT-v2.6.1.xlsx,27,390,
EXP-000164,CA-02-LOCAL,Корво Неро — Сопровождение 1С — Новосибирск и область — поиск,CA-02,LOCAL,ca-02-price-intent,Сопровождение 1С — стоимость,сколько стоит сопровождение 1с,сколько стоит сопровождение 1с,DEPLOYABLE_GROUP_PLAN,LOCAL,CORVONERO-CA-02-LOCAL-SOPROVOZHDENIE-1S-COMMANDER-IMPORT-v2.6.1.xlsx,CORVONERO-CAMPAIGN-V2.6-FINAL-GROUP-PLAN-v1.json,CA-02-LOCAL::ca-02-price-intent::сколько стоит сопровождение 1с,expected_and_present,CORVONERO-CA-02-LOCAL-SOPROVOZHDENIE-1S-COMMANDER-IMPORT-v2.6.1.xlsx,28,380,
EXP-000165,CA-02-LOCAL,Корво Неро — Сопровождение 1С — Новосибирск и область — поиск,CA-02,LOCAL,ca-02-price-intent,Сопровождение 1С — стоимость,сопровождение 1с бухгалтерия цена,сопровождение 1с бухгалтерия цена,DEPLOYABLE_GROUP_PLAN,LOCAL,CORVONERO-CA-02-LOCAL-SOPROVOZHDENIE-1S-COMMANDER-IMPORT-v2.6.1.xlsx,CORVONERO-CAMPAIGN-V2.6-FINAL-GROUP-PLAN-v1.json,CA-02-LOCAL::ca-02-price-intent::сопровождение 1с бухгалтерия цена,expected_and_present,CORVONERO-CA-02-LOCAL-SOPROVOZHDENIE-1S-COMMANDER-IMPORT-v2.6.1.xlsx,29,370,
EXP-000166,CA-02-LOCAL,Корво Неро — Сопровождение 1С — Новосибирск и область — поиск,CA-02,LOCAL,ca-02-price-intent,Сопровождение 1С — стоимость,сопровождение 1с предприятие 8.3 цена,сопровождение 1с предприятие 8.3 цена,DEPLOYABLE_GROUP_PLAN,LOCAL,CORVONERO-CA-02-LOCAL-SOPROVOZHDENIE-1S-COMMANDER-IMPORT-v2.6.1.xlsx,CORVONERO-CAMPAIGN-V2.6-FINAL-GROUP-PLAN-v1.json,CA-02-LOCAL::ca-02-price-intent::сопровождение 1с предприятие 8.3 цена,expected_and_present,CORVONERO-CA-02-LOCAL-SOPROVOZHDENIE-1S-COMMANDER-IMPORT-v2.6.1.xlsx,30,360,
EXP-000167,CA-02-LOCAL,Корво Неро — Сопровождение 1С — Новосибирск и область — поиск,CA-02,LOCAL,ca-02-price-intent,Сопровождение 1С — стоимость,сопровождение 1с предприятие цена,сопровождение 1с предприятие цена,DEPLOYABLE_GROUP_PLAN,LOCAL,CORVONERO-CA-02-LOCAL-SOPROVOZHDENIE-1S-COMMANDER-IMPORT-v2.6.1.xlsx,CORVONERO-CAMPAIGN-V2.6-FINAL-GROUP-PLAN-v1.json,CA-02-LOCAL::ca-02-price-intent::сопровождение 1с предприятие цена,expected_and_present,CORVONERO-CA-02-LOCAL-SOPROVOZHDENIE-1S-COMMANDER-IMPORT-v2.6.1.xlsx,31,350,
EXP-000168,CA-02-LOCAL,Корво Неро — Сопровождение 1С — Новосибирск и область — поиск,CA-02,LOCAL,ca-02-price-intent,Сопровождение 1С — стоимость,сопровождение 1с стоимость,сопровождение 1с стоимость,DEPLOYABLE_GROUP_PLAN,LOCAL,CORVONERO-CA-02-LOCAL-SOPROVOZHDENIE-1S-COMMANDER-IMPORT-v2.6.1.xlsx,CORVONERO-CAMPAIGN-V2.6-FINAL-GROUP-PLAN-v1.json,CA-02-LOCAL::ca-02-price-intent::сопровождение 1с стоимость,expected_and_present,CORVONERO-CA-02-LOCAL-SOPROVOZHDENIE-1S-COMMANDER-IMPORT-v2.6.1.xlsx,32,340,
EXP-000169,CA-02-LOCAL,Корво Неро — Сопровождение 1С — Новосибирск и область — поиск,CA-02,LOCAL,ca-02-price-intent,Сопровождение 1С — стоимость,услуги сопровождения 1с цена,услуги сопровождения 1с цена,DEPLOYABLE_GROUP_PLAN,LOCAL,CORVONERO-CA-02-LOCAL-SOPROVOZHDENIE-1S-COMMANDER-IMPORT-v2.6.1.xlsx,CORVONERO-CAMPAIGN-V2.6-FINAL-GROUP-PLAN-v1.json,CA-02-LOCAL::ca-02-price-intent::услуги сопровождения 1с цена,expected_and_present,CORVONERO-CA-02-LOCAL-SOPROVOZHDENIE-1S-COMMANDER-IMPORT-v2.6.1.xlsx,33,330,
EXP-000170,CA-02-LOCAL,Корво Неро — Сопровождение 1С — Новосибирск и область — поиск,CA-02,LOCAL,ca-02-provider-search,Сопровождение 1С — поиск подрядчика,1с компания сопровождение,1с компания сопровождение,DEPLOYABLE_GROUP_PLAN,LOCAL,CORVONERO-CA-02-LOCAL-SOPROVOZHDENIE-1S-COMMANDER-IMPORT-v2.6.1.xlsx,CORVONERO-CAMPAIGN-V2.6-FINAL-GROUP-PLAN-v1.json,CA-02-LOCAL::ca-02-provider-search::1с компания сопровождение,expected_and_present,CORVONERO-CA-02-LOCAL-SOPROVOZHDENIE-1S-COMMANDER-IMPORT-v2.6.1.xlsx,35,400,
EXP-000171,CA-02-LOCAL,Корво Неро — Сопровождение 1С — Новосибирск и область — поиск,CA-02,LOCAL,ca-02-provider-search,Сопровождение 1С — поиск подрядчика,фирмы сопровождение 1с,фирмы сопровождение 1с,DEPLOYABLE_GROUP_PLAN,LOCAL,CORVONERO-CA-02-LOCAL-SOPROVOZHDENIE-1S-COMMANDER-IMPORT-v2.6.1.xlsx,CORVONERO-CAMPAIGN-V2.6-FINAL-GROUP-PLAN-v1.json,CA-02-LOCAL::ca-02-provider-search::фирмы сопровождение 1с,expected_and_present,CORVONERO-CA-02-LOCAL-SOPROVOZHDENIE-1S-COMMANDER-IMPORT-v2.6.1.xlsx,36,390,
EXP-000172,CA-02-LOCAL,Корво Неро — Сопровождение 1С — Новосибирск и область — поиск,CA-02,LOCAL,ca-02-support-and-maintenance,Сопровождение и обслуживание 1С,1с автоматизация сопровождение,1с автоматизация сопровождение,DEPLOYABLE_GROUP_PLAN,LOCAL,CORVONERO-CA-02-LOCAL-SOPROVOZHDENIE-1S-COMMANDER-IMPORT-v2.6.1.xlsx,CORVONERO-CAMPAIGN-V2.6-FINAL-GROUP-PLAN-v1.json,CA-02-LOCAL::ca-02-support-and-maintenance::1с автоматизация сопровождение,expected_and_present,CORVONERO-CA-02-LOCAL-SOPROVOZHDENIE-1S-COMMANDER-IMPORT-v2.6.1.xlsx,38,400,
EXP-000173,CA-02-LOCAL,Корво Неро — Сопровождение 1С — Новосибирск и область — поиск,CA-02,LOCAL,ca-02-support-and-maintenance,Сопровождение и обслуживание 1С,1с база сопровождение,1с база сопровождение,DEPLOYABLE_GROUP_PLAN,LOCAL,CORVONERO-CA-02-LOCAL-SOPROVOZHDENIE-1S-COMMANDER-IMPORT-v2.6.1.xlsx,CORVONERO-CAMPAIGN-V2.6-FINAL-GROUP-PLAN-v1.json,CA-02-LOCAL::ca-02-support-and-maintenance::1с база сопровождение,expected_and_present,CORVONERO-CA-02-LOCAL-SOPROVOZHDENIE-1S-COMMANDER-IMPORT-v2.6.1.xlsx,39,390,
EXP-000174,CA-02-LOCAL,Корво Неро — Сопровождение 1С — Новосибирск и область — поиск,CA-02,LOCAL,ca-02-support-and-maintenance,Сопровождение и обслуживание 1С,1с бух сопровождение,1с бух сопровождение,DEPLOYABLE_GROUP_PLAN,LOCAL,CORVONERO-CA-02-LOCAL-SOPROVOZHDENIE-1S-COMMANDER-IMPORT-v2.6.1.xlsx,CORVONERO-CAMPAIGN-V2.6-FINAL-GROUP-PLAN-v1.json,CA-02-LOCAL::ca-02-support-and-maintenance::1с бух сопровождение,expected_and_present,CORVONERO-CA-02-LOCAL-SOPROVOZHDENIE-1S-COMMANDER-IMPORT-v2.6.1.xlsx,40,380,
EXP-000175,CA-02-LOCAL,Корво Неро — Сопровождение 1С — Новосибирск и область — поиск,CA-02,LOCAL,ca-02-support-and-maintenance,Сопровождение и обслуживание 1С,1с документооборот сопровождение,1с документооборот сопровождение,DEPLOYABLE_GROUP_PLAN,LOCAL,CORVONERO-CA-02-LOCAL-SOPROVOZHDENIE-1S-COMMANDER-IMPORT-v2.6.1.xlsx,CORVONERO-CAMPAIGN-V2.6-FINAL-GROUP-PLAN-v1.json,CA-02-LOCAL::ca-02-support-and-maintenance::1с документооборот сопровождение,expected_and_present,CORVONERO-CA-02-LOCAL-SOPROVOZHDENIE-1S-COMMANDER-IMPORT-v2.6.1.xlsx,41,370,
EXP-000176,CA-02-LOCAL,Корво Неро — Сопровождение 1С — Новосибирск и область — поиск,CA-02,LOCAL,ca-02-support-and-maintenance,Сопровождение и обслуживание 1С,1с комплексное сопровождение эдо,1с комплексное сопровождение эдо,DEPLOYABLE_GROUP_PLAN,LOCAL,CORVONERO-CA-02-LOCAL-SOPROVOZHDENIE-1S-COMMANDER-IMPORT-v2.6.1.xlsx,CORVONERO-CAMPAIGN-V2.6-FINAL-GROUP-PLAN-v1.json,CA-02-LOCAL::ca-02-support-and-maintenance::1с комплексное сопровождение эдо,expected_and_present,CORVONERO-CA-02-LOCAL-SOPROVOZHDENIE-1S-COMMANDER-IMPORT-v2.6.1.xlsx,42,360,
EXP-000177,CA-02-LOCAL,Корво Неро — Сопровождение 1С — Новосибирск и область — поиск,CA-02,LOCAL,ca-02-support-and-maintenance,Сопровождение и обслуживание 1С,1с настройка сопровождение,1с настройка сопровождение,DEPLOYABLE_GROUP_PLAN,LOCAL,CORVONERO-CA-02-LOCAL-SOPROVOZHDENIE-1S-COMMANDER-IMPORT-v2.6.1.xlsx,CORVONERO-CAMPAIGN-V2.6-FINAL-GROUP-PLAN-v1.json,CA-02-LOCAL::ca-02-support-and-maintenance::1с настройка сопровождение,expected_and_present,CORVONERO-CA-02-LOCAL-SOPROVOZHDENIE-1S-COMMANDER-IMPORT-v2.6.1.xlsx,43,350,
EXP-000178,CA-02-LOCAL,Корво Неро — Сопровождение 1С — Новосибирск и область — поиск,CA-02,LOCAL,ca-02-support-and-maintenance,Сопровождение и обслуживание 1С,1с сопровождение трактир,1с сопровождение трактир,DEPLOYABLE_GROUP_PLAN,LOCAL,CORVONERO-CA-02-LOCAL-SOPROVOZHDENIE-1S-COMMANDER-IMPORT-v2.6.1.xlsx,CORVONERO-CAMPAIGN-V2.6-FINAL-GROUP-PLAN-v1.json,CA-02-LOCAL::ca-02-support-and-maintenance::1с сопровождение трактир,expected_and_present,CORVONERO-CA-02-LOCAL-SOPROVOZHDENIE-1S-COMMANDER-IMPORT-v2.6.1.xlsx,44,340,
EXP-000179,CA-02-LOCAL,Корво Неро — Сопровождение 1С — Новосибирск и область — поиск,CA-02,LOCAL,ca-02-support-and-maintenance,Сопровождение и обслуживание 1С,1с установка сопровождение,1с установка сопровождение,DEPLOYABLE_GROUP_PLAN,LOCAL,CORVONERO-CA-02-LOCAL-SOPROVOZHDENIE-1S-COMMANDER-IMPORT-v2.6.1.xlsx,CORVONERO-CAMPAIGN-V2.6-FINAL-GROUP-PLAN-v1.json,CA-02-LOCAL::ca-02-support-and-maintenance::1с установка сопровождение,expected_and_present,CORVONERO-CA-02-LOCAL-SOPROVOZHDENIE-1S-COMMANDER-IMPORT-v2.6.1.xlsx,45,330,
EXP-000180,CA-02-LOCAL,Корво Неро — Сопровождение 1С — Новосибирск и область — поиск,CA-02,LOCAL,ca-02-support-and-maintenance,Сопровождение и обслуживание 1С,базы данных 1с сопровождение,базы данных 1с сопровождение,DEPLOYABLE_GROUP_PLAN,LOCAL,CORVONERO-CA-02-LOCAL-SOPROVOZHDENIE-1S-COMMANDER-IMPORT-v2.6.1.xlsx,CORVONERO-CAMPAIGN-V2.6-FINAL-GROUP-PLAN-v1.json,CA-02-LOCAL::ca-02-support-and-maintenance::базы данных 1с сопровождение,expected_and_present,CORVONERO-CA-02-LOCAL-SOPROVOZHDENIE-1S-COMMANDER-IMPORT-v2.6.1.xlsx,46,320,
EXP-000181,CA-02-LOCAL,Корво Неро — Сопровождение 1С — Новосибирск и область — поиск,CA-02,LOCAL,ca-02-support-and-maintenance,Сопровождение и обслуживание 1С,бухгалтерское сопровождение 1с,бухгалтерское сопровождение 1с,DEPLOYABLE_GROUP_PLAN,LOCAL,CORVONERO-CA-02-LOCAL-SOPROVOZHDENIE-1S-COMMANDER-IMPORT-v2.6.1.xlsx,CORVONERO-CAMPAIGN-V2.6-FINAL-GROUP-PLAN-v1.json,CA-02-LOCAL::ca-02-support-and-maintenance::бухгалтерское сопровождение 1с,expected_and_present,CORVONERO-CA-02-LOCAL-SOPROVOZHDENIE-1S-COMMANDER-IMPORT-v2.6.1.xlsx,47,310,
EXP-000182,CA-02-LOCAL,Корво Неро — Сопровождение 1С — Новосибирск и область — поиск,CA-02,LOCAL,ca-02-support-and-maintenance,Сопровождение и обслуживание 1С,корп сопровождение 1с,корп сопровождение 1с,DEPLOYABLE_GROUP_PLAN,LOCAL,CORVONERO-CA-02-LOCAL-SOPROVOZHDENIE-1S-COMMANDER-IMPORT-v2.6.1.xlsx,CORVONERO-CAMPAIGN-V2.6-FINAL-GROUP-PLAN-v1.json,CA-02-LOCAL::ca-02-support-and-maintenance::корп сопровождение 1с,expected_and_present,CORVONERO-CA-02-LOCAL-SOPROVOZHDENIE-1S-COMMANDER-IMPORT-v2.6.1.xlsx,48,400,
EXP-000183,CA-02-LOCAL,Корво Неро — Сопровождение 1С — Новосибирск и область — поиск,CA-02,LOCAL,ca-02-support-and-maintenance,Сопровождение и обслуживание 1С,корпоративное сопровождение 1с,корпоративное сопровождение 1с,DEPLOYABLE_GROUP_PLAN,LOCAL,CORVONERO-CA-02-LOCAL-SOPROVOZHDENIE-1S-COMMANDER-IMPORT-v2.6.1.xlsx,CORVONERO-CAMPAIGN-V2.6-FINAL-GROUP-PLAN-v1.json,CA-02-LOCAL::ca-02-support-and-maintenance::корпоративное сопровождение 1с,expected_and_present,CORVONERO-CA-02-LOCAL-SOPROVOZHDENIE-1S-COMMANDER-IMPORT-v2.6.1.xlsx,49,390,
EXP-000184,CA-02-LOCAL,Корво Неро — Сопровождение 1С — Новосибирск и область — поиск,CA-02,LOCAL,ca-02-support-and-maintenance,Сопровождение и обслуживание 1С,программист сопровождение 1с,программист сопровождение 1с,DEPLOYABLE_GROUP_PLAN,LOCAL,CORVONERO-CA-02-LOCAL-SOPROVOZHDENIE-1S-COMMANDER-IMPORT-v2.6.1.xlsx,CORVONERO-CAMPAIGN-V2.6-FINAL-GROUP-PLAN-v1.json,CA-02-LOCAL::ca-02-support-and-maintenance::программист сопровождение 1с,expected_and_present,CORVONERO-CA-02-LOCAL-SOPROVOZHDENIE-1S-COMMANDER-IMPORT-v2.6.1.xlsx,50,380,
EXP-000185,CA-02-LOCAL,Корво Неро — Сопровождение 1С — Новосибирск и область — поиск,CA-02,LOCAL,ca-02-support-and-maintenance,Сопровождение и обслуживание 1С,регулярное сопровождение 1с,регулярное сопровождение 1с,DEPLOYABLE_GROUP_PLAN,LOCAL,CORVONERO-CA-02-LOCAL-SOPROVOZHDENIE-1S-COMMANDER-IMPORT-v2.6.1.xlsx,CORVONERO-CAMPAIGN-V2.6-FINAL-GROUP-PLAN-v1.json,CA-02-LOCAL::ca-02-support-and-maintenance::регулярное сопровождение 1с,expected_and_present,CORVONERO-CA-02-LOCAL-SOPROVOZHDENIE-1S-COMMANDER-IMPORT-v2.6.1.xlsx,51,370,
EXP-000186,CA-02-LOCAL,Корво Неро — Сопровождение 1С — Новосибирск и область — поиск,CA-02,LOCAL,ca-02-support-and-maintenance,Сопровождение и обслуживание 1С,сервис 1с сопровождение,сервис 1с сопровождение,DEPLOYABLE_GROUP_PLAN,LOCAL,CORVONERO-CA-02-LOCAL-SOPROVOZHDENIE-1S-COMMANDER-IMPORT-v2.6.1.xlsx,CORVONERO-CAMPAIGN-V2.6-FINAL-GROUP-PLAN-v1.json,CA-02-LOCAL::ca-02-support-and-maintenance::сервис 1с сопровождение,expected_and_present,CORVONERO-CA-02-LOCAL-SOPROVOZHDENIE-1S-COMMANDER-IMPORT-v2.6.1.xlsx,52,360,
EXP-000187,CA-02-LOCAL,Корво Неро — Сопровождение 1С — Новосибирск и область — поиск,CA-02,LOCAL,ca-02-support-and-maintenance,Сопровождение и обслуживание 1С,сопровождение 1с,сопровождение 1с,DEPLOYABLE_GROUP_PLAN,LOCAL,CORVONERO-CA-02-LOCAL-SOPROVOZHDENIE-1S-COMMANDER-IMPORT-v2.6.1.xlsx,CORVONERO-CAMPAIGN-V2.6-FINAL-GROUP-PLAN-v1.json,CA-02-LOCAL::ca-02-support-and-maintenance::сопровождение 1с,expected_and_present,CORVONERO-CA-02-LOCAL-SOPROVOZHDENIE-1S-COMMANDER-IMPORT-v2.6.1.xlsx,53,350,
EXP-000188,CA-02-LOCAL,Корво Неро — Сопровождение 1С — Новосибирск и область — поиск,CA-02,LOCAL,ca-02-support-and-maintenance,Сопровождение и обслуживание 1С,сопровождение 1с 8,сопровождение 1с 8,DEPLOYABLE_GROUP_PLAN,LOCAL,CORVONERO-CA-02-LOCAL-SOPROVOZHDENIE-1S-COMMANDER-IMPORT-v2.6.1.xlsx,CORVONERO-CAMPAIGN-V2.6-FINAL-GROUP-PLAN-v1.json,CA-02-LOCAL::ca-02-support-and-maintenance::сопровождение 1с 8,expected_and_present,CORVONERO-CA-02-LOCAL-SOPROVOZHDENIE-1S-COMMANDER-IMPORT-v2.6.1.xlsx,54,340,
EXP-000189,CA-02-LOCAL,Корво Неро — Сопровождение 1С — Новосибирск и область — поиск,CA-02,LOCAL,ca-02-support-and-maintenance,Сопровождение и обслуживание 1С,сопровождение 1с 8.3,сопровождение 1с 8.3,DEPLOYABLE_GROUP_PLAN,LOCAL,CORVONERO-CA-02-LOCAL-SOPROVOZHDENIE-1S-COMMANDER-IMPORT-v2.6.1.xlsx,CORVONERO-CAMPAIGN-V2.6-FINAL-GROUP-PLAN-v1.json,CA-02-LOCAL::ca-02-support-and-maintenance::сопровождение 1с 8.3,expected_and_present,CORVONERO-CA-02-LOCAL-SOPROVOZHDENIE-1S-COMMANDER-IMPORT-v2.6.1.xlsx,55,330,
EXP-000190,CA-02-LOCAL,Корво Неро — Сопровождение 1С — Новосибирск и область — поиск,CA-02,LOCAL,ca-02-support-and-maintenance,Сопровождение и обслуживание 1С,сопровождение 1с бизнес,сопровождение 1с бизнес,DEPLOYABLE_GROUP_PLAN,LOCAL,CORVONERO-CA-02-LOCAL-SOPROVOZHDENIE-1S-COMMANDER-IMPORT-v2.6.1.xlsx,CORVONERO-CAMPAIGN-V2.6-FINAL-GROUP-PLAN-v1.json,CA-02-LOCAL::ca-02-support-and-maintenance::сопровождение 1с бизнес,expected_and_present,CORVONERO-CA-02-LOCAL-SOPROVOZHDENIE-1S-COMMANDER-IMPORT-v2.6.1.xlsx,56,320,
EXP-000191,CA-02-LOCAL,Корво Неро — Сопровождение 1С — Новосибирск и область — поиск,CA-02,LOCAL,ca-02-support-and-maintenance,Сопровождение и обслуживание 1С,сопровождение 1с комплексная,сопровождение 1с комплексная,DEPLOYABLE_GROUP_PLAN,LOCAL,CORVONERO-CA-02-LOCAL-SOPROVOZHDENIE-1S-COMMANDER-IMPORT-v2.6.1.xlsx,CORVONERO-CAMPAIGN-V2.6-FINAL-GROUP-PLAN-v1.json,CA-02-LOCAL::ca-02-support-and-maintenance::сопровождение 1с комплексная,expected_and_present,CORVONERO-CA-02-LOCAL-SOPROVOZHDENIE-1S-COMMANDER-IMPORT-v2.6.1.xlsx,57,310,
EXP-000192,CA-02-LOCAL,Корво Неро — Сопровождение 1С — Новосибирск и область — поиск,CA-02,LOCAL,ca-02-support-and-maintenance,Сопровождение и обслуживание 1С,сопровождение 1с кп,сопровождение 1с кп,DEPLOYABLE_GROUP_PLAN,LOCAL,CORVONERO-CA-02-LOCAL-SOPROVOZHDENIE-1S-COMMANDER-IMPORT-v2.6.1.xlsx,CORVONERO-CAMPAIGN-V2.6-FINAL-GROUP-PLAN-v1.json,CA-02-LOCAL::ca-02-support-and-maintenance::сопровождение 1с кп,expected_and_present,CORVONERO-CA-02-LOCAL-SOPROVOZHDENIE-1S-COMMANDER-IMPORT-v2.6.1.xlsx,58,400,
EXP-000193,CA-02-LOCAL,Корво Неро — Сопровождение 1С — Новосибирск и область — поиск,CA-02,LOCAL,ca-02-support-and-maintenance,Сопровождение и обслуживание 1С,сопровождение 1с новосибирск,сопровождение 1с новосибирск,DEPLOYABLE_GROUP_PLAN,LOCAL,CORVONERO-CA-02-LOCAL-SOPROVOZHDENIE-1S-COMMANDER-IMPORT-v2.6.1.xlsx,CORVONERO-CAMPAIGN-V2.6-FINAL-GROUP-PLAN-v1.json,CA-02-LOCAL::ca-02-support-and-maintenance::сопровождение 1с новосибирск,expected_and_present,CORVONERO-CA-02-LOCAL-SOPROVOZHDENIE-1S-COMMANDER-IMPORT-v2.6.1.xlsx,59,390,
EXP-000194,CA-02-LOCAL,Корво Неро — Сопровождение 1С — Новосибирск и область — поиск,CA-02,LOCAL,ca-02-support-and-maintenance,Сопровождение и обслуживание 1С,сопровождение 1с проводки,сопровождение 1с проводки,DEPLOYABLE_GROUP_PLAN,LOCAL,CORVONERO-CA-02-LOCAL-SOPROVOZHDENIE-1S-COMMANDER-IMPORT-v2.6.1.xlsx,CORVONERO-CAMPAIGN-V2.6-FINAL-GROUP-PLAN-v1.json,CA-02-LOCAL::ca-02-support-and-maintenance::сопровождение 1с проводки,expected_and_present,CORVONERO-CA-02-LOCAL-SOPROVOZHDENIE-1S-COMMANDER-IMPORT-v2.6.1.xlsx,60,380,
EXP-000195,CA-02-LOCAL,Корво Неро — Сопровождение 1С — Новосибирск и область — поиск,CA-02,LOCAL,ca-02-support-and-maintenance,Сопровождение и обслуживание 1С,сопровождение 1с розница,сопровождение 1с розница,DEPLOYABLE_GROUP_PLAN,LOCAL,CORVONERO-CA-02-LOCAL-SOPROVOZHDENIE-1S-COMMANDER-IMPORT-v2.6.1.xlsx,CORVONERO-CAMPAIGN-V2.6-FINAL-GROUP-PLAN-v1.json,CA-02-LOCAL::ca-02-support-and-maintenance::сопровождение 1с розница,expected_and_present,CORVONERO-CA-02-LOCAL-SOPROVOZHDENIE-1S-COMMANDER-IMPORT-v2.6.1.xlsx,61,370,
EXP-000196,CA-02-LOCAL,Корво Неро — Сопровождение 1С — Новосибирск и область — поиск,CA-02,LOCAL,ca-02-support-and-maintenance,Сопровождение и обслуживание 1С,сопровождение 1с тарифы,сопровождение 1с тарифы,DEPLOYABLE_GROUP_PLAN,LOCAL,CORVONERO-CA-02-LOCAL-SOPROVOZHDENIE-1S-COMMANDER-IMPORT-v2.6.1.xlsx,CORVONERO-CAMPAIGN-V2.6-FINAL-GROUP-PLAN-v1.json,CA-02-LOCAL::ca-02-support-and-maintenance::сопровождение 1с тарифы,expected_and_present,CORVONERO-CA-02-LOCAL-SOPROVOZHDENIE-1S-COMMANDER-IMPORT-v2.6.1.xlsx,62,360,
EXP-000197,CA-02-LOCAL,Корво Неро — Сопровождение 1С — Новосибирск и область — поиск,CA-02,LOCAL,ca-02-support-and-maintenance,Сопровождение и обслуживание 1С,сопровождение пользователей 1с,сопровождение пользователей 1с,DEPLOYABLE_GROUP_PLAN,LOCAL,CORVONERO-CA-02-LOCAL-SOPROVOZHDENIE-1S-COMMANDER-IMPORT-v2.6.1.xlsx,CORVONERO-CAMPAIGN-V2.6-FINAL-GROUP-PLAN-v1.json,CA-02-LOCAL::ca-02-support-and-maintenance::сопровождение пользователей 1с,expected_and_present,CORVONERO-CA-02-LOCAL-SOPROVOZHDENIE-1S-COMMANDER-IMPORT-v2.6.1.xlsx,63,350,
EXP-000198,CA-02-LOCAL,Корво Неро — Сопровождение 1С — Новосибирск и область — поиск,CA-02,LOCAL,ca-02-support-and-maintenance,Сопровождение и обслуживание 1С,сопровождение пп 1с,сопровождение пп 1с,DEPLOYABLE_GROUP_PLAN,LOCAL,CORVONERO-CA-02-LOCAL-SOPROVOZHDENIE-1S-COMMANDER-IMPORT-v2.6.1.xlsx,CORVONERO-CAMPAIGN-V2.6-FINAL-GROUP-PLAN-v1.json,CA-02-LOCAL::ca-02-support-and-maintenance::сопровождение пп 1с,expected_and_present,CORVONERO-CA-02-LOCAL-SOPROVOZHDENIE-1S-COMMANDER-IMPORT-v2.6.1.xlsx,64,340,
EXP-000199,CA-02-LOCAL,Корво Неро — Сопровождение 1С — Новосибирск и область — поиск,CA-02,LOCAL,ca-02-support-and-maintenance,Сопровождение и обслуживание 1С,сопровождение продуктов 1с,сопровождение продуктов 1с,DEPLOYABLE_GROUP_PLAN,LOCAL,CORVONERO-CA-02-LOCAL-SOPROVOZHDENIE-1S-COMMANDER-IMPORT-v2.6.1.xlsx,CORVONERO-CAMPAIGN-V2.6-FINAL-GROUP-PLAN-v1.json,CA-02-LOCAL::ca-02-support-and-maintenance::сопровождение продуктов 1с,expected_and_present,CORVONERO-CA-02-LOCAL-SOPROVOZHDENIE-1S-COMMANDER-IMPORT-v2.6.1.xlsx,65,330,
EXP-000200,CA-02-LOCAL,Корво Неро — Сопровождение 1С — Новосибирск и область — поиск,CA-02,LOCAL,ca-02-support-and-maintenance,Сопровождение и обслуживание 1С,сопровождение системы 1с,сопровождение системы 1с,DEPLOYABLE_GROUP_PLAN,LOCAL,CORVONERO-CA-02-LOCAL-SOPROVOZHDENIE-1S-COMMANDER-IMPORT-v2.6.1.xlsx,CORVONERO-CAMPAIGN-V2.6-FINAL-GROUP-PLAN-v1.json,CA-02-LOCAL::ca-02-support-and-maintenance::сопровождение системы 1с,expected_and_present,CORVONERO-CA-02-LOCAL-SOPROVOZHDENIE-1S-COMMANDER-IMPORT-v2.6.1.xlsx,66,320,
EXP-000201,CA-02-LOCAL,Корво Неро — Сопровождение 1С — Новосибирск и область — поиск,CA-02,LOCAL,ca-02-support-and-maintenance,Сопровождение и обслуживание 1С,сопровождение учета в 1с,сопровождение учета в 1с,DEPLOYABLE_GROUP_PLAN,LOCAL,CORVONERO-CA-02-LOCAL-SOPROVOZHDENIE-1S-COMMANDER-IMPORT-v2.6.1.xlsx,CORVONERO-CAMPAIGN-V2.6-FINAL-GROUP-PLAN-v1.json,CA-02-LOCAL::ca-02-support-and-maintenance::сопровождение учета в 1с,expected_and_present,CORVONERO-CA-02-LOCAL-SOPROVOZHDENIE-1S-COMMANDER-IMPORT-v2.6.1.xlsx,67,310,
EXP-000202,CA-02-LOCAL,Корво Неро — Сопровождение 1С — Новосибирск и область — поиск,CA-02,LOCAL,ca-02-support-and-maintenance,Сопровождение и обслуживание 1С,сопровождения программы 1с,сопровождения программы 1с,DEPLOYABLE_GROUP_PLAN,LOCAL,CORVONERO-CA-02-LOCAL-SOPROVOZHDENIE-1S-COMMANDER-IMPORT-v2.6.1.xlsx,CORVONERO-CAMPAIGN-V2.6-FINAL-GROUP-PLAN-v1.json,CA-02-LOCAL::ca-02-support-and-maintenance::сопровождения программы 1с,expected_and_present,CORVONERO-CA-02-LOCAL-SOPROVOZHDENIE-1S-COMMANDER-IMPORT-v2.6.1.xlsx,68,400,
EXP-000203,CA-02-LOCAL,Корво Неро — Сопровождение 1С — Новосибирск и область — поиск,CA-02,LOCAL,ca-02-support-and-maintenance,Сопровождение и обслуживание 1С,технологическое сопровождение 1с,технологическое сопровождение 1с,DEPLOYABLE_GROUP_PLAN,LOCAL,CORVONERO-CA-02-LOCAL-SOPROVOZHDENIE-1S-COMMANDER-IMPORT-v2.6.1.xlsx,CORVONERO-CAMPAIGN-V2.6-FINAL-GROUP-PLAN-v1.json,CA-02-LOCAL::ca-02-support-and-maintenance::технологическое сопровождение 1с,expected_and_present,CORVONERO-CA-02-LOCAL-SOPROVOZHDENIE-1S-COMMANDER-IMPORT-v2.6.1.xlsx,69,390,
EXP-000204,CA-02-LOCAL,Корво Неро — Сопровождение 1С — Новосибирск и область — поиск,CA-02,LOCAL,ca-02-support-and-maintenance,Сопровождение и обслуживание 1С,час сопровождения 1с,час сопровождения 1с,DEPLOYABLE_GROUP_PLAN,LOCAL,CORVONERO-CA-02-LOCAL-SOPROVOZHDENIE-1S-COMMANDER-IMPORT-v2.6.1.xlsx,CORVONERO-CAMPAIGN-V2.6-FINAL-GROUP-PLAN-v1.json,CA-02-LOCAL::ca-02-support-and-maintenance::час сопровождения 1с,expected_and_present,CORVONERO-CA-02-LOCAL-SOPROVOZHDENIE-1S-COMMANDER-IMPORT-v2.6.1.xlsx,70,380,
EXP-000205,CA-02-LOCAL,Корво Неро — Сопровождение 1С — Новосибирск и область — поиск,CA-02,LOCAL,ca-02-support-buh,Сопровождение 1С — бухгалтерия и БГУ,сопровождение 1с бгу,сопровождение 1с бгу,DEPLOYABLE_GROUP_PLAN,LOCAL,CORVONERO-CA-02-LOCAL-SOPROVOZHDENIE-1S-COMMANDER-IMPORT-v2.6.1.xlsx,CORVONERO-CAMPAIGN-V2.6-FINAL-GROUP-PLAN-v1.json,CA-02-LOCAL::ca-02-support-buh::сопровождение 1с бгу,expected_and_present,CORVONERO-CA-02-LOCAL-SOPROVOZHDENIE-1S-COMMANDER-IMPORT-v2.6.1.xlsx,72,400,
EXP-000206,CA-02-LOCAL,Корво Неро — Сопровождение 1С — Новосибирск и область — поиск,CA-02,LOCAL,ca-02-support-buh,Сопровождение 1С — бухгалтерия и БГУ,сопровождение 1с бухгалтерии 8,сопровождение 1с бухгалтерии 8,DEPLOYABLE_GROUP_PLAN,LOCAL,CORVONERO-CA-02-LOCAL-SOPROVOZHDENIE-1S-COMMANDER-IMPORT-v2.6.1.xlsx,CORVONERO-CAMPAIGN-V2.6-FINAL-GROUP-PLAN-v1.json,CA-02-LOCAL::ca-02-support-buh::сопровождение 1с бухгалтерии 8,expected_and_present,CORVONERO-CA-02-LOCAL-SOPROVOZHDENIE-1S-COMMANDER-IMPORT-v2.6.1.xlsx,73,390,
EXP-000207,CA-02-LOCAL,Корво Неро — Сопровождение 1С — Новосибирск и область — поиск,CA-02,LOCAL,ca-02-support-buh,Сопровождение 1С — бухгалтерия и БГУ,сопровождение 1с бухгалтерия,сопровождение 1с бухгалтерия,DEPLOYABLE_GROUP_PLAN,LOCAL,CORVONERO-CA-02-LOCAL-SOPROVOZHDENIE-1S-COMMANDER-IMPORT-v2.6.1.xlsx,CORVONERO-CAMPAIGN-V2.6-FINAL-GROUP-PLAN-v1.json,CA-02-LOCAL::ca-02-support-buh::сопровождение 1с бухгалтерия,expected_and_present,CORVONERO-CA-02-LOCAL-SOPROVOZHDENIE-1S-COMMANDER-IMPORT-v2.6.1.xlsx,74,380,
EXP-000208,CA-02-LOCAL,Корво Неро — Сопровождение 1С — Новосибирск и область — поиск,CA-02,LOCAL,ca-02-support-buh,Сопровождение 1С — бухгалтерия и БГУ,сопровождение 1с бухгалтерия 8.3,сопровождение 1с бухгалтерия 8.3,DEPLOYABLE_GROUP_PLAN,LOCAL,CORVONERO-CA-02-LOCAL-SOPROVOZHDENIE-1S-COMMANDER-IMPORT-v2.6.1.xlsx,CORVONERO-CAMPAIGN-V2.6-FINAL-GROUP-PLAN-v1.json,CA-02-LOCAL::ca-02-support-buh::сопровождение 1с бухгалтерия 8.3,expected_and_present,CORVONERO-CA-02-LOCAL-SOPROVOZHDENIE-1S-COMMANDER-IMPORT-v2.6.1.xlsx,75,370,
EXP-000209,CA-02-LOCAL,Корво Неро — Сопровождение 1С — Новосибирск и область — поиск,CA-02,LOCAL,ca-02-support-buh,Сопровождение 1С — бухгалтерия и БГУ,сопровождение 1с бухгалтерия государственного учреждения,сопровождение 1с бухгалтерия государственного учреждения,DEPLOYABLE_GROUP_PLAN,LOCAL,CORVONERO-CA-02-LOCAL-SOPROVOZHDENIE-1S-COMMANDER-IMPORT-v2.6.1.xlsx,CORVONERO-CAMPAIGN-V2.6-FINAL-GROUP-PLAN-v1.json,CA-02-LOCAL::ca-02-support-buh::сопровождение 1с бухгалтерия государственного учреждения,expected_and_present,CORVONERO-CA-02-LOCAL-SOPROVOZHDENIE-1S-COMMANDER-IMPORT-v2.6.1.xlsx,76,360,
EXP-000210,CA-02-LOCAL,Корво Неро — Сопровождение 1С — Новосибирск и область — поиск,CA-02,LOCAL,ca-02-support-buh,Сопровождение 1С — бухгалтерия и БГУ,сопровождение 1с бухгалтерия государственного учреждения 8,сопровождение 1с бухгалтерия государственного учреждения 8,DEPLOYABLE_GROUP_PLAN,LOCAL,CORVONERO-CA-02-LOCAL-SOPROVOZHDENIE-1S-COMMANDER-IMPORT-v2.6.1.xlsx,CORVONERO-CAMPAIGN-V2.6-FINAL-GROUP-PLAN-v1.json,CA-02-LOCAL::ca-02-support-buh::сопровождение 1с бухгалтерия государственного учреждения 8,expected_and_present,CORVONERO-CA-02-LOCAL-SOPROVOZHDENIE-1S-COMMANDER-IMPORT-v2.6.1.xlsx,77,350,
EXP-000211,CA-02-LOCAL,Корво Неро — Сопровождение 1С — Новосибирск и область — поиск,CA-02,LOCAL,ca-02-support-buh,Сопровождение 1С — бухгалтерия и БГУ,сопровождение программы 1с бухгалтерия,сопровождение программы 1с бухгалтерия,DEPLOYABLE_GROUP_PLAN,LOCAL,CORVONERO-CA-02-LOCAL-SOPROVOZHDENIE-1S-COMMANDER-IMPORT-v2.6.1.xlsx,CORVONERO-CAMPAIGN-V2.6-FINAL-GROUP-PLAN-v1.json,CA-02-LOCAL::ca-02-support-buh::сопровождение программы 1с бухгалтерия,expected_and_present,CORVONERO-CA-02-LOCAL-SOPROVOZHDENIE-1S-COMMANDER-IMPORT-v2.6.1.xlsx,78,340,
EXP-000212,CA-02-LOCAL,Корво Неро — Сопровождение 1С — Новосибирск и область — поиск,CA-02,LOCAL,ca-02-support-enterprise,Сопровождение 1С — предприятие и ERP,информационно технологическое сопровождение 1с предприятие,информационно технологическое сопровождение 1с предприятие,DEPLOYABLE_GROUP_PLAN,LOCAL,CORVONERO-CA-02-LOCAL-SOPROVOZHDENIE-1S-COMMANDER-IMPORT-v2.6.1.xlsx,CORVONERO-CAMPAIGN-V2.6-FINAL-GROUP-PLAN-v1.json,CA-02-LOCAL::ca-02-support-enterprise::информационно технологическое сопровождение 1с предприятие,expected_and_present,CORVONERO-CA-02-LOCAL-SOPROVOZHDENIE-1S-COMMANDER-IMPORT-v2.6.1.xlsx,80,400,
EXP-000213,CA-02-LOCAL,Корво Неро — Сопровождение 1С — Новосибирск и область — поиск,CA-02,LOCAL,ca-02-support-enterprise,Сопровождение 1С — предприятие и ERP,сопровождение 1с erp,сопровождение 1с erp,DEPLOYABLE_GROUP_PLAN,LOCAL,CORVONERO-CA-02-LOCAL-SOPROVOZHDENIE-1S-COMMANDER-IMPORT-v2.6.1.xlsx,CORVONERO-CAMPAIGN-V2.6-FINAL-GROUP-PLAN-v1.json,CA-02-LOCAL::ca-02-support-enterprise::сопровождение 1с erp,expected_and_present,CORVONERO-CA-02-LOCAL-SOPROVOZHDENIE-1S-COMMANDER-IMPORT-v2.6.1.xlsx,81,390,
EXP-000214,CA-02-LOCAL,Корво Неро — Сопровождение 1С — Новосибирск и область — поиск,CA-02,LOCAL,ca-02-support-enterprise,Сопровождение 1С — предприятие и ERP,сопровождение 1с предприятие,сопровождение 1с предприятие,DEPLOYABLE_GROUP_PLAN,LOCAL,CORVONERO-CA-02-LOCAL-SOPROVOZHDENIE-1S-COMMANDER-IMPORT-v2.6.1.xlsx,CORVONERO-CAMPAIGN-V2.6-FINAL-GROUP-PLAN-v1.json,CA-02-LOCAL::ca-02-support-enterprise::сопровождение 1с предприятие,expected_and_present,CORVONERO-CA-02-LOCAL-SOPROVOZHDENIE-1S-COMMANDER-IMPORT-v2.6.1.xlsx,82,380,
EXP-000215,CA-02-LOCAL,Корво Неро — Сопровождение 1С — Новосибирск и область — поиск,CA-02,LOCAL,ca-02-support-enterprise,Сопровождение 1С — предприятие и ERP,сопровождение 1с предприятие 8,сопровождение 1с предприятие 8,DEPLOYABLE_GROUP_PLAN,LOCAL,CORVONERO-CA-02-LOCAL-SOPROVOZHDENIE-1S-COMMANDER-IMPORT-v2.6.1.xlsx,CORVONERO-CAMPAIGN-V2.6-FINAL-GROUP-PLAN-v1.json,CA-02-LOCAL::ca-02-support-enterprise::сопровождение 1с предприятие 8,expected_and_present,CORVONERO-CA-02-LOCAL-SOPROVOZHDENIE-1S-COMMANDER-IMPORT-v2.6.1.xlsx,83,370,
EXP-000216,CA-02-LOCAL,Корво Неро — Сопровождение 1С — Новосибирск и область — поиск,CA-02,LOCAL,ca-02-support-enterprise,Сопровождение 1С — предприятие и ERP,сопровождение 1с предприятие 8.3,сопровождение 1с предприятие 8.3,DEPLOYABLE_GROUP_PLAN,LOCAL,CORVONERO-CA-02-LOCAL-SOPROVOZHDENIE-1S-COMMANDER-IMPORT-v2.6.1.xlsx,CORVONERO-CAMPAIGN-V2.6-FINAL-GROUP-PLAN-v1.json,CA-02-LOCAL::ca-02-support-enterprise::сопровождение 1с предприятие 8.3,expected_and_present,CORVONERO-CA-02-LOCAL-SOPROVOZHDENIE-1S-COMMANDER-IMPORT-v2.6.1.xlsx,84,360,
EXP-000217,CA-02-LOCAL,Корво Неро — Сопровождение 1С — Новосибирск и область — поиск,CA-02,LOCAL,ca-02-support-enterprise,Сопровождение 1С — предприятие и ERP,сопровождение и обслуживание 1с предприятие,сопровождение и обслуживание 1с предприятие,DEPLOYABLE_GROUP_PLAN,LOCAL,CORVONERO-CA-02-LOCAL-SOPROVOZHDENIE-1S-COMMANDER-IMPORT-v2.6.1.xlsx,CORVONERO-CAMPAIGN-V2.6-FINAL-GROUP-PLAN-v1.json,CA-02-LOCAL::ca-02-support-enterprise::сопровождение и обслуживание 1с предприятие,expected_and_present,CORVONERO-CA-02-LOCAL-SOPROVOZHDENIE-1S-COMMANDER-IMPORT-v2.6.1.xlsx,85,350,
EXP-000218,CA-02-LOCAL,Корво Неро — Сопровождение 1С — Новосибирск и область — поиск,CA-02,LOCAL,ca-02-support-enterprise,Сопровождение 1С — предприятие и ERP,сопровождение программного продукта 1с предприятие,сопровождение программного продукта 1с предприятие,DEPLOYABLE_GROUP_PLAN,LOCAL,CORVONERO-CA-02-LOCAL-SOPROVOZHDENIE-1S-COMMANDER-IMPORT-v2.6.1.xlsx,CORVONERO-CAMPAIGN-V2.6-FINAL-GROUP-PLAN-v1.json,CA-02-LOCAL::ca-02-support-enterprise::сопровождение программного продукта 1с предприятие,expected_and_present,CORVONERO-CA-02-LOCAL-SOPROVOZHDENIE-1S-COMMANDER-IMPORT-v2.6.1.xlsx,86,340,
EXP-000219,CA-02-LOCAL,Корво Неро — Сопровождение 1С — Новосибирск и область — поиск,CA-02,LOCAL,ca-02-support-enterprise,Сопровождение 1С — предприятие и ERP,сопровождение программы 1с предприятие,сопровождение программы 1с предприятие,DEPLOYABLE_GROUP_PLAN,LOCAL,CORVONERO-CA-02-LOCAL-SOPROVOZHDENIE-1S-COMMANDER-IMPORT-v2.6.1.xlsx,CORVONERO-CAMPAIGN-V2.6-FINAL-GROUP-PLAN-v1.json,CA-02-LOCAL::ca-02-support-enterprise::сопровождение программы 1с предприятие,expected_and_present,CORVONERO-CA-02-LOCAL-SOPROVOZHDENIE-1S-COMMANDER-IMPORT-v2.6.1.xlsx,87,330,
EXP-000220,CA-02-LOCAL,Корво Неро — Сопровождение 1С — Новосибирск и область — поиск,CA-02,LOCAL,ca-02-support-enterprise,Сопровождение 1С — предприятие и ERP,сопровождение системы 1с предприятие,сопровождение системы 1с предприятие,DEPLOYABLE_GROUP_PLAN,LOCAL,CORVONERO-CA-02-LOCAL-SOPROVOZHDENIE-1S-COMMANDER-IMPORT-v2.6.1.xlsx,CORVONERO-CAMPAIGN-V2.6-FINAL-GROUP-PLAN-v1.json,CA-02-LOCAL::ca-02-support-enterprise::сопровождение системы 1с предприятие,expected_and_present,CORVONERO-CA-02-LOCAL-SOPROVOZHDENIE-1S-COMMANDER-IMPORT-v2.6.1.xlsx,88,320,
EXP-000221,CA-02-LOCAL,Корво Неро — Сопровождение 1С — Новосибирск и область — поиск,CA-02,LOCAL,ca-02-support-enterprise,Сопровождение 1С — предприятие и ERP,техническое сопровождение 1с предприятие,техническое сопровождение 1с предприятие,DEPLOYABLE_GROUP_PLAN,LOCAL,CORVONERO-CA-02-LOCAL-SOPROVOZHDENIE-1S-COMMANDER-IMPORT-v2.6.1.xlsx,CORVONERO-CAMPAIGN-V2.6-FINAL-GROUP-PLAN-v1.json,CA-02-LOCAL::ca-02-support-enterprise::техническое сопровождение 1с предприятие,expected_and_present,CORVONERO-CA-02-LOCAL-SOPROVOZHDENIE-1S-COMMANDER-IMPORT-v2.6.1.xlsx,89,310,
EXP-000222,CA-02-LOCAL,Корво Неро — Сопровождение 1С — Новосибирск и область — поиск,CA-02,LOCAL,ca-02-support-its,Сопровождение 1С — ИТС и абонентское,абонентское сопровождение 1с,абонентское сопровождение 1с,DEPLOYABLE_GROUP_PLAN,LOCAL,CORVONERO-CA-02-LOCAL-SOPROVOZHDENIE-1S-COMMANDER-IMPORT-v2.6.1.xlsx,CORVONERO-CAMPAIGN-V2.6-FINAL-GROUP-PLAN-v1.json,CA-02-LOCAL::ca-02-support-its::абонентское сопровождение 1с,expected_and_present,CORVONERO-CA-02-LOCAL-SOPROVOZHDENIE-1S-COMMANDER-IMPORT-v2.6.1.xlsx,91,400,
EXP-000223,CA-02-LOCAL,Корво Неро — Сопровождение 1С — Новосибирск и область — поиск,CA-02,LOCAL,ca-02-support-its,Сопровождение 1С — ИТС и абонентское,информационно технологическое сопровождение 1с итс,информационно технологическое сопровождение 1с итс,DEPLOYABLE_GROUP_PLAN,LOCAL,CORVONERO-CA-02-LOCAL-SOPROVOZHDENIE-1S-COMMANDER-IMPORT-v2.6.1.xlsx,CORVONERO-CAMPAIGN-V2.6-FINAL-GROUP-PLAN-v1.json,CA-02-LOCAL::ca-02-support-its::информационно технологическое сопровождение 1с итс,expected_and_present,CORVONERO-CA-02-LOCAL-SOPROVOZHDENIE-1S-COMMANDER-IMPORT-v2.6.1.xlsx,92,390,
EXP-000224,CA-02-LOCAL,Корво Неро — Сопровождение 1С — Новосибирск и область — поиск,CA-02,LOCAL,ca-02-support-its,Сопровождение 1С — ИТС и абонентское,сопровождение 1с итс,сопровождение 1с итс,DEPLOYABLE_GROUP_PLAN,LOCAL,CORVONERO-CA-02-LOCAL-SOPROVOZHDENIE-1S-COMMANDER-IMPORT-v2.6.1.xlsx,CORVONERO-CAMPAIGN-V2.6-FINAL-GROUP-PLAN-v1.json,CA-02-LOCAL::ca-02-support-its::сопровождение 1с итс,expected_and_present,CORVONERO-CA-02-LOCAL-SOPROVOZHDENIE-1S-COMMANDER-IMPORT-v2.6.1.xlsx,93,380,
EXP-000225,CA-02-LOCAL,Корво Неро — Сопровождение 1С — Новосибирск и область — поиск,CA-02,LOCAL,ca-02-support-its,Сопровождение 1С — ИТС и абонентское,сопровождение 1с итс проф,сопровождение 1с итс проф,DEPLOYABLE_GROUP_PLAN,LOCAL,CORVONERO-CA-02-LOCAL-SOPROVOZHDENIE-1S-COMMANDER-IMPORT-v2.6.1.xlsx,CORVONERO-CAMPAIGN-V2.6-FINAL-GROUP-PLAN-v1.json,CA-02-LOCAL::ca-02-support-its::сопровождение 1с итс проф,expected_and_present,CORVONERO-CA-02-LOCAL-SOPROVOZHDENIE-1S-COMMANDER-IMPORT-v2.6.1.xlsx,94,370,
EXP-000226,CA-02-LOCAL,Корво Неро — Сопровождение 1С — Новосибирск и область — поиск,CA-02,LOCAL,ca-02-support-its,Сопровождение 1С — ИТС и абонентское,сопровождение программ 1с итс,сопровождение программ 1с итс,DEPLOYABLE_GROUP_PLAN,LOCAL,CORVONERO-CA-02-LOCAL-SOPROVOZHDENIE-1S-COMMANDER-IMPORT-v2.6.1.xlsx,CORVONERO-CAMPAIGN-V2.6-FINAL-GROUP-PLAN-v1.json,CA-02-LOCAL::ca-02-support-its::сопровождение программ 1с итс,expected_and_present,CORVONERO-CA-02-LOCAL-SOPROVOZHDENIE-1S-COMMANDER-IMPORT-v2.6.1.xlsx,95,360,
EXP-000227,CA-02-LOCAL,Корво Неро — Сопровождение 1С — Новосибирск и область — поиск,CA-02,LOCAL,ca-02-support-org,Сопровождение 1С — для организаций и ИП,1с сопровождение бюджетное учреждение,1с сопровождение бюджетное учреждение,DEPLOYABLE_GROUP_PLAN,LOCAL,CORVONERO-CA-02-LOCAL-SOPROVOZHDENIE-1S-COMMANDER-IMPORT-v2.6.1.xlsx,CORVONERO-CAMPAIGN-V2.6-FINAL-GROUP-PLAN-v1.json,CA-02-LOCAL::ca-02-support-org::1с сопровождение бюджетное учреждение,expected_and_present,CORVONERO-CA-02-LOCAL-SOPROVOZHDENIE-1S-COMMANDER-IMPORT-v2.6.1.xlsx,97,400,
EXP-000228,CA-02-LOCAL,Корво Неро — Сопровождение 1С — Новосибирск и область — поиск,CA-02,LOCAL,ca-02-support-org,Сопровождение 1С — для организаций и ИП,1с сопровождение ип,1с сопровождение ип,DEPLOYABLE_GROUP_PLAN,LOCAL,CORVONERO-CA-02-LOCAL-SOPROVOZHDENIE-1S-COMMANDER-IMPORT-v2.6.1.xlsx,CORVONERO-CAMPAIGN-V2.6-FINAL-GROUP-PLAN-v1.json,CA-02-LOCAL::ca-02-support-org::1с сопровождение ип,expected_and_present,CORVONERO-CA-02-LOCAL-SOPROVOZHDENIE-1S-COMMANDER-IMPORT-v2.6.1.xlsx,98,390,
EXP-000229,CA-02-LOCAL,Корво Неро — Сопровождение 1С — Новосибирск и область — поиск,CA-02,LOCAL,ca-02-support-org,Сопровождение 1С — для организаций и ИП,1с сопровождение клиентов,1с сопровождение клиентов,DEPLOYABLE_GROUP_PLAN,LOCAL,CORVONERO-CA-02-LOCAL-SOPROVOZHDENIE-1S-COMMANDER-IMPORT-v2.6.1.xlsx,CORVONERO-CAMPAIGN-V2.6-FINAL-GROUP-PLAN-v1.json,CA-02-LOCAL::ca-02-support-org::1с сопровождение клиентов,expected_and_present,CORVONERO-CA-02-LOCAL-SOPROVOZHDENIE-1S-COMMANDER-IMPORT-v2.6.1.xlsx,99,380,
EXP-000230,CA-02-LOCAL,Корво Неро — Сопровождение 1С — Новосибирск и область — поиск,CA-02,LOCAL,ca-02-support-org,Сопровождение 1С — для организаций и ИП,сопровождение 1с бюджет,сопровождение 1с бюджет,DEPLOYABLE_GROUP_PLAN,LOCAL,CORVONERO-CA-02-LOCAL-SOPROVOZHDENIE-1S-COMMANDER-IMPORT-v2.6.1.xlsx,CORVONERO-CAMPAIGN-V2.6-FINAL-GROUP-PLAN-v1.json,CA-02-LOCAL::ca-02-support-org::сопровождение 1с бюджет,expected_and_present,CORVONERO-CA-02-LOCAL-SOPROVOZHDENIE-1S-COMMANDER-IMPORT-v2.6.1.xlsx,100,370,
EXP-000231,CA-02-LOCAL,Корво Неро — Сопровождение 1С — Новосибирск и область — поиск,CA-02,LOCAL,ca-02-support-org,Сопровождение 1С — для организаций и ИП,сопровождение 1с организации,сопровождение 1с организации,DEPLOYABLE_GROUP_PLAN,LOCAL,CORVONERO-CA-02-LOCAL-SOPROVOZHDENIE-1S-COMMANDER-IMPORT-v2.6.1.xlsx,CORVONERO-CAMPAIGN-V2.6-FINAL-GROUP-PLAN-v1.json,CA-02-LOCAL::ca-02-support-org::сопровождение 1с организации,expected_and_present,CORVONERO-CA-02-LOCAL-SOPROVOZHDENIE-1S-COMMANDER-IMPORT-v2.6.1.xlsx,101,360,
EXP-000232,CA-02-LOCAL,Корво Неро — Сопровождение 1С — Новосибирск и область — поиск,CA-02,LOCAL,ca-02-support-tech,Сопровождение 1С — техподдержка и администрирование,информационно техническое сопровождение 1с,информационно техническое сопровождение 1с,DEPLOYABLE_GROUP_PLAN,LOCAL,CORVONERO-CA-02-LOCAL-SOPROVOZHDENIE-1S-COMMANDER-IMPORT-v2.6.1.xlsx,CORVONERO-CAMPAIGN-V2.6-FINAL-GROUP-PLAN-v1.json,CA-02-LOCAL::ca-02-support-tech::информационно техническое сопровождение 1с,expected_and_present,CORVONERO-CA-02-LOCAL-SOPROVOZHDENIE-1S-COMMANDER-IMPORT-v2.6.1.xlsx,103,400,
EXP-000233,CA-02-LOCAL,Корво Неро — Сопровождение 1С — Новосибирск и область — поиск,CA-02,LOCAL,ca-02-support-tech,Сопровождение 1С — техподдержка и администрирование,информационно технологическое сопровождение 1с,информационно технологическое сопровождение 1с,DEPLOYABLE_GROUP_PLAN,LOCAL,CORVONERO-CA-02-LOCAL-SOPROVOZHDENIE-1S-COMMANDER-IMPORT-v2.6.1.xlsx,CORVONERO-CAMPAIGN-V2.6-FINAL-GROUP-PLAN-v1.json,CA-02-LOCAL::ca-02-support-tech::информационно технологическое сопровождение 1с,expected_and_present,CORVONERO-CA-02-LOCAL-SOPROVOZHDENIE-1S-COMMANDER-IMPORT-v2.6.1.xlsx,104,390,
EXP-000234,CA-02-LOCAL,Корво Неро — Сопровождение 1С — Новосибирск и область — поиск,CA-02,LOCAL,ca-02-support-tech,Сопровождение 1С — техподдержка и администрирование,информационно технологическое сопровождение программы 1с,информационно технологическое сопровождение программы 1с,DEPLOYABLE_GROUP_PLAN,LOCAL,CORVONERO-CA-02-LOCAL-SOPROVOZHDENIE-1S-COMMANDER-IMPORT-v2.6.1.xlsx,CORVONERO-CAMPAIGN-V2.6-FINAL-GROUP-PLAN-v1.json,CA-02-LOCAL::ca-02-support-tech::информационно технологическое сопровождение программы 1с,expected_and_present,CORVONERO-CA-02-LOCAL-SOPROVOZHDENIE-1S-COMMANDER-IMPORT-v2.6.1.xlsx,105,380,
EXP-000235,CA-02-LOCAL,Корво Неро — Сопровождение 1С — Новосибирск и область — поиск,CA-02,LOCAL,ca-02-support-tech,Сопровождение 1С — техподдержка и администрирование,информационное сопровождение 1с,информационное сопровождение 1с,DEPLOYABLE_GROUP_PLAN,LOCAL,CORVONERO-CA-02-LOCAL-SOPROVOZHDENIE-1S-COMMANDER-IMPORT-v2.6.1.xlsx,CORVONERO-CAMPAIGN-V2.6-FINAL-GROUP-PLAN-v1.json,CA-02-LOCAL::ca-02-support-tech::информационное сопровождение 1с,expected_and_present,CORVONERO-CA-02-LOCAL-SOPROVOZHDENIE-1S-COMMANDER-IMPORT-v2.6.1.xlsx,106,370,
EXP-000236,CA-02-LOCAL,Корво Неро — Сопровождение 1С — Новосибирск и область — поиск,CA-02,LOCAL,ca-02-support-tech,Сопровождение 1С — техподдержка и администрирование,обслуживание и сопровождение 1с,обслуживание и сопровождение 1с,DEPLOYABLE_GROUP_PLAN,LOCAL,CORVONERO-CA-02-LOCAL-SOPROVOZHDENIE-1S-COMMANDER-IMPORT-v2.6.1.xlsx,CORVONERO-CAMPAIGN-V2.6-FINAL-GROUP-PLAN-v1.json,CA-02-LOCAL::ca-02-support-tech::обслуживание и сопровождение 1с,expected_and_present,CORVONERO-CA-02-LOCAL-SOPROVOZHDENIE-1S-COMMANDER-IMPORT-v2.6.1.xlsx,107,360,
EXP-000237,CA-02-LOCAL,Корво Неро — Сопровождение 1С — Новосибирск и область — поиск,CA-02,LOCAL,ca-02-support-tech,Сопровождение 1С — техподдержка и администрирование,поддержка сопровождение 1с,поддержка сопровождение 1с,DEPLOYABLE_GROUP_PLAN,LOCAL,CORVONERO-CA-02-LOCAL-SOPROVOZHDENIE-1S-COMMANDER-IMPORT-v2.6.1.xlsx,CORVONERO-CAMPAIGN-V2.6-FINAL-GROUP-PLAN-v1.json,CA-02-LOCAL::ca-02-support-tech::поддержка сопровождение 1с,expected_and_present,CORVONERO-CA-02-LOCAL-SOPROVOZHDENIE-1S-COMMANDER-IMPORT-v2.6.1.xlsx,108,350,
EXP-000239,CA-02-LOCAL,Корво Неро — Сопровождение 1С — Новосибирск и область — поиск,CA-02,LOCAL,ca-02-support-tech,Сопровождение 1С — техподдержка и администрирование,программное сопровождение 1с,программное сопровождение 1с,DEPLOYABLE_GROUP_PLAN,LOCAL,CORVONERO-CA-02-LOCAL-SOPROVOZHDENIE-1S-COMMANDER-IMPORT-v2.6.1.xlsx,CORVONERO-CAMPAIGN-V2.6-FINAL-GROUP-PLAN-v1.json,CA-02-LOCAL::ca-02-support-tech::программное сопровождение 1с,expected_and_present,CORVONERO-CA-02-LOCAL-SOPROVOZHDENIE-1S-COMMANDER-IMPORT-v2.6.1.xlsx,109,340,
EXP-000240,CA-02-LOCAL,Корво Неро — Сопровождение 1С — Новосибирск и область — поиск,CA-02,LOCAL,ca-02-support-tech,Сопровождение 1С — техподдержка и администрирование,программное сопровождение конфигураций 1с,программное сопровождение конфигураций 1с,DEPLOYABLE_GROUP_PLAN,LOCAL,CORVONERO-CA-02-LOCAL-SOPROVOZHDENIE-1S-COMMANDER-IMPORT-v2.6.1.xlsx,CORVONERO-CAMPAIGN-V2.6-FINAL-GROUP-PLAN-v1.json,CA-02-LOCAL::ca-02-support-tech::программное сопровождение конфигураций 1с,expected_and_present,CORVONERO-CA-02-LOCAL-SOPROVOZHDENIE-1S-COMMANDER-IMPORT-v2.6.1.xlsx,110,330,
EXP-000241,CA-02-LOCAL,Корво Неро — Сопровождение 1С — Новосибирск и область — поиск,CA-02,LOCAL,ca-02-support-tech,Сопровождение 1С — техподдержка и администрирование,сопровождение информационной системы 1с,сопровождение информационной системы 1с,DEPLOYABLE_GROUP_PLAN,LOCAL,CORVONERO-CA-02-LOCAL-SOPROVOZHDENIE-1S-COMMANDER-IMPORT-v2.6.1.xlsx,CORVONERO-CAMPAIGN-V2.6-FINAL-GROUP-PLAN-v1.json,CA-02-LOCAL::ca-02-support-tech::сопровождение информационной системы 1с,expected_and_present,CORVONERO-CA-02-LOCAL-SOPROVOZHDENIE-1S-COMMANDER-IMPORT-v2.6.1.xlsx,111,320,
EXP-000242,CA-02-LOCAL,Корво Неро — Сопровождение 1С — Новосибирск и область — поиск,CA-02,LOCAL,ca-02-support-tech,Сопровождение 1С — техподдержка и администрирование,сопровождение обновление 1с,сопровождение обновление 1с,DEPLOYABLE_GROUP_PLAN,LOCAL,CORVONERO-CA-02-LOCAL-SOPROVOZHDENIE-1S-COMMANDER-IMPORT-v2.6.1.xlsx,CORVONERO-CAMPAIGN-V2.6-FINAL-GROUP-PLAN-v1.json,CA-02-LOCAL::ca-02-support-tech::сопровождение обновление 1с,expected_and_present,CORVONERO-CA-02-LOCAL-SOPROVOZHDENIE-1S-COMMANDER-IMPORT-v2.6.1.xlsx,112,310,
EXP-000243,CA-02-LOCAL,Корво Неро — Сопровождение 1С — Новосибирск и область — поиск,CA-02,LOCAL,ca-02-support-tech,Сопровождение 1С — техподдержка и администрирование,сопровождение программного обеспечения 1с,сопровождение программного обеспечения 1с,DEPLOYABLE_GROUP_PLAN,LOCAL,CORVONERO-CA-02-LOCAL-SOPROVOZHDENIE-1S-COMMANDER-IMPORT-v2.6.1.xlsx,CORVONERO-CAMPAIGN-V2.6-FINAL-GROUP-PLAN-v1.json,CA-02-LOCAL::ca-02-support-tech::сопровождение программного обеспечения 1с,expected_and_present,CORVONERO-CA-02-LOCAL-SOPROVOZHDENIE-1S-COMMANDER-IMPORT-v2.6.1.xlsx,113,400,
EXP-000244,CA-02-LOCAL,Корво Неро — Сопровождение 1С — Новосибирск и область — поиск,CA-02,LOCAL,ca-02-support-tech,Сопровождение 1С — техподдержка и администрирование,сопровождение программных продуктов 1с,сопровождение программных продуктов 1с,DEPLOYABLE_GROUP_PLAN,LOCAL,CORVONERO-CA-02-LOCAL-SOPROVOZHDENIE-1S-COMMANDER-IMPORT-v2.6.1.xlsx,CORVONERO-CAMPAIGN-V2.6-FINAL-GROUP-PLAN-v1.json,CA-02-LOCAL::ca-02-support-tech::сопровождение программных продуктов 1с,expected_and_present,CORVONERO-CA-02-LOCAL-SOPROVOZHDENIE-1S-COMMANDER-IMPORT-v2.6.1.xlsx,114,390,
EXP-000245,CA-02-LOCAL,Корво Неро — Сопровождение 1С — Новосибирск и область — поиск,CA-02,LOCAL,ca-02-support-tech,Сопровождение 1С — техподдержка и администрирование,сопровождение программных продуктов на платформе 1с,сопровождение программных продуктов на платформе 1с,DEPLOYABLE_GROUP_PLAN,LOCAL,CORVONERO-CA-02-LOCAL-SOPROVOZHDENIE-1S-COMMANDER-IMPORT-v2.6.1.xlsx,CORVONERO-CAMPAIGN-V2.6-FINAL-GROUP-PLAN-v1.json,CA-02-LOCAL::ca-02-support-tech::сопровождение программных продуктов на платформе 1с,expected_and_present,CORVONERO-CA-02-LOCAL-SOPROVOZHDENIE-1S-COMMANDER-IMPORT-v2.6.1.xlsx,115,380,
EXP-000246,CA-02-LOCAL,Корво Неро — Сопровождение 1С — Новосибирск и область — поиск,CA-02,LOCAL,ca-02-support-tech,Сопровождение 1С — техподдержка и администрирование,техническое сопровождение 1с,техническое сопровождение 1с,DEPLOYABLE_GROUP_PLAN,LOCAL,CORVONERO-CA-02-LOCAL-SOPROVOZHDENIE-1S-COMMANDER-IMPORT-v2.6.1.xlsx,CORVONERO-CAMPAIGN-V2.6-FINAL-GROUP-PLAN-v1.json,CA-02-LOCAL::ca-02-support-tech::техническое сопровождение 1с,expected_and_present,CORVONERO-CA-02-LOCAL-SOPROVOZHDENIE-1S-COMMANDER-IMPORT-v2.6.1.xlsx,116,370,
EXP-000247,CA-02-LOCAL,Корво Неро — Сопровождение 1С — Новосибирск и область — поиск,CA-02,LOCAL,ca-02-support-zup-unf,"Сопровождение 1С — ЗУП, УТ и УНФ",сопровождение 1с зуп,сопровождение 1с зуп,DEPLOYABLE_GROUP_PLAN,LOCAL,CORVONERO-CA-02-LOCAL-SOPROVOZHDENIE-1S-COMMANDER-IMPORT-v2.6.1.xlsx,CORVONERO-CAMPAIGN-V2.6-FINAL-GROUP-PLAN-v1.json,CA-02-LOCAL::ca-02-support-zup-unf::сопровождение 1с зуп,expected_and_present,CORVONERO-CA-02-LOCAL-SOPROVOZHDENIE-1S-COMMANDER-IMPORT-v2.6.1.xlsx,118,400,
EXP-000248,CA-02-LOCAL,Корво Неро — Сопровождение 1С — Новосибирск и область — поиск,CA-02,LOCAL,ca-02-support-zup-unf,"Сопровождение 1С — ЗУП, УТ и УНФ",сопровождение 1с торговля,сопровождение 1с торговля,DEPLOYABLE_GROUP_PLAN,LOCAL,CORVONERO-CA-02-LOCAL-SOPROVOZHDENIE-1S-COMMANDER-IMPORT-v2.6.1.xlsx,CORVONERO-CAMPAIGN-V2.6-FINAL-GROUP-PLAN-v1.json,CA-02-LOCAL::ca-02-support-zup-unf::сопровождение 1с торговля,expected_and_present,CORVONERO-CA-02-LOCAL-SOPROVOZHDENIE-1S-COMMANDER-IMPORT-v2.6.1.xlsx,119,390,
EXP-000249,CA-02-LOCAL,Корво Неро — Сопровождение 1С — Новосибирск и область — поиск,CA-02,LOCAL,ca-02-support-zup-unf,"Сопровождение 1С — ЗУП, УТ и УНФ",сопровождение 1с унф,сопровождение 1с унф,DEPLOYABLE_GROUP_PLAN,LOCAL,CORVONERO-CA-02-LOCAL-SOPROVOZHDENIE-1S-COMMANDER-IMPORT-v2.6.1.xlsx,CORVONERO-CAMPAIGN-V2.6-FINAL-GROUP-PLAN-v1.json,CA-02-LOCAL::ca-02-support-zup-unf::сопровождение 1с унф,expected_and_present,CORVONERO-CA-02-LOCAL-SOPROVOZHDENIE-1S-COMMANDER-IMPORT-v2.6.1.xlsx,120,380,
EXP-000250,CA-02-LOCAL,Корво Неро — Сопровождение 1С — Новосибирск и область — поиск,CA-02,LOCAL,ca-02-support-zup-unf,"Сопровождение 1С — ЗУП, УТ и УНФ",сопровождение 1с фреш унф,сопровождение 1с фреш унф,DEPLOYABLE_GROUP_PLAN,LOCAL,CORVONERO-CA-02-LOCAL-SOPROVOZHDENIE-1S-COMMANDER-IMPORT-v2.6.1.xlsx,CORVONERO-CAMPAIGN-V2.6-FINAL-GROUP-PLAN-v1.json,CA-02-LOCAL::ca-02-support-zup-unf::сопровождение 1с фреш унф,expected_and_present,CORVONERO-CA-02-LOCAL-SOPROVOZHDENIE-1S-COMMANDER-IMPORT-v2.6.1.xlsx,121,370,
EXP-000251,CA-02-REMOTE,Корво Неро — Сопровождение 1С — Россия без НСО — поиск,CA-02,REMOTE,ca-02-direct-service-order,Сопровождение 1С — заказ услуги,оказание услуг по сопровождению 1с,оказание услуг по сопровождению 1с,DEPLOYABLE_GROUP_PLAN,REMOTE,CORVONERO-CA-02-REMOTE-SOPROVOZHDENIE-1S-COMMANDER-IMPORT-v2.6.1.xlsx,CORVONERO-CAMPAIGN-V2.6-FINAL-GROUP-PLAN-v1.json,CA-02-REMOTE::ca-02-direct-service-order::оказание услуг по сопровождению 1с,expected_and_present,CORVONERO-CA-02-REMOTE-SOPROVOZHDENIE-1S-COMMANDER-IMPORT-v2.6.1.xlsx,17,400,
EXP-000252,CA-02-REMOTE,Корво Неро — Сопровождение 1С — Россия без НСО — поиск,CA-02,REMOTE,ca-02-direct-service-order,Сопровождение 1С — заказ услуги,оказание услуг по сопровождению 1с предприятие,оказание услуг по сопровождению 1с предприятие,DEPLOYABLE_GROUP_PLAN,REMOTE,CORVONERO-CA-02-REMOTE-SOPROVOZHDENIE-1S-COMMANDER-IMPORT-v2.6.1.xlsx,CORVONERO-CAMPAIGN-V2.6-FINAL-GROUP-PLAN-v1.json,CA-02-REMOTE::ca-02-direct-service-order::оказание услуг по сопровождению 1с предприятие,expected_and_present,CORVONERO-CA-02-REMOTE-SOPROVOZHDENIE-1S-COMMANDER-IMPORT-v2.6.1.xlsx,18,390,
EXP-000253,CA-02-REMOTE,Корво Неро — Сопровождение 1С — Россия без НСО — поиск,CA-02,REMOTE,ca-02-direct-service-order,Сопровождение 1С — заказ услуги,услуг по сопровождению программного продукта 1с,услуг по сопровождению программного продукта 1с,DEPLOYABLE_GROUP_PLAN,REMOTE,CORVONERO-CA-02-REMOTE-SOPROVOZHDENIE-1S-COMMANDER-IMPORT-v2.6.1.xlsx,CORVONERO-CAMPAIGN-V2.6-FINAL-GROUP-PLAN-v1.json,CA-02-REMOTE::ca-02-direct-service-order::услуг по сопровождению программного продукта 1с,expected_and_present,CORVONERO-CA-02-REMOTE-SOPROVOZHDENIE-1S-COMMANDER-IMPORT-v2.6.1.xlsx,19,380,
EXP-000254,CA-02-REMOTE,Корво Неро — Сопровождение 1С — Россия без НСО — поиск,CA-02,REMOTE,ca-02-direct-service-order,Сопровождение 1С — заказ услуги,услуги по информационно технологическому сопровождению 1с,услуги по информационно технологическому сопровождению 1с,DEPLOYABLE_GROUP_PLAN,REMOTE,CORVONERO-CA-02-REMOTE-SOPROVOZHDENIE-1S-COMMANDER-IMPORT-v2.6.1.xlsx,CORVONERO-CAMPAIGN-V2.6-FINAL-GROUP-PLAN-v1.json,CA-02-REMOTE::ca-02-direct-service-order::услуги по информационно технологическому сопровождению 1с,expected_and_present,CORVONERO-CA-02-REMOTE-SOPROVOZHDENIE-1S-COMMANDER-IMPORT-v2.6.1.xlsx,20,370,
EXP-000255,CA-02-REMOTE,Корво Неро — Сопровождение 1С — Россия без НСО — поиск,CA-02,REMOTE,ca-02-direct-service-order,Сопровождение 1С — заказ услуги,услуги по сопровождению 1с,услуги по сопровождению 1с,DEPLOYABLE_GROUP_PLAN,REMOTE,CORVONERO-CA-02-REMOTE-SOPROVOZHDENIE-1S-COMMANDER-IMPORT-v2.6.1.xlsx,CORVONERO-CAMPAIGN-V2.6-FINAL-GROUP-PLAN-v1.json,CA-02-REMOTE::ca-02-direct-service-order::услуги по сопровождению 1с,expected_and_present,CORVONERO-CA-02-REMOTE-SOPROVOZHDENIE-1S-COMMANDER-IMPORT-v2.6.1.xlsx,21,360,
EXP-000256,CA-02-REMOTE,Корво Неро — Сопровождение 1С — Россия без НСО — поиск,CA-02,REMOTE,ca-02-direct-service-order,Сопровождение 1С — заказ услуги,услуги по сопровождению 1с 8,услуги по сопровождению 1с 8,DEPLOYABLE_GROUP_PLAN,REMOTE,CORVONERO-CA-02-REMOTE-SOPROVOZHDENIE-1S-COMMANDER-IMPORT-v2.6.1.xlsx,CORVONERO-CAMPAIGN-V2.6-FINAL-GROUP-PLAN-v1.json,CA-02-REMOTE::ca-02-direct-service-order::услуги по сопровождению 1с 8,expected_and_present,CORVONERO-CA-02-REMOTE-SOPROVOZHDENIE-1S-COMMANDER-IMPORT-v2.6.1.xlsx,22,350,
EXP-000257,CA-02-REMOTE,Корво Неро — Сопровождение 1С — Россия без НСО — поиск,CA-02,REMOTE,ca-02-direct-service-order,Сопровождение 1С — заказ услуги,услуги по сопровождению 1с предприятие,услуги по сопровождению 1с предприятие,DEPLOYABLE_GROUP_PLAN,REMOTE,CORVONERO-CA-02-REMOTE-SOPROVOZHDENIE-1S-COMMANDER-IMPORT-v2.6.1.xlsx,CORVONERO-CAMPAIGN-V2.6-FINAL-GROUP-PLAN-v1.json,CA-02-REMOTE::ca-02-direct-service-order::услуги по сопровождению 1с предприятие,expected_and_present,CORVONERO-CA-02-REMOTE-SOPROVOZHDENIE-1S-COMMANDER-IMPORT-v2.6.1.xlsx,23,340,
EXP-000258,CA-02-REMOTE,Корво Неро — Сопровождение 1С — Россия без НСО — поиск,CA-02,REMOTE,ca-02-direct-service-order,Сопровождение 1С — заказ услуги,услуги по техническому сопровождению 1с,услуги по техническому сопровождению 1с,DEPLOYABLE_GROUP_PLAN,REMOTE,CORVONERO-CA-02-REMOTE-SOPROVOZHDENIE-1S-COMMANDER-IMPORT-v2.6.1.xlsx,CORVONERO-CAMPAIGN-V2.6-FINAL-GROUP-PLAN-v1.json,CA-02-REMOTE::ca-02-direct-service-order::услуги по техническому сопровождению 1с,expected_and_present,CORVONERO-CA-02-REMOTE-SOPROVOZHDENIE-1S-COMMANDER-IMPORT-v2.6.1.xlsx,24,330,
EXP-000259,CA-02-REMOTE,Корво Неро — Сопровождение 1С — Россия без НСО — поиск,CA-02,REMOTE,ca-02-price-intent,Сопровождение 1С — стоимость,1с сопровождение цены,1с сопровождение цены,DEPLOYABLE_GROUP_PLAN,REMOTE,CORVONERO-CA-02-REMOTE-SOPROVOZHDENIE-1S-COMMANDER-IMPORT-v2.6.1.xlsx,CORVONERO-CAMPAIGN-V2.6-FINAL-GROUP-PLAN-v1.json,CA-02-REMOTE::ca-02-price-intent::1с сопровождение цены,expected_and_present,CORVONERO-CA-02-REMOTE-SOPROVOZHDENIE-1S-COMMANDER-IMPORT-v2.6.1.xlsx,26,400,
EXP-000260,CA-02-REMOTE,Корво Неро — Сопровождение 1С — Россия без НСО — поиск,CA-02,REMOTE,ca-02-price-intent,Сопровождение 1С — стоимость,итс сопровождение 1с цены,итс сопровождение 1с цены,DEPLOYABLE_GROUP_PLAN,REMOTE,CORVONERO-CA-02-REMOTE-SOPROVOZHDENIE-1S-COMMANDER-IMPORT-v2.6.1.xlsx,CORVONERO-CAMPAIGN-V2.6-FINAL-GROUP-PLAN-v1.json,CA-02-REMOTE::ca-02-price-intent::итс сопровождение 1с цены,expected_and_present,CORVONERO-CA-02-REMOTE-SOPROVOZHDENIE-1S-COMMANDER-IMPORT-v2.6.1.xlsx,27,390,
EXP-000261,CA-02-REMOTE,Корво Неро — Сопровождение 1С — Россия без НСО — поиск,CA-02,REMOTE,ca-02-price-intent,Сопровождение 1С — стоимость,сколько стоит сопровождение 1с,сколько стоит сопровождение 1с,DEPLOYABLE_GROUP_PLAN,REMOTE,CORVONERO-CA-02-REMOTE-SOPROVOZHDENIE-1S-COMMANDER-IMPORT-v2.6.1.xlsx,CORVONERO-CAMPAIGN-V2.6-FINAL-GROUP-PLAN-v1.json,CA-02-REMOTE::ca-02-price-intent::сколько стоит сопровождение 1с,expected_and_present,CORVONERO-CA-02-REMOTE-SOPROVOZHDENIE-1S-COMMANDER-IMPORT-v2.6.1.xlsx,28,380,
EXP-000262,CA-02-REMOTE,Корво Неро — Сопровождение 1С — Россия без НСО — поиск,CA-02,REMOTE,ca-02-price-intent,Сопровождение 1С — стоимость,сопровождение 1с бухгалтерия цена,сопровождение 1с бухгалтерия цена,DEPLOYABLE_GROUP_PLAN,REMOTE,CORVONERO-CA-02-REMOTE-SOPROVOZHDENIE-1S-COMMANDER-IMPORT-v2.6.1.xlsx,CORVONERO-CAMPAIGN-V2.6-FINAL-GROUP-PLAN-v1.json,CA-02-REMOTE::ca-02-price-intent::сопровождение 1с бухгалтерия цена,expected_and_present,CORVONERO-CA-02-REMOTE-SOPROVOZHDENIE-1S-COMMANDER-IMPORT-v2.6.1.xlsx,29,370,
EXP-000263,CA-02-REMOTE,Корво Неро — Сопровождение 1С — Россия без НСО — поиск,CA-02,REMOTE,ca-02-price-intent,Сопровождение 1С — стоимость,сопровождение 1с предприятие 8.3 цена,сопровождение 1с предприятие 8.3 цена,DEPLOYABLE_GROUP_PLAN,REMOTE,CORVONERO-CA-02-REMOTE-SOPROVOZHDENIE-1S-COMMANDER-IMPORT-v2.6.1.xlsx,CORVONERO-CAMPAIGN-V2.6-FINAL-GROUP-PLAN-v1.json,CA-02-REMOTE::ca-02-price-intent::сопровождение 1с предприятие 8.3 цена,expected_and_present,CORVONERO-CA-02-REMOTE-SOPROVOZHDENIE-1S-COMMANDER-IMPORT-v2.6.1.xlsx,30,360,
EXP-000264,CA-02-REMOTE,Корво Неро — Сопровождение 1С — Россия без НСО — поиск,CA-02,REMOTE,ca-02-price-intent,Сопровождение 1С — стоимость,сопровождение 1с предприятие цена,сопровождение 1с предприятие цена,DEPLOYABLE_GROUP_PLAN,REMOTE,CORVONERO-CA-02-REMOTE-SOPROVOZHDENIE-1S-COMMANDER-IMPORT-v2.6.1.xlsx,CORVONERO-CAMPAIGN-V2.6-FINAL-GROUP-PLAN-v1.json,CA-02-REMOTE::ca-02-price-intent::сопровождение 1с предприятие цена,expected_and_present,CORVONERO-CA-02-REMOTE-SOPROVOZHDENIE-1S-COMMANDER-IMPORT-v2.6.1.xlsx,31,350,
EXP-000265,CA-02-REMOTE,Корво Неро — Сопровождение 1С — Россия без НСО — поиск,CA-02,REMOTE,ca-02-price-intent,Сопровождение 1С — стоимость,сопровождение 1с стоимость,сопровождение 1с стоимость,DEPLOYABLE_GROUP_PLAN,REMOTE,CORVONERO-CA-02-REMOTE-SOPROVOZHDENIE-1S-COMMANDER-IMPORT-v2.6.1.xlsx,CORVONERO-CAMPAIGN-V2.6-FINAL-GROUP-PLAN-v1.json,CA-02-REMOTE::ca-02-price-intent::сопровождение 1с стоимость,expected_and_present,CORVONERO-CA-02-REMOTE-SOPROVOZHDENIE-1S-COMMANDER-IMPORT-v2.6.1.xlsx,32,340,
EXP-000266,CA-02-REMOTE,Корво Неро — Сопровождение 1С — Россия без НСО — поиск,CA-02,REMOTE,ca-02-price-intent,Сопровождение 1С — стоимость,услуги сопровождения 1с цена,услуги сопровождения 1с цена,DEPLOYABLE_GROUP_PLAN,REMOTE,CORVONERO-CA-02-REMOTE-SOPROVOZHDENIE-1S-COMMANDER-IMPORT-v2.6.1.xlsx,CORVONERO-CAMPAIGN-V2.6-FINAL-GROUP-PLAN-v1.json,CA-02-REMOTE::ca-02-price-intent::услуги сопровождения 1с цена,expected_and_present,CORVONERO-CA-02-REMOTE-SOPROVOZHDENIE-1S-COMMANDER-IMPORT-v2.6.1.xlsx,33,330,
EXP-000267,CA-02-REMOTE,Корво Неро — Сопровождение 1С — Россия без НСО — поиск,CA-02,REMOTE,ca-02-provider-search,Сопровождение 1С — поиск подрядчика,1с компания сопровождение,1с компания сопровождение,DEPLOYABLE_GROUP_PLAN,REMOTE,CORVONERO-CA-02-REMOTE-SOPROVOZHDENIE-1S-COMMANDER-IMPORT-v2.6.1.xlsx,CORVONERO-CAMPAIGN-V2.6-FINAL-GROUP-PLAN-v1.json,CA-02-REMOTE::ca-02-provider-search::1с компания сопровождение,expected_and_present,CORVONERO-CA-02-REMOTE-SOPROVOZHDENIE-1S-COMMANDER-IMPORT-v2.6.1.xlsx,35,400,
EXP-000268,CA-02-REMOTE,Корво Неро — Сопровождение 1С — Россия без НСО — поиск,CA-02,REMOTE,ca-02-provider-search,Сопровождение 1С — поиск подрядчика,фирмы сопровождение 1с,фирмы сопровождение 1с,DEPLOYABLE_GROUP_PLAN,REMOTE,CORVONERO-CA-02-REMOTE-SOPROVOZHDENIE-1S-COMMANDER-IMPORT-v2.6.1.xlsx,CORVONERO-CAMPAIGN-V2.6-FINAL-GROUP-PLAN-v1.json,CA-02-REMOTE::ca-02-provider-search::фирмы сопровождение 1с,expected_and_present,CORVONERO-CA-02-REMOTE-SOPROVOZHDENIE-1S-COMMANDER-IMPORT-v2.6.1.xlsx,36,390,
EXP-000269,CA-02-REMOTE,Корво Неро — Сопровождение 1С — Россия без НСО — поиск,CA-02,REMOTE,ca-02-support-and-maintenance,Сопровождение и обслуживание 1С,1с автоматизация сопровождение,1с автоматизация сопровождение,DEPLOYABLE_GROUP_PLAN,REMOTE,CORVONERO-CA-02-REMOTE-SOPROVOZHDENIE-1S-COMMANDER-IMPORT-v2.6.1.xlsx,CORVONERO-CAMPAIGN-V2.6-FINAL-GROUP-PLAN-v1.json,CA-02-REMOTE::ca-02-support-and-maintenance::1с автоматизация сопровождение,expected_and_present,CORVONERO-CA-02-REMOTE-SOPROVOZHDENIE-1S-COMMANDER-IMPORT-v2.6.1.xlsx,38,400,
EXP-000270,CA-02-REMOTE,Корво Неро — Сопровождение 1С — Россия без НСО — поиск,CA-02,REMOTE,ca-02-support-and-maintenance,Сопровождение и обслуживание 1С,1с база сопровождение,1с база сопровождение,DEPLOYABLE_GROUP_PLAN,REMOTE,CORVONERO-CA-02-REMOTE-SOPROVOZHDENIE-1S-COMMANDER-IMPORT-v2.6.1.xlsx,CORVONERO-CAMPAIGN-V2.6-FINAL-GROUP-PLAN-v1.json,CA-02-REMOTE::ca-02-support-and-maintenance::1с база сопровождение,expected_and_present,CORVONERO-CA-02-REMOTE-SOPROVOZHDENIE-1S-COMMANDER-IMPORT-v2.6.1.xlsx,39,390,
EXP-000271,CA-02-REMOTE,Корво Неро — Сопровождение 1С — Россия без НСО — поиск,CA-02,REMOTE,ca-02-support-and-maintenance,Сопровождение и обслуживание 1С,1с бух сопровождение,1с бух сопровождение,DEPLOYABLE_GROUP_PLAN,REMOTE,CORVONERO-CA-02-REMOTE-SOPROVOZHDENIE-1S-COMMANDER-IMPORT-v2.6.1.xlsx,CORVONERO-CAMPAIGN-V2.6-FINAL-GROUP-PLAN-v1.json,CA-02-REMOTE::ca-02-support-and-maintenance::1с бух сопровождение,expected_and_present,CORVONERO-CA-02-REMOTE-SOPROVOZHDENIE-1S-COMMANDER-IMPORT-v2.6.1.xlsx,40,380,
EXP-000272,CA-02-REMOTE,Корво Неро — Сопровождение 1С — Россия без НСО — поиск,CA-02,REMOTE,ca-02-support-and-maintenance,Сопровождение и обслуживание 1С,1с документооборот сопровождение,1с документооборот сопровождение,DEPLOYABLE_GROUP_PLAN,REMOTE,CORVONERO-CA-02-REMOTE-SOPROVOZHDENIE-1S-COMMANDER-IMPORT-v2.6.1.xlsx,CORVONERO-CAMPAIGN-V2.6-FINAL-GROUP-PLAN-v1.json,CA-02-REMOTE::ca-02-support-and-maintenance::1с документооборот сопровождение,expected_and_present,CORVONERO-CA-02-REMOTE-SOPROVOZHDENIE-1S-COMMANDER-IMPORT-v2.6.1.xlsx,41,370,
EXP-000273,CA-02-REMOTE,Корво Неро — Сопровождение 1С — Россия без НСО — поиск,CA-02,REMOTE,ca-02-support-and-maintenance,Сопровождение и обслуживание 1С,1с комплексное сопровождение эдо,1с комплексное сопровождение эдо,DEPLOYABLE_GROUP_PLAN,REMOTE,CORVONERO-CA-02-REMOTE-SOPROVOZHDENIE-1S-COMMANDER-IMPORT-v2.6.1.xlsx,CORVONERO-CAMPAIGN-V2.6-FINAL-GROUP-PLAN-v1.json,CA-02-REMOTE::ca-02-support-and-maintenance::1с комплексное сопровождение эдо,expected_and_present,CORVONERO-CA-02-REMOTE-SOPROVOZHDENIE-1S-COMMANDER-IMPORT-v2.6.1.xlsx,42,360,
EXP-000274,CA-02-REMOTE,Корво Неро — Сопровождение 1С — Россия без НСО — поиск,CA-02,REMOTE,ca-02-support-and-maintenance,Сопровождение и обслуживание 1С,1с настройка сопровождение,1с настройка сопровождение,DEPLOYABLE_GROUP_PLAN,REMOTE,CORVONERO-CA-02-REMOTE-SOPROVOZHDENIE-1S-COMMANDER-IMPORT-v2.6.1.xlsx,CORVONERO-CAMPAIGN-V2.6-FINAL-GROUP-PLAN-v1.json,CA-02-REMOTE::ca-02-support-and-maintenance::1с настройка сопровождение,expected_and_present,CORVONERO-CA-02-REMOTE-SOPROVOZHDENIE-1S-COMMANDER-IMPORT-v2.6.1.xlsx,43,350,
EXP-000275,CA-02-REMOTE,Корво Неро — Сопровождение 1С — Россия без НСО — поиск,CA-02,REMOTE,ca-02-support-and-maintenance,Сопровождение и обслуживание 1С,1с сопровождение в улан удэ,1с сопровождение в улан удэ,DEPLOYABLE_GROUP_PLAN,REMOTE,CORVONERO-CA-02-REMOTE-SOPROVOZHDENIE-1S-COMMANDER-IMPORT-v2.6.1.xlsx,CORVONERO-CAMPAIGN-V2.6-FINAL-GROUP-PLAN-v1.json,CA-02-REMOTE::ca-02-support-and-maintenance::1с сопровождение в улан удэ,expected_and_present,CORVONERO-CA-02-REMOTE-SOPROVOZHDENIE-1S-COMMANDER-IMPORT-v2.6.1.xlsx,44,340,
EXP-000276,CA-02-REMOTE,Корво Неро — Сопровождение 1С — Россия без НСО — поиск,CA-02,REMOTE,ca-02-support-and-maintenance,Сопровождение и обслуживание 1С,1с сопровождение москва,1с сопровождение москва,DEPLOYABLE_GROUP_PLAN,REMOTE,CORVONERO-CA-02-REMOTE-SOPROVOZHDENIE-1S-COMMANDER-IMPORT-v2.6.1.xlsx,CORVONERO-CAMPAIGN-V2.6-FINAL-GROUP-PLAN-v1.json,CA-02-REMOTE::ca-02-support-and-maintenance::1с сопровождение москва,expected_and_present,CORVONERO-CA-02-REMOTE-SOPROVOZHDENIE-1S-COMMANDER-IMPORT-v2.6.1.xlsx,45,330,
EXP-000277,CA-02-REMOTE,Корво Неро — Сопровождение 1С — Россия без НСО — поиск,CA-02,REMOTE,ca-02-support-and-maintenance,Сопровождение и обслуживание 1С,1с сопровождение трактир,1с сопровождение трактир,DEPLOYABLE_GROUP_PLAN,REMOTE,CORVONERO-CA-02-REMOTE-SOPROVOZHDENIE-1S-COMMANDER-IMPORT-v2.6.1.xlsx,CORVONERO-CAMPAIGN-V2.6-FINAL-GROUP-PLAN-v1.json,CA-02-REMOTE::ca-02-support-and-maintenance::1с сопровождение трактир,expected_and_present,CORVONERO-CA-02-REMOTE-SOPROVOZHDENIE-1S-COMMANDER-IMPORT-v2.6.1.xlsx,46,320,
EXP-000278,CA-02-REMOTE,Корво Неро — Сопровождение 1С — Россия без НСО — поиск,CA-02,REMOTE,ca-02-support-and-maintenance,Сопровождение и обслуживание 1С,1с установка сопровождение,1с установка сопровождение,DEPLOYABLE_GROUP_PLAN,REMOTE,CORVONERO-CA-02-REMOTE-SOPROVOZHDENIE-1S-COMMANDER-IMPORT-v2.6.1.xlsx,CORVONERO-CAMPAIGN-V2.6-FINAL-GROUP-PLAN-v1.json,CA-02-REMOTE::ca-02-support-and-maintenance::1с установка сопровождение,expected_and_present,CORVONERO-CA-02-REMOTE-SOPROVOZHDENIE-1S-COMMANDER-IMPORT-v2.6.1.xlsx,47,310,
EXP-000279,CA-02-REMOTE,Корво Неро — Сопровождение 1С — Россия без НСО — поиск,CA-02,REMOTE,ca-02-support-and-maintenance,Сопровождение и обслуживание 1С,базы данных 1с сопровождение,базы данных 1с сопровождение,DEPLOYABLE_GROUP_PLAN,REMOTE,CORVONERO-CA-02-REMOTE-SOPROVOZHDENIE-1S-COMMANDER-IMPORT-v2.6.1.xlsx,CORVONERO-CAMPAIGN-V2.6-FINAL-GROUP-PLAN-v1.json,CA-02-REMOTE::ca-02-support-and-maintenance::базы данных 1с сопровождение,expected_and_present,CORVONERO-CA-02-REMOTE-SOPROVOZHDENIE-1S-COMMANDER-IMPORT-v2.6.1.xlsx,48,400,
EXP-000280,CA-02-REMOTE,Корво Неро — Сопровождение 1С — Россия без НСО — поиск,CA-02,REMOTE,ca-02-support-and-maintenance,Сопровождение и обслуживание 1С,бухгалтерское сопровождение 1с,бухгалтерское сопровождение 1с,DEPLOYABLE_GROUP_PLAN,REMOTE,CORVONERO-CA-02-REMOTE-SOPROVOZHDENIE-1S-COMMANDER-IMPORT-v2.6.1.xlsx,CORVONERO-CAMPAIGN-V2.6-FINAL-GROUP-PLAN-v1.json,CA-02-REMOTE::ca-02-support-and-maintenance::бухгалтерское сопровождение 1с,expected_and_present,CORVONERO-CA-02-REMOTE-SOPROVOZHDENIE-1S-COMMANDER-IMPORT-v2.6.1.xlsx,49,390,
EXP-000281,CA-02-REMOTE,Корво Неро — Сопровождение 1С — Россия без НСО — поиск,CA-02,REMOTE,ca-02-support-and-maintenance,Сопровождение и обслуживание 1С,корп сопровождение 1с,корп сопровождение 1с,DEPLOYABLE_GROUP_PLAN,REMOTE,CORVONERO-CA-02-REMOTE-SOPROVOZHDENIE-1S-COMMANDER-IMPORT-v2.6.1.xlsx,CORVONERO-CAMPAIGN-V2.6-FINAL-GROUP-PLAN-v1.json,CA-02-REMOTE::ca-02-support-and-maintenance::корп сопровождение 1с,expected_and_present,CORVONERO-CA-02-REMOTE-SOPROVOZHDENIE-1S-COMMANDER-IMPORT-v2.6.1.xlsx,50,380,
EXP-000282,CA-02-REMOTE,Корво Неро — Сопровождение 1С — Россия без НСО — поиск,CA-02,REMOTE,ca-02-support-and-maintenance,Сопровождение и обслуживание 1С,корпоративное сопровождение 1с,корпоративное сопровождение 1с,DEPLOYABLE_GROUP_PLAN,REMOTE,CORVONERO-CA-02-REMOTE-SOPROVOZHDENIE-1S-COMMANDER-IMPORT-v2.6.1.xlsx,CORVONERO-CAMPAIGN-V2.6-FINAL-GROUP-PLAN-v1.json,CA-02-REMOTE::ca-02-support-and-maintenance::корпоративное сопровождение 1с,expected_and_present,CORVONERO-CA-02-REMOTE-SOPROVOZHDENIE-1S-COMMANDER-IMPORT-v2.6.1.xlsx,51,370,
EXP-000283,CA-02-REMOTE,Корво Неро — Сопровождение 1С — Россия без НСО — поиск,CA-02,REMOTE,ca-02-support-and-maintenance,Сопровождение и обслуживание 1С,программист сопровождение 1с,программист сопровождение 1с,DEPLOYABLE_GROUP_PLAN,REMOTE,CORVONERO-CA-02-REMOTE-SOPROVOZHDENIE-1S-COMMANDER-IMPORT-v2.6.1.xlsx,CORVONERO-CAMPAIGN-V2.6-FINAL-GROUP-PLAN-v1.json,CA-02-REMOTE::ca-02-support-and-maintenance::программист сопровождение 1с,expected_and_present,CORVONERO-CA-02-REMOTE-SOPROVOZHDENIE-1S-COMMANDER-IMPORT-v2.6.1.xlsx,52,360,
EXP-000284,CA-02-REMOTE,Корво Неро — Сопровождение 1С — Россия без НСО — поиск,CA-02,REMOTE,ca-02-support-and-maintenance,Сопровождение и обслуживание 1С,регулярное сопровождение 1с,регулярное сопровождение 1с,DEPLOYABLE_GROUP_PLAN,REMOTE,CORVONERO-CA-02-REMOTE-SOPROVOZHDENIE-1S-COMMANDER-IMPORT-v2.6.1.xlsx,CORVONERO-CAMPAIGN-V2.6-FINAL-GROUP-PLAN-v1.json,CA-02-REMOTE::ca-02-support-and-maintenance::регулярное сопровождение 1с,expected_and_present,CORVONERO-CA-02-REMOTE-SOPROVOZHDENIE-1S-COMMANDER-IMPORT-v2.6.1.xlsx,53,350,
EXP-000285,CA-02-REMOTE,Корво Неро — Сопровождение 1С — Россия без НСО — поиск,CA-02,REMOTE,ca-02-support-and-maintenance,Сопровождение и обслуживание 1С,сервис 1с сопровождение,сервис 1с сопровождение,DEPLOYABLE_GROUP_PLAN,REMOTE,CORVONERO-CA-02-REMOTE-SOPROVOZHDENIE-1S-COMMANDER-IMPORT-v2.6.1.xlsx,CORVONERO-CAMPAIGN-V2.6-FINAL-GROUP-PLAN-v1.json,CA-02-REMOTE::ca-02-support-and-maintenance::сервис 1с сопровождение,expected_and_present,CORVONERO-CA-02-REMOTE-SOPROVOZHDENIE-1S-COMMANDER-IMPORT-v2.6.1.xlsx,54,340,
EXP-000286,CA-02-REMOTE,Корво Неро — Сопровождение 1С — Россия без НСО — поиск,CA-02,REMOTE,ca-02-support-and-maintenance,Сопровождение и обслуживание 1С,сопровождение 1с,сопровождение 1с,DEPLOYABLE_GROUP_PLAN,REMOTE,CORVONERO-CA-02-REMOTE-SOPROVOZHDENIE-1S-COMMANDER-IMPORT-v2.6.1.xlsx,CORVONERO-CAMPAIGN-V2.6-FINAL-GROUP-PLAN-v1.json,CA-02-REMOTE::ca-02-support-and-maintenance::сопровождение 1с,expected_and_present,CORVONERO-CA-02-REMOTE-SOPROVOZHDENIE-1S-COMMANDER-IMPORT-v2.6.1.xlsx,55,330,
EXP-000287,CA-02-REMOTE,Корво Неро — Сопровождение 1С — Россия без НСО — поиск,CA-02,REMOTE,ca-02-support-and-maintenance,Сопровождение и обслуживание 1С,сопровождение 1с 8,сопровождение 1с 8,DEPLOYABLE_GROUP_PLAN,REMOTE,CORVONERO-CA-02-REMOTE-SOPROVOZHDENIE-1S-COMMANDER-IMPORT-v2.6.1.xlsx,CORVONERO-CAMPAIGN-V2.6-FINAL-GROUP-PLAN-v1.json,CA-02-REMOTE::ca-02-support-and-maintenance::сопровождение 1с 8,expected_and_present,CORVONERO-CA-02-REMOTE-SOPROVOZHDENIE-1S-COMMANDER-IMPORT-v2.6.1.xlsx,56,320,
EXP-000288,CA-02-REMOTE,Корво Неро — Сопровождение 1С — Россия без НСО — поиск,CA-02,REMOTE,ca-02-support-and-maintenance,Сопровождение и обслуживание 1С,сопровождение 1с 8.3,сопровождение 1с 8.3,DEPLOYABLE_GROUP_PLAN,REMOTE,CORVONERO-CA-02-REMOTE-SOPROVOZHDENIE-1S-COMMANDER-IMPORT-v2.6.1.xlsx,CORVONERO-CAMPAIGN-V2.6-FINAL-GROUP-PLAN-v1.json,CA-02-REMOTE::ca-02-support-and-maintenance::сопровождение 1с 8.3,expected_and_present,CORVONERO-CA-02-REMOTE-SOPROVOZHDENIE-1S-COMMANDER-IMPORT-v2.6.1.xlsx,57,310,
EXP-000289,CA-02-REMOTE,Корво Неро — Сопровождение 1С — Россия без НСО — поиск,CA-02,REMOTE,ca-02-support-and-maintenance,Сопровождение и обслуживание 1С,сопровождение 1с бизнес,сопровождение 1с бизнес,DEPLOYABLE_GROUP_PLAN,REMOTE,CORVONERO-CA-02-REMOTE-SOPROVOZHDENIE-1S-COMMANDER-IMPORT-v2.6.1.xlsx,CORVONERO-CAMPAIGN-V2.6-FINAL-GROUP-PLAN-v1.json,CA-02-REMOTE::ca-02-support-and-maintenance::сопровождение 1с бизнес,expected_and_present,CORVONERO-CA-02-REMOTE-SOPROVOZHDENIE-1S-COMMANDER-IMPORT-v2.6.1.xlsx,58,400,
EXP-000290,CA-02-REMOTE,Корво Неро — Сопровождение 1С — Россия без НСО — поиск,CA-02,REMOTE,ca-02-support-and-maintenance,Сопровождение и обслуживание 1С,сопровождение 1с екатеринбург,сопровождение 1с екатеринбург,DEPLOYABLE_GROUP_PLAN,REMOTE,CORVONERO-CA-02-REMOTE-SOPROVOZHDENIE-1S-COMMANDER-IMPORT-v2.6.1.xlsx,CORVONERO-CAMPAIGN-V2.6-FINAL-GROUP-PLAN-v1.json,CA-02-REMOTE::ca-02-support-and-maintenance::сопровождение 1с екатеринбург,expected_and_present,CORVONERO-CA-02-REMOTE-SOPROVOZHDENIE-1S-COMMANDER-IMPORT-v2.6.1.xlsx,59,390,
EXP-000291,CA-02-REMOTE,Корво Неро — Сопровождение 1С — Россия без НСО — поиск,CA-02,REMOTE,ca-02-support-and-maintenance,Сопровождение и обслуживание 1С,сопровождение 1с комплексная,сопровождение 1с комплексная,DEPLOYABLE_GROUP_PLAN,REMOTE,CORVONERO-CA-02-REMOTE-SOPROVOZHDENIE-1S-COMMANDER-IMPORT-v2.6.1.xlsx,CORVONERO-CAMPAIGN-V2.6-FINAL-GROUP-PLAN-v1.json,CA-02-REMOTE::ca-02-support-and-maintenance::сопровождение 1с комплексная,expected_and_present,CORVONERO-CA-02-REMOTE-SOPROVOZHDENIE-1S-COMMANDER-IMPORT-v2.6.1.xlsx,60,380,
EXP-000292,CA-02-REMOTE,Корво Неро — Сопровождение 1С — Россия без НСО — поиск,CA-02,REMOTE,ca-02-support-and-maintenance,Сопровождение и обслуживание 1С,сопровождение 1с кп,сопровождение 1с кп,DEPLOYABLE_GROUP_PLAN,REMOTE,CORVONERO-CA-02-REMOTE-SOPROVOZHDENIE-1S-COMMANDER-IMPORT-v2.6.1.xlsx,CORVONERO-CAMPAIGN-V2.6-FINAL-GROUP-PLAN-v1.json,CA-02-REMOTE::ca-02-support-and-maintenance::сопровождение 1с кп,expected_and_present,CORVONERO-CA-02-REMOTE-SOPROVOZHDENIE-1S-COMMANDER-IMPORT-v2.6.1.xlsx,61,370,
EXP-000293,CA-02-REMOTE,Корво Неро — Сопровождение 1С — Россия без НСО — поиск,CA-02,REMOTE,ca-02-support-and-maintenance,Сопровождение и обслуживание 1С,сопровождение 1с проводки,сопровождение 1с проводки,DEPLOYABLE_GROUP_PLAN,REMOTE,CORVONERO-CA-02-REMOTE-SOPROVOZHDENIE-1S-COMMANDER-IMPORT-v2.6.1.xlsx,CORVONERO-CAMPAIGN-V2.6-FINAL-GROUP-PLAN-v1.json,CA-02-REMOTE::ca-02-support-and-maintenance::сопровождение 1с проводки,expected_and_present,CORVONERO-CA-02-REMOTE-SOPROVOZHDENIE-1S-COMMANDER-IMPORT-v2.6.1.xlsx,62,360,
EXP-000294,CA-02-REMOTE,Корво Неро — Сопровождение 1С — Россия без НСО — поиск,CA-02,REMOTE,ca-02-support-and-maintenance,Сопровождение и обслуживание 1С,сопровождение 1с розница,сопровождение 1с розница,DEPLOYABLE_GROUP_PLAN,REMOTE,CORVONERO-CA-02-REMOTE-SOPROVOZHDENIE-1S-COMMANDER-IMPORT-v2.6.1.xlsx,CORVONERO-CAMPAIGN-V2.6-FINAL-GROUP-PLAN-v1.json,CA-02-REMOTE::ca-02-support-and-maintenance::сопровождение 1с розница,expected_and_present,CORVONERO-CA-02-REMOTE-SOPROVOZHDENIE-1S-COMMANDER-IMPORT-v2.6.1.xlsx,63,350,
EXP-000295,CA-02-REMOTE,Корво Неро — Сопровождение 1С — Россия без НСО — поиск,CA-02,REMOTE,ca-02-support-and-maintenance,Сопровождение и обслуживание 1С,сопровождение 1с ростов,сопровождение 1с ростов,DEPLOYABLE_GROUP_PLAN,REMOTE,CORVONERO-CA-02-REMOTE-SOPROVOZHDENIE-1S-COMMANDER-IMPORT-v2.6.1.xlsx,CORVONERO-CAMPAIGN-V2.6-FINAL-GROUP-PLAN-v1.json,CA-02-REMOTE::ca-02-support-and-maintenance::сопровождение 1с ростов,expected_and_present,CORVONERO-CA-02-REMOTE-SOPROVOZHDENIE-1S-COMMANDER-IMPORT-v2.6.1.xlsx,64,340,
EXP-000296,CA-02-REMOTE,Корво Неро — Сопровождение 1С — Россия без НСО — поиск,CA-02,REMOTE,ca-02-support-and-maintenance,Сопровождение и обслуживание 1С,сопровождение 1с смоленск,сопровождение 1с смоленск,DEPLOYABLE_GROUP_PLAN,REMOTE,CORVONERO-CA-02-REMOTE-SOPROVOZHDENIE-1S-COMMANDER-IMPORT-v2.6.1.xlsx,CORVONERO-CAMPAIGN-V2.6-FINAL-GROUP-PLAN-v1.json,CA-02-REMOTE::ca-02-support-and-maintenance::сопровождение 1с смоленск,expected_and_present,CORVONERO-CA-02-REMOTE-SOPROVOZHDENIE-1S-COMMANDER-IMPORT-v2.6.1.xlsx,65,330,
EXP-000297,CA-02-REMOTE,Корво Неро — Сопровождение 1С — Россия без НСО — поиск,CA-02,REMOTE,ca-02-support-and-maintenance,Сопровождение и обслуживание 1С,сопровождение 1с тарифы,сопровождение 1с тарифы,DEPLOYABLE_GROUP_PLAN,REMOTE,CORVONERO-CA-02-REMOTE-SOPROVOZHDENIE-1S-COMMANDER-IMPORT-v2.6.1.xlsx,CORVONERO-CAMPAIGN-V2.6-FINAL-GROUP-PLAN-v1.json,CA-02-REMOTE::ca-02-support-and-maintenance::сопровождение 1с тарифы,expected_and_present,CORVONERO-CA-02-REMOTE-SOPROVOZHDENIE-1S-COMMANDER-IMPORT-v2.6.1.xlsx,66,320,
EXP-000298,CA-02-REMOTE,Корво Неро — Сопровождение 1С — Россия без НСО — поиск,CA-02,REMOTE,ca-02-support-and-maintenance,Сопровождение и обслуживание 1С,сопровождение пользователей 1с,сопровождение пользователей 1с,DEPLOYABLE_GROUP_PLAN,REMOTE,CORVONERO-CA-02-REMOTE-SOPROVOZHDENIE-1S-COMMANDER-IMPORT-v2.6.1.xlsx,CORVONERO-CAMPAIGN-V2.6-FINAL-GROUP-PLAN-v1.json,CA-02-REMOTE::ca-02-support-and-maintenance::сопровождение пользователей 1с,expected_and_present,CORVONERO-CA-02-REMOTE-SOPROVOZHDENIE-1S-COMMANDER-IMPORT-v2.6.1.xlsx,67,310,
EXP-000299,CA-02-REMOTE,Корво Неро — Сопровождение 1С — Россия без НСО — поиск,CA-02,REMOTE,ca-02-support-and-maintenance,Сопровождение и обслуживание 1С,сопровождение пп 1с,сопровождение пп 1с,DEPLOYABLE_GROUP_PLAN,REMOTE,CORVONERO-CA-02-REMOTE-SOPROVOZHDENIE-1S-COMMANDER-IMPORT-v2.6.1.xlsx,CORVONERO-CAMPAIGN-V2.6-FINAL-GROUP-PLAN-v1.json,CA-02-REMOTE::ca-02-support-and-maintenance::сопровождение пп 1с,expected_and_present,CORVONERO-CA-02-REMOTE-SOPROVOZHDENIE-1S-COMMANDER-IMPORT-v2.6.1.xlsx,68,400,
EXP-000300,CA-02-REMOTE,Корво Неро — Сопровождение 1С — Россия без НСО — поиск,CA-02,REMOTE,ca-02-support-and-maintenance,Сопровождение и обслуживание 1С,сопровождение продуктов 1с,сопровождение продуктов 1с,DEPLOYABLE_GROUP_PLAN,REMOTE,CORVONERO-CA-02-REMOTE-SOPROVOZHDENIE-1S-COMMANDER-IMPORT-v2.6.1.xlsx,CORVONERO-CAMPAIGN-V2.6-FINAL-GROUP-PLAN-v1.json,CA-02-REMOTE::ca-02-support-and-maintenance::сопровождение продуктов 1с,expected_and_present,CORVONERO-CA-02-REMOTE-SOPROVOZHDENIE-1S-COMMANDER-IMPORT-v2.6.1.xlsx,69,390,
EXP-000301,CA-02-REMOTE,Корво Неро — Сопровождение 1С — Россия без НСО — поиск,CA-02,REMOTE,ca-02-support-and-maintenance,Сопровождение и обслуживание 1С,сопровождение системы 1с,сопровождение системы 1с,DEPLOYABLE_GROUP_PLAN,REMOTE,CORVONERO-CA-02-REMOTE-SOPROVOZHDENIE-1S-COMMANDER-IMPORT-v2.6.1.xlsx,CORVONERO-CAMPAIGN-V2.6-FINAL-GROUP-PLAN-v1.json,CA-02-REMOTE::ca-02-support-and-maintenance::сопровождение системы 1с,expected_and_present,CORVONERO-CA-02-REMOTE-SOPROVOZHDENIE-1S-COMMANDER-IMPORT-v2.6.1.xlsx,70,380,
EXP-000302,CA-02-REMOTE,Корво Неро — Сопровождение 1С — Россия без НСО — поиск,CA-02,REMOTE,ca-02-support-and-maintenance,Сопровождение и обслуживание 1С,сопровождение учета в 1с,сопровождение учета в 1с,DEPLOYABLE_GROUP_PLAN,REMOTE,CORVONERO-CA-02-REMOTE-SOPROVOZHDENIE-1S-COMMANDER-IMPORT-v2.6.1.xlsx,CORVONERO-CAMPAIGN-V2.6-FINAL-GROUP-PLAN-v1.json,CA-02-REMOTE::ca-02-support-and-maintenance::сопровождение учета в 1с,expected_and_present,CORVONERO-CA-02-REMOTE-SOPROVOZHDENIE-1S-COMMANDER-IMPORT-v2.6.1.xlsx,71,370,
EXP-000303,CA-02-REMOTE,Корво Неро — Сопровождение 1С — Россия без НСО — поиск,CA-02,REMOTE,ca-02-support-and-maintenance,Сопровождение и обслуживание 1С,сопровождения программы 1с,сопровождения программы 1с,DEPLOYABLE_GROUP_PLAN,REMOTE,CORVONERO-CA-02-REMOTE-SOPROVOZHDENIE-1S-COMMANDER-IMPORT-v2.6.1.xlsx,CORVONERO-CAMPAIGN-V2.6-FINAL-GROUP-PLAN-v1.json,CA-02-REMOTE::ca-02-support-and-maintenance::сопровождения программы 1с,expected_and_present,CORVONERO-CA-02-REMOTE-SOPROVOZHDENIE-1S-COMMANDER-IMPORT-v2.6.1.xlsx,72,360,
EXP-000304,CA-02-REMOTE,Корво Неро — Сопровождение 1С — Россия без НСО — поиск,CA-02,REMOTE,ca-02-support-and-maintenance,Сопровождение и обслуживание 1С,технологическое сопровождение 1с,технологическое сопровождение 1с,DEPLOYABLE_GROUP_PLAN,REMOTE,CORVONERO-CA-02-REMOTE-SOPROVOZHDENIE-1S-COMMANDER-IMPORT-v2.6.1.xlsx,CORVONERO-CAMPAIGN-V2.6-FINAL-GROUP-PLAN-v1.json,CA-02-REMOTE::ca-02-support-and-maintenance::технологическое сопровождение 1с,expected_and_present,CORVONERO-CA-02-REMOTE-SOPROVOZHDENIE-1S-COMMANDER-IMPORT-v2.6.1.xlsx,73,350,
EXP-000305,CA-02-REMOTE,Корво Неро — Сопровождение 1С — Россия без НСО — поиск,CA-02,REMOTE,ca-02-support-and-maintenance,Сопровождение и обслуживание 1С,удаленное сопровождение 1с,удаленное сопровождение 1с,DEPLOYABLE_GROUP_PLAN,REMOTE,CORVONERO-CA-02-REMOTE-SOPROVOZHDENIE-1S-COMMANDER-IMPORT-v2.6.1.xlsx,CORVONERO-CAMPAIGN-V2.6-FINAL-GROUP-PLAN-v1.json,CA-02-REMOTE::ca-02-support-and-maintenance::удаленное сопровождение 1с,expected_and_present,CORVONERO-CA-02-REMOTE-SOPROVOZHDENIE-1S-COMMANDER-IMPORT-v2.6.1.xlsx,74,340,
EXP-000306,CA-02-REMOTE,Корво Неро — Сопровождение 1С — Россия без НСО — поиск,CA-02,REMOTE,ca-02-support-and-maintenance,Сопровождение и обслуживание 1С,час сопровождения 1с,час сопровождения 1с,DEPLOYABLE_GROUP_PLAN,REMOTE,CORVONERO-CA-02-REMOTE-SOPROVOZHDENIE-1S-COMMANDER-IMPORT-v2.6.1.xlsx,CORVONERO-CAMPAIGN-V2.6-FINAL-GROUP-PLAN-v1.json,CA-02-REMOTE::ca-02-support-and-maintenance::час сопровождения 1с,expected_and_present,CORVONERO-CA-02-REMOTE-SOPROVOZHDENIE-1S-COMMANDER-IMPORT-v2.6.1.xlsx,75,330,
EXP-000307,CA-02-REMOTE,Корво Неро — Сопровождение 1С — Россия без НСО — поиск,CA-02,REMOTE,ca-02-support-buh,Сопровождение 1С — бухгалтерия и БГУ,сопровождение 1с бгу,сопровождение 1с бгу,DEPLOYABLE_GROUP_PLAN,REMOTE,CORVONERO-CA-02-REMOTE-SOPROVOZHDENIE-1S-COMMANDER-IMPORT-v2.6.1.xlsx,CORVONERO-CAMPAIGN-V2.6-FINAL-GROUP-PLAN-v1.json,CA-02-REMOTE::ca-02-support-buh::сопровождение 1с бгу,expected_and_present,CORVONERO-CA-02-REMOTE-SOPROVOZHDENIE-1S-COMMANDER-IMPORT-v2.6.1.xlsx,77,400,
EXP-000308,CA-02-REMOTE,Корво Неро — Сопровождение 1С — Россия без НСО — поиск,CA-02,REMOTE,ca-02-support-buh,Сопровождение 1С — бухгалтерия и БГУ,сопровождение 1с бухгалтерии 8,сопровождение 1с бухгалтерии 8,DEPLOYABLE_GROUP_PLAN,REMOTE,CORVONERO-CA-02-REMOTE-SOPROVOZHDENIE-1S-COMMANDER-IMPORT-v2.6.1.xlsx,CORVONERO-CAMPAIGN-V2.6-FINAL-GROUP-PLAN-v1.json,CA-02-REMOTE::ca-02-support-buh::сопровождение 1с бухгалтерии 8,expected_and_present,CORVONERO-CA-02-REMOTE-SOPROVOZHDENIE-1S-COMMANDER-IMPORT-v2.6.1.xlsx,78,390,
EXP-000309,CA-02-REMOTE,Корво Неро — Сопровождение 1С — Россия без НСО — поиск,CA-02,REMOTE,ca-02-support-buh,Сопровождение 1С — бухгалтерия и БГУ,сопровождение 1с бухгалтерия,сопровождение 1с бухгалтерия,DEPLOYABLE_GROUP_PLAN,REMOTE,CORVONERO-CA-02-REMOTE-SOPROVOZHDENIE-1S-COMMANDER-IMPORT-v2.6.1.xlsx,CORVONERO-CAMPAIGN-V2.6-FINAL-GROUP-PLAN-v1.json,CA-02-REMOTE::ca-02-support-buh::сопровождение 1с бухгалтерия,expected_and_present,CORVONERO-CA-02-REMOTE-SOPROVOZHDENIE-1S-COMMANDER-IMPORT-v2.6.1.xlsx,79,380,
EXP-000310,CA-02-REMOTE,Корво Неро — Сопровождение 1С — Россия без НСО — поиск,CA-02,REMOTE,ca-02-support-buh,Сопровождение 1С — бухгалтерия и БГУ,сопровождение 1с бухгалтерия 8.3,сопровождение 1с бухгалтерия 8.3,DEPLOYABLE_GROUP_PLAN,REMOTE,CORVONERO-CA-02-REMOTE-SOPROVOZHDENIE-1S-COMMANDER-IMPORT-v2.6.1.xlsx,CORVONERO-CAMPAIGN-V2.6-FINAL-GROUP-PLAN-v1.json,CA-02-REMOTE::ca-02-support-buh::сопровождение 1с бухгалтерия 8.3,expected_and_present,CORVONERO-CA-02-REMOTE-SOPROVOZHDENIE-1S-COMMANDER-IMPORT-v2.6.1.xlsx,80,370,
EXP-000311,CA-02-REMOTE,Корво Неро — Сопровождение 1С — Россия без НСО — поиск,CA-02,REMOTE,ca-02-support-buh,Сопровождение 1С — бухгалтерия и БГУ,сопровождение 1с бухгалтерия государственного учреждения,сопровождение 1с бухгалтерия государственного учреждения,DEPLOYABLE_GROUP_PLAN,REMOTE,CORVONERO-CA-02-REMOTE-SOPROVOZHDENIE-1S-COMMANDER-IMPORT-v2.6.1.xlsx,CORVONERO-CAMPAIGN-V2.6-FINAL-GROUP-PLAN-v1.json,CA-02-REMOTE::ca-02-support-buh::сопровождение 1с бухгалтерия государственного учреждения,expected_and_present,CORVONERO-CA-02-REMOTE-SOPROVOZHDENIE-1S-COMMANDER-IMPORT-v2.6.1.xlsx,81,360,
EXP-000312,CA-02-REMOTE,Корво Неро — Сопровождение 1С — Россия без НСО — поиск,CA-02,REMOTE,ca-02-support-buh,Сопровождение 1С — бухгалтерия и БГУ,сопровождение 1с бухгалтерия государственного учреждения 8,сопровождение 1с бухгалтерия государственного учреждения 8,DEPLOYABLE_GROUP_PLAN,REMOTE,CORVONERO-CA-02-REMOTE-SOPROVOZHDENIE-1S-COMMANDER-IMPORT-v2.6.1.xlsx,CORVONERO-CAMPAIGN-V2.6-FINAL-GROUP-PLAN-v1.json,CA-02-REMOTE::ca-02-support-buh::сопровождение 1с бухгалтерия государственного учреждения 8,expected_and_present,CORVONERO-CA-02-REMOTE-SOPROVOZHDENIE-1S-COMMANDER-IMPORT-v2.6.1.xlsx,82,350,
EXP-000313,CA-02-REMOTE,Корво Неро — Сопровождение 1С — Россия без НСО — поиск,CA-02,REMOTE,ca-02-support-buh,Сопровождение 1С — бухгалтерия и БГУ,сопровождение программы 1с бухгалтерия,сопровождение программы 1с бухгалтерия,DEPLOYABLE_GROUP_PLAN,REMOTE,CORVONERO-CA-02-REMOTE-SOPROVOZHDENIE-1S-COMMANDER-IMPORT-v2.6.1.xlsx,CORVONERO-CAMPAIGN-V2.6-FINAL-GROUP-PLAN-v1.json,CA-02-REMOTE::ca-02-support-buh::сопровождение программы 1с бухгалтерия,expected_and_present,CORVONERO-CA-02-REMOTE-SOPROVOZHDENIE-1S-COMMANDER-IMPORT-v2.6.1.xlsx,83,340,
EXP-000314,CA-02-REMOTE,Корво Неро — Сопровождение 1С — Россия без НСО — поиск,CA-02,REMOTE,ca-02-support-enterprise,Сопровождение 1С — предприятие и ERP,информационно технологическое сопровождение 1с предприятие,информационно технологическое сопровождение 1с предприятие,DEPLOYABLE_GROUP_PLAN,REMOTE,CORVONERO-CA-02-REMOTE-SOPROVOZHDENIE-1S-COMMANDER-IMPORT-v2.6.1.xlsx,CORVONERO-CAMPAIGN-V2.6-FINAL-GROUP-PLAN-v1.json,CA-02-REMOTE::ca-02-support-enterprise::информационно технологическое сопровождение 1с предприятие,expected_and_present,CORVONERO-CA-02-REMOTE-SOPROVOZHDENIE-1S-COMMANDER-IMPORT-v2.6.1.xlsx,85,400,
EXP-000315,CA-02-REMOTE,Корво Неро — Сопровождение 1С — Россия без НСО — поиск,CA-02,REMOTE,ca-02-support-enterprise,Сопровождение 1С — предприятие и ERP,сопровождение 1с erp,сопровождение 1с erp,DEPLOYABLE_GROUP_PLAN,REMOTE,CORVONERO-CA-02-REMOTE-SOPROVOZHDENIE-1S-COMMANDER-IMPORT-v2.6.1.xlsx,CORVONERO-CAMPAIGN-V2.6-FINAL-GROUP-PLAN-v1.json,CA-02-REMOTE::ca-02-support-enterprise::сопровождение 1с erp,expected_and_present,CORVONERO-CA-02-REMOTE-SOPROVOZHDENIE-1S-COMMANDER-IMPORT-v2.6.1.xlsx,86,390,
EXP-000316,CA-02-REMOTE,Корво Неро — Сопровождение 1С — Россия без НСО — поиск,CA-02,REMOTE,ca-02-support-enterprise,Сопровождение 1С — предприятие и ERP,сопровождение 1с предприятие,сопровождение 1с предприятие,DEPLOYABLE_GROUP_PLAN,REMOTE,CORVONERO-CA-02-REMOTE-SOPROVOZHDENIE-1S-COMMANDER-IMPORT-v2.6.1.xlsx,CORVONERO-CAMPAIGN-V2.6-FINAL-GROUP-PLAN-v1.json,CA-02-REMOTE::ca-02-support-enterprise::сопровождение 1с предприятие,expected_and_present,CORVONERO-CA-02-REMOTE-SOPROVOZHDENIE-1S-COMMANDER-IMPORT-v2.6.1.xlsx,87,380,
EXP-000317,CA-02-REMOTE,Корво Неро — Сопровождение 1С — Россия без НСО — поиск,CA-02,REMOTE,ca-02-support-enterprise,Сопровождение 1С — предприятие и ERP,сопровождение 1с предприятие 8,сопровождение 1с предприятие 8,DEPLOYABLE_GROUP_PLAN,REMOTE,CORVONERO-CA-02-REMOTE-SOPROVOZHDENIE-1S-COMMANDER-IMPORT-v2.6.1.xlsx,CORVONERO-CAMPAIGN-V2.6-FINAL-GROUP-PLAN-v1.json,CA-02-REMOTE::ca-02-support-enterprise::сопровождение 1с предприятие 8,expected_and_present,CORVONERO-CA-02-REMOTE-SOPROVOZHDENIE-1S-COMMANDER-IMPORT-v2.6.1.xlsx,88,370,
EXP-000318,CA-02-REMOTE,Корво Неро — Сопровождение 1С — Россия без НСО — поиск,CA-02,REMOTE,ca-02-support-enterprise,Сопровождение 1С — предприятие и ERP,сопровождение 1с предприятие 8.3,сопровождение 1с предприятие 8.3,DEPLOYABLE_GROUP_PLAN,REMOTE,CORVONERO-CA-02-REMOTE-SOPROVOZHDENIE-1S-COMMANDER-IMPORT-v2.6.1.xlsx,CORVONERO-CAMPAIGN-V2.6-FINAL-GROUP-PLAN-v1.json,CA-02-REMOTE::ca-02-support-enterprise::сопровождение 1с предприятие 8.3,expected_and_present,CORVONERO-CA-02-REMOTE-SOPROVOZHDENIE-1S-COMMANDER-IMPORT-v2.6.1.xlsx,89,360,
EXP-000319,CA-02-REMOTE,Корво Неро — Сопровождение 1С — Россия без НСО — поиск,CA-02,REMOTE,ca-02-support-enterprise,Сопровождение 1С — предприятие и ERP,сопровождение и обслуживание 1с предприятие,сопровождение и обслуживание 1с предприятие,DEPLOYABLE_GROUP_PLAN,REMOTE,CORVONERO-CA-02-REMOTE-SOPROVOZHDENIE-1S-COMMANDER-IMPORT-v2.6.1.xlsx,CORVONERO-CAMPAIGN-V2.6-FINAL-GROUP-PLAN-v1.json,CA-02-REMOTE::ca-02-support-enterprise::сопровождение и обслуживание 1с предприятие,expected_and_present,CORVONERO-CA-02-REMOTE-SOPROVOZHDENIE-1S-COMMANDER-IMPORT-v2.6.1.xlsx,90,350,
EXP-000320,CA-02-REMOTE,Корво Неро — Сопровождение 1С — Россия без НСО — поиск,CA-02,REMOTE,ca-02-support-enterprise,Сопровождение 1С — предприятие и ERP,сопровождение программного продукта 1с предприятие,сопровождение программного продукта 1с предприятие,DEPLOYABLE_GROUP_PLAN,REMOTE,CORVONERO-CA-02-REMOTE-SOPROVOZHDENIE-1S-COMMANDER-IMPORT-v2.6.1.xlsx,CORVONERO-CAMPAIGN-V2.6-FINAL-GROUP-PLAN-v1.json,CA-02-REMOTE::ca-02-support-enterprise::сопровождение программного продукта 1с предприятие,expected_and_present,CORVONERO-CA-02-REMOTE-SOPROVOZHDENIE-1S-COMMANDER-IMPORT-v2.6.1.xlsx,91,340,
EXP-000321,CA-02-REMOTE,Корво Неро — Сопровождение 1С — Россия без НСО — поиск,CA-02,REMOTE,ca-02-support-enterprise,Сопровождение 1С — предприятие и ERP,сопровождение программы 1с предприятие,сопровождение программы 1с предприятие,DEPLOYABLE_GROUP_PLAN,REMOTE,CORVONERO-CA-02-REMOTE-SOPROVOZHDENIE-1S-COMMANDER-IMPORT-v2.6.1.xlsx,CORVONERO-CAMPAIGN-V2.6-FINAL-GROUP-PLAN-v1.json,CA-02-REMOTE::ca-02-support-enterprise::сопровождение программы 1с предприятие,expected_and_present,CORVONERO-CA-02-REMOTE-SOPROVOZHDENIE-1S-COMMANDER-IMPORT-v2.6.1.xlsx,92,330,
EXP-000322,CA-02-REMOTE,Корво Неро — Сопровождение 1С — Россия без НСО — поиск,CA-02,REMOTE,ca-02-support-enterprise,Сопровождение 1С — предприятие и ERP,сопровождение системы 1с предприятие,сопровождение системы 1с предприятие,DEPLOYABLE_GROUP_PLAN,REMOTE,CORVONERO-CA-02-REMOTE-SOPROVOZHDENIE-1S-COMMANDER-IMPORT-v2.6.1.xlsx,CORVONERO-CAMPAIGN-V2.6-FINAL-GROUP-PLAN-v1.json,CA-02-REMOTE::ca-02-support-enterprise::сопровождение системы 1с предприятие,expected_and_present,CORVONERO-CA-02-REMOTE-SOPROVOZHDENIE-1S-COMMANDER-IMPORT-v2.6.1.xlsx,93,320,
EXP-000323,CA-02-REMOTE,Корво Неро — Сопровождение 1С — Россия без НСО — поиск,CA-02,REMOTE,ca-02-support-enterprise,Сопровождение 1С — предприятие и ERP,техническое сопровождение 1с предприятие,техническое сопровождение 1с предприятие,DEPLOYABLE_GROUP_PLAN,REMOTE,CORVONERO-CA-02-REMOTE-SOPROVOZHDENIE-1S-COMMANDER-IMPORT-v2.6.1.xlsx,CORVONERO-CAMPAIGN-V2.6-FINAL-GROUP-PLAN-v1.json,CA-02-REMOTE::ca-02-support-enterprise::техническое сопровождение 1с предприятие,expected_and_present,CORVONERO-CA-02-REMOTE-SOPROVOZHDENIE-1S-COMMANDER-IMPORT-v2.6.1.xlsx,94,310,
EXP-000324,CA-02-REMOTE,Корво Неро — Сопровождение 1С — Россия без НСО — поиск,CA-02,REMOTE,ca-02-support-its,Сопровождение 1С — ИТС и абонентское,абонентское сопровождение 1с,абонентское сопровождение 1с,DEPLOYABLE_GROUP_PLAN,REMOTE,CORVONERO-CA-02-REMOTE-SOPROVOZHDENIE-1S-COMMANDER-IMPORT-v2.6.1.xlsx,CORVONERO-CAMPAIGN-V2.6-FINAL-GROUP-PLAN-v1.json,CA-02-REMOTE::ca-02-support-its::абонентское сопровождение 1с,expected_and_present,CORVONERO-CA-02-REMOTE-SOPROVOZHDENIE-1S-COMMANDER-IMPORT-v2.6.1.xlsx,96,400,
EXP-000325,CA-02-REMOTE,Корво Неро — Сопровождение 1С — Россия без НСО — поиск,CA-02,REMOTE,ca-02-support-its,Сопровождение 1С — ИТС и абонентское,информационно технологическое сопровождение 1с итс,информационно технологическое сопровождение 1с итс,DEPLOYABLE_GROUP_PLAN,REMOTE,CORVONERO-CA-02-REMOTE-SOPROVOZHDENIE-1S-COMMANDER-IMPORT-v2.6.1.xlsx,CORVONERO-CAMPAIGN-V2.6-FINAL-GROUP-PLAN-v1.json,CA-02-REMOTE::ca-02-support-its::информационно технологическое сопровождение 1с итс,expected_and_present,CORVONERO-CA-02-REMOTE-SOPROVOZHDENIE-1S-COMMANDER-IMPORT-v2.6.1.xlsx,97,390,
EXP-000326,CA-02-REMOTE,Корво Неро — Сопровождение 1С — Россия без НСО — поиск,CA-02,REMOTE,ca-02-support-its,Сопровождение 1С — ИТС и абонентское,сопровождение 1с итс,сопровождение 1с итс,DEPLOYABLE_GROUP_PLAN,REMOTE,CORVONERO-CA-02-REMOTE-SOPROVOZHDENIE-1S-COMMANDER-IMPORT-v2.6.1.xlsx,CORVONERO-CAMPAIGN-V2.6-FINAL-GROUP-PLAN-v1.json,CA-02-REMOTE::ca-02-support-its::сопровождение 1с итс,expected_and_present,CORVONERO-CA-02-REMOTE-SOPROVOZHDENIE-1S-COMMANDER-IMPORT-v2.6.1.xlsx,98,380,
EXP-000327,CA-02-REMOTE,Корво Неро — Сопровождение 1С — Россия без НСО — поиск,CA-02,REMOTE,ca-02-support-its,Сопровождение 1С — ИТС и абонентское,сопровождение 1с итс проф,сопровождение 1с итс проф,DEPLOYABLE_GROUP_PLAN,REMOTE,CORVONERO-CA-02-REMOTE-SOPROVOZHDENIE-1S-COMMANDER-IMPORT-v2.6.1.xlsx,CORVONERO-CAMPAIGN-V2.6-FINAL-GROUP-PLAN-v1.json,CA-02-REMOTE::ca-02-support-its::сопровождение 1с итс проф,expected_and_present,CORVONERO-CA-02-REMOTE-SOPROVOZHDENIE-1S-COMMANDER-IMPORT-v2.6.1.xlsx,99,370,
EXP-000328,CA-02-REMOTE,Корво Неро — Сопровождение 1С — Россия без НСО — поиск,CA-02,REMOTE,ca-02-support-its,Сопровождение 1С — ИТС и абонентское,сопровождение программ 1с итс,сопровождение программ 1с итс,DEPLOYABLE_GROUP_PLAN,REMOTE,CORVONERO-CA-02-REMOTE-SOPROVOZHDENIE-1S-COMMANDER-IMPORT-v2.6.1.xlsx,CORVONERO-CAMPAIGN-V2.6-FINAL-GROUP-PLAN-v1.json,CA-02-REMOTE::ca-02-support-its::сопровождение программ 1с итс,expected_and_present,CORVONERO-CA-02-REMOTE-SOPROVOZHDENIE-1S-COMMANDER-IMPORT-v2.6.1.xlsx,100,360,
EXP-000329,CA-02-REMOTE,Корво Неро — Сопровождение 1С — Россия без НСО — поиск,CA-02,REMOTE,ca-02-support-org,Сопровождение 1С — для организаций и ИП,1с сопровождение бюджетное учреждение,1с сопровождение бюджетное учреждение,DEPLOYABLE_GROUP_PLAN,REMOTE,CORVONERO-CA-02-REMOTE-SOPROVOZHDENIE-1S-COMMANDER-IMPORT-v2.6.1.xlsx,CORVONERO-CAMPAIGN-V2.6-FINAL-GROUP-PLAN-v1.json,CA-02-REMOTE::ca-02-support-org::1с сопровождение бюджетное учреждение,expected_and_present,CORVONERO-CA-02-REMOTE-SOPROVOZHDENIE-1S-COMMANDER-IMPORT-v2.6.1.xlsx,102,400,
EXP-000330,CA-02-REMOTE,Корво Неро — Сопровождение 1С — Россия без НСО — поиск,CA-02,REMOTE,ca-02-support-org,Сопровождение 1С — для организаций и ИП,1с сопровождение ип,1с сопровождение ип,DEPLOYABLE_GROUP_PLAN,REMOTE,CORVONERO-CA-02-REMOTE-SOPROVOZHDENIE-1S-COMMANDER-IMPORT-v2.6.1.xlsx,CORVONERO-CAMPAIGN-V2.6-FINAL-GROUP-PLAN-v1.json,CA-02-REMOTE::ca-02-support-org::1с сопровождение ип,expected_and_present,CORVONERO-CA-02-REMOTE-SOPROVOZHDENIE-1S-COMMANDER-IMPORT-v2.6.1.xlsx,103,390,
EXP-000331,CA-02-REMOTE,Корво Неро — Сопровождение 1С — Россия без НСО — поиск,CA-02,REMOTE,ca-02-support-org,Сопровождение 1С — для организаций и ИП,1с сопровождение клиентов,1с сопровождение клиентов,DEPLOYABLE_GROUP_PLAN,REMOTE,CORVONERO-CA-02-REMOTE-SOPROVOZHDENIE-1S-COMMANDER-IMPORT-v2.6.1.xlsx,CORVONERO-CAMPAIGN-V2.6-FINAL-GROUP-PLAN-v1.json,CA-02-REMOTE::ca-02-support-org::1с сопровождение клиентов,expected_and_present,CORVONERO-CA-02-REMOTE-SOPROVOZHDENIE-1S-COMMANDER-IMPORT-v2.6.1.xlsx,104,380,
EXP-000332,CA-02-REMOTE,Корво Неро — Сопровождение 1С — Россия без НСО — поиск,CA-02,REMOTE,ca-02-support-org,Сопровождение 1С — для организаций и ИП,сопровождение 1с бюджет,сопровождение 1с бюджет,DEPLOYABLE_GROUP_PLAN,REMOTE,CORVONERO-CA-02-REMOTE-SOPROVOZHDENIE-1S-COMMANDER-IMPORT-v2.6.1.xlsx,CORVONERO-CAMPAIGN-V2.6-FINAL-GROUP-PLAN-v1.json,CA-02-REMOTE::ca-02-support-org::сопровождение 1с бюджет,expected_and_present,CORVONERO-CA-02-REMOTE-SOPROVOZHDENIE-1S-COMMANDER-IMPORT-v2.6.1.xlsx,105,370,
EXP-000333,CA-02-REMOTE,Корво Неро — Сопровождение 1С — Россия без НСО — поиск,CA-02,REMOTE,ca-02-support-org,Сопровождение 1С — для организаций и ИП,сопровождение 1с организации,сопровождение 1с организации,DEPLOYABLE_GROUP_PLAN,REMOTE,CORVONERO-CA-02-REMOTE-SOPROVOZHDENIE-1S-COMMANDER-IMPORT-v2.6.1.xlsx,CORVONERO-CAMPAIGN-V2.6-FINAL-GROUP-PLAN-v1.json,CA-02-REMOTE::ca-02-support-org::сопровождение 1с организации,expected_and_present,CORVONERO-CA-02-REMOTE-SOPROVOZHDENIE-1S-COMMANDER-IMPORT-v2.6.1.xlsx,106,360,
EXP-000334,CA-02-REMOTE,Корво Неро — Сопровождение 1С — Россия без НСО — поиск,CA-02,REMOTE,ca-02-support-tech,Сопровождение 1С — техподдержка и администрирование,информационно техническое сопровождение 1с,информационно техническое сопровождение 1с,DEPLOYABLE_GROUP_PLAN,REMOTE,CORVONERO-CA-02-REMOTE-SOPROVOZHDENIE-1S-COMMANDER-IMPORT-v2.6.1.xlsx,CORVONERO-CAMPAIGN-V2.6-FINAL-GROUP-PLAN-v1.json,CA-02-REMOTE::ca-02-support-tech::информационно техническое сопровождение 1с,expected_and_present,CORVONERO-CA-02-REMOTE-SOPROVOZHDENIE-1S-COMMANDER-IMPORT-v2.6.1.xlsx,108,400,
EXP-000335,CA-02-REMOTE,Корво Неро — Сопровождение 1С — Россия без НСО — поиск,CA-02,REMOTE,ca-02-support-tech,Сопровождение 1С — техподдержка и администрирование,информационно технологическое сопровождение 1с,информационно технологическое сопровождение 1с,DEPLOYABLE_GROUP_PLAN,REMOTE,CORVONERO-CA-02-REMOTE-SOPROVOZHDENIE-1S-COMMANDER-IMPORT-v2.6.1.xlsx,CORVONERO-CAMPAIGN-V2.6-FINAL-GROUP-PLAN-v1.json,CA-02-REMOTE::ca-02-support-tech::информационно технологическое сопровождение 1с,expected_and_present,CORVONERO-CA-02-REMOTE-SOPROVOZHDENIE-1S-COMMANDER-IMPORT-v2.6.1.xlsx,109,390,
EXP-000336,CA-02-REMOTE,Корво Неро — Сопровождение 1С — Россия без НСО — поиск,CA-02,REMOTE,ca-02-support-tech,Сопровождение 1С — техподдержка и администрирование,информационно технологическое сопровождение программы 1с,информационно технологическое сопровождение программы 1с,DEPLOYABLE_GROUP_PLAN,REMOTE,CORVONERO-CA-02-REMOTE-SOPROVOZHDENIE-1S-COMMANDER-IMPORT-v2.6.1.xlsx,CORVONERO-CAMPAIGN-V2.6-FINAL-GROUP-PLAN-v1.json,CA-02-REMOTE::ca-02-support-tech::информационно технологическое сопровождение программы 1с,expected_and_present,CORVONERO-CA-02-REMOTE-SOPROVOZHDENIE-1S-COMMANDER-IMPORT-v2.6.1.xlsx,110,380,
EXP-000337,CA-02-REMOTE,Корво Неро — Сопровождение 1С — Россия без НСО — поиск,CA-02,REMOTE,ca-02-support-tech,Сопровождение 1С — техподдержка и администрирование,информационное сопровождение 1с,информационное сопровождение 1с,DEPLOYABLE_GROUP_PLAN,REMOTE,CORVONERO-CA-02-REMOTE-SOPROVOZHDENIE-1S-COMMANDER-IMPORT-v2.6.1.xlsx,CORVONERO-CAMPAIGN-V2.6-FINAL-GROUP-PLAN-v1.json,CA-02-REMOTE::ca-02-support-tech::информационное сопровождение 1с,expected_and_present,CORVONERO-CA-02-REMOTE-SOPROVOZHDENIE-1S-COMMANDER-IMPORT-v2.6.1.xlsx,111,370,
EXP-000338,CA-02-REMOTE,Корво Неро — Сопровождение 1С — Россия без НСО — поиск,CA-02,REMOTE,ca-02-support-tech,Сопровождение 1С — техподдержка и администрирование,обслуживание и сопровождение 1с,обслуживание и сопровождение 1с,DEPLOYABLE_GROUP_PLAN,REMOTE,CORVONERO-CA-02-REMOTE-SOPROVOZHDENIE-1S-COMMANDER-IMPORT-v2.6.1.xlsx,CORVONERO-CAMPAIGN-V2.6-FINAL-GROUP-PLAN-v1.json,CA-02-REMOTE::ca-02-support-tech::обслуживание и сопровождение 1с,expected_and_present,CORVONERO-CA-02-REMOTE-SOPROVOZHDENIE-1S-COMMANDER-IMPORT-v2.6.1.xlsx,112,360,
EXP-000339,CA-02-REMOTE,Корво Неро — Сопровождение 1С — Россия без НСО — поиск,CA-02,REMOTE,ca-02-support-tech,Сопровождение 1С — техподдержка и администрирование,поддержка сопровождение 1с,поддержка сопровождение 1с,DEPLOYABLE_GROUP_PLAN,REMOTE,CORVONERO-CA-02-REMOTE-SOPROVOZHDENIE-1S-COMMANDER-IMPORT-v2.6.1.xlsx,CORVONERO-CAMPAIGN-V2.6-FINAL-GROUP-PLAN-v1.json,CA-02-REMOTE::ca-02-support-tech::поддержка сопровождение 1с,expected_and_present,CORVONERO-CA-02-REMOTE-SOPROVOZHDENIE-1S-COMMANDER-IMPORT-v2.6.1.xlsx,113,350,
EXP-000341,CA-02-REMOTE,Корво Неро — Сопровождение 1С — Россия без НСО — поиск,CA-02,REMOTE,ca-02-support-tech,Сопровождение 1С — техподдержка и администрирование,программное сопровождение 1с,программное сопровождение 1с,DEPLOYABLE_GROUP_PLAN,REMOTE,CORVONERO-CA-02-REMOTE-SOPROVOZHDENIE-1S-COMMANDER-IMPORT-v2.6.1.xlsx,CORVONERO-CAMPAIGN-V2.6-FINAL-GROUP-PLAN-v1.json,CA-02-REMOTE::ca-02-support-tech::программное сопровождение 1с,expected_and_present,CORVONERO-CA-02-REMOTE-SOPROVOZHDENIE-1S-COMMANDER-IMPORT-v2.6.1.xlsx,114,340,
EXP-000342,CA-02-REMOTE,Корво Неро — Сопровождение 1С — Россия без НСО — поиск,CA-02,REMOTE,ca-02-support-tech,Сопровождение 1С — техподдержка и администрирование,программное сопровождение конфигураций 1с,программное сопровождение конфигураций 1с,DEPLOYABLE_GROUP_PLAN,REMOTE,CORVONERO-CA-02-REMOTE-SOPROVOZHDENIE-1S-COMMANDER-IMPORT-v2.6.1.xlsx,CORVONERO-CAMPAIGN-V2.6-FINAL-GROUP-PLAN-v1.json,CA-02-REMOTE::ca-02-support-tech::программное сопровождение конфигураций 1с,expected_and_present,CORVONERO-CA-02-REMOTE-SOPROVOZHDENIE-1S-COMMANDER-IMPORT-v2.6.1.xlsx,115,330,
EXP-000343,CA-02-REMOTE,Корво Неро — Сопровождение 1С — Россия без НСО — поиск,CA-02,REMOTE,ca-02-support-tech,Сопровождение 1С — техподдержка и администрирование,сопровождение и поддержка 1с в красноярске,сопровождение и поддержка 1с в красноярске,DEPLOYABLE_GROUP_PLAN,REMOTE,CORVONERO-CA-02-REMOTE-SOPROVOZHDENIE-1S-COMMANDER-IMPORT-v2.6.1.xlsx,CORVONERO-CAMPAIGN-V2.6-FINAL-GROUP-PLAN-v1.json,CA-02-REMOTE::ca-02-support-tech::сопровождение и поддержка 1с в красноярске,expected_and_present,CORVONERO-CA-02-REMOTE-SOPROVOZHDENIE-1S-COMMANDER-IMPORT-v2.6.1.xlsx,116,320,
EXP-000344,CA-02-REMOTE,Корво Неро — Сопровождение 1С — Россия без НСО — поиск,CA-02,REMOTE,ca-02-support-tech,Сопровождение 1С — техподдержка и администрирование,сопровождение информационной системы 1с,сопровождение информационной системы 1с,DEPLOYABLE_GROUP_PLAN,REMOTE,CORVONERO-CA-02-REMOTE-SOPROVOZHDENIE-1S-COMMANDER-IMPORT-v2.6.1.xlsx,CORVONERO-CAMPAIGN-V2.6-FINAL-GROUP-PLAN-v1.json,CA-02-REMOTE::ca-02-support-tech::сопровождение информационной системы 1с,expected_and_present,CORVONERO-CA-02-REMOTE-SOPROVOZHDENIE-1S-COMMANDER-IMPORT-v2.6.1.xlsx,117,310,
EXP-000345,CA-02-REMOTE,Корво Неро — Сопровождение 1С — Россия без НСО — поиск,CA-02,REMOTE,ca-02-support-tech,Сопровождение 1С — техподдержка и администрирование,сопровождение обновление 1с,сопровождение обновление 1с,DEPLOYABLE_GROUP_PLAN,REMOTE,CORVONERO-CA-02-REMOTE-SOPROVOZHDENIE-1S-COMMANDER-IMPORT-v2.6.1.xlsx,CORVONERO-CAMPAIGN-V2.6-FINAL-GROUP-PLAN-v1.json,CA-02-REMOTE::ca-02-support-tech::сопровождение обновление 1с,expected_and_present,CORVONERO-CA-02-REMOTE-SOPROVOZHDENIE-1S-COMMANDER-IMPORT-v2.6.1.xlsx,118,400,
EXP-000346,CA-02-REMOTE,Корво Неро — Сопровождение 1С — Россия без НСО — поиск,CA-02,REMOTE,ca-02-support-tech,Сопровождение 1С — техподдержка и администрирование,сопровождение программного обеспечения 1с,сопровождение программного обеспечения 1с,DEPLOYABLE_GROUP_PLAN,REMOTE,CORVONERO-CA-02-REMOTE-SOPROVOZHDENIE-1S-COMMANDER-IMPORT-v2.6.1.xlsx,CORVONERO-CAMPAIGN-V2.6-FINAL-GROUP-PLAN-v1.json,CA-02-REMOTE::ca-02-support-tech::сопровождение программного обеспечения 1с,expected_and_present,CORVONERO-CA-02-REMOTE-SOPROVOZHDENIE-1S-COMMANDER-IMPORT-v2.6.1.xlsx,119,390,
EXP-000347,CA-02-REMOTE,Корво Неро — Сопровождение 1С — Россия без НСО — поиск,CA-02,REMOTE,ca-02-support-tech,Сопровождение 1С — техподдержка и администрирование,сопровождение программных продуктов 1с,сопровождение программных продуктов 1с,DEPLOYABLE_GROUP_PLAN,REMOTE,CORVONERO-CA-02-REMOTE-SOPROVOZHDENIE-1S-COMMANDER-IMPORT-v2.6.1.xlsx,CORVONERO-CAMPAIGN-V2.6-FINAL-GROUP-PLAN-v1.json,CA-02-REMOTE::ca-02-support-tech::сопровождение программных продуктов 1с,expected_and_present,CORVONERO-CA-02-REMOTE-SOPROVOZHDENIE-1S-COMMANDER-IMPORT-v2.6.1.xlsx,120,380,
EXP-000348,CA-02-REMOTE,Корво Неро — Сопровождение 1С — Россия без НСО — поиск,CA-02,REMOTE,ca-02-support-tech,Сопровождение 1С — техподдержка и администрирование,сопровождение программных продуктов на платформе 1с,сопровождение программных продуктов на платформе 1с,DEPLOYABLE_GROUP_PLAN,REMOTE,CORVONERO-CA-02-REMOTE-SOPROVOZHDENIE-1S-COMMANDER-IMPORT-v2.6.1.xlsx,CORVONERO-CAMPAIGN-V2.6-FINAL-GROUP-PLAN-v1.json,CA-02-REMOTE::ca-02-support-tech::сопровождение программных продуктов на платформе 1с,expected_and_present,CORVONERO-CA-02-REMOTE-SOPROVOZHDENIE-1S-COMMANDER-IMPORT-v2.6.1.xlsx,121,370,
EXP-000349,CA-02-REMOTE,Корво Неро — Сопровождение 1С — Россия без НСО — поиск,CA-02,REMOTE,ca-02-support-tech,Сопровождение 1С — техподдержка и администрирование,техническое сопровождение 1с,техническое сопровождение 1с,DEPLOYABLE_GROUP_PLAN,REMOTE,CORVONERO-CA-02-REMOTE-SOPROVOZHDENIE-1S-COMMANDER-IMPORT-v2.6.1.xlsx,CORVONERO-CAMPAIGN-V2.6-FINAL-GROUP-PLAN-v1.json,CA-02-REMOTE::ca-02-support-tech::техническое сопровождение 1с,expected_and_present,CORVONERO-CA-02-REMOTE-SOPROVOZHDENIE-1S-COMMANDER-IMPORT-v2.6.1.xlsx,122,360,
EXP-000350,CA-02-REMOTE,Корво Неро — Сопровождение 1С — Россия без НСО — поиск,CA-02,REMOTE,ca-02-support-zup-unf,"Сопровождение 1С — ЗУП, УТ и УНФ",сопровождение 1с зуп,сопровождение 1с зуп,DEPLOYABLE_GROUP_PLAN,REMOTE,CORVONERO-CA-02-REMOTE-SOPROVOZHDENIE-1S-COMMANDER-IMPORT-v2.6.1.xlsx,CORVONERO-CAMPAIGN-V2.6-FINAL-GROUP-PLAN-v1.json,CA-02-REMOTE::ca-02-support-zup-unf::сопровождение 1с зуп,expected_and_present,CORVONERO-CA-02-REMOTE-SOPROVOZHDENIE-1S-COMMANDER-IMPORT-v2.6.1.xlsx,124,400,
EXP-000351,CA-02-REMOTE,Корво Неро — Сопровождение 1С — Россия без НСО — поиск,CA-02,REMOTE,ca-02-support-zup-unf,"Сопровождение 1С — ЗУП, УТ и УНФ",сопровождение 1с торговля,сопровождение 1с торговля,DEPLOYABLE_GROUP_PLAN,REMOTE,CORVONERO-CA-02-REMOTE-SOPROVOZHDENIE-1S-COMMANDER-IMPORT-v2.6.1.xlsx,CORVONERO-CAMPAIGN-V2.6-FINAL-GROUP-PLAN-v1.json,CA-02-REMOTE::ca-02-support-zup-unf::сопровождение 1с торговля,expected_and_present,CORVONERO-CA-02-REMOTE-SOPROVOZHDENIE-1S-COMMANDER-IMPORT-v2.6.1.xlsx,125,390,
EXP-000352,CA-02-REMOTE,Корво Неро — Сопровождение 1С — Россия без НСО — поиск,CA-02,REMOTE,ca-02-support-zup-unf,"Сопровождение 1С — ЗУП, УТ и УНФ",сопровождение 1с унф,сопровождение 1с унф,DEPLOYABLE_GROUP_PLAN,REMOTE,CORVONERO-CA-02-REMOTE-SOPROVOZHDENIE-1S-COMMANDER-IMPORT-v2.6.1.xlsx,CORVONERO-CAMPAIGN-V2.6-FINAL-GROUP-PLAN-v1.json,CA-02-REMOTE::ca-02-support-zup-unf::сопровождение 1с унф,expected_and_present,CORVONERO-CA-02-REMOTE-SOPROVOZHDENIE-1S-COMMANDER-IMPORT-v2.6.1.xlsx,126,380,
EXP-000353,CA-02-REMOTE,Корво Неро — Сопровождение 1С — Россия без НСО — поиск,CA-02,REMOTE,ca-02-support-zup-unf,"Сопровождение 1С — ЗУП, УТ и УНФ",сопровождение 1с фреш унф,сопровождение 1с фреш унф,DEPLOYABLE_GROUP_PLAN,REMOTE,CORVONERO-CA-02-REMOTE-SOPROVOZHDENIE-1S-COMMANDER-IMPORT-v2.6.1.xlsx,CORVONERO-CAMPAIGN-V2.6-FINAL-GROUP-PLAN-v1.json,CA-02-REMOTE::ca-02-support-zup-unf::сопровождение 1с фреш унф,expected_and_present,CORVONERO-CA-02-REMOTE-SOPROVOZHDENIE-1S-COMMANDER-IMPORT-v2.6.1.xlsx,127,370,
EXP-000354,CA-03-LOCAL,Корво Неро — Доработка и разработка 1С — Новосибирск и область — поиск,CA-03,LOCAL,ca-03-implementation,Доработка 1С — внедрение,внедрение и сопровождение 1с,внедрение и сопровождение 1с,DEPLOYABLE_GROUP_PLAN,LOCAL,CORVONERO-CA-03-LOCAL-DORABOTKA-1S-COMMANDER-IMPORT-v2.6.1.xlsx,CORVONERO-CAMPAIGN-V2.6-FINAL-GROUP-PLAN-v1.json,CA-03-LOCAL::ca-03-implementation::внедрение и сопровождение 1с,expected_and_present,CORVONERO-CA-03-LOCAL-DORABOTKA-1S-COMMANDER-IMPORT-v2.6.1.xlsx,17,400,
EXP-000355,CA-03-LOCAL,Корво Неро — Доработка и разработка 1С — Новосибирск и область — поиск,CA-03,LOCAL,ca-03-implementation,Доработка 1С — внедрение,внедрение и сопровождение 1с предприятия,внедрение и сопровождение 1с предприятия,DEPLOYABLE_GROUP_PLAN,LOCAL,CORVONERO-CA-03-LOCAL-DORABOTKA-1S-COMMANDER-IMPORT-v2.6.1.xlsx,CORVONERO-CAMPAIGN-V2.6-FINAL-GROUP-PLAN-v1.json,CA-03-LOCAL::ca-03-implementation::внедрение и сопровождение 1с предприятия,expected_and_present,CORVONERO-CA-03-LOCAL-DORABOTKA-1S-COMMANDER-IMPORT-v2.6.1.xlsx,18,390,
EXP-000356,CA-03-LOCAL,Корво Неро — Доработка и разработка 1С — Новосибирск и область — поиск,CA-03,LOCAL,ca-03-implementation,Доработка 1С — внедрение,внедрение и сопровождение продуктов 1с,внедрение и сопровождение продуктов 1с,DEPLOYABLE_GROUP_PLAN,LOCAL,CORVONERO-CA-03-LOCAL-DORABOTKA-1S-COMMANDER-IMPORT-v2.6.1.xlsx,CORVONERO-CAMPAIGN-V2.6-FINAL-GROUP-PLAN-v1.json,CA-03-LOCAL::ca-03-implementation::внедрение и сопровождение продуктов 1с,expected_and_present,CORVONERO-CA-03-LOCAL-DORABOTKA-1S-COMMANDER-IMPORT-v2.6.1.xlsx,19,380,
EXP-000357,CA-03-LOCAL,Корво Неро — Доработка и разработка 1С — Новосибирск и область — поиск,CA-03,LOCAL,ca-03-mod-config,Доработка 1С — по конфигурациям,1с ерп доработка,1с ерп доработка,DEPLOYABLE_GROUP_PLAN,LOCAL,CORVONERO-CA-03-LOCAL-DORABOTKA-1S-COMMANDER-IMPORT-v2.6.1.xlsx,CORVONERO-CAMPAIGN-V2.6-FINAL-GROUP-PLAN-v1.json,CA-03-LOCAL::ca-03-mod-config::1с ерп доработка,expected_and_present,CORVONERO-CA-03-LOCAL-DORABOTKA-1S-COMMANDER-IMPORT-v2.6.1.xlsx,21,400,
EXP-000358,CA-03-LOCAL,Корво Неро — Доработка и разработка 1С — Новосибирск и область — поиск,CA-03,LOCAL,ca-03-mod-config,Доработка 1С — по конфигурациям,доработка 1с торговля,доработка 1с торговля,DEPLOYABLE_GROUP_PLAN,LOCAL,CORVONERO-CA-03-LOCAL-DORABOTKA-1S-COMMANDER-IMPORT-v2.6.1.xlsx,CORVONERO-CAMPAIGN-V2.6-FINAL-GROUP-PLAN-v1.json,CA-03-LOCAL::ca-03-mod-config::доработка 1с торговля,expected_and_present,CORVONERO-CA-03-LOCAL-DORABOTKA-1S-COMMANDER-IMPORT-v2.6.1.xlsx,22,390,
EXP-000359,CA-03-LOCAL,Корво Неро — Доработка и разработка 1С — Новосибирск и область — поиск,CA-03,LOCAL,ca-03-mod-config,Доработка 1С — по конфигурациям,доработка 1с унф,доработка 1с унф,DEPLOYABLE_GROUP_PLAN,LOCAL,CORVONERO-CA-03-LOCAL-DORABOTKA-1S-COMMANDER-IMPORT-v2.6.1.xlsx,CORVONERO-CAMPAIGN-V2.6-FINAL-GROUP-PLAN-v1.json,CA-03-LOCAL::ca-03-mod-config::доработка 1с унф,expected_and_present,CORVONERO-CA-03-LOCAL-DORABOTKA-1S-COMMANDER-IMPORT-v2.6.1.xlsx,23,380,
EXP-000360,CA-03-LOCAL,Корво Неро — Доработка и разработка 1С — Новосибирск и область — поиск,CA-03,LOCAL,ca-03-mod-config,Доработка 1С — по конфигурациям,доработка 1с ут,доработка 1с ут,DEPLOYABLE_GROUP_PLAN,LOCAL,CORVONERO-CA-03-LOCAL-DORABOTKA-1S-COMMANDER-IMPORT-v2.6.1.xlsx,CORVONERO-CAMPAIGN-V2.6-FINAL-GROUP-PLAN-v1.json,CA-03-LOCAL::ca-03-mod-config::доработка 1с ут,expected_and_present,CORVONERO-CA-03-LOCAL-DORABOTKA-1S-COMMANDER-IMPORT-v2.6.1.xlsx,24,370,
EXP-000361,CA-03-LOCAL,Корво Неро — Доработка и разработка 1С — Новосибирск и область — поиск,CA-03,LOCAL,ca-03-mod-config,Доработка 1С — по конфигурациям,доработки 1с erp,доработки 1с erp,DEPLOYABLE_GROUP_PLAN,LOCAL,CORVONERO-CA-03-LOCAL-DORABOTKA-1S-COMMANDER-IMPORT-v2.6.1.xlsx,CORVONERO-CAMPAIGN-V2.6-FINAL-GROUP-PLAN-v1.json,CA-03-LOCAL::ca-03-mod-config::доработки 1с erp,expected_and_present,CORVONERO-CA-03-LOCAL-DORABOTKA-1S-COMMANDER-IMPORT-v2.6.1.xlsx,25,360,
EXP-000362,CA-03-LOCAL,Корво Неро — Доработка и разработка 1С — Новосибирск и область — поиск,CA-03,LOCAL,ca-03-mod-config,Доработка 1С — по конфигурациям,доработки 1с бухгалтерии,доработки 1с бухгалтерии,DEPLOYABLE_GROUP_PLAN,LOCAL,CORVONERO-CA-03-LOCAL-DORABOTKA-1S-COMMANDER-IMPORT-v2.6.1.xlsx,CORVONERO-CAMPAIGN-V2.6-FINAL-GROUP-PLAN-v1.json,CA-03-LOCAL::ca-03-mod-config::доработки 1с бухгалтерии,expected_and_present,CORVONERO-CA-03-LOCAL-DORABOTKA-1S-COMMANDER-IMPORT-v2.6.1.xlsx,26,350,
EXP-000363,CA-03-LOCAL,Корво Неро — Доработка и разработка 1С — Новосибирск и область — поиск,CA-03,LOCAL,ca-03-mod-config,Доработка 1С — по конфигурациям,доработки 1с документооборот,доработки 1с документооборот,DEPLOYABLE_GROUP_PLAN,LOCAL,CORVONERO-CA-03-LOCAL-DORABOTKA-1S-COMMANDER-IMPORT-v2.6.1.xlsx,CORVONERO-CAMPAIGN-V2.6-FINAL-GROUP-PLAN-v1.json,CA-03-LOCAL::ca-03-mod-config::доработки 1с документооборот,expected_and_present,CORVONERO-CA-03-LOCAL-DORABOTKA-1S-COMMANDER-IMPORT-v2.6.1.xlsx,27,340,
EXP-000364,CA-03-LOCAL,Корво Неро — Доработка и разработка 1С — Новосибирск и область — поиск,CA-03,LOCAL,ca-03-mod-config,Доработка 1С — по конфигурациям,доработки 1с зуп,доработки 1с зуп,DEPLOYABLE_GROUP_PLAN,LOCAL,CORVONERO-CA-03-LOCAL-DORABOTKA-1S-COMMANDER-IMPORT-v2.6.1.xlsx,CORVONERO-CAMPAIGN-V2.6-FINAL-GROUP-PLAN-v1.json,CA-03-LOCAL::ca-03-mod-config::доработки 1с зуп,expected_and_present,CORVONERO-CA-03-LOCAL-DORABOTKA-1S-COMMANDER-IMPORT-v2.6.1.xlsx,28,330,
EXP-000365,CA-03-LOCAL,Корво Неро — Доработка и разработка 1С — Новосибирск и область — поиск,CA-03,LOCAL,ca-03-mod-config,Доработка 1С — по конфигурациям,доработки 1с управление торговлей,доработки 1с управление торговлей,DEPLOYABLE_GROUP_PLAN,LOCAL,CORVONERO-CA-03-LOCAL-DORABOTKA-1S-COMMANDER-IMPORT-v2.6.1.xlsx,CORVONERO-CAMPAIGN-V2.6-FINAL-GROUP-PLAN-v1.json,CA-03-LOCAL::ca-03-mod-config::доработки 1с управление торговлей,expected_and_present,CORVONERO-CA-03-LOCAL-DORABOTKA-1S-COMMANDER-IMPORT-v2.6.1.xlsx,29,320,
EXP-000366,CA-03-LOCAL,Корво Неро — Доработка и разработка 1С — Новосибирск и область — поиск,CA-03,LOCAL,ca-03-modification,Доработка и разработка 1С,1с бп доработка,1с бп доработка,DEPLOYABLE_GROUP_PLAN,LOCAL,CORVONERO-CA-03-LOCAL-DORABOTKA-1S-COMMANDER-IMPORT-v2.6.1.xlsx,CORVONERO-CAMPAIGN-V2.6-FINAL-GROUP-PLAN-v1.json,CA-03-LOCAL::ca-03-modification::1с бп доработка,expected_and_present,CORVONERO-CA-03-LOCAL-DORABOTKA-1S-COMMANDER-IMPORT-v2.6.1.xlsx,31,400,
EXP-000367,CA-03-LOCAL,Корво Неро — Доработка и разработка 1С — Новосибирск и область — поиск,CA-03,LOCAL,ca-03-modification,Доработка и разработка 1С,1с диадок доработка,1с диадок доработка,DEPLOYABLE_GROUP_PLAN,LOCAL,CORVONERO-CA-03-LOCAL-DORABOTKA-1S-COMMANDER-IMPORT-v2.6.1.xlsx,CORVONERO-CAMPAIGN-V2.6-FINAL-GROUP-PLAN-v1.json,CA-03-LOCAL::ca-03-modification::1с диадок доработка,expected_and_present,CORVONERO-CA-03-LOCAL-DORABOTKA-1S-COMMANDER-IMPORT-v2.6.1.xlsx,32,390,
EXP-000368,CA-03-LOCAL,Корво Неро — Доработка и разработка 1С — Новосибирск и область — поиск,CA-03,LOCAL,ca-03-modification,Доработка и разработка 1С,1с доработка планов обмена,1с доработка планов обмена,DEPLOYABLE_GROUP_PLAN,LOCAL,CORVONERO-CA-03-LOCAL-DORABOTKA-1S-COMMANDER-IMPORT-v2.6.1.xlsx,CORVONERO-CAMPAIGN-V2.6-FINAL-GROUP-PLAN-v1.json,CA-03-LOCAL::ca-03-modification::1с доработка планов обмена,expected_and_present,CORVONERO-CA-03-LOCAL-DORABOTKA-1S-COMMANDER-IMPORT-v2.6.1.xlsx,33,380,
EXP-000369,CA-03-LOCAL,Корво Неро — Доработка и разработка 1С — Новосибирск и область — поиск,CA-03,LOCAL,ca-03-modification,Доработка и разработка 1С,1с доработка программного обеспечения,1с доработка программного обеспечения,DEPLOYABLE_GROUP_PLAN,LOCAL,CORVONERO-CA-03-LOCAL-DORABOTKA-1S-COMMANDER-IMPORT-v2.6.1.xlsx,CORVONERO-CAMPAIGN-V2.6-FINAL-GROUP-PLAN-v1.json,CA-03-LOCAL::ca-03-modification::1с доработка программного обеспечения,expected_and_present,CORVONERO-CA-03-LOCAL-DORABOTKA-1S-COMMANDER-IMPORT-v2.6.1.xlsx,34,370,
EXP-000370,CA-03-LOCAL,Корво Неро — Доработка и разработка 1С — Новосибирск и область — поиск,CA-03,LOCAL,ca-03-modification,Доработка и разработка 1С,1с доработка цены,1с доработка цены,DEPLOYABLE_GROUP_PLAN,LOCAL,CORVONERO-CA-03-LOCAL-DORABOTKA-1S-COMMANDER-IMPORT-v2.6.1.xlsx,CORVONERO-CAMPAIGN-V2.6-FINAL-GROUP-PLAN-v1.json,CA-03-LOCAL::ca-03-modification::1с доработка цены,expected_and_present,CORVONERO-CA-03-LOCAL-DORABOTKA-1S-COMMANDER-IMPORT-v2.6.1.xlsx,35,360,
EXP-000371,CA-03-LOCAL,Корво Неро — Доработка и разработка 1С — Новосибирск и область — поиск,CA-03,LOCAL,ca-03-modification,Доработка и разработка 1С,1с доработка через расширения,1с доработка через расширения,DEPLOYABLE_GROUP_PLAN,LOCAL,CORVONERO-CA-03-LOCAL-DORABOTKA-1S-COMMANDER-IMPORT-v2.6.1.xlsx,CORVONERO-CAMPAIGN-V2.6-FINAL-GROUP-PLAN-v1.json,CA-03-LOCAL::ca-03-modification::1с доработка через расширения,expected_and_present,CORVONERO-CA-03-LOCAL-DORABOTKA-1S-COMMANDER-IMPORT-v2.6.1.xlsx,36,350,
EXP-000372,CA-03-LOCAL,Корво Неро — Доработка и разработка 1С — Новосибирск и область — поиск,CA-03,LOCAL,ca-03-modification,Доработка и разработка 1С,1с заказы доработка,1с заказы доработка,DEPLOYABLE_GROUP_PLAN,LOCAL,CORVONERO-CA-03-LOCAL-DORABOTKA-1S-COMMANDER-IMPORT-v2.6.1.xlsx,CORVONERO-CAMPAIGN-V2.6-FINAL-GROUP-PLAN-v1.json,CA-03-LOCAL::ca-03-modification::1с заказы доработка,expected_and_present,CORVONERO-CA-03-LOCAL-DORABOTKA-1S-COMMANDER-IMPORT-v2.6.1.xlsx,37,340,
EXP-000373,CA-03-LOCAL,Корво Неро — Доработка и разработка 1С — Новосибирск и область — поиск,CA-03,LOCAL,ca-03-modification,Доработка и разработка 1С,1с кабинет сотрудника доработка,1с кабинет сотрудника доработка,DEPLOYABLE_GROUP_PLAN,LOCAL,CORVONERO-CA-03-LOCAL-DORABOTKA-1S-COMMANDER-IMPORT-v2.6.1.xlsx,CORVONERO-CAMPAIGN-V2.6-FINAL-GROUP-PLAN-v1.json,CA-03-LOCAL::ca-03-modification::1с кабинет сотрудника доработка,expected_and_present,CORVONERO-CA-03-LOCAL-DORABOTKA-1S-COMMANDER-IMPORT-v2.6.1.xlsx,38,330,
EXP-000374,CA-03-LOCAL,Корво Неро — Доработка и разработка 1С — Новосибирск и область — поиск,CA-03,LOCAL,ca-03-modification,Доработка и разработка 1С,1с сопровождение разработка,1с сопровождение разработка,DEPLOYABLE_GROUP_PLAN,LOCAL,CORVONERO-CA-03-LOCAL-DORABOTKA-1S-COMMANDER-IMPORT-v2.6.1.xlsx,CORVONERO-CAMPAIGN-V2.6-FINAL-GROUP-PLAN-v1.json,CA-03-LOCAL::ca-03-modification::1с сопровождение разработка,expected_and_present,CORVONERO-CA-03-LOCAL-DORABOTKA-1S-COMMANDER-IMPORT-v2.6.1.xlsx,39,320,
EXP-000375,CA-03-LOCAL,Корво Неро — Доработка и разработка 1С — Новосибирск и область — поиск,CA-03,LOCAL,ca-03-modification,Доработка и разработка 1С,1с фреш доработки,1с фреш доработки,DEPLOYABLE_GROUP_PLAN,LOCAL,CORVONERO-CA-03-LOCAL-DORABOTKA-1S-COMMANDER-IMPORT-v2.6.1.xlsx,CORVONERO-CAMPAIGN-V2.6-FINAL-GROUP-PLAN-v1.json,CA-03-LOCAL::ca-03-modification::1с фреш доработки,expected_and_present,CORVONERO-CA-03-LOCAL-DORABOTKA-1S-COMMANDER-IMPORT-v2.6.1.xlsx,40,310,
EXP-000376,CA-03-LOCAL,Корво Неро — Доработка и разработка 1С — Новосибирск и область — поиск,CA-03,LOCAL,ca-03-modification,Доработка и разработка 1С,1с эдо доработка,1с эдо доработка,DEPLOYABLE_GROUP_PLAN,LOCAL,CORVONERO-CA-03-LOCAL-DORABOTKA-1S-COMMANDER-IMPORT-v2.6.1.xlsx,CORVONERO-CAMPAIGN-V2.6-FINAL-GROUP-PLAN-v1.json,CA-03-LOCAL::ca-03-modification::1с эдо доработка,expected_and_present,CORVONERO-CA-03-LOCAL-DORABOTKA-1S-COMMANDER-IMPORT-v2.6.1.xlsx,41,400,
EXP-000377,CA-03-LOCAL,Корво Неро — Доработка и разработка 1С — Новосибирск и область — поиск,CA-03,LOCAL,ca-03-modification,Доработка и разработка 1С,доработка 1с,доработка 1с,DEPLOYABLE_GROUP_PLAN,LOCAL,CORVONERO-CA-03-LOCAL-DORABOTKA-1S-COMMANDER-IMPORT-v2.6.1.xlsx,CORVONERO-CAMPAIGN-V2.6-FINAL-GROUP-PLAN-v1.json,CA-03-LOCAL::ca-03-modification::доработка 1с,expected_and_present,CORVONERO-CA-03-LOCAL-DORABOTKA-1S-COMMANDER-IMPORT-v2.6.1.xlsx,42,390,
EXP-000378,CA-03-LOCAL,Корво Неро — Доработка и разработка 1С — Новосибирск и область — поиск,CA-03,LOCAL,ca-03-modification,Доработка и разработка 1С,доработка 1с 8,доработка 1с 8,DEPLOYABLE_GROUP_PLAN,LOCAL,CORVONERO-CA-03-LOCAL-DORABOTKA-1S-COMMANDER-IMPORT-v2.6.1.xlsx,CORVONERO-CAMPAIGN-V2.6-FINAL-GROUP-PLAN-v1.json,CA-03-LOCAL::ca-03-modification::доработка 1с 8,expected_and_present,CORVONERO-CA-03-LOCAL-DORABOTKA-1S-COMMANDER-IMPORT-v2.6.1.xlsx,43,380,
EXP-000379,CA-03-LOCAL,Корво Неро — Доработка и разработка 1С — Новосибирск и область — поиск,CA-03,LOCAL,ca-03-modification,Доработка и разработка 1С,доработка 1с 8.3,доработка 1с 8.3,DEPLOYABLE_GROUP_PLAN,LOCAL,CORVONERO-CA-03-LOCAL-DORABOTKA-1S-COMMANDER-IMPORT-v2.6.1.xlsx,CORVONERO-CAMPAIGN-V2.6-FINAL-GROUP-PLAN-v1.json,CA-03-LOCAL::ca-03-modification::доработка 1с 8.3,expected_and_present,CORVONERO-CA-03-LOCAL-DORABOTKA-1S-COMMANDER-IMPORT-v2.6.1.xlsx,44,370,
EXP-000380,CA-03-LOCAL,Корво Неро — Доработка и разработка 1С — Новосибирск и область — поиск,CA-03,LOCAL,ca-03-modification,Доработка и разработка 1С,доработка 1с бухгалтерский учет,доработка 1с бухгалтерский учет,DEPLOYABLE_GROUP_PLAN,LOCAL,CORVONERO-CA-03-LOCAL-DORABOTKA-1S-COMMANDER-IMPORT-v2.6.1.xlsx,CORVONERO-CAMPAIGN-V2.6-FINAL-GROUP-PLAN-v1.json,CA-03-LOCAL::ca-03-modification::доработка 1с бухгалтерский учет,expected_and_present,CORVONERO-CA-03-LOCAL-DORABOTKA-1S-COMMANDER-IMPORT-v2.6.1.xlsx,45,360,
EXP-000381,CA-03-LOCAL,Корво Неро — Доработка и разработка 1С — Новосибирск и область — поиск,CA-03,LOCAL,ca-03-modification,Доработка и разработка 1С,доработка 1с нма,доработка 1с нма,DEPLOYABLE_GROUP_PLAN,LOCAL,CORVONERO-CA-03-LOCAL-DORABOTKA-1S-COMMANDER-IMPORT-v2.6.1.xlsx,CORVONERO-CAMPAIGN-V2.6-FINAL-GROUP-PLAN-v1.json,CA-03-LOCAL::ca-03-modification::доработка 1с нма,expected_and_present,CORVONERO-CA-03-LOCAL-DORABOTKA-1S-COMMANDER-IMPORT-v2.6.1.xlsx,46,350,
EXP-000382,CA-03-LOCAL,Корво Неро — Доработка и разработка 1С — Новосибирск и область — поиск,CA-03,LOCAL,ca-03-modification,Доработка и разработка 1С,доработка 1с предприятия,доработка 1с предприятия,DEPLOYABLE_GROUP_PLAN,LOCAL,CORVONERO-CA-03-LOCAL-DORABOTKA-1S-COMMANDER-IMPORT-v2.6.1.xlsx,CORVONERO-CAMPAIGN-V2.6-FINAL-GROUP-PLAN-v1.json,CA-03-LOCAL::ca-03-modification::доработка 1с предприятия,expected_and_present,CORVONERO-CA-03-LOCAL-DORABOTKA-1S-COMMANDER-IMPORT-v2.6.1.xlsx,47,340,
EXP-000383,CA-03-LOCAL,Корво Неро — Доработка и разработка 1С — Новосибирск и область — поиск,CA-03,LOCAL,ca-03-modification,Доработка и разработка 1С,доработка 1с системы,доработка 1с системы,DEPLOYABLE_GROUP_PLAN,LOCAL,CORVONERO-CA-03-LOCAL-DORABOTKA-1S-COMMANDER-IMPORT-v2.6.1.xlsx,CORVONERO-CAMPAIGN-V2.6-FINAL-GROUP-PLAN-v1.json,CA-03-LOCAL::ca-03-modification::доработка 1с системы,expected_and_present,CORVONERO-CA-03-LOCAL-DORABOTKA-1S-COMMANDER-IMPORT-v2.6.1.xlsx,48,330,
EXP-000384,CA-03-LOCAL,Корво Неро — Доработка и разработка 1С — Новосибирск и область — поиск,CA-03,LOCAL,ca-03-modification,Доработка и разработка 1С,доработка 1с стоимость,доработка 1с стоимость,DEPLOYABLE_GROUP_PLAN,LOCAL,CORVONERO-CA-03-LOCAL-DORABOTKA-1S-COMMANDER-IMPORT-v2.6.1.xlsx,CORVONERO-CAMPAIGN-V2.6-FINAL-GROUP-PLAN-v1.json,CA-03-LOCAL::ca-03-modification::доработка 1с стоимость,expected_and_present,CORVONERO-CA-03-LOCAL-DORABOTKA-1S-COMMANDER-IMPORT-v2.6.1.xlsx,49,320,
EXP-000385,CA-03-LOCAL,Корво Неро — Доработка и разработка 1С — Новосибирск и область — поиск,CA-03,LOCAL,ca-03-modification,Доработка и разработка 1С,доработка базы 1с,доработка базы 1с,DEPLOYABLE_GROUP_PLAN,LOCAL,CORVONERO-CA-03-LOCAL-DORABOTKA-1S-COMMANDER-IMPORT-v2.6.1.xlsx,CORVONERO-CAMPAIGN-V2.6-FINAL-GROUP-PLAN-v1.json,CA-03-LOCAL::ca-03-modification::доработка базы 1с,expected_and_present,CORVONERO-CA-03-LOCAL-DORABOTKA-1S-COMMANDER-IMPORT-v2.6.1.xlsx,50,310,
EXP-000386,CA-03-LOCAL,Корво Неро — Доработка и разработка 1С — Новосибирск и область — поиск,CA-03,LOCAL,ca-03-modification,Доработка и разработка 1С,доработка внедрение 1с,доработка внедрение 1с,DEPLOYABLE_GROUP_PLAN,LOCAL,CORVONERO-CA-03-LOCAL-DORABOTKA-1S-COMMANDER-IMPORT-v2.6.1.xlsx,CORVONERO-CAMPAIGN-V2.6-FINAL-GROUP-PLAN-v1.json,CA-03-LOCAL::ca-03-modification::доработка внедрение 1с,expected_and_present,CORVONERO-CA-03-LOCAL-DORABOTKA-1S-COMMANDER-IMPORT-v2.6.1.xlsx,51,400,
EXP-000387,CA-03-LOCAL,Корво Неро — Доработка и разработка 1С — Новосибирск и область — поиск,CA-03,LOCAL,ca-03-modification,Доработка и разработка 1С,доработка документа через бсп 1с,доработка документа через бсп 1с,DEPLOYABLE_GROUP_PLAN,LOCAL,CORVONERO-CA-03-LOCAL-DORABOTKA-1S-COMMANDER-IMPORT-v2.6.1.xlsx,CORVONERO-CAMPAIGN-V2.6-FINAL-GROUP-PLAN-v1.json,CA-03-LOCAL::ca-03-modification::доработка документа через бсп 1с,expected_and_present,CORVONERO-CA-03-LOCAL-DORABOTKA-1S-COMMANDER-IMPORT-v2.6.1.xlsx,52,390,
EXP-000388,CA-03-LOCAL,Корво Неро — Доработка и разработка 1С — Новосибирск и область — поиск,CA-03,LOCAL,ca-03-modification,Доработка и разработка 1С,доработка конфигурации 1с,доработка конфигурации 1с,DEPLOYABLE_GROUP_PLAN,LOCAL,CORVONERO-CA-03-LOCAL-DORABOTKA-1S-COMMANDER-IMPORT-v2.6.1.xlsx,CORVONERO-CAMPAIGN-V2.6-FINAL-GROUP-PLAN-v1.json,CA-03-LOCAL::ca-03-modification::доработка конфигурации 1с,expected_and_present,CORVONERO-CA-03-LOCAL-DORABOTKA-1S-COMMANDER-IMPORT-v2.6.1.xlsx,53,380,
EXP-000389,CA-03-LOCAL,Корво Неро — Доработка и разработка 1С — Новосибирск и область — поиск,CA-03,LOCAL,ca-03-modification,Доработка и разработка 1С,доработка модулей 1с,доработка модулей 1с,DEPLOYABLE_GROUP_PLAN,LOCAL,CORVONERO-CA-03-LOCAL-DORABOTKA-1S-COMMANDER-IMPORT-v2.6.1.xlsx,CORVONERO-CAMPAIGN-V2.6-FINAL-GROUP-PLAN-v1.json,CA-03-LOCAL::ca-03-modification::доработка модулей 1с,expected_and_present,CORVONERO-CA-03-LOCAL-DORABOTKA-1S-COMMANDER-IMPORT-v2.6.1.xlsx,54,370,
EXP-000390,CA-03-LOCAL,Корво Неро — Доработка и разработка 1С — Новосибирск и область — поиск,CA-03,LOCAL,ca-03-modification,Доработка и разработка 1С,доработка обмена через универсальный формат 1с,доработка обмена через универсальный формат 1с,DEPLOYABLE_GROUP_PLAN,LOCAL,CORVONERO-CA-03-LOCAL-DORABOTKA-1S-COMMANDER-IMPORT-v2.6.1.xlsx,CORVONERO-CAMPAIGN-V2.6-FINAL-GROUP-PLAN-v1.json,CA-03-LOCAL::ca-03-modification::доработка обмена через универсальный формат 1с,expected_and_present,CORVONERO-CA-03-LOCAL-DORABOTKA-1S-COMMANDER-IMPORT-v2.6.1.xlsx,55,360,
EXP-000391,CA-03-LOCAL,Корво Неро — Доработка и разработка 1С — Новосибирск и область — поиск,CA-03,LOCAL,ca-03-modification,Доработка и разработка 1С,доработка продуктов 1с,доработка продуктов 1с,DEPLOYABLE_GROUP_PLAN,LOCAL,CORVONERO-CA-03-LOCAL-DORABOTKA-1S-COMMANDER-IMPORT-v2.6.1.xlsx,CORVONERO-CAMPAIGN-V2.6-FINAL-GROUP-PLAN-v1.json,CA-03-LOCAL::ca-03-modification::доработка продуктов 1с,expected_and_present,CORVONERO-CA-03-LOCAL-DORABOTKA-1S-COMMANDER-IMPORT-v2.6.1.xlsx,56,350,
EXP-000392,CA-03-LOCAL,Корво Неро — Доработка и разработка 1С — Новосибирск и область — поиск,CA-03,LOCAL,ca-03-modification,Доработка и разработка 1С,доработка расширений 1с,доработка расширений 1с,DEPLOYABLE_GROUP_PLAN,LOCAL,CORVONERO-CA-03-LOCAL-DORABOTKA-1S-COMMANDER-IMPORT-v2.6.1.xlsx,CORVONERO-CAMPAIGN-V2.6-FINAL-GROUP-PLAN-v1.json,CA-03-LOCAL::ca-03-modification::доработка расширений 1с,expected_and_present,CORVONERO-CA-03-LOCAL-DORABOTKA-1S-COMMANDER-IMPORT-v2.6.1.xlsx,57,340,
EXP-000393,CA-03-LOCAL,Корво Неро — Доработка и разработка 1С — Новосибирск и область — поиск,CA-03,LOCAL,ca-03-modification,Доработка и разработка 1С,доработка сайта на 1с,доработка сайта на 1с,DEPLOYABLE_GROUP_PLAN,LOCAL,CORVONERO-CA-03-LOCAL-DORABOTKA-1S-COMMANDER-IMPORT-v2.6.1.xlsx,CORVONERO-CAMPAIGN-V2.6-FINAL-GROUP-PLAN-v1.json,CA-03-LOCAL::ca-03-modification::доработка сайта на 1с,expected_and_present,CORVONERO-CA-03-LOCAL-DORABOTKA-1S-COMMANDER-IMPORT-v2.6.1.xlsx,58,330,
EXP-000394,CA-03-LOCAL,Корво Неро — Доработка и разработка 1С — Новосибирск и область — поиск,CA-03,LOCAL,ca-03-modification,Доработка и разработка 1С,доработка типовой конфигурации 1с,доработка типовой конфигурации 1с,DEPLOYABLE_GROUP_PLAN,LOCAL,CORVONERO-CA-03-LOCAL-DORABOTKA-1S-COMMANDER-IMPORT-v2.6.1.xlsx,CORVONERO-CAMPAIGN-V2.6-FINAL-GROUP-PLAN-v1.json,CA-03-LOCAL::ca-03-modification::доработка типовой конфигурации 1с,expected_and_present,CORVONERO-CA-03-LOCAL-DORABOTKA-1S-COMMANDER-IMPORT-v2.6.1.xlsx,59,320,
EXP-000395,CA-03-LOCAL,Корво Неро — Доработка и разработка 1С — Новосибирск и область — поиск,CA-03,LOCAL,ca-03-modification,Доработка и разработка 1С,доработка функционала 1с,доработка функционала 1с,DEPLOYABLE_GROUP_PLAN,LOCAL,CORVONERO-CA-03-LOCAL-DORABOTKA-1S-COMMANDER-IMPORT-v2.6.1.xlsx,CORVONERO-CAMPAIGN-V2.6-FINAL-GROUP-PLAN-v1.json,CA-03-LOCAL::ca-03-modification::доработка функционала 1с,expected_and_present,CORVONERO-CA-03-LOCAL-DORABOTKA-1S-COMMANDER-IMPORT-v2.6.1.xlsx,60,310,
EXP-000396,CA-03-LOCAL,Корво Неро — Доработка и разработка 1С — Новосибирск и область — поиск,CA-03,LOCAL,ca-03-modification,Доработка и разработка 1С,доработка чека 1с,доработка чека 1с,DEPLOYABLE_GROUP_PLAN,LOCAL,CORVONERO-CA-03-LOCAL-DORABOTKA-1S-COMMANDER-IMPORT-v2.6.1.xlsx,CORVONERO-CAMPAIGN-V2.6-FINAL-GROUP-PLAN-v1.json,CA-03-LOCAL::ca-03-modification::доработка чека 1с,expected_and_present,CORVONERO-CA-03-LOCAL-DORABOTKA-1S-COMMANDER-IMPORT-v2.6.1.xlsx,61,400,
EXP-000397,CA-03-LOCAL,Корво Неро — Доработка и разработка 1С — Новосибирск и область — поиск,CA-03,LOCAL,ca-03-modification,Доработка и разработка 1С,доработки программы 1с,доработки программы 1с,DEPLOYABLE_GROUP_PLAN,LOCAL,CORVONERO-CA-03-LOCAL-DORABOTKA-1S-COMMANDER-IMPORT-v2.6.1.xlsx,CORVONERO-CAMPAIGN-V2.6-FINAL-GROUP-PLAN-v1.json,CA-03-LOCAL::ca-03-modification::доработки программы 1с,expected_and_present,CORVONERO-CA-03-LOCAL-DORABOTKA-1S-COMMANDER-IMPORT-v2.6.1.xlsx,62,390,
EXP-000398,CA-03-LOCAL,Корво Неро — Доработка и разработка 1С — Новосибирск и область — поиск,CA-03,LOCAL,ca-03-modification,Доработка и разработка 1С,настройка 1с доработка 1с,настройка 1с доработка 1с,DEPLOYABLE_GROUP_PLAN,LOCAL,CORVONERO-CA-03-LOCAL-DORABOTKA-1S-COMMANDER-IMPORT-v2.6.1.xlsx,CORVONERO-CAMPAIGN-V2.6-FINAL-GROUP-PLAN-v1.json,CA-03-LOCAL::ca-03-modification::настройка 1с доработка 1с,expected_and_present,CORVONERO-CA-03-LOCAL-DORABOTKA-1S-COMMANDER-IMPORT-v2.6.1.xlsx,63,380,
EXP-000399,CA-03-LOCAL,Корво Неро — Доработка и разработка 1С — Новосибирск и область — поиск,CA-03,LOCAL,ca-03-modification,Доработка и разработка 1С,обмен 1с доработка,обмен 1с доработка,DEPLOYABLE_GROUP_PLAN,LOCAL,CORVONERO-CA-03-LOCAL-DORABOTKA-1S-COMMANDER-IMPORT-v2.6.1.xlsx,CORVONERO-CAMPAIGN-V2.6-FINAL-GROUP-PLAN-v1.json,CA-03-LOCAL::ca-03-modification::обмен 1с доработка,expected_and_present,CORVONERO-CA-03-LOCAL-DORABOTKA-1S-COMMANDER-IMPORT-v2.6.1.xlsx,64,370,
EXP-000400,CA-03-LOCAL,Корво Неро — Доработка и разработка 1С — Новосибирск и область — поиск,CA-03,LOCAL,ca-03-modification,Доработка и разработка 1С,обновление конфигурации 1с с доработками,обновление конфигурации 1с с доработками,DEPLOYABLE_GROUP_PLAN,LOCAL,CORVONERO-CA-03-LOCAL-DORABOTKA-1S-COMMANDER-IMPORT-v2.6.1.xlsx,CORVONERO-CAMPAIGN-V2.6-FINAL-GROUP-PLAN-v1.json,CA-03-LOCAL::ca-03-modification::обновление конфигурации 1с с доработками,expected_and_present,CORVONERO-CA-03-LOCAL-DORABOTKA-1S-COMMANDER-IMPORT-v2.6.1.xlsx,65,360,
EXP-000401,CA-03-LOCAL,Корво Неро — Доработка и разработка 1С — Новосибирск и область — поиск,CA-03,LOCAL,ca-03-modification,Доработка и разработка 1С,поддержка и доработка 1с,поддержка и доработка 1с,DEPLOYABLE_GROUP_PLAN,LOCAL,CORVONERO-CA-03-LOCAL-DORABOTKA-1S-COMMANDER-IMPORT-v2.6.1.xlsx,CORVONERO-CAMPAIGN-V2.6-FINAL-GROUP-PLAN-v1.json,CA-03-LOCAL::ca-03-modification::поддержка и доработка 1с,expected_and_present,CORVONERO-CA-03-LOCAL-DORABOTKA-1S-COMMANDER-IMPORT-v2.6.1.xlsx,66,350,
EXP-000402,CA-03-LOCAL,Корво Неро — Доработка и разработка 1С — Новосибирск и область — поиск,CA-03,LOCAL,ca-03-modification,Доработка и разработка 1С,программист 1с доработка,программист 1с доработка,DEPLOYABLE_GROUP_PLAN,LOCAL,CORVONERO-CA-03-LOCAL-DORABOTKA-1S-COMMANDER-IMPORT-v2.6.1.xlsx,CORVONERO-CAMPAIGN-V2.6-FINAL-GROUP-PLAN-v1.json,CA-03-LOCAL::ca-03-modification::программист 1с доработка,expected_and_present,CORVONERO-CA-03-LOCAL-DORABOTKA-1S-COMMANDER-IMPORT-v2.6.1.xlsx,67,340,
EXP-000403,CA-03-LOCAL,Корво Неро — Доработка и разработка 1С — Новосибирск и область — поиск,CA-03,LOCAL,ca-03-modification,Доработка и разработка 1С,программист 1с разработка,программист 1с разработка,DEPLOYABLE_GROUP_PLAN,LOCAL,CORVONERO-CA-03-LOCAL-DORABOTKA-1S-COMMANDER-IMPORT-v2.6.1.xlsx,CORVONERO-CAMPAIGN-V2.6-FINAL-GROUP-PLAN-v1.json,CA-03-LOCAL::ca-03-modification::программист 1с разработка,expected_and_present,CORVONERO-CA-03-LOCAL-DORABOTKA-1S-COMMANDER-IMPORT-v2.6.1.xlsx,68,330,
EXP-000404,CA-03-LOCAL,Корво Неро — Доработка и разработка 1С — Новосибирск и область — поиск,CA-03,LOCAL,ca-03-modification,Доработка и разработка 1С,разработка доработка 1с,разработка доработка 1с,DEPLOYABLE_GROUP_PLAN,LOCAL,CORVONERO-CA-03-LOCAL-DORABOTKA-1S-COMMANDER-IMPORT-v2.6.1.xlsx,CORVONERO-CAMPAIGN-V2.6-FINAL-GROUP-PLAN-v1.json,CA-03-LOCAL::ca-03-modification::разработка доработка 1с,expected_and_present,CORVONERO-CA-03-LOCAL-DORABOTKA-1S-COMMANDER-IMPORT-v2.6.1.xlsx,69,320,
EXP-000405,CA-03-LOCAL,Корво Неро — Доработка и разработка 1С — Новосибирск и область — поиск,CA-03,LOCAL,ca-03-modification,Доработка и разработка 1С,сопровождение и доработка 1с,сопровождение и доработка 1с,DEPLOYABLE_GROUP_PLAN,LOCAL,CORVONERO-CA-03-LOCAL-DORABOTKA-1S-COMMANDER-IMPORT-v2.6.1.xlsx,CORVONERO-CAMPAIGN-V2.6-FINAL-GROUP-PLAN-v1.json,CA-03-LOCAL::ca-03-modification::сопровождение и доработка 1с,expected_and_present,CORVONERO-CA-03-LOCAL-DORABOTKA-1S-COMMANDER-IMPORT-v2.6.1.xlsx,70,310,
EXP-000406,CA-03-LOCAL,Корво Неро — Доработка и разработка 1С — Новосибирск и область — поиск,CA-03,LOCAL,ca-03-modification,Доработка и разработка 1С,услуги доработки 1с,услуги доработки 1с,DEPLOYABLE_GROUP_PLAN,LOCAL,CORVONERO-CA-03-LOCAL-DORABOTKA-1S-COMMANDER-IMPORT-v2.6.1.xlsx,CORVONERO-CAMPAIGN-V2.6-FINAL-GROUP-PLAN-v1.json,CA-03-LOCAL::ca-03-modification::услуги доработки 1с,expected_and_present,CORVONERO-CA-03-LOCAL-DORABOTKA-1S-COMMANDER-IMPORT-v2.6.1.xlsx,71,400,
EXP-000407,CA-03-REMOTE,Корво Неро — Доработка и разработка 1С — Россия без НСО — поиск,CA-03,REMOTE,ca-03-implementation,Доработка 1С — внедрение,внедрение и сопровождение 1с,внедрение и сопровождение 1с,DEPLOYABLE_GROUP_PLAN,REMOTE,CORVONERO-CA-03-REMOTE-DORABOTKA-1S-COMMANDER-IMPORT-v2.6.1.xlsx,CORVONERO-CAMPAIGN-V2.6-FINAL-GROUP-PLAN-v1.json,CA-03-REMOTE::ca-03-implementation::внедрение и сопровождение 1с,expected_and_present,CORVONERO-CA-03-REMOTE-DORABOTKA-1S-COMMANDER-IMPORT-v2.6.1.xlsx,17,400,
EXP-000408,CA-03-REMOTE,Корво Неро — Доработка и разработка 1С — Россия без НСО — поиск,CA-03,REMOTE,ca-03-implementation,Доработка 1С — внедрение,внедрение и сопровождение 1с предприятия,внедрение и сопровождение 1с предприятия,DEPLOYABLE_GROUP_PLAN,REMOTE,CORVONERO-CA-03-REMOTE-DORABOTKA-1S-COMMANDER-IMPORT-v2.6.1.xlsx,CORVONERO-CAMPAIGN-V2.6-FINAL-GROUP-PLAN-v1.json,CA-03-REMOTE::ca-03-implementation::внедрение и сопровождение 1с предприятия,expected_and_present,CORVONERO-CA-03-REMOTE-DORABOTKA-1S-COMMANDER-IMPORT-v2.6.1.xlsx,18,390,
EXP-000409,CA-03-REMOTE,Корво Неро — Доработка и разработка 1С — Россия без НСО — поиск,CA-03,REMOTE,ca-03-implementation,Доработка 1С — внедрение,внедрение и сопровождение продуктов 1с,внедрение и сопровождение продуктов 1с,DEPLOYABLE_GROUP_PLAN,REMOTE,CORVONERO-CA-03-REMOTE-DORABOTKA-1S-COMMANDER-IMPORT-v2.6.1.xlsx,CORVONERO-CAMPAIGN-V2.6-FINAL-GROUP-PLAN-v1.json,CA-03-REMOTE::ca-03-implementation::внедрение и сопровождение продуктов 1с,expected_and_present,CORVONERO-CA-03-REMOTE-DORABOTKA-1S-COMMANDER-IMPORT-v2.6.1.xlsx,19,380,
EXP-000410,CA-03-REMOTE,Корво Неро — Доработка и разработка 1С — Россия без НСО — поиск,CA-03,REMOTE,ca-03-mod-config,Доработка 1С — по конфигурациям,1с ерп доработка,1с ерп доработка,DEPLOYABLE_GROUP_PLAN,REMOTE,CORVONERO-CA-03-REMOTE-DORABOTKA-1S-COMMANDER-IMPORT-v2.6.1.xlsx,CORVONERO-CAMPAIGN-V2.6-FINAL-GROUP-PLAN-v1.json,CA-03-REMOTE::ca-03-mod-config::1с ерп доработка,expected_and_present,CORVONERO-CA-03-REMOTE-DORABOTKA-1S-COMMANDER-IMPORT-v2.6.1.xlsx,21,400,
EXP-000411,CA-03-REMOTE,Корво Неро — Доработка и разработка 1С — Россия без НСО — поиск,CA-03,REMOTE,ca-03-mod-config,Доработка 1С — по конфигурациям,доработка 1с торговля,доработка 1с торговля,DEPLOYABLE_GROUP_PLAN,REMOTE,CORVONERO-CA-03-REMOTE-DORABOTKA-1S-COMMANDER-IMPORT-v2.6.1.xlsx,CORVONERO-CAMPAIGN-V2.6-FINAL-GROUP-PLAN-v1.json,CA-03-REMOTE::ca-03-mod-config::доработка 1с торговля,expected_and_present,CORVONERO-CA-03-REMOTE-DORABOTKA-1S-COMMANDER-IMPORT-v2.6.1.xlsx,22,390,
EXP-000412,CA-03-REMOTE,Корво Неро — Доработка и разработка 1С — Россия без НСО — поиск,CA-03,REMOTE,ca-03-mod-config,Доработка 1С — по конфигурациям,доработка 1с унф,доработка 1с унф,DEPLOYABLE_GROUP_PLAN,REMOTE,CORVONERO-CA-03-REMOTE-DORABOTKA-1S-COMMANDER-IMPORT-v2.6.1.xlsx,CORVONERO-CAMPAIGN-V2.6-FINAL-GROUP-PLAN-v1.json,CA-03-REMOTE::ca-03-mod-config::доработка 1с унф,expected_and_present,CORVONERO-CA-03-REMOTE-DORABOTKA-1S-COMMANDER-IMPORT-v2.6.1.xlsx,23,380,
EXP-000413,CA-03-REMOTE,Корво Неро — Доработка и разработка 1С — Россия без НСО — поиск,CA-03,REMOTE,ca-03-mod-config,Доработка 1С — по конфигурациям,доработка 1с ут,доработка 1с ут,DEPLOYABLE_GROUP_PLAN,REMOTE,CORVONERO-CA-03-REMOTE-DORABOTKA-1S-COMMANDER-IMPORT-v2.6.1.xlsx,CORVONERO-CAMPAIGN-V2.6-FINAL-GROUP-PLAN-v1.json,CA-03-REMOTE::ca-03-mod-config::доработка 1с ут,expected_and_present,CORVONERO-CA-03-REMOTE-DORABOTKA-1S-COMMANDER-IMPORT-v2.6.1.xlsx,24,370,
EXP-000414,CA-03-REMOTE,Корво Неро — Доработка и разработка 1С — Россия без НСО — поиск,CA-03,REMOTE,ca-03-mod-config,Доработка 1С — по конфигурациям,доработки 1с erp,доработки 1с erp,DEPLOYABLE_GROUP_PLAN,REMOTE,CORVONERO-CA-03-REMOTE-DORABOTKA-1S-COMMANDER-IMPORT-v2.6.1.xlsx,CORVONERO-CAMPAIGN-V2.6-FINAL-GROUP-PLAN-v1.json,CA-03-REMOTE::ca-03-mod-config::доработки 1с erp,expected_and_present,CORVONERO-CA-03-REMOTE-DORABOTKA-1S-COMMANDER-IMPORT-v2.6.1.xlsx,25,360,
EXP-000415,CA-03-REMOTE,Корво Неро — Доработка и разработка 1С — Россия без НСО — поиск,CA-03,REMOTE,ca-03-mod-config,Доработка 1С — по конфигурациям,доработки 1с бухгалтерии,доработки 1с бухгалтерии,DEPLOYABLE_GROUP_PLAN,REMOTE,CORVONERO-CA-03-REMOTE-DORABOTKA-1S-COMMANDER-IMPORT-v2.6.1.xlsx,CORVONERO-CAMPAIGN-V2.6-FINAL-GROUP-PLAN-v1.json,CA-03-REMOTE::ca-03-mod-config::доработки 1с бухгалтерии,expected_and_present,CORVONERO-CA-03-REMOTE-DORABOTKA-1S-COMMANDER-IMPORT-v2.6.1.xlsx,26,350,
EXP-000416,CA-03-REMOTE,Корво Неро — Доработка и разработка 1С — Россия без НСО — поиск,CA-03,REMOTE,ca-03-mod-config,Доработка 1С — по конфигурациям,доработки 1с документооборот,доработки 1с документооборот,DEPLOYABLE_GROUP_PLAN,REMOTE,CORVONERO-CA-03-REMOTE-DORABOTKA-1S-COMMANDER-IMPORT-v2.6.1.xlsx,CORVONERO-CAMPAIGN-V2.6-FINAL-GROUP-PLAN-v1.json,CA-03-REMOTE::ca-03-mod-config::доработки 1с документооборот,expected_and_present,CORVONERO-CA-03-REMOTE-DORABOTKA-1S-COMMANDER-IMPORT-v2.6.1.xlsx,27,340,
EXP-000417,CA-03-REMOTE,Корво Неро — Доработка и разработка 1С — Россия без НСО — поиск,CA-03,REMOTE,ca-03-mod-config,Доработка 1С — по конфигурациям,доработки 1с зуп,доработки 1с зуп,DEPLOYABLE_GROUP_PLAN,REMOTE,CORVONERO-CA-03-REMOTE-DORABOTKA-1S-COMMANDER-IMPORT-v2.6.1.xlsx,CORVONERO-CAMPAIGN-V2.6-FINAL-GROUP-PLAN-v1.json,CA-03-REMOTE::ca-03-mod-config::доработки 1с зуп,expected_and_present,CORVONERO-CA-03-REMOTE-DORABOTKA-1S-COMMANDER-IMPORT-v2.6.1.xlsx,28,330,
EXP-000418,CA-03-REMOTE,Корво Неро — Доработка и разработка 1С — Россия без НСО — поиск,CA-03,REMOTE,ca-03-mod-config,Доработка 1С — по конфигурациям,доработки 1с управление торговлей,доработки 1с управление торговлей,DEPLOYABLE_GROUP_PLAN,REMOTE,CORVONERO-CA-03-REMOTE-DORABOTKA-1S-COMMANDER-IMPORT-v2.6.1.xlsx,CORVONERO-CAMPAIGN-V2.6-FINAL-GROUP-PLAN-v1.json,CA-03-REMOTE::ca-03-mod-config::доработки 1с управление торговлей,expected_and_present,CORVONERO-CA-03-REMOTE-DORABOTKA-1S-COMMANDER-IMPORT-v2.6.1.xlsx,29,320,
EXP-000419,CA-03-REMOTE,Корво Неро — Доработка и разработка 1С — Россия без НСО — поиск,CA-03,REMOTE,ca-03-modification,Доработка и разработка 1С,1с бп доработка,1с бп доработка,DEPLOYABLE_GROUP_PLAN,REMOTE,CORVONERO-CA-03-REMOTE-DORABOTKA-1S-COMMANDER-IMPORT-v2.6.1.xlsx,CORVONERO-CAMPAIGN-V2.6-FINAL-GROUP-PLAN-v1.json,CA-03-REMOTE::ca-03-modification::1с бп доработка,expected_and_present,CORVONERO-CA-03-REMOTE-DORABOTKA-1S-COMMANDER-IMPORT-v2.6.1.xlsx,31,400,
EXP-000420,CA-03-REMOTE,Корво Неро — Доработка и разработка 1С — Россия без НСО — поиск,CA-03,REMOTE,ca-03-modification,Доработка и разработка 1С,1с диадок доработка,1с диадок доработка,DEPLOYABLE_GROUP_PLAN,REMOTE,CORVONERO-CA-03-REMOTE-DORABOTKA-1S-COMMANDER-IMPORT-v2.6.1.xlsx,CORVONERO-CAMPAIGN-V2.6-FINAL-GROUP-PLAN-v1.json,CA-03-REMOTE::ca-03-modification::1с диадок доработка,expected_and_present,CORVONERO-CA-03-REMOTE-DORABOTKA-1S-COMMANDER-IMPORT-v2.6.1.xlsx,32,390,
EXP-000421,CA-03-REMOTE,Корво Неро — Доработка и разработка 1С — Россия без НСО — поиск,CA-03,REMOTE,ca-03-modification,Доработка и разработка 1С,1с доработка планов обмена,1с доработка планов обмена,DEPLOYABLE_GROUP_PLAN,REMOTE,CORVONERO-CA-03-REMOTE-DORABOTKA-1S-COMMANDER-IMPORT-v2.6.1.xlsx,CORVONERO-CAMPAIGN-V2.6-FINAL-GROUP-PLAN-v1.json,CA-03-REMOTE::ca-03-modification::1с доработка планов обмена,expected_and_present,CORVONERO-CA-03-REMOTE-DORABOTKA-1S-COMMANDER-IMPORT-v2.6.1.xlsx,33,380,
EXP-000422,CA-03-REMOTE,Корво Неро — Доработка и разработка 1С — Россия без НСО — поиск,CA-03,REMOTE,ca-03-modification,Доработка и разработка 1С,1с доработка программного обеспечения,1с доработка программного обеспечения,DEPLOYABLE_GROUP_PLAN,REMOTE,CORVONERO-CA-03-REMOTE-DORABOTKA-1S-COMMANDER-IMPORT-v2.6.1.xlsx,CORVONERO-CAMPAIGN-V2.6-FINAL-GROUP-PLAN-v1.json,CA-03-REMOTE::ca-03-modification::1с доработка программного обеспечения,expected_and_present,CORVONERO-CA-03-REMOTE-DORABOTKA-1S-COMMANDER-IMPORT-v2.6.1.xlsx,34,370,
EXP-000423,CA-03-REMOTE,Корво Неро — Доработка и разработка 1С — Россия без НСО — поиск,CA-03,REMOTE,ca-03-modification,Доработка и разработка 1С,1с доработка цены,1с доработка цены,DEPLOYABLE_GROUP_PLAN,REMOTE,CORVONERO-CA-03-REMOTE-DORABOTKA-1S-COMMANDER-IMPORT-v2.6.1.xlsx,CORVONERO-CAMPAIGN-V2.6-FINAL-GROUP-PLAN-v1.json,CA-03-REMOTE::ca-03-modification::1с доработка цены,expected_and_present,CORVONERO-CA-03-REMOTE-DORABOTKA-1S-COMMANDER-IMPORT-v2.6.1.xlsx,35,360,
EXP-000424,CA-03-REMOTE,Корво Неро — Доработка и разработка 1С — Россия без НСО — поиск,CA-03,REMOTE,ca-03-modification,Доработка и разработка 1С,1с доработка через расширения,1с доработка через расширения,DEPLOYABLE_GROUP_PLAN,REMOTE,CORVONERO-CA-03-REMOTE-DORABOTKA-1S-COMMANDER-IMPORT-v2.6.1.xlsx,CORVONERO-CAMPAIGN-V2.6-FINAL-GROUP-PLAN-v1.json,CA-03-REMOTE::ca-03-modification::1с доработка через расширения,expected_and_present,CORVONERO-CA-03-REMOTE-DORABOTKA-1S-COMMANDER-IMPORT-v2.6.1.xlsx,36,350,
EXP-000425,CA-03-REMOTE,Корво Неро — Доработка и разработка 1С — Россия без НСО — поиск,CA-03,REMOTE,ca-03-modification,Доработка и разработка 1С,1с доработки липецк,1с доработки липецк,DEPLOYABLE_GROUP_PLAN,REMOTE,CORVONERO-CA-03-REMOTE-DORABOTKA-1S-COMMANDER-IMPORT-v2.6.1.xlsx,CORVONERO-CAMPAIGN-V2.6-FINAL-GROUP-PLAN-v1.json,CA-03-REMOTE::ca-03-modification::1с доработки липецк,expected_and_present,CORVONERO-CA-03-REMOTE-DORABOTKA-1S-COMMANDER-IMPORT-v2.6.1.xlsx,37,340,
EXP-000426,CA-03-REMOTE,Корво Неро — Доработка и разработка 1С — Россия без НСО — поиск,CA-03,REMOTE,ca-03-modification,Доработка и разработка 1С,1с заказы доработка,1с заказы доработка,DEPLOYABLE_GROUP_PLAN,REMOTE,CORVONERO-CA-03-REMOTE-DORABOTKA-1S-COMMANDER-IMPORT-v2.6.1.xlsx,CORVONERO-CAMPAIGN-V2.6-FINAL-GROUP-PLAN-v1.json,CA-03-REMOTE::ca-03-modification::1с заказы доработка,expected_and_present,CORVONERO-CA-03-REMOTE-DORABOTKA-1S-COMMANDER-IMPORT-v2.6.1.xlsx,38,330,
EXP-000427,CA-03-REMOTE,Корво Неро — Доработка и разработка 1С — Россия без НСО — поиск,CA-03,REMOTE,ca-03-modification,Доработка и разработка 1С,1с кабинет сотрудника доработка,1с кабинет сотрудника доработка,DEPLOYABLE_GROUP_PLAN,REMOTE,CORVONERO-CA-03-REMOTE-DORABOTKA-1S-COMMANDER-IMPORT-v2.6.1.xlsx,CORVONERO-CAMPAIGN-V2.6-FINAL-GROUP-PLAN-v1.json,CA-03-REMOTE::ca-03-modification::1с кабинет сотрудника доработка,expected_and_present,CORVONERO-CA-03-REMOTE-DORABOTKA-1S-COMMANDER-IMPORT-v2.6.1.xlsx,39,320,
EXP-000428,CA-03-REMOTE,Корво Неро — Доработка и разработка 1С — Россия без НСО — поиск,CA-03,REMOTE,ca-03-modification,Доработка и разработка 1С,1с сопровождение разработка,1с сопровождение разработка,DEPLOYABLE_GROUP_PLAN,REMOTE,CORVONERO-CA-03-REMOTE-DORABOTKA-1S-COMMANDER-IMPORT-v2.6.1.xlsx,CORVONERO-CAMPAIGN-V2.6-FINAL-GROUP-PLAN-v1.json,CA-03-REMOTE::ca-03-modification::1с сопровождение разработка,expected_and_present,CORVONERO-CA-03-REMOTE-DORABOTKA-1S-COMMANDER-IMPORT-v2.6.1.xlsx,40,310,
EXP-000429,CA-03-REMOTE,Корво Неро — Доработка и разработка 1С — Россия без НСО — поиск,CA-03,REMOTE,ca-03-modification,Доработка и разработка 1С,1с фреш доработки,1с фреш доработки,DEPLOYABLE_GROUP_PLAN,REMOTE,CORVONERO-CA-03-REMOTE-DORABOTKA-1S-COMMANDER-IMPORT-v2.6.1.xlsx,CORVONERO-CAMPAIGN-V2.6-FINAL-GROUP-PLAN-v1.json,CA-03-REMOTE::ca-03-modification::1с фреш доработки,expected_and_present,CORVONERO-CA-03-REMOTE-DORABOTKA-1S-COMMANDER-IMPORT-v2.6.1.xlsx,41,400,
EXP-000430,CA-03-REMOTE,Корво Неро — Доработка и разработка 1С — Россия без НСО — поиск,CA-03,REMOTE,ca-03-modification,Доработка и разработка 1С,1с эдо доработка,1с эдо доработка,DEPLOYABLE_GROUP_PLAN,REMOTE,CORVONERO-CA-03-REMOTE-DORABOTKA-1S-COMMANDER-IMPORT-v2.6.1.xlsx,CORVONERO-CAMPAIGN-V2.6-FINAL-GROUP-PLAN-v1.json,CA-03-REMOTE::ca-03-modification::1с эдо доработка,expected_and_present,CORVONERO-CA-03-REMOTE-DORABOTKA-1S-COMMANDER-IMPORT-v2.6.1.xlsx,42,390,
EXP-000431,CA-03-REMOTE,Корво Неро — Доработка и разработка 1С — Россия без НСО — поиск,CA-03,REMOTE,ca-03-modification,Доработка и разработка 1С,доработка 1с,доработка 1с,DEPLOYABLE_GROUP_PLAN,REMOTE,CORVONERO-CA-03-REMOTE-DORABOTKA-1S-COMMANDER-IMPORT-v2.6.1.xlsx,CORVONERO-CAMPAIGN-V2.6-FINAL-GROUP-PLAN-v1.json,CA-03-REMOTE::ca-03-modification::доработка 1с,expected_and_present,CORVONERO-CA-03-REMOTE-DORABOTKA-1S-COMMANDER-IMPORT-v2.6.1.xlsx,43,380,
EXP-000432,CA-03-REMOTE,Корво Неро — Доработка и разработка 1С — Россия без НСО — поиск,CA-03,REMOTE,ca-03-modification,Доработка и разработка 1С,доработка 1с 8,доработка 1с 8,DEPLOYABLE_GROUP_PLAN,REMOTE,CORVONERO-CA-03-REMOTE-DORABOTKA-1S-COMMANDER-IMPORT-v2.6.1.xlsx,CORVONERO-CAMPAIGN-V2.6-FINAL-GROUP-PLAN-v1.json,CA-03-REMOTE::ca-03-modification::доработка 1с 8,expected_and_present,CORVONERO-CA-03-REMOTE-DORABOTKA-1S-COMMANDER-IMPORT-v2.6.1.xlsx,44,370,
EXP-000433,CA-03-REMOTE,Корво Неро — Доработка и разработка 1С — Россия без НСО — поиск,CA-03,REMOTE,ca-03-modification,Доработка и разработка 1С,доработка 1с 8.3,доработка 1с 8.3,DEPLOYABLE_GROUP_PLAN,REMOTE,CORVONERO-CA-03-REMOTE-DORABOTKA-1S-COMMANDER-IMPORT-v2.6.1.xlsx,CORVONERO-CAMPAIGN-V2.6-FINAL-GROUP-PLAN-v1.json,CA-03-REMOTE::ca-03-modification::доработка 1с 8.3,expected_and_present,CORVONERO-CA-03-REMOTE-DORABOTKA-1S-COMMANDER-IMPORT-v2.6.1.xlsx,45,360,
EXP-000434,CA-03-REMOTE,Корво Неро — Доработка и разработка 1С — Россия без НСО — поиск,CA-03,REMOTE,ca-03-modification,Доработка и разработка 1С,доработка 1с бухгалтерский учет,доработка 1с бухгалтерский учет,DEPLOYABLE_GROUP_PLAN,REMOTE,CORVONERO-CA-03-REMOTE-DORABOTKA-1S-COMMANDER-IMPORT-v2.6.1.xlsx,CORVONERO-CAMPAIGN-V2.6-FINAL-GROUP-PLAN-v1.json,CA-03-REMOTE::ca-03-modification::доработка 1с бухгалтерский учет,expected_and_present,CORVONERO-CA-03-REMOTE-DORABOTKA-1S-COMMANDER-IMPORT-v2.6.1.xlsx,46,350,
EXP-000435,CA-03-REMOTE,Корво Неро — Доработка и разработка 1С — Россия без НСО — поиск,CA-03,REMOTE,ca-03-modification,Доработка и разработка 1С,доработка 1с нма,доработка 1с нма,DEPLOYABLE_GROUP_PLAN,REMOTE,CORVONERO-CA-03-REMOTE-DORABOTKA-1S-COMMANDER-IMPORT-v2.6.1.xlsx,CORVONERO-CAMPAIGN-V2.6-FINAL-GROUP-PLAN-v1.json,CA-03-REMOTE::ca-03-modification::доработка 1с нма,expected_and_present,CORVONERO-CA-03-REMOTE-DORABOTKA-1S-COMMANDER-IMPORT-v2.6.1.xlsx,47,340,
EXP-000436,CA-03-REMOTE,Корво Неро — Доработка и разработка 1С — Россия без НСО — поиск,CA-03,REMOTE,ca-03-modification,Доработка и разработка 1С,доработка 1с предприятия,доработка 1с предприятия,DEPLOYABLE_GROUP_PLAN,REMOTE,CORVONERO-CA-03-REMOTE-DORABOTKA-1S-COMMANDER-IMPORT-v2.6.1.xlsx,CORVONERO-CAMPAIGN-V2.6-FINAL-GROUP-PLAN-v1.json,CA-03-REMOTE::ca-03-modification::доработка 1с предприятия,expected_and_present,CORVONERO-CA-03-REMOTE-DORABOTKA-1S-COMMANDER-IMPORT-v2.6.1.xlsx,48,330,
EXP-000437,CA-03-REMOTE,Корво Неро — Доработка и разработка 1С — Россия без НСО — поиск,CA-03,REMOTE,ca-03-modification,Доработка и разработка 1С,доработка 1с системы,доработка 1с системы,DEPLOYABLE_GROUP_PLAN,REMOTE,CORVONERO-CA-03-REMOTE-DORABOTKA-1S-COMMANDER-IMPORT-v2.6.1.xlsx,CORVONERO-CAMPAIGN-V2.6-FINAL-GROUP-PLAN-v1.json,CA-03-REMOTE::ca-03-modification::доработка 1с системы,expected_and_present,CORVONERO-CA-03-REMOTE-DORABOTKA-1S-COMMANDER-IMPORT-v2.6.1.xlsx,49,320,
EXP-000438,CA-03-REMOTE,Корво Неро — Доработка и разработка 1С — Россия без НСО — поиск,CA-03,REMOTE,ca-03-modification,Доработка и разработка 1С,доработка 1с стоимость,доработка 1с стоимость,DEPLOYABLE_GROUP_PLAN,REMOTE,CORVONERO-CA-03-REMOTE-DORABOTKA-1S-COMMANDER-IMPORT-v2.6.1.xlsx,CORVONERO-CAMPAIGN-V2.6-FINAL-GROUP-PLAN-v1.json,CA-03-REMOTE::ca-03-modification::доработка 1с стоимость,expected_and_present,CORVONERO-CA-03-REMOTE-DORABOTKA-1S-COMMANDER-IMPORT-v2.6.1.xlsx,50,310,
EXP-000439,CA-03-REMOTE,Корво Неро — Доработка и разработка 1С — Россия без НСО — поиск,CA-03,REMOTE,ca-03-modification,Доработка и разработка 1С,доработка базы 1с,доработка базы 1с,DEPLOYABLE_GROUP_PLAN,REMOTE,CORVONERO-CA-03-REMOTE-DORABOTKA-1S-COMMANDER-IMPORT-v2.6.1.xlsx,CORVONERO-CAMPAIGN-V2.6-FINAL-GROUP-PLAN-v1.json,CA-03-REMOTE::ca-03-modification::доработка базы 1с,expected_and_present,CORVONERO-CA-03-REMOTE-DORABOTKA-1S-COMMANDER-IMPORT-v2.6.1.xlsx,51,400,
EXP-000440,CA-03-REMOTE,Корво Неро — Доработка и разработка 1С — Россия без НСО — поиск,CA-03,REMOTE,ca-03-modification,Доработка и разработка 1С,доработка внедрение 1с,доработка внедрение 1с,DEPLOYABLE_GROUP_PLAN,REMOTE,CORVONERO-CA-03-REMOTE-DORABOTKA-1S-COMMANDER-IMPORT-v2.6.1.xlsx,CORVONERO-CAMPAIGN-V2.6-FINAL-GROUP-PLAN-v1.json,CA-03-REMOTE::ca-03-modification::доработка внедрение 1с,expected_and_present,CORVONERO-CA-03-REMOTE-DORABOTKA-1S-COMMANDER-IMPORT-v2.6.1.xlsx,52,390,
EXP-000441,CA-03-REMOTE,Корво Неро — Доработка и разработка 1С — Россия без НСО — поиск,CA-03,REMOTE,ca-03-modification,Доработка и разработка 1С,доработка документа через бсп 1с,доработка документа через бсп 1с,DEPLOYABLE_GROUP_PLAN,REMOTE,CORVONERO-CA-03-REMOTE-DORABOTKA-1S-COMMANDER-IMPORT-v2.6.1.xlsx,CORVONERO-CAMPAIGN-V2.6-FINAL-GROUP-PLAN-v1.json,CA-03-REMOTE::ca-03-modification::доработка документа через бсп 1с,expected_and_present,CORVONERO-CA-03-REMOTE-DORABOTKA-1S-COMMANDER-IMPORT-v2.6.1.xlsx,53,380,
EXP-000442,CA-03-REMOTE,Корво Неро — Доработка и разработка 1С — Россия без НСО — поиск,CA-03,REMOTE,ca-03-modification,Доработка и разработка 1С,доработка конфигурации 1с,доработка конфигурации 1с,DEPLOYABLE_GROUP_PLAN,REMOTE,CORVONERO-CA-03-REMOTE-DORABOTKA-1S-COMMANDER-IMPORT-v2.6.1.xlsx,CORVONERO-CAMPAIGN-V2.6-FINAL-GROUP-PLAN-v1.json,CA-03-REMOTE::ca-03-modification::доработка конфигурации 1с,expected_and_present,CORVONERO-CA-03-REMOTE-DORABOTKA-1S-COMMANDER-IMPORT-v2.6.1.xlsx,54,370,
EXP-000443,CA-03-REMOTE,Корво Неро — Доработка и разработка 1С — Россия без НСО — поиск,CA-03,REMOTE,ca-03-modification,Доработка и разработка 1С,доработка модулей 1с,доработка модулей 1с,DEPLOYABLE_GROUP_PLAN,REMOTE,CORVONERO-CA-03-REMOTE-DORABOTKA-1S-COMMANDER-IMPORT-v2.6.1.xlsx,CORVONERO-CAMPAIGN-V2.6-FINAL-GROUP-PLAN-v1.json,CA-03-REMOTE::ca-03-modification::доработка модулей 1с,expected_and_present,CORVONERO-CA-03-REMOTE-DORABOTKA-1S-COMMANDER-IMPORT-v2.6.1.xlsx,55,360,
EXP-000444,CA-03-REMOTE,Корво Неро — Доработка и разработка 1С — Россия без НСО — поиск,CA-03,REMOTE,ca-03-modification,Доработка и разработка 1С,доработка обмена через универсальный формат 1с,доработка обмена через универсальный формат 1с,DEPLOYABLE_GROUP_PLAN,REMOTE,CORVONERO-CA-03-REMOTE-DORABOTKA-1S-COMMANDER-IMPORT-v2.6.1.xlsx,CORVONERO-CAMPAIGN-V2.6-FINAL-GROUP-PLAN-v1.json,CA-03-REMOTE::ca-03-modification::доработка обмена через универсальный формат 1с,expected_and_present,CORVONERO-CA-03-REMOTE-DORABOTKA-1S-COMMANDER-IMPORT-v2.6.1.xlsx,56,350,
EXP-000445,CA-03-REMOTE,Корво Неро — Доработка и разработка 1С — Россия без НСО — поиск,CA-03,REMOTE,ca-03-modification,Доработка и разработка 1С,доработка продуктов 1с,доработка продуктов 1с,DEPLOYABLE_GROUP_PLAN,REMOTE,CORVONERO-CA-03-REMOTE-DORABOTKA-1S-COMMANDER-IMPORT-v2.6.1.xlsx,CORVONERO-CAMPAIGN-V2.6-FINAL-GROUP-PLAN-v1.json,CA-03-REMOTE::ca-03-modification::доработка продуктов 1с,expected_and_present,CORVONERO-CA-03-REMOTE-DORABOTKA-1S-COMMANDER-IMPORT-v2.6.1.xlsx,57,340,
EXP-000446,CA-03-REMOTE,Корво Неро — Доработка и разработка 1С — Россия без НСО — поиск,CA-03,REMOTE,ca-03-modification,Доработка и разработка 1С,доработка расширений 1с,доработка расширений 1с,DEPLOYABLE_GROUP_PLAN,REMOTE,CORVONERO-CA-03-REMOTE-DORABOTKA-1S-COMMANDER-IMPORT-v2.6.1.xlsx,CORVONERO-CAMPAIGN-V2.6-FINAL-GROUP-PLAN-v1.json,CA-03-REMOTE::ca-03-modification::доработка расширений 1с,expected_and_present,CORVONERO-CA-03-REMOTE-DORABOTKA-1S-COMMANDER-IMPORT-v2.6.1.xlsx,58,330,
EXP-000447,CA-03-REMOTE,Корво Неро — Доработка и разработка 1С — Россия без НСО — поиск,CA-03,REMOTE,ca-03-modification,Доработка и разработка 1С,доработка сайта на 1с,доработка сайта на 1с,DEPLOYABLE_GROUP_PLAN,REMOTE,CORVONERO-CA-03-REMOTE-DORABOTKA-1S-COMMANDER-IMPORT-v2.6.1.xlsx,CORVONERO-CAMPAIGN-V2.6-FINAL-GROUP-PLAN-v1.json,CA-03-REMOTE::ca-03-modification::доработка сайта на 1с,expected_and_present,CORVONERO-CA-03-REMOTE-DORABOTKA-1S-COMMANDER-IMPORT-v2.6.1.xlsx,59,320,
EXP-000448,CA-03-REMOTE,Корво Неро — Доработка и разработка 1С — Россия без НСО — поиск,CA-03,REMOTE,ca-03-modification,Доработка и разработка 1С,доработка типовой конфигурации 1с,доработка типовой конфигурации 1с,DEPLOYABLE_GROUP_PLAN,REMOTE,CORVONERO-CA-03-REMOTE-DORABOTKA-1S-COMMANDER-IMPORT-v2.6.1.xlsx,CORVONERO-CAMPAIGN-V2.6-FINAL-GROUP-PLAN-v1.json,CA-03-REMOTE::ca-03-modification::доработка типовой конфигурации 1с,expected_and_present,CORVONERO-CA-03-REMOTE-DORABOTKA-1S-COMMANDER-IMPORT-v2.6.1.xlsx,60,310,
EXP-000449,CA-03-REMOTE,Корво Неро — Доработка и разработка 1С — Россия без НСО — поиск,CA-03,REMOTE,ca-03-modification,Доработка и разработка 1С,доработка функционала 1с,доработка функционала 1с,DEPLOYABLE_GROUP_PLAN,REMOTE,CORVONERO-CA-03-REMOTE-DORABOTKA-1S-COMMANDER-IMPORT-v2.6.1.xlsx,CORVONERO-CAMPAIGN-V2.6-FINAL-GROUP-PLAN-v1.json,CA-03-REMOTE::ca-03-modification::доработка функционала 1с,expected_and_present,CORVONERO-CA-03-REMOTE-DORABOTKA-1S-COMMANDER-IMPORT-v2.6.1.xlsx,61,400,
EXP-000450,CA-03-REMOTE,Корво Неро — Доработка и разработка 1С — Россия без НСО — поиск,CA-03,REMOTE,ca-03-modification,Доработка и разработка 1С,доработка чека 1с,доработка чека 1с,DEPLOYABLE_GROUP_PLAN,REMOTE,CORVONERO-CA-03-REMOTE-DORABOTKA-1S-COMMANDER-IMPORT-v2.6.1.xlsx,CORVONERO-CAMPAIGN-V2.6-FINAL-GROUP-PLAN-v1.json,CA-03-REMOTE::ca-03-modification::доработка чека 1с,expected_and_present,CORVONERO-CA-03-REMOTE-DORABOTKA-1S-COMMANDER-IMPORT-v2.6.1.xlsx,62,390,
EXP-000451,CA-03-REMOTE,Корво Неро — Доработка и разработка 1С — Россия без НСО — поиск,CA-03,REMOTE,ca-03-modification,Доработка и разработка 1С,доработки программы 1с,доработки программы 1с,DEPLOYABLE_GROUP_PLAN,REMOTE,CORVONERO-CA-03-REMOTE-DORABOTKA-1S-COMMANDER-IMPORT-v2.6.1.xlsx,CORVONERO-CAMPAIGN-V2.6-FINAL-GROUP-PLAN-v1.json,CA-03-REMOTE::ca-03-modification::доработки программы 1с,expected_and_present,CORVONERO-CA-03-REMOTE-DORABOTKA-1S-COMMANDER-IMPORT-v2.6.1.xlsx,63,380,
EXP-000452,CA-03-REMOTE,Корво Неро — Доработка и разработка 1С — Россия без НСО — поиск,CA-03,REMOTE,ca-03-modification,Доработка и разработка 1С,настройка 1с доработка 1с,настройка 1с доработка 1с,DEPLOYABLE_GROUP_PLAN,REMOTE,CORVONERO-CA-03-REMOTE-DORABOTKA-1S-COMMANDER-IMPORT-v2.6.1.xlsx,CORVONERO-CAMPAIGN-V2.6-FINAL-GROUP-PLAN-v1.json,CA-03-REMOTE::ca-03-modification::настройка 1с доработка 1с,expected_and_present,CORVONERO-CA-03-REMOTE-DORABOTKA-1S-COMMANDER-IMPORT-v2.6.1.xlsx,64,370,
EXP-000453,CA-03-REMOTE,Корво Неро — Доработка и разработка 1С — Россия без НСО — поиск,CA-03,REMOTE,ca-03-modification,Доработка и разработка 1С,обмен 1с доработка,обмен 1с доработка,DEPLOYABLE_GROUP_PLAN,REMOTE,CORVONERO-CA-03-REMOTE-DORABOTKA-1S-COMMANDER-IMPORT-v2.6.1.xlsx,CORVONERO-CAMPAIGN-V2.6-FINAL-GROUP-PLAN-v1.json,CA-03-REMOTE::ca-03-modification::обмен 1с доработка,expected_and_present,CORVONERO-CA-03-REMOTE-DORABOTKA-1S-COMMANDER-IMPORT-v2.6.1.xlsx,65,360,
EXP-000454,CA-03-REMOTE,Корво Неро — Доработка и разработка 1С — Россия без НСО — поиск,CA-03,REMOTE,ca-03-modification,Доработка и разработка 1С,обновление конфигурации 1с с доработками,обновление конфигурации 1с с доработками,DEPLOYABLE_GROUP_PLAN,REMOTE,CORVONERO-CA-03-REMOTE-DORABOTKA-1S-COMMANDER-IMPORT-v2.6.1.xlsx,CORVONERO-CAMPAIGN-V2.6-FINAL-GROUP-PLAN-v1.json,CA-03-REMOTE::ca-03-modification::обновление конфигурации 1с с доработками,expected_and_present,CORVONERO-CA-03-REMOTE-DORABOTKA-1S-COMMANDER-IMPORT-v2.6.1.xlsx,66,350,
EXP-000455,CA-03-REMOTE,Корво Неро — Доработка и разработка 1С — Россия без НСО — поиск,CA-03,REMOTE,ca-03-modification,Доработка и разработка 1С,поддержка и доработка 1с,поддержка и доработка 1с,DEPLOYABLE_GROUP_PLAN,REMOTE,CORVONERO-CA-03-REMOTE-DORABOTKA-1S-COMMANDER-IMPORT-v2.6.1.xlsx,CORVONERO-CAMPAIGN-V2.6-FINAL-GROUP-PLAN-v1.json,CA-03-REMOTE::ca-03-modification::поддержка и доработка 1с,expected_and_present,CORVONERO-CA-03-REMOTE-DORABOTKA-1S-COMMANDER-IMPORT-v2.6.1.xlsx,67,340,
EXP-000456,CA-03-REMOTE,Корво Неро — Доработка и разработка 1С — Россия без НСО — поиск,CA-03,REMOTE,ca-03-modification,Доработка и разработка 1С,программист 1с доработка,программист 1с доработка,DEPLOYABLE_GROUP_PLAN,REMOTE,CORVONERO-CA-03-REMOTE-DORABOTKA-1S-COMMANDER-IMPORT-v2.6.1.xlsx,CORVONERO-CAMPAIGN-V2.6-FINAL-GROUP-PLAN-v1.json,CA-03-REMOTE::ca-03-modification::программист 1с доработка,expected_and_present,CORVONERO-CA-03-REMOTE-DORABOTKA-1S-COMMANDER-IMPORT-v2.6.1.xlsx,68,330,
EXP-000457,CA-03-REMOTE,Корво Неро — Доработка и разработка 1С — Россия без НСО — поиск,CA-03,REMOTE,ca-03-modification,Доработка и разработка 1С,программист 1с разработка,программист 1с разработка,DEPLOYABLE_GROUP_PLAN,REMOTE,CORVONERO-CA-03-REMOTE-DORABOTKA-1S-COMMANDER-IMPORT-v2.6.1.xlsx,CORVONERO-CAMPAIGN-V2.6-FINAL-GROUP-PLAN-v1.json,CA-03-REMOTE::ca-03-modification::программист 1с разработка,expected_and_present,CORVONERO-CA-03-REMOTE-DORABOTKA-1S-COMMANDER-IMPORT-v2.6.1.xlsx,69,320,
EXP-000458,CA-03-REMOTE,Корво Неро — Доработка и разработка 1С — Россия без НСО — поиск,CA-03,REMOTE,ca-03-modification,Доработка и разработка 1С,разработка доработка 1с,разработка доработка 1с,DEPLOYABLE_GROUP_PLAN,REMOTE,CORVONERO-CA-03-REMOTE-DORABOTKA-1S-COMMANDER-IMPORT-v2.6.1.xlsx,CORVONERO-CAMPAIGN-V2.6-FINAL-GROUP-PLAN-v1.json,CA-03-REMOTE::ca-03-modification::разработка доработка 1с,expected_and_present,CORVONERO-CA-03-REMOTE-DORABOTKA-1S-COMMANDER-IMPORT-v2.6.1.xlsx,70,310,
EXP-000459,CA-03-REMOTE,Корво Неро — Доработка и разработка 1С — Россия без НСО — поиск,CA-03,REMOTE,ca-03-modification,Доработка и разработка 1С,сопровождение и доработка 1с,сопровождение и доработка 1с,DEPLOYABLE_GROUP_PLAN,REMOTE,CORVONERO-CA-03-REMOTE-DORABOTKA-1S-COMMANDER-IMPORT-v2.6.1.xlsx,CORVONERO-CAMPAIGN-V2.6-FINAL-GROUP-PLAN-v1.json,CA-03-REMOTE::ca-03-modification::сопровождение и доработка 1с,expected_and_present,CORVONERO-CA-03-REMOTE-DORABOTKA-1S-COMMANDER-IMPORT-v2.6.1.xlsx,71,400,
EXP-000460,CA-03-REMOTE,Корво Неро — Доработка и разработка 1С — Россия без НСО — поиск,CA-03,REMOTE,ca-03-modification,Доработка и разработка 1С,услуги доработки 1с,услуги доработки 1с,DEPLOYABLE_GROUP_PLAN,REMOTE,CORVONERO-CA-03-REMOTE-DORABOTKA-1S-COMMANDER-IMPORT-v2.6.1.xlsx,CORVONERO-CAMPAIGN-V2.6-FINAL-GROUP-PLAN-v1.json,CA-03-REMOTE::ca-03-modification::услуги доработки 1с,expected_and_present,CORVONERO-CA-03-REMOTE-DORABOTKA-1S-COMMANDER-IMPORT-v2.6.1.xlsx,72,390,
EXP-000461,CA-04-LOCAL,Корво Неро — Интеграции 1С — Новосибирск и область — поиск,CA-04,LOCAL,ca-04-bitrix,Интеграция 1С с 1С-Битрикс,1с битрикс документооборот интеграция,1с битрикс документооборот интеграция,DEPLOYABLE_GROUP_PLAN,LOCAL,CORVONERO-CA-04-LOCAL-INTEGRACII-1S-COMMANDER-IMPORT-v2.6.1.xlsx,CORVONERO-CAMPAIGN-V2.6-FINAL-GROUP-PLAN-v1.json,CA-04-LOCAL::ca-04-bitrix::1с битрикс документооборот интеграция,expected_and_present,CORVONERO-CA-04-LOCAL-INTEGRACII-1S-COMMANDER-IMPORT-v2.6.1.xlsx,17,400,
EXP-000462,CA-04-LOCAL,Корво Неро — Интеграции 1С — Новосибирск и область — поиск,CA-04,LOCAL,ca-04-bitrix,Интеграция 1С с 1С-Битрикс,1с унф битрикс интеграция,1с унф битрикс интеграция,DEPLOYABLE_GROUP_PLAN,LOCAL,CORVONERO-CA-04-LOCAL-INTEGRACII-1S-COMMANDER-IMPORT-v2.6.1.xlsx,CORVONERO-CAMPAIGN-V2.6-FINAL-GROUP-PLAN-v1.json,CA-04-LOCAL::ca-04-bitrix::1с унф битрикс интеграция,expected_and_present,CORVONERO-CA-04-LOCAL-INTEGRACII-1S-COMMANDER-IMPORT-v2.6.1.xlsx,18,390,
EXP-000463,CA-04-LOCAL,Корво Неро — Интеграции 1С — Новосибирск и область — поиск,CA-04,LOCAL,ca-04-bitrix,Интеграция 1С с 1С-Битрикс,битрикс интеграция с 1с,битрикс интеграция с 1с,DEPLOYABLE_GROUP_PLAN,LOCAL,CORVONERO-CA-04-LOCAL-INTEGRACII-1S-COMMANDER-IMPORT-v2.6.1.xlsx,CORVONERO-CAMPAIGN-V2.6-FINAL-GROUP-PLAN-v1.json,CA-04-LOCAL::ca-04-bitrix::битрикс интеграция с 1с,expected_and_present,CORVONERO-CA-04-LOCAL-INTEGRACII-1S-COMMANDER-IMPORT-v2.6.1.xlsx,19,380,
EXP-000464,CA-04-LOCAL,Корво Неро — Интеграции 1С — Новосибирск и область — поиск,CA-04,LOCAL,ca-04-bitrix,Интеграция 1С с 1С-Битрикс,битрикс сайт интеграция с 1с,битрикс сайт интеграция с 1с,DEPLOYABLE_GROUP_PLAN,LOCAL,CORVONERO-CA-04-LOCAL-INTEGRACII-1S-COMMANDER-IMPORT-v2.6.1.xlsx,CORVONERO-CAMPAIGN-V2.6-FINAL-GROUP-PLAN-v1.json,CA-04-LOCAL::ca-04-bitrix::битрикс сайт интеграция с 1с,expected_and_present,CORVONERO-CA-04-LOCAL-INTEGRACII-1S-COMMANDER-IMPORT-v2.6.1.xlsx,20,370,
EXP-000465,CA-04-LOCAL,Корво Неро — Интеграции 1С — Новосибирск и область — поиск,CA-04,LOCAL,ca-04-bitrix,Интеграция 1С с 1С-Битрикс,битрикс управление сайтом интеграция с 1с,битрикс управление сайтом интеграция с 1с,DEPLOYABLE_GROUP_PLAN,LOCAL,CORVONERO-CA-04-LOCAL-INTEGRACII-1S-COMMANDER-IMPORT-v2.6.1.xlsx,CORVONERO-CAMPAIGN-V2.6-FINAL-GROUP-PLAN-v1.json,CA-04-LOCAL::ca-04-bitrix::битрикс управление сайтом интеграция с 1с,expected_and_present,CORVONERO-CA-04-LOCAL-INTEGRACII-1S-COMMANDER-IMPORT-v2.6.1.xlsx,21,360,
EXP-000466,CA-04-LOCAL,Корво Неро — Интеграции 1С — Новосибирск и область — поиск,CA-04,LOCAL,ca-04-bitrix,Интеграция 1С с 1С-Битрикс,доработка 1с битрикс,доработка 1с битрикс,DEPLOYABLE_GROUP_PLAN,LOCAL,CORVONERO-CA-04-LOCAL-INTEGRACII-1S-COMMANDER-IMPORT-v2.6.1.xlsx,CORVONERO-CAMPAIGN-V2.6-FINAL-GROUP-PLAN-v1.json,CA-04-LOCAL::ca-04-bitrix::доработка 1с битрикс,expected_and_present,CORVONERO-CA-04-LOCAL-INTEGRACII-1S-COMMANDER-IMPORT-v2.6.1.xlsx,22,350,
EXP-000467,CA-04-LOCAL,Корво Неро — Интеграции 1С — Новосибирск и область — поиск,CA-04,LOCAL,ca-04-bitrix,Интеграция 1С с 1С-Битрикс,доработка сайта на 1с битрикс,доработка сайта на 1с битрикс,DEPLOYABLE_GROUP_PLAN,LOCAL,CORVONERO-CA-04-LOCAL-INTEGRACII-1S-COMMANDER-IMPORT-v2.6.1.xlsx,CORVONERO-CAMPAIGN-V2.6-FINAL-GROUP-PLAN-v1.json,CA-04-LOCAL::ca-04-bitrix::доработка сайта на 1с битрикс,expected_and_present,CORVONERO-CA-04-LOCAL-INTEGRACII-1S-COMMANDER-IMPORT-v2.6.1.xlsx,23,340,
EXP-000468,CA-04-LOCAL,Корво Неро — Интеграции 1С — Новосибирск и область — поиск,CA-04,LOCAL,ca-04-bitrix,Интеграция 1С с 1С-Битрикс,интеграция 1с бухгалтерия битрикс,интеграция 1с бухгалтерия битрикс,DEPLOYABLE_GROUP_PLAN,LOCAL,CORVONERO-CA-04-LOCAL-INTEGRACII-1S-COMMANDER-IMPORT-v2.6.1.xlsx,CORVONERO-CAMPAIGN-V2.6-FINAL-GROUP-PLAN-v1.json,CA-04-LOCAL::ca-04-bitrix::интеграция 1с бухгалтерия битрикс,expected_and_present,CORVONERO-CA-04-LOCAL-INTEGRACII-1S-COMMANDER-IMPORT-v2.6.1.xlsx,24,330,
EXP-000469,CA-04-LOCAL,Корво Неро — Интеграции 1С — Новосибирск и область — поиск,CA-04,LOCAL,ca-04-bitrix,Интеграция 1С с 1С-Битрикс,интеграция битрикс 1с erp,интеграция битрикс 1с erp,DEPLOYABLE_GROUP_PLAN,LOCAL,CORVONERO-CA-04-LOCAL-INTEGRACII-1S-COMMANDER-IMPORT-v2.6.1.xlsx,CORVONERO-CAMPAIGN-V2.6-FINAL-GROUP-PLAN-v1.json,CA-04-LOCAL::ca-04-bitrix::интеграция битрикс 1с erp,expected_and_present,CORVONERO-CA-04-LOCAL-INTEGRACII-1S-COMMANDER-IMPORT-v2.6.1.xlsx,25,320,
EXP-000470,CA-04-LOCAL,Корво Неро — Интеграции 1С — Новосибирск и область — поиск,CA-04,LOCAL,ca-04-bitrix,Интеграция 1С с 1С-Битрикс,интеграция битрикс 1с ут,интеграция битрикс 1с ут,DEPLOYABLE_GROUP_PLAN,LOCAL,CORVONERO-CA-04-LOCAL-INTEGRACII-1S-COMMANDER-IMPORT-v2.6.1.xlsx,CORVONERO-CAMPAIGN-V2.6-FINAL-GROUP-PLAN-v1.json,CA-04-LOCAL::ca-04-bitrix::интеграция битрикс 1с ут,expected_and_present,CORVONERO-CA-04-LOCAL-INTEGRACII-1S-COMMANDER-IMPORT-v2.6.1.xlsx,26,310,
EXP-000471,CA-04-LOCAL,Корво Неро — Интеграции 1С — Новосибирск и область — поиск,CA-04,LOCAL,ca-04-bitrix,Интеграция 1С с 1С-Битрикс,интеграция битрикс 1с фреш,интеграция битрикс 1с фреш,DEPLOYABLE_GROUP_PLAN,LOCAL,CORVONERO-CA-04-LOCAL-INTEGRACII-1S-COMMANDER-IMPORT-v2.6.1.xlsx,CORVONERO-CAMPAIGN-V2.6-FINAL-GROUP-PLAN-v1.json,CA-04-LOCAL::ca-04-bitrix::интеграция битрикс 1с фреш,expected_and_present,CORVONERO-CA-04-LOCAL-INTEGRACII-1S-COMMANDER-IMPORT-v2.6.1.xlsx,27,400,
EXP-000472,CA-04-LOCAL,Корво Неро — Интеграции 1С — Новосибирск и область — поиск,CA-04,LOCAL,ca-04-bitrix,Интеграция 1С с 1С-Битрикс,интеграция битрикс и 1с управление торговлей,интеграция битрикс и 1с управление торговлей,DEPLOYABLE_GROUP_PLAN,LOCAL,CORVONERO-CA-04-LOCAL-INTEGRACII-1S-COMMANDER-IMPORT-v2.6.1.xlsx,CORVONERO-CAMPAIGN-V2.6-FINAL-GROUP-PLAN-v1.json,CA-04-LOCAL::ca-04-bitrix::интеграция битрикс и 1с управление торговлей,expected_and_present,CORVONERO-CA-04-LOCAL-INTEGRACII-1S-COMMANDER-IMPORT-v2.6.1.xlsx,28,390,
EXP-000473,CA-04-LOCAL,Корво Неро — Интеграции 1С — Новосибирск и область — поиск,CA-04,LOCAL,ca-04-bitrix,Интеграция 1С с 1С-Битрикс,интеграция сайта 1с битрикс,интеграция сайта 1с битрикс,DEPLOYABLE_GROUP_PLAN,LOCAL,CORVONERO-CA-04-LOCAL-INTEGRACII-1S-COMMANDER-IMPORT-v2.6.1.xlsx,CORVONERO-CAMPAIGN-V2.6-FINAL-GROUP-PLAN-v1.json,CA-04-LOCAL::ca-04-bitrix::интеграция сайта 1с битрикс,expected_and_present,CORVONERO-CA-04-LOCAL-INTEGRACII-1S-COMMANDER-IMPORT-v2.6.1.xlsx,29,380,
EXP-000474,CA-04-LOCAL,Корво Неро — Интеграции 1С — Новосибирск и область — поиск,CA-04,LOCAL,ca-04-bitrix,Интеграция 1С с 1С-Битрикс,интеграция сбис и 1с битрикс,интеграция сбис и 1с битрикс,DEPLOYABLE_GROUP_PLAN,LOCAL,CORVONERO-CA-04-LOCAL-INTEGRACII-1S-COMMANDER-IMPORT-v2.6.1.xlsx,CORVONERO-CAMPAIGN-V2.6-FINAL-GROUP-PLAN-v1.json,CA-04-LOCAL::ca-04-bitrix::интеграция сбис и 1с битрикс,expected_and_present,CORVONERO-CA-04-LOCAL-INTEGRACII-1S-COMMANDER-IMPORT-v2.6.1.xlsx,30,370,
EXP-000475,CA-04-LOCAL,Корво Неро — Интеграции 1С — Новосибирск и область — поиск,CA-04,LOCAL,ca-04-bitrix,Интеграция 1С с 1С-Битрикс,модули интеграции 1с битрикс,модули интеграции 1с битрикс,DEPLOYABLE_GROUP_PLAN,LOCAL,CORVONERO-CA-04-LOCAL-INTEGRACII-1S-COMMANDER-IMPORT-v2.6.1.xlsx,CORVONERO-CAMPAIGN-V2.6-FINAL-GROUP-PLAN-v1.json,CA-04-LOCAL::ca-04-bitrix::модули интеграции 1с битрикс,expected_and_present,CORVONERO-CA-04-LOCAL-INTEGRACII-1S-COMMANDER-IMPORT-v2.6.1.xlsx,31,360,
EXP-000476,CA-04-LOCAL,Корво Неро — Интеграции 1С — Новосибирск и область — поиск,CA-04,LOCAL,ca-04-bitrix,Интеграция 1С с 1С-Битрикс,настройка интеграции 1с и битрикс,настройка интеграции 1с и битрикс,DEPLOYABLE_GROUP_PLAN,LOCAL,CORVONERO-CA-04-LOCAL-INTEGRACII-1S-COMMANDER-IMPORT-v2.6.1.xlsx,CORVONERO-CAMPAIGN-V2.6-FINAL-GROUP-PLAN-v1.json,CA-04-LOCAL::ca-04-bitrix::настройка интеграции 1с и битрикс,expected_and_present,CORVONERO-CA-04-LOCAL-INTEGRACII-1S-COMMANDER-IMPORT-v2.6.1.xlsx,32,350,
EXP-000477,CA-04-LOCAL,Корво Неро — Интеграции 1С — Новосибирск и область — поиск,CA-04,LOCAL,ca-04-bitrix,Интеграция 1С с 1С-Битрикс,управление сайтом интеграция с 1с,управление сайтом интеграция с 1с,DEPLOYABLE_GROUP_PLAN,LOCAL,CORVONERO-CA-04-LOCAL-INTEGRACII-1S-COMMANDER-IMPORT-v2.6.1.xlsx,CORVONERO-CAMPAIGN-V2.6-FINAL-GROUP-PLAN-v1.json,CA-04-LOCAL::ca-04-bitrix::управление сайтом интеграция с 1с,expected_and_present,CORVONERO-CA-04-LOCAL-INTEGRACII-1S-COMMANDER-IMPORT-v2.6.1.xlsx,33,340,
EXP-000478,CA-04-LOCAL,Корво Неро — Интеграции 1С — Новосибирск и область — поиск,CA-04,LOCAL,ca-04-bitrix24,Интеграция 1С с Битрикс24,битрикс 24 модуль интеграции с 1с,битрикс 24 модуль интеграции с 1с,DEPLOYABLE_GROUP_PLAN,LOCAL,CORVONERO-CA-04-LOCAL-INTEGRACII-1S-COMMANDER-IMPORT-v2.6.1.xlsx,CORVONERO-CAMPAIGN-V2.6-FINAL-GROUP-PLAN-v1.json,CA-04-LOCAL::ca-04-bitrix24::битрикс 24 модуль интеграции с 1с,expected_and_present,CORVONERO-CA-04-LOCAL-INTEGRACII-1S-COMMANDER-IMPORT-v2.6.1.xlsx,35,400,
EXP-000479,CA-04-LOCAL,Корво Неро — Интеграции 1С — Новосибирск и область — поиск,CA-04,LOCAL,ca-04-bitrix24,Интеграция 1С с Битрикс24,битрикс 24 настройка интеграции 1с,битрикс 24 настройка интеграции 1с,DEPLOYABLE_GROUP_PLAN,LOCAL,CORVONERO-CA-04-LOCAL-INTEGRACII-1S-COMMANDER-IMPORT-v2.6.1.xlsx,CORVONERO-CAMPAIGN-V2.6-FINAL-GROUP-PLAN-v1.json,CA-04-LOCAL::ca-04-bitrix24::битрикс 24 настройка интеграции 1с,expected_and_present,CORVONERO-CA-04-LOCAL-INTEGRACII-1S-COMMANDER-IMPORT-v2.6.1.xlsx,36,390,
EXP-000480,CA-04-LOCAL,Корво Неро — Интеграции 1С — Новосибирск и область — поиск,CA-04,LOCAL,ca-04-bitrix24,Интеграция 1С с Битрикс24,интеграция 1с erp и битрикс 24,интеграция 1с erp и битрикс 24,DEPLOYABLE_GROUP_PLAN,LOCAL,CORVONERO-CA-04-LOCAL-INTEGRACII-1S-COMMANDER-IMPORT-v2.6.1.xlsx,CORVONERO-CAMPAIGN-V2.6-FINAL-GROUP-PLAN-v1.json,CA-04-LOCAL::ca-04-bitrix24::интеграция 1с erp и битрикс 24,expected_and_present,CORVONERO-CA-04-LOCAL-INTEGRACII-1S-COMMANDER-IMPORT-v2.6.1.xlsx,37,380,
EXP-000481,CA-04-LOCAL,Корво Неро — Интеграции 1С — Новосибирск и область — поиск,CA-04,LOCAL,ca-04-bitrix24,Интеграция 1С с Битрикс24,интеграция 1с битрикс и битрикс24,интеграция 1с битрикс и битрикс24,DEPLOYABLE_GROUP_PLAN,LOCAL,CORVONERO-CA-04-LOCAL-INTEGRACII-1S-COMMANDER-IMPORT-v2.6.1.xlsx,CORVONERO-CAMPAIGN-V2.6-FINAL-GROUP-PLAN-v1.json,CA-04-LOCAL::ca-04-bitrix24::интеграция 1с битрикс и битрикс24,expected_and_present,CORVONERO-CA-04-LOCAL-INTEGRACII-1S-COMMANDER-IMPORT-v2.6.1.xlsx,38,370,
EXP-000482,CA-04-LOCAL,Корво Неро — Интеграции 1С — Новосибирск и область — поиск,CA-04,LOCAL,ca-04-bitrix24,Интеграция 1С с Битрикс24,интеграция 1с бухгалтерия и битрикс 24,интеграция 1с бухгалтерия и битрикс 24,DEPLOYABLE_GROUP_PLAN,LOCAL,CORVONERO-CA-04-LOCAL-INTEGRACII-1S-COMMANDER-IMPORT-v2.6.1.xlsx,CORVONERO-CAMPAIGN-V2.6-FINAL-GROUP-PLAN-v1.json,CA-04-LOCAL::ca-04-bitrix24::интеграция 1с бухгалтерия и битрикс 24,expected_and_present,CORVONERO-CA-04-LOCAL-INTEGRACII-1S-COMMANDER-IMPORT-v2.6.1.xlsx,39,360,
EXP-000483,CA-04-LOCAL,Корво Неро — Интеграции 1С — Новосибирск и область — поиск,CA-04,LOCAL,ca-04-bitrix24,Интеграция 1С с Битрикс24,интеграция 1с документооборот и битрикс 24,интеграция 1с документооборот и битрикс 24,DEPLOYABLE_GROUP_PLAN,LOCAL,CORVONERO-CA-04-LOCAL-INTEGRACII-1S-COMMANDER-IMPORT-v2.6.1.xlsx,CORVONERO-CAMPAIGN-V2.6-FINAL-GROUP-PLAN-v1.json,CA-04-LOCAL::ca-04-bitrix24::интеграция 1с документооборот и битрикс 24,expected_and_present,CORVONERO-CA-04-LOCAL-INTEGRACII-1S-COMMANDER-IMPORT-v2.6.1.xlsx,40,350,
EXP-000484,CA-04-LOCAL,Корво Неро — Интеграции 1С — Новосибирск и область — поиск,CA-04,LOCAL,ca-04-bitrix24,Интеграция 1С с Битрикс24,интеграция 1с и битрикс 24,интеграция 1с и битрикс 24,DEPLOYABLE_GROUP_PLAN,LOCAL,CORVONERO-CA-04-LOCAL-INTEGRACII-1S-COMMANDER-IMPORT-v2.6.1.xlsx,CORVONERO-CAMPAIGN-V2.6-FINAL-GROUP-PLAN-v1.json,CA-04-LOCAL::ca-04-bitrix24::интеграция 1с и битрикс 24,expected_and_present,CORVONERO-CA-04-LOCAL-INTEGRACII-1S-COMMANDER-IMPORT-v2.6.1.xlsx,41,340,
EXP-000485,CA-04-LOCAL,Корво Неро — Интеграции 1С — Новосибирск и область — поиск,CA-04,LOCAL,ca-04-bitrix24,Интеграция 1С с Битрикс24,интеграция 1с унф и битрикс 24,интеграция 1с унф и битрикс 24,DEPLOYABLE_GROUP_PLAN,LOCAL,CORVONERO-CA-04-LOCAL-INTEGRACII-1S-COMMANDER-IMPORT-v2.6.1.xlsx,CORVONERO-CAMPAIGN-V2.6-FINAL-GROUP-PLAN-v1.json,CA-04-LOCAL::ca-04-bitrix24::интеграция 1с унф и битрикс 24,expected_and_present,CORVONERO-CA-04-LOCAL-INTEGRACII-1S-COMMANDER-IMPORT-v2.6.1.xlsx,42,330,
EXP-000486,CA-04-LOCAL,Корво Неро — Интеграции 1С — Новосибирск и область — поиск,CA-04,LOCAL,ca-04-bitrix24,Интеграция 1С с Битрикс24,интеграция битрикс 24 и 1с ут,интеграция битрикс 24 и 1с ут,DEPLOYABLE_GROUP_PLAN,LOCAL,CORVONERO-CA-04-LOCAL-INTEGRACII-1S-COMMANDER-IMPORT-v2.6.1.xlsx,CORVONERO-CAMPAIGN-V2.6-FINAL-GROUP-PLAN-v1.json,CA-04-LOCAL::ca-04-bitrix24::интеграция битрикс 24 и 1с ут,expected_and_present,CORVONERO-CA-04-LOCAL-INTEGRACII-1S-COMMANDER-IMPORT-v2.6.1.xlsx,43,320,
EXP-000487,CA-04-LOCAL,Корво Неро — Интеграции 1С — Новосибирск и область — поиск,CA-04,LOCAL,ca-04-site,Интеграция 1С с сайтом и API,1с настройка интеграции с сайтом,1с настройка интеграции с сайтом,DEPLOYABLE_GROUP_PLAN,LOCAL,CORVONERO-CA-04-LOCAL-INTEGRACII-1S-COMMANDER-IMPORT-v2.6.1.xlsx,CORVONERO-CAMPAIGN-V2.6-FINAL-GROUP-PLAN-v1.json,CA-04-LOCAL::ca-04-site::1с настройка интеграции с сайтом,expected_and_present,CORVONERO-CA-04-LOCAL-INTEGRACII-1S-COMMANDER-IMPORT-v2.6.1.xlsx,45,400,
EXP-000488,CA-04-LOCAL,Корво Неро — Интеграции 1С — Новосибирск и область — поиск,CA-04,LOCAL,ca-04-site,Интеграция 1С с сайтом и API,1с унф интеграция с сайтом,1с унф интеграция с сайтом,DEPLOYABLE_GROUP_PLAN,LOCAL,CORVONERO-CA-04-LOCAL-INTEGRACII-1S-COMMANDER-IMPORT-v2.6.1.xlsx,CORVONERO-CAMPAIGN-V2.6-FINAL-GROUP-PLAN-v1.json,CA-04-LOCAL::ca-04-site::1с унф интеграция с сайтом,expected_and_present,CORVONERO-CA-04-LOCAL-INTEGRACII-1S-COMMANDER-IMPORT-v2.6.1.xlsx,46,390,
EXP-000489,CA-04-LOCAL,Корво Неро — Интеграции 1С — Новосибирск и область — поиск,CA-04,LOCAL,ca-04-site,Интеграция 1С с сайтом и API,интеграция сайта с 1с,интеграция сайта с 1с,DEPLOYABLE_GROUP_PLAN,LOCAL,CORVONERO-CA-04-LOCAL-INTEGRACII-1S-COMMANDER-IMPORT-v2.6.1.xlsx,CORVONERO-CAMPAIGN-V2.6-FINAL-GROUP-PLAN-v1.json,CA-04-LOCAL::ca-04-site::интеграция сайта с 1с,expected_and_present,CORVONERO-CA-04-LOCAL-INTEGRACII-1S-COMMANDER-IMPORT-v2.6.1.xlsx,47,380,
EXP-000490,CA-04-LOCAL,Корво Неро — Интеграции 1С — Новосибирск и область — поиск,CA-04,LOCAL,ca-04-site,Интеграция 1С с сайтом и API,интеграция сайта с 1с по api,интеграция сайта с 1с по api,DEPLOYABLE_GROUP_PLAN,LOCAL,CORVONERO-CA-04-LOCAL-INTEGRACII-1S-COMMANDER-IMPORT-v2.6.1.xlsx,CORVONERO-CAMPAIGN-V2.6-FINAL-GROUP-PLAN-v1.json,CA-04-LOCAL::ca-04-site::интеграция сайта с 1с по api,expected_and_present,CORVONERO-CA-04-LOCAL-INTEGRACII-1S-COMMANDER-IMPORT-v2.6.1.xlsx,48,370,
EXP-000491,CA-04-LOCAL,Корво Неро — Интеграции 1С — Новосибирск и область — поиск,CA-04,LOCAL,ca-04-site,Интеграция 1С с сайтом и API,сайт личного кабинета интеграция с 1с,сайт личного кабинета интеграция с 1с,DEPLOYABLE_GROUP_PLAN,LOCAL,CORVONERO-CA-04-LOCAL-INTEGRACII-1S-COMMANDER-IMPORT-v2.6.1.xlsx,CORVONERO-CAMPAIGN-V2.6-FINAL-GROUP-PLAN-v1.json,CA-04-LOCAL::ca-04-site::сайт личного кабинета интеграция с 1с,expected_and_present,CORVONERO-CA-04-LOCAL-INTEGRACII-1S-COMMANDER-IMPORT-v2.6.1.xlsx,49,360,
EXP-000492,CA-04-LOCAL,Корво Неро — Интеграции 1С — Новосибирск и область — поиск,CA-04,LOCAL,ca-04-sync,Синхронизация и обмен данными,1с доработка синхронизации,1с доработка синхронизации,DEPLOYABLE_GROUP_PLAN,LOCAL,CORVONERO-CA-04-LOCAL-INTEGRACII-1S-COMMANDER-IMPORT-v2.6.1.xlsx,CORVONERO-CAMPAIGN-V2.6-FINAL-GROUP-PLAN-v1.json,CA-04-LOCAL::ca-04-sync::1с доработка синхронизации,expected_and_present,CORVONERO-CA-04-LOCAL-INTEGRACII-1S-COMMANDER-IMPORT-v2.6.1.xlsx,51,400,
EXP-000493,CA-04-LOCAL,Корво Неро — Интеграции 1С — Новосибирск и область — поиск,CA-04,LOCAL,ca-04-sync,Синхронизация и обмен данными,1с настройка синхронизации данных,1с настройка синхронизации данных,DEPLOYABLE_GROUP_PLAN,LOCAL,CORVONERO-CA-04-LOCAL-INTEGRACII-1S-COMMANDER-IMPORT-v2.6.1.xlsx,CORVONERO-CAMPAIGN-V2.6-FINAL-GROUP-PLAN-v1.json,CA-04-LOCAL::ca-04-sync::1с настройка синхронизации данных,expected_and_present,CORVONERO-CA-04-LOCAL-INTEGRACII-1S-COMMANDER-IMPORT-v2.6.1.xlsx,52,390,
EXP-000494,CA-04-LOCAL,Корво Неро — Интеграции 1С — Новосибирск и область — поиск,CA-04,LOCAL,ca-04-sync,Синхронизация и обмен данными,настройка синхронизации 1с зуп и бп,настройка синхронизации 1с зуп и бп,DEPLOYABLE_GROUP_PLAN,LOCAL,CORVONERO-CA-04-LOCAL-INTEGRACII-1S-COMMANDER-IMPORT-v2.6.1.xlsx,CORVONERO-CAMPAIGN-V2.6-FINAL-GROUP-PLAN-v1.json,CA-04-LOCAL::ca-04-sync::настройка синхронизации 1с зуп и бп,expected_and_present,CORVONERO-CA-04-LOCAL-INTEGRACII-1S-COMMANDER-IMPORT-v2.6.1.xlsx,53,380,
EXP-000495,CA-04-LOCAL,Корво Неро — Интеграции 1С — Новосибирск и область — поиск,CA-04,LOCAL,ca-04-sync,Синхронизация и обмен данными,настройка синхронизации через ftp в 1с,настройка синхронизации через ftp в 1с,DEPLOYABLE_GROUP_PLAN,LOCAL,CORVONERO-CA-04-LOCAL-INTEGRACII-1S-COMMANDER-IMPORT-v2.6.1.xlsx,CORVONERO-CAMPAIGN-V2.6-FINAL-GROUP-PLAN-v1.json,CA-04-LOCAL::ca-04-sync::настройка синхронизации через ftp в 1с,expected_and_present,CORVONERO-CA-04-LOCAL-INTEGRACII-1S-COMMANDER-IMPORT-v2.6.1.xlsx,54,370,
EXP-000496,CA-04-REMOTE,Корво Неро — Интеграции 1С — Россия без НСО — поиск,CA-04,REMOTE,ca-04-bitrix,Интеграция 1С с 1С-Битрикс,1с битрикс документооборот интеграция,1с битрикс документооборот интеграция,DEPLOYABLE_GROUP_PLAN,REMOTE,CORVONERO-CA-04-REMOTE-INTEGRACII-1S-COMMANDER-IMPORT-v2.6.1.xlsx,CORVONERO-CAMPAIGN-V2.6-FINAL-GROUP-PLAN-v1.json,CA-04-REMOTE::ca-04-bitrix::1с битрикс документооборот интеграция,expected_and_present,CORVONERO-CA-04-REMOTE-INTEGRACII-1S-COMMANDER-IMPORT-v2.6.1.xlsx,17,400,
EXP-000497,CA-04-REMOTE,Корво Неро — Интеграции 1С — Россия без НСО — поиск,CA-04,REMOTE,ca-04-bitrix,Интеграция 1С с 1С-Битрикс,1с унф битрикс интеграция,1с унф битрикс интеграция,DEPLOYABLE_GROUP_PLAN,REMOTE,CORVONERO-CA-04-REMOTE-INTEGRACII-1S-COMMANDER-IMPORT-v2.6.1.xlsx,CORVONERO-CAMPAIGN-V2.6-FINAL-GROUP-PLAN-v1.json,CA-04-REMOTE::ca-04-bitrix::1с унф битрикс интеграция,expected_and_present,CORVONERO-CA-04-REMOTE-INTEGRACII-1S-COMMANDER-IMPORT-v2.6.1.xlsx,18,390,
EXP-000498,CA-04-REMOTE,Корво Неро — Интеграции 1С — Россия без НСО — поиск,CA-04,REMOTE,ca-04-bitrix,Интеграция 1С с 1С-Битрикс,битрикс интеграция с 1с,битрикс интеграция с 1с,DEPLOYABLE_GROUP_PLAN,REMOTE,CORVONERO-CA-04-REMOTE-INTEGRACII-1S-COMMANDER-IMPORT-v2.6.1.xlsx,CORVONERO-CAMPAIGN-V2.6-FINAL-GROUP-PLAN-v1.json,CA-04-REMOTE::ca-04-bitrix::битрикс интеграция с 1с,expected_and_present,CORVONERO-CA-04-REMOTE-INTEGRACII-1S-COMMANDER-IMPORT-v2.6.1.xlsx,19,380,
EXP-000499,CA-04-REMOTE,Корво Неро — Интеграции 1С — Россия без НСО — поиск,CA-04,REMOTE,ca-04-bitrix,Интеграция 1С с 1С-Битрикс,битрикс сайт интеграция с 1с,битрикс сайт интеграция с 1с,DEPLOYABLE_GROUP_PLAN,REMOTE,CORVONERO-CA-04-REMOTE-INTEGRACII-1S-COMMANDER-IMPORT-v2.6.1.xlsx,CORVONERO-CAMPAIGN-V2.6-FINAL-GROUP-PLAN-v1.json,CA-04-REMOTE::ca-04-bitrix::битрикс сайт интеграция с 1с,expected_and_present,CORVONERO-CA-04-REMOTE-INTEGRACII-1S-COMMANDER-IMPORT-v2.6.1.xlsx,20,370,
EXP-000500,CA-04-REMOTE,Корво Неро — Интеграции 1С — Россия без НСО — поиск,CA-04,REMOTE,ca-04-bitrix,Интеграция 1С с 1С-Битрикс,битрикс управление сайтом интеграция с 1с,битрикс управление сайтом интеграция с 1с,DEPLOYABLE_GROUP_PLAN,REMOTE,CORVONERO-CA-04-REMOTE-INTEGRACII-1S-COMMANDER-IMPORT-v2.6.1.xlsx,CORVONERO-CAMPAIGN-V2.6-FINAL-GROUP-PLAN-v1.json,CA-04-REMOTE::ca-04-bitrix::битрикс управление сайтом интеграция с 1с,expected_and_present,CORVONERO-CA-04-REMOTE-INTEGRACII-1S-COMMANDER-IMPORT-v2.6.1.xlsx,21,360,
EXP-000501,CA-04-REMOTE,Корво Неро — Интеграции 1С — Россия без НСО — поиск,CA-04,REMOTE,ca-04-bitrix,Интеграция 1С с 1С-Битрикс,доработка 1с битрикс,доработка 1с битрикс,DEPLOYABLE_GROUP_PLAN,REMOTE,CORVONERO-CA-04-REMOTE-INTEGRACII-1S-COMMANDER-IMPORT-v2.6.1.xlsx,CORVONERO-CAMPAIGN-V2.6-FINAL-GROUP-PLAN-v1.json,CA-04-REMOTE::ca-04-bitrix::доработка 1с битрикс,expected_and_present,CORVONERO-CA-04-REMOTE-INTEGRACII-1S-COMMANDER-IMPORT-v2.6.1.xlsx,22,350,
EXP-000502,CA-04-REMOTE,Корво Неро — Интеграции 1С — Россия без НСО — поиск,CA-04,REMOTE,ca-04-bitrix,Интеграция 1С с 1С-Битрикс,доработка сайта на 1с битрикс,доработка сайта на 1с битрикс,DEPLOYABLE_GROUP_PLAN,REMOTE,CORVONERO-CA-04-REMOTE-INTEGRACII-1S-COMMANDER-IMPORT-v2.6.1.xlsx,CORVONERO-CAMPAIGN-V2.6-FINAL-GROUP-PLAN-v1.json,CA-04-REMOTE::ca-04-bitrix::доработка сайта на 1с битрикс,expected_and_present,CORVONERO-CA-04-REMOTE-INTEGRACII-1S-COMMANDER-IMPORT-v2.6.1.xlsx,23,340,
EXP-000503,CA-04-REMOTE,Корво Неро — Интеграции 1С — Россия без НСО — поиск,CA-04,REMOTE,ca-04-bitrix,Интеграция 1С с 1С-Битрикс,интеграция 1с бухгалтерия битрикс,интеграция 1с бухгалтерия битрикс,DEPLOYABLE_GROUP_PLAN,REMOTE,CORVONERO-CA-04-REMOTE-INTEGRACII-1S-COMMANDER-IMPORT-v2.6.1.xlsx,CORVONERO-CAMPAIGN-V2.6-FINAL-GROUP-PLAN-v1.json,CA-04-REMOTE::ca-04-bitrix::интеграция 1с бухгалтерия битрикс,expected_and_present,CORVONERO-CA-04-REMOTE-INTEGRACII-1S-COMMANDER-IMPORT-v2.6.1.xlsx,24,330,
EXP-000504,CA-04-REMOTE,Корво Неро — Интеграции 1С — Россия без НСО — поиск,CA-04,REMOTE,ca-04-bitrix,Интеграция 1С с 1С-Битрикс,интеграция битрикс 1с erp,интеграция битрикс 1с erp,DEPLOYABLE_GROUP_PLAN,REMOTE,CORVONERO-CA-04-REMOTE-INTEGRACII-1S-COMMANDER-IMPORT-v2.6.1.xlsx,CORVONERO-CAMPAIGN-V2.6-FINAL-GROUP-PLAN-v1.json,CA-04-REMOTE::ca-04-bitrix::интеграция битрикс 1с erp,expected_and_present,CORVONERO-CA-04-REMOTE-INTEGRACII-1S-COMMANDER-IMPORT-v2.6.1.xlsx,25,320,
EXP-000505,CA-04-REMOTE,Корво Неро — Интеграции 1С — Россия без НСО — поиск,CA-04,REMOTE,ca-04-bitrix,Интеграция 1С с 1С-Битрикс,интеграция битрикс 1с ут,интеграция битрикс 1с ут,DEPLOYABLE_GROUP_PLAN,REMOTE,CORVONERO-CA-04-REMOTE-INTEGRACII-1S-COMMANDER-IMPORT-v2.6.1.xlsx,CORVONERO-CAMPAIGN-V2.6-FINAL-GROUP-PLAN-v1.json,CA-04-REMOTE::ca-04-bitrix::интеграция битрикс 1с ут,expected_and_present,CORVONERO-CA-04-REMOTE-INTEGRACII-1S-COMMANDER-IMPORT-v2.6.1.xlsx,26,310,
EXP-000506,CA-04-REMOTE,Корво Неро — Интеграции 1С — Россия без НСО — поиск,CA-04,REMOTE,ca-04-bitrix,Интеграция 1С с 1С-Битрикс,интеграция битрикс 1с фреш,интеграция битрикс 1с фреш,DEPLOYABLE_GROUP_PLAN,REMOTE,CORVONERO-CA-04-REMOTE-INTEGRACII-1S-COMMANDER-IMPORT-v2.6.1.xlsx,CORVONERO-CAMPAIGN-V2.6-FINAL-GROUP-PLAN-v1.json,CA-04-REMOTE::ca-04-bitrix::интеграция битрикс 1с фреш,expected_and_present,CORVONERO-CA-04-REMOTE-INTEGRACII-1S-COMMANDER-IMPORT-v2.6.1.xlsx,27,400,
EXP-000507,CA-04-REMOTE,Корво Неро — Интеграции 1С — Россия без НСО — поиск,CA-04,REMOTE,ca-04-bitrix,Интеграция 1С с 1С-Битрикс,интеграция битрикс и 1с управление торговлей,интеграция битрикс и 1с управление торговлей,DEPLOYABLE_GROUP_PLAN,REMOTE,CORVONERO-CA-04-REMOTE-INTEGRACII-1S-COMMANDER-IMPORT-v2.6.1.xlsx,CORVONERO-CAMPAIGN-V2.6-FINAL-GROUP-PLAN-v1.json,CA-04-REMOTE::ca-04-bitrix::интеграция битрикс и 1с управление торговлей,expected_and_present,CORVONERO-CA-04-REMOTE-INTEGRACII-1S-COMMANDER-IMPORT-v2.6.1.xlsx,28,390,
EXP-000508,CA-04-REMOTE,Корво Неро — Интеграции 1С — Россия без НСО — поиск,CA-04,REMOTE,ca-04-bitrix,Интеграция 1С с 1С-Битрикс,интеграция сайта 1с битрикс,интеграция сайта 1с битрикс,DEPLOYABLE_GROUP_PLAN,REMOTE,CORVONERO-CA-04-REMOTE-INTEGRACII-1S-COMMANDER-IMPORT-v2.6.1.xlsx,CORVONERO-CAMPAIGN-V2.6-FINAL-GROUP-PLAN-v1.json,CA-04-REMOTE::ca-04-bitrix::интеграция сайта 1с битрикс,expected_and_present,CORVONERO-CA-04-REMOTE-INTEGRACII-1S-COMMANDER-IMPORT-v2.6.1.xlsx,29,380,
EXP-000509,CA-04-REMOTE,Корво Неро — Интеграции 1С — Россия без НСО — поиск,CA-04,REMOTE,ca-04-bitrix,Интеграция 1С с 1С-Битрикс,интеграция сбис и 1с битрикс,интеграция сбис и 1с битрикс,DEPLOYABLE_GROUP_PLAN,REMOTE,CORVONERO-CA-04-REMOTE-INTEGRACII-1S-COMMANDER-IMPORT-v2.6.1.xlsx,CORVONERO-CAMPAIGN-V2.6-FINAL-GROUP-PLAN-v1.json,CA-04-REMOTE::ca-04-bitrix::интеграция сбис и 1с битрикс,expected_and_present,CORVONERO-CA-04-REMOTE-INTEGRACII-1S-COMMANDER-IMPORT-v2.6.1.xlsx,30,370,
EXP-000510,CA-04-REMOTE,Корво Неро — Интеграции 1С — Россия без НСО — поиск,CA-04,REMOTE,ca-04-bitrix,Интеграция 1С с 1С-Битрикс,модули интеграции 1с битрикс,модули интеграции 1с битрикс,DEPLOYABLE_GROUP_PLAN,REMOTE,CORVONERO-CA-04-REMOTE-INTEGRACII-1S-COMMANDER-IMPORT-v2.6.1.xlsx,CORVONERO-CAMPAIGN-V2.6-FINAL-GROUP-PLAN-v1.json,CA-04-REMOTE::ca-04-bitrix::модули интеграции 1с битрикс,expected_and_present,CORVONERO-CA-04-REMOTE-INTEGRACII-1S-COMMANDER-IMPORT-v2.6.1.xlsx,31,360,
EXP-000511,CA-04-REMOTE,Корво Неро — Интеграции 1С — Россия без НСО — поиск,CA-04,REMOTE,ca-04-bitrix,Интеграция 1С с 1С-Битрикс,настройка интеграции 1с и битрикс,настройка интеграции 1с и битрикс,DEPLOYABLE_GROUP_PLAN,REMOTE,CORVONERO-CA-04-REMOTE-INTEGRACII-1S-COMMANDER-IMPORT-v2.6.1.xlsx,CORVONERO-CAMPAIGN-V2.6-FINAL-GROUP-PLAN-v1.json,CA-04-REMOTE::ca-04-bitrix::настройка интеграции 1с и битрикс,expected_and_present,CORVONERO-CA-04-REMOTE-INTEGRACII-1S-COMMANDER-IMPORT-v2.6.1.xlsx,32,350,
EXP-000512,CA-04-REMOTE,Корво Неро — Интеграции 1С — Россия без НСО — поиск,CA-04,REMOTE,ca-04-bitrix,Интеграция 1С с 1С-Битрикс,управление сайтом интеграция с 1с,управление сайтом интеграция с 1с,DEPLOYABLE_GROUP_PLAN,REMOTE,CORVONERO-CA-04-REMOTE-INTEGRACII-1S-COMMANDER-IMPORT-v2.6.1.xlsx,CORVONERO-CAMPAIGN-V2.6-FINAL-GROUP-PLAN-v1.json,CA-04-REMOTE::ca-04-bitrix::управление сайтом интеграция с 1с,expected_and_present,CORVONERO-CA-04-REMOTE-INTEGRACII-1S-COMMANDER-IMPORT-v2.6.1.xlsx,33,340,
EXP-000513,CA-04-REMOTE,Корво Неро — Интеграции 1С — Россия без НСО — поиск,CA-04,REMOTE,ca-04-bitrix24,Интеграция 1С с Битрикс24,битрикс 24 модуль интеграции с 1с,битрикс 24 модуль интеграции с 1с,DEPLOYABLE_GROUP_PLAN,REMOTE,CORVONERO-CA-04-REMOTE-INTEGRACII-1S-COMMANDER-IMPORT-v2.6.1.xlsx,CORVONERO-CAMPAIGN-V2.6-FINAL-GROUP-PLAN-v1.json,CA-04-REMOTE::ca-04-bitrix24::битрикс 24 модуль интеграции с 1с,expected_and_present,CORVONERO-CA-04-REMOTE-INTEGRACII-1S-COMMANDER-IMPORT-v2.6.1.xlsx,35,400,
EXP-000514,CA-04-REMOTE,Корво Неро — Интеграции 1С — Россия без НСО — поиск,CA-04,REMOTE,ca-04-bitrix24,Интеграция 1С с Битрикс24,битрикс 24 настройка интеграции 1с,битрикс 24 настройка интеграции 1с,DEPLOYABLE_GROUP_PLAN,REMOTE,CORVONERO-CA-04-REMOTE-INTEGRACII-1S-COMMANDER-IMPORT-v2.6.1.xlsx,CORVONERO-CAMPAIGN-V2.6-FINAL-GROUP-PLAN-v1.json,CA-04-REMOTE::ca-04-bitrix24::битрикс 24 настройка интеграции 1с,expected_and_present,CORVONERO-CA-04-REMOTE-INTEGRACII-1S-COMMANDER-IMPORT-v2.6.1.xlsx,36,390,
EXP-000515,CA-04-REMOTE,Корво Неро — Интеграции 1С — Россия без НСО — поиск,CA-04,REMOTE,ca-04-bitrix24,Интеграция 1С с Битрикс24,интеграция 1с erp и битрикс 24,интеграция 1с erp и битрикс 24,DEPLOYABLE_GROUP_PLAN,REMOTE,CORVONERO-CA-04-REMOTE-INTEGRACII-1S-COMMANDER-IMPORT-v2.6.1.xlsx,CORVONERO-CAMPAIGN-V2.6-FINAL-GROUP-PLAN-v1.json,CA-04-REMOTE::ca-04-bitrix24::интеграция 1с erp и битрикс 24,expected_and_present,CORVONERO-CA-04-REMOTE-INTEGRACII-1S-COMMANDER-IMPORT-v2.6.1.xlsx,37,380,
EXP-000516,CA-04-REMOTE,Корво Неро — Интеграции 1С — Россия без НСО — поиск,CA-04,REMOTE,ca-04-bitrix24,Интеграция 1С с Битрикс24,интеграция 1с битрикс и битрикс24,интеграция 1с битрикс и битрикс24,DEPLOYABLE_GROUP_PLAN,REMOTE,CORVONERO-CA-04-REMOTE-INTEGRACII-1S-COMMANDER-IMPORT-v2.6.1.xlsx,CORVONERO-CAMPAIGN-V2.6-FINAL-GROUP-PLAN-v1.json,CA-04-REMOTE::ca-04-bitrix24::интеграция 1с битрикс и битрикс24,expected_and_present,CORVONERO-CA-04-REMOTE-INTEGRACII-1S-COMMANDER-IMPORT-v2.6.1.xlsx,38,370,
EXP-000517,CA-04-REMOTE,Корво Неро — Интеграции 1С — Россия без НСО — поиск,CA-04,REMOTE,ca-04-bitrix24,Интеграция 1С с Битрикс24,интеграция 1с бухгалтерия и битрикс 24,интеграция 1с бухгалтерия и битрикс 24,DEPLOYABLE_GROUP_PLAN,REMOTE,CORVONERO-CA-04-REMOTE-INTEGRACII-1S-COMMANDER-IMPORT-v2.6.1.xlsx,CORVONERO-CAMPAIGN-V2.6-FINAL-GROUP-PLAN-v1.json,CA-04-REMOTE::ca-04-bitrix24::интеграция 1с бухгалтерия и битрикс 24,expected_and_present,CORVONERO-CA-04-REMOTE-INTEGRACII-1S-COMMANDER-IMPORT-v2.6.1.xlsx,39,360,
EXP-000518,CA-04-REMOTE,Корво Неро — Интеграции 1С — Россия без НСО — поиск,CA-04,REMOTE,ca-04-bitrix24,Интеграция 1С с Битрикс24,интеграция 1с документооборот и битрикс 24,интеграция 1с документооборот и битрикс 24,DEPLOYABLE_GROUP_PLAN,REMOTE,CORVONERO-CA-04-REMOTE-INTEGRACII-1S-COMMANDER-IMPORT-v2.6.1.xlsx,CORVONERO-CAMPAIGN-V2.6-FINAL-GROUP-PLAN-v1.json,CA-04-REMOTE::ca-04-bitrix24::интеграция 1с документооборот и битрикс 24,expected_and_present,CORVONERO-CA-04-REMOTE-INTEGRACII-1S-COMMANDER-IMPORT-v2.6.1.xlsx,40,350,
EXP-000519,CA-04-REMOTE,Корво Неро — Интеграции 1С — Россия без НСО — поиск,CA-04,REMOTE,ca-04-bitrix24,Интеграция 1С с Битрикс24,интеграция 1с и битрикс 24,интеграция 1с и битрикс 24,DEPLOYABLE_GROUP_PLAN,REMOTE,CORVONERO-CA-04-REMOTE-INTEGRACII-1S-COMMANDER-IMPORT-v2.6.1.xlsx,CORVONERO-CAMPAIGN-V2.6-FINAL-GROUP-PLAN-v1.json,CA-04-REMOTE::ca-04-bitrix24::интеграция 1с и битрикс 24,expected_and_present,CORVONERO-CA-04-REMOTE-INTEGRACII-1S-COMMANDER-IMPORT-v2.6.1.xlsx,41,340,
EXP-000520,CA-04-REMOTE,Корво Неро — Интеграции 1С — Россия без НСО — поиск,CA-04,REMOTE,ca-04-bitrix24,Интеграция 1С с Битрикс24,интеграция 1с унф и битрикс 24,интеграция 1с унф и битрикс 24,DEPLOYABLE_GROUP_PLAN,REMOTE,CORVONERO-CA-04-REMOTE-INTEGRACII-1S-COMMANDER-IMPORT-v2.6.1.xlsx,CORVONERO-CAMPAIGN-V2.6-FINAL-GROUP-PLAN-v1.json,CA-04-REMOTE::ca-04-bitrix24::интеграция 1с унф и битрикс 24,expected_and_present,CORVONERO-CA-04-REMOTE-INTEGRACII-1S-COMMANDER-IMPORT-v2.6.1.xlsx,42,330,
EXP-000521,CA-04-REMOTE,Корво Неро — Интеграции 1С — Россия без НСО — поиск,CA-04,REMOTE,ca-04-bitrix24,Интеграция 1С с Битрикс24,интеграция битрикс 24 и 1с ут,интеграция битрикс 24 и 1с ут,DEPLOYABLE_GROUP_PLAN,REMOTE,CORVONERO-CA-04-REMOTE-INTEGRACII-1S-COMMANDER-IMPORT-v2.6.1.xlsx,CORVONERO-CAMPAIGN-V2.6-FINAL-GROUP-PLAN-v1.json,CA-04-REMOTE::ca-04-bitrix24::интеграция битрикс 24 и 1с ут,expected_and_present,CORVONERO-CA-04-REMOTE-INTEGRACII-1S-COMMANDER-IMPORT-v2.6.1.xlsx,43,320,
EXP-000522,CA-04-REMOTE,Корво Неро — Интеграции 1С — Россия без НСО — поиск,CA-04,REMOTE,ca-04-site,Интеграция 1С с сайтом и API,1с настройка интеграции с сайтом,1с настройка интеграции с сайтом,DEPLOYABLE_GROUP_PLAN,REMOTE,CORVONERO-CA-04-REMOTE-INTEGRACII-1S-COMMANDER-IMPORT-v2.6.1.xlsx,CORVONERO-CAMPAIGN-V2.6-FINAL-GROUP-PLAN-v1.json,CA-04-REMOTE::ca-04-site::1с настройка интеграции с сайтом,expected_and_present,CORVONERO-CA-04-REMOTE-INTEGRACII-1S-COMMANDER-IMPORT-v2.6.1.xlsx,45,400,
EXP-000523,CA-04-REMOTE,Корво Неро — Интеграции 1С — Россия без НСО — поиск,CA-04,REMOTE,ca-04-site,Интеграция 1С с сайтом и API,1с унф интеграция с сайтом,1с унф интеграция с сайтом,DEPLOYABLE_GROUP_PLAN,REMOTE,CORVONERO-CA-04-REMOTE-INTEGRACII-1S-COMMANDER-IMPORT-v2.6.1.xlsx,CORVONERO-CAMPAIGN-V2.6-FINAL-GROUP-PLAN-v1.json,CA-04-REMOTE::ca-04-site::1с унф интеграция с сайтом,expected_and_present,CORVONERO-CA-04-REMOTE-INTEGRACII-1S-COMMANDER-IMPORT-v2.6.1.xlsx,46,390,
EXP-000524,CA-04-REMOTE,Корво Неро — Интеграции 1С — Россия без НСО — поиск,CA-04,REMOTE,ca-04-site,Интеграция 1С с сайтом и API,интеграция сайта с 1с,интеграция сайта с 1с,DEPLOYABLE_GROUP_PLAN,REMOTE,CORVONERO-CA-04-REMOTE-INTEGRACII-1S-COMMANDER-IMPORT-v2.6.1.xlsx,CORVONERO-CAMPAIGN-V2.6-FINAL-GROUP-PLAN-v1.json,CA-04-REMOTE::ca-04-site::интеграция сайта с 1с,expected_and_present,CORVONERO-CA-04-REMOTE-INTEGRACII-1S-COMMANDER-IMPORT-v2.6.1.xlsx,47,380,
EXP-000525,CA-04-REMOTE,Корво Неро — Интеграции 1С — Россия без НСО — поиск,CA-04,REMOTE,ca-04-site,Интеграция 1С с сайтом и API,интеграция сайта с 1с по api,интеграция сайта с 1с по api,DEPLOYABLE_GROUP_PLAN,REMOTE,CORVONERO-CA-04-REMOTE-INTEGRACII-1S-COMMANDER-IMPORT-v2.6.1.xlsx,CORVONERO-CAMPAIGN-V2.6-FINAL-GROUP-PLAN-v1.json,CA-04-REMOTE::ca-04-site::интеграция сайта с 1с по api,expected_and_present,CORVONERO-CA-04-REMOTE-INTEGRACII-1S-COMMANDER-IMPORT-v2.6.1.xlsx,48,370,
EXP-000526,CA-04-REMOTE,Корво Неро — Интеграции 1С — Россия без НСО — поиск,CA-04,REMOTE,ca-04-site,Интеграция 1С с сайтом и API,сайт личного кабинета интеграция с 1с,сайт личного кабинета интеграция с 1с,DEPLOYABLE_GROUP_PLAN,REMOTE,CORVONERO-CA-04-REMOTE-INTEGRACII-1S-COMMANDER-IMPORT-v2.6.1.xlsx,CORVONERO-CAMPAIGN-V2.6-FINAL-GROUP-PLAN-v1.json,CA-04-REMOTE::ca-04-site::сайт личного кабинета интеграция с 1с,expected_and_present,CORVONERO-CA-04-REMOTE-INTEGRACII-1S-COMMANDER-IMPORT-v2.6.1.xlsx,49,360,
EXP-000527,CA-04-REMOTE,Корво Неро — Интеграции 1С — Россия без НСО — поиск,CA-04,REMOTE,ca-04-sync,Синхронизация и обмен данными,1с доработка синхронизации,1с доработка синхронизации,DEPLOYABLE_GROUP_PLAN,REMOTE,CORVONERO-CA-04-REMOTE-INTEGRACII-1S-COMMANDER-IMPORT-v2.6.1.xlsx,CORVONERO-CAMPAIGN-V2.6-FINAL-GROUP-PLAN-v1.json,CA-04-REMOTE::ca-04-sync::1с доработка синхронизации,expected_and_present,CORVONERO-CA-04-REMOTE-INTEGRACII-1S-COMMANDER-IMPORT-v2.6.1.xlsx,51,400,
EXP-000528,CA-04-REMOTE,Корво Неро — Интеграции 1С — Россия без НСО — поиск,CA-04,REMOTE,ca-04-sync,Синхронизация и обмен данными,1с настройка синхронизации данных,1с настройка синхронизации данных,DEPLOYABLE_GROUP_PLAN,REMOTE,CORVONERO-CA-04-REMOTE-INTEGRACII-1S-COMMANDER-IMPORT-v2.6.1.xlsx,CORVONERO-CAMPAIGN-V2.6-FINAL-GROUP-PLAN-v1.json,CA-04-REMOTE::ca-04-sync::1с настройка синхронизации данных,expected_and_present,CORVONERO-CA-04-REMOTE-INTEGRACII-1S-COMMANDER-IMPORT-v2.6.1.xlsx,52,390,
EXP-000529,CA-04-REMOTE,Корво Неро — Интеграции 1С — Россия без НСО — поиск,CA-04,REMOTE,ca-04-sync,Синхронизация и обмен данными,настройка синхронизации 1с зуп и бп,настройка синхронизации 1с зуп и бп,DEPLOYABLE_GROUP_PLAN,REMOTE,CORVONERO-CA-04-REMOTE-INTEGRACII-1S-COMMANDER-IMPORT-v2.6.1.xlsx,CORVONERO-CAMPAIGN-V2.6-FINAL-GROUP-PLAN-v1.json,CA-04-REMOTE::ca-04-sync::настройка синхронизации 1с зуп и бп,expected_and_present,CORVONERO-CA-04-REMOTE-INTEGRACII-1S-COMMANDER-IMPORT-v2.6.1.xlsx,53,380,
EXP-000530,CA-04-REMOTE,Корво Неро — Интеграции 1С — Россия без НСО — поиск,CA-04,REMOTE,ca-04-sync,Синхронизация и обмен данными,настройка синхронизации через ftp в 1с,настройка синхронизации через ftp в 1с,DEPLOYABLE_GROUP_PLAN,REMOTE,CORVONERO-CA-04-REMOTE-INTEGRACII-1S-COMMANDER-IMPORT-v2.6.1.xlsx,CORVONERO-CAMPAIGN-V2.6-FINAL-GROUP-PLAN-v1.json,CA-04-REMOTE::ca-04-sync::настройка синхронизации через ftp в 1с,expected_and_present,CORVONERO-CA-04-REMOTE-INTEGRACII-1S-COMMANDER-IMPORT-v2.6.1.xlsx,54,370,
EXP-000531,CA-05-LOCAL,Корво Неро — Маркировка / Честный знак — Новосибирск и область — поиск,CA-05,LOCAL,ca-05-category-marking,Маркировка по товарным категориям,маркировка воды в 1с,маркировка воды в 1с,DEPLOYABLE_GROUP_PLAN,LOCAL,CORVONERO-CA-05-LOCAL-MARKIROVKA-1S-COMMANDER-IMPORT-v2.6.1.xlsx,CORVONERO-CAMPAIGN-V2.6-FINAL-GROUP-PLAN-v1.json,CA-05-LOCAL::ca-05-category-marking::маркировка воды в 1с,expected_and_present,CORVONERO-CA-05-LOCAL-MARKIROVKA-1S-COMMANDER-IMPORT-v2.6.1.xlsx,17,400,
EXP-000532,CA-05-LOCAL,Корво Неро — Маркировка / Честный знак — Новосибирск и область — поиск,CA-05,LOCAL,ca-05-category-marking,Маркировка по товарным категориям,маркировка игрушек в 1с,маркировка игрушек в 1с,DEPLOYABLE_GROUP_PLAN,LOCAL,CORVONERO-CA-05-LOCAL-MARKIROVKA-1S-COMMANDER-IMPORT-v2.6.1.xlsx,CORVONERO-CAMPAIGN-V2.6-FINAL-GROUP-PLAN-v1.json,CA-05-LOCAL::ca-05-category-marking::маркировка игрушек в 1с,expected_and_present,CORVONERO-CA-05-LOCAL-MARKIROVKA-1S-COMMANDER-IMPORT-v2.6.1.xlsx,18,390,
EXP-000533,CA-05-LOCAL,Корво Неро — Маркировка / Честный знак — Новосибирск и область — поиск,CA-05,LOCAL,ca-05-category-marking,Маркировка по товарным категориям,маркировка импортного товара в 1с,маркировка импортного товара в 1с,DEPLOYABLE_GROUP_PLAN,LOCAL,CORVONERO-CA-05-LOCAL-MARKIROVKA-1S-COMMANDER-IMPORT-v2.6.1.xlsx,CORVONERO-CAMPAIGN-V2.6-FINAL-GROUP-PLAN-v1.json,CA-05-LOCAL::ca-05-category-marking::маркировка импортного товара в 1с,expected_and_present,CORVONERO-CA-05-LOCAL-MARKIROVKA-1S-COMMANDER-IMPORT-v2.6.1.xlsx,19,380,
EXP-000534,CA-05-LOCAL,Корво Неро — Маркировка / Честный знак — Новосибирск и область — поиск,CA-05,LOCAL,ca-05-category-marking,Маркировка по товарным категориям,маркировка масел в 1с,маркировка масел в 1с,DEPLOYABLE_GROUP_PLAN,LOCAL,CORVONERO-CA-05-LOCAL-MARKIROVKA-1S-COMMANDER-IMPORT-v2.6.1.xlsx,CORVONERO-CAMPAIGN-V2.6-FINAL-GROUP-PLAN-v1.json,CA-05-LOCAL::ca-05-category-marking::маркировка масел в 1с,expected_and_present,CORVONERO-CA-05-LOCAL-MARKIROVKA-1S-COMMANDER-IMPORT-v2.6.1.xlsx,20,370,
EXP-000535,CA-05-LOCAL,Корво Неро — Маркировка / Честный знак — Новосибирск и область — поиск,CA-05,LOCAL,ca-05-category-marking,Маркировка по товарным категориям,маркировка молочной продукции в 1с,маркировка молочной продукции в 1с,DEPLOYABLE_GROUP_PLAN,LOCAL,CORVONERO-CA-05-LOCAL-MARKIROVKA-1S-COMMANDER-IMPORT-v2.6.1.xlsx,CORVONERO-CAMPAIGN-V2.6-FINAL-GROUP-PLAN-v1.json,CA-05-LOCAL::ca-05-category-marking::маркировка молочной продукции в 1с,expected_and_present,CORVONERO-CA-05-LOCAL-MARKIROVKA-1S-COMMANDER-IMPORT-v2.6.1.xlsx,21,360,
EXP-000536,CA-05-LOCAL,Корво Неро — Маркировка / Честный знак — Новосибирск и область — поиск,CA-05,LOCAL,ca-05-category-marking,Маркировка по товарным категориям,маркировка набора в 1с,маркировка набора в 1с,DEPLOYABLE_GROUP_PLAN,LOCAL,CORVONERO-CA-05-LOCAL-MARKIROVKA-1S-COMMANDER-IMPORT-v2.6.1.xlsx,CORVONERO-CAMPAIGN-V2.6-FINAL-GROUP-PLAN-v1.json,CA-05-LOCAL::ca-05-category-marking::маркировка набора в 1с,expected_and_present,CORVONERO-CA-05-LOCAL-MARKIROVKA-1S-COMMANDER-IMPORT-v2.6.1.xlsx,22,350,
EXP-000537,CA-05-LOCAL,Корво Неро — Маркировка / Честный знак — Новосибирск и область — поиск,CA-05,LOCAL,ca-05-category-marking,Маркировка по товарным категориям,маркировка наборов в 1с унф,маркировка наборов в 1с унф,DEPLOYABLE_GROUP_PLAN,LOCAL,CORVONERO-CA-05-LOCAL-MARKIROVKA-1S-COMMANDER-IMPORT-v2.6.1.xlsx,CORVONERO-CAMPAIGN-V2.6-FINAL-GROUP-PLAN-v1.json,CA-05-LOCAL::ca-05-category-marking::маркировка наборов в 1с унф,expected_and_present,CORVONERO-CA-05-LOCAL-MARKIROVKA-1S-COMMANDER-IMPORT-v2.6.1.xlsx,23,340,
EXP-000538,CA-05-LOCAL,Корво Неро — Маркировка / Честный знак — Новосибирск и область — поиск,CA-05,LOCAL,ca-05-category-marking,Маркировка по товарным категориям,маркировка наборов в 1с ут,маркировка наборов в 1с ут,DEPLOYABLE_GROUP_PLAN,LOCAL,CORVONERO-CA-05-LOCAL-MARKIROVKA-1S-COMMANDER-IMPORT-v2.6.1.xlsx,CORVONERO-CAMPAIGN-V2.6-FINAL-GROUP-PLAN-v1.json,CA-05-LOCAL::ca-05-category-marking::маркировка наборов в 1с ут,expected_and_present,CORVONERO-CA-05-LOCAL-MARKIROVKA-1S-COMMANDER-IMPORT-v2.6.1.xlsx,24,330,
EXP-000539,CA-05-LOCAL,Корво Неро — Маркировка / Честный знак — Новосибирск и область — поиск,CA-05,LOCAL,ca-05-category-marking,Маркировка по товарным категориям,маркировка одежды в 1с,маркировка одежды в 1с,DEPLOYABLE_GROUP_PLAN,LOCAL,CORVONERO-CA-05-LOCAL-MARKIROVKA-1S-COMMANDER-IMPORT-v2.6.1.xlsx,CORVONERO-CAMPAIGN-V2.6-FINAL-GROUP-PLAN-v1.json,CA-05-LOCAL::ca-05-category-marking::маркировка одежды в 1с,expected_and_present,CORVONERO-CA-05-LOCAL-MARKIROVKA-1S-COMMANDER-IMPORT-v2.6.1.xlsx,25,320,
EXP-000540,CA-05-LOCAL,Корво Неро — Маркировка / Честный знак — Новосибирск и область — поиск,CA-05,LOCAL,ca-05-category-marking,Маркировка по товарным категориям,маркировка пива в 1с,маркировка пива в 1с,DEPLOYABLE_GROUP_PLAN,LOCAL,CORVONERO-CA-05-LOCAL-MARKIROVKA-1S-COMMANDER-IMPORT-v2.6.1.xlsx,CORVONERO-CAMPAIGN-V2.6-FINAL-GROUP-PLAN-v1.json,CA-05-LOCAL::ca-05-category-marking::маркировка пива в 1с,expected_and_present,CORVONERO-CA-05-LOCAL-MARKIROVKA-1S-COMMANDER-IMPORT-v2.6.1.xlsx,26,310,
EXP-000541,CA-05-LOCAL,Корво Неро — Маркировка / Честный знак — Новосибирск и область — поиск,CA-05,LOCAL,ca-05-category-marking,Маркировка по товарным категориям,маркировка радиоэлектроники честный знак 1с,маркировка радиоэлектроники честный знак 1с,DEPLOYABLE_GROUP_PLAN,LOCAL,CORVONERO-CA-05-LOCAL-MARKIROVKA-1S-COMMANDER-IMPORT-v2.6.1.xlsx,CORVONERO-CAMPAIGN-V2.6-FINAL-GROUP-PLAN-v1.json,CA-05-LOCAL::ca-05-category-marking::маркировка радиоэлектроники честный знак 1с,expected_and_present,CORVONERO-CA-05-LOCAL-MARKIROVKA-1S-COMMANDER-IMPORT-v2.6.1.xlsx,27,400,
EXP-000542,CA-05-LOCAL,Корво Неро — Маркировка / Честный знак — Новосибирск и область — поиск,CA-05,LOCAL,ca-05-category-marking,Маркировка по товарным категориям,маркировка радиоэлектронной продукции в 1с,маркировка радиоэлектронной продукции в 1с,DEPLOYABLE_GROUP_PLAN,LOCAL,CORVONERO-CA-05-LOCAL-MARKIROVKA-1S-COMMANDER-IMPORT-v2.6.1.xlsx,CORVONERO-CAMPAIGN-V2.6-FINAL-GROUP-PLAN-v1.json,CA-05-LOCAL::ca-05-category-marking::маркировка радиоэлектронной продукции в 1с,expected_and_present,CORVONERO-CA-05-LOCAL-MARKIROVKA-1S-COMMANDER-IMPORT-v2.6.1.xlsx,28,390,
EXP-000543,CA-05-LOCAL,Корво Неро — Маркировка / Честный знак — Новосибирск и область — поиск,CA-05,LOCAL,ca-05-category-marking,Маркировка по товарным категориям,маркировка радиоэлектронной продукции в 1с ут 11.4,маркировка радиоэлектронной продукции в 1с ут 11.4,DEPLOYABLE_GROUP_PLAN,LOCAL,CORVONERO-CA-05-LOCAL-MARKIROVKA-1S-COMMANDER-IMPORT-v2.6.1.xlsx,CORVONERO-CAMPAIGN-V2.6-FINAL-GROUP-PLAN-v1.json,CA-05-LOCAL::ca-05-category-marking::маркировка радиоэлектронной продукции в 1с ут 11.4,expected_and_present,CORVONERO-CA-05-LOCAL-MARKIROVKA-1S-COMMANDER-IMPORT-v2.6.1.xlsx,29,380,
EXP-000544,CA-05-LOCAL,Корво Неро — Маркировка / Честный знак — Новосибирск и область — поиск,CA-05,LOCAL,ca-05-config-marking,Маркировка — настройка в конфигурациях 1С,1с честный знак настройка сканера,1с честный знак настройка сканера,DEPLOYABLE_GROUP_PLAN,LOCAL,CORVONERO-CA-05-LOCAL-MARKIROVKA-1S-COMMANDER-IMPORT-v2.6.1.xlsx,CORVONERO-CAMPAIGN-V2.6-FINAL-GROUP-PLAN-v1.json,CA-05-LOCAL::ca-05-config-marking::1с честный знак настройка сканера,expected_and_present,CORVONERO-CA-05-LOCAL-MARKIROVKA-1S-COMMANDER-IMPORT-v2.6.1.xlsx,31,400,
EXP-000545,CA-05-LOCAL,Корво Неро — Маркировка / Честный знак — Новосибирск и область — поиск,CA-05,LOCAL,ca-05-config-marking,Маркировка — настройка в конфигурациях 1С,автоматизация маркировки в 1с,автоматизация маркировки в 1с,DEPLOYABLE_GROUP_PLAN,LOCAL,CORVONERO-CA-05-LOCAL-MARKIROVKA-1S-COMMANDER-IMPORT-v2.6.1.xlsx,CORVONERO-CAMPAIGN-V2.6-FINAL-GROUP-PLAN-v1.json,CA-05-LOCAL::ca-05-config-marking::автоматизация маркировки в 1с,expected_and_present,CORVONERO-CA-05-LOCAL-MARKIROVKA-1S-COMMANDER-IMPORT-v2.6.1.xlsx,32,390,
EXP-000546,CA-05-LOCAL,Корво Неро — Маркировка / Честный знак — Новосибирск и область — поиск,CA-05,LOCAL,ca-05-config-marking,Маркировка — настройка в конфигурациях 1С,внедрение маркировки в 1с,внедрение маркировки в 1с,DEPLOYABLE_GROUP_PLAN,LOCAL,CORVONERO-CA-05-LOCAL-MARKIROVKA-1S-COMMANDER-IMPORT-v2.6.1.xlsx,CORVONERO-CAMPAIGN-V2.6-FINAL-GROUP-PLAN-v1.json,CA-05-LOCAL::ca-05-config-marking::внедрение маркировки в 1с,expected_and_present,CORVONERO-CA-05-LOCAL-MARKIROVKA-1S-COMMANDER-IMPORT-v2.6.1.xlsx,33,380,
EXP-000547,CA-05-LOCAL,Корво Неро — Маркировка / Честный знак — Новосибирск и область — поиск,CA-05,LOCAL,ca-05-config-marking,Маркировка — настройка в конфигурациях 1С,внедрение честного знака в 1с,внедрение честного знака в 1с,DEPLOYABLE_GROUP_PLAN,LOCAL,CORVONERO-CA-05-LOCAL-MARKIROVKA-1S-COMMANDER-IMPORT-v2.6.1.xlsx,CORVONERO-CAMPAIGN-V2.6-FINAL-GROUP-PLAN-v1.json,CA-05-LOCAL::ca-05-config-marking::внедрение честного знака в 1с,expected_and_present,CORVONERO-CA-05-LOCAL-MARKIROVKA-1S-COMMANDER-IMPORT-v2.6.1.xlsx,34,370,
EXP-000548,CA-05-LOCAL,Корво Неро — Маркировка / Честный знак — Новосибирск и область — поиск,CA-05,LOCAL,ca-05-config-marking,Маркировка — настройка в конфигурациях 1С,маркировка в 1с ка,маркировка в 1с ка,DEPLOYABLE_GROUP_PLAN,LOCAL,CORVONERO-CA-05-LOCAL-MARKIROVKA-1S-COMMANDER-IMPORT-v2.6.1.xlsx,CORVONERO-CAMPAIGN-V2.6-FINAL-GROUP-PLAN-v1.json,CA-05-LOCAL::ca-05-config-marking::маркировка в 1с ка,expected_and_present,CORVONERO-CA-05-LOCAL-MARKIROVKA-1S-COMMANDER-IMPORT-v2.6.1.xlsx,35,360,
EXP-000549,CA-05-LOCAL,Корво Неро — Маркировка / Честный знак — Новосибирск и область — поиск,CA-05,LOCAL,ca-05-config-marking,Маркировка — настройка в конфигурациях 1С,маркировка в 1с с нуля,маркировка в 1с с нуля,DEPLOYABLE_GROUP_PLAN,LOCAL,CORVONERO-CA-05-LOCAL-MARKIROVKA-1S-COMMANDER-IMPORT-v2.6.1.xlsx,CORVONERO-CAMPAIGN-V2.6-FINAL-GROUP-PLAN-v1.json,CA-05-LOCAL::ca-05-config-marking::маркировка в 1с с нуля,expected_and_present,CORVONERO-CA-05-LOCAL-MARKIROVKA-1S-COMMANDER-IMPORT-v2.6.1.xlsx,36,350,
EXP-000550,CA-05-LOCAL,Корво Неро — Маркировка / Честный знак — Новосибирск и область — поиск,CA-05,LOCAL,ca-05-config-marking,Маркировка — настройка в конфигурациях 1С,маркировка в 1с торговля,маркировка в 1с торговля,DEPLOYABLE_GROUP_PLAN,LOCAL,CORVONERO-CA-05-LOCAL-MARKIROVKA-1S-COMMANDER-IMPORT-v2.6.1.xlsx,CORVONERO-CAMPAIGN-V2.6-FINAL-GROUP-PLAN-v1.json,CA-05-LOCAL::ca-05-config-marking::маркировка в 1с торговля,expected_and_present,CORVONERO-CA-05-LOCAL-MARKIROVKA-1S-COMMANDER-IMPORT-v2.6.1.xlsx,37,340,
EXP-000551,CA-05-LOCAL,Корво Неро — Маркировка / Честный знак — Новосибирск и область — поиск,CA-05,LOCAL,ca-05-config-marking,Маркировка — настройка в конфигурациях 1С,маркировка в 1с упп,маркировка в 1с упп,DEPLOYABLE_GROUP_PLAN,LOCAL,CORVONERO-CA-05-LOCAL-MARKIROVKA-1S-COMMANDER-IMPORT-v2.6.1.xlsx,CORVONERO-CAMPAIGN-V2.6-FINAL-GROUP-PLAN-v1.json,CA-05-LOCAL::ca-05-config-marking::маркировка в 1с упп,expected_and_present,CORVONERO-CA-05-LOCAL-MARKIROVKA-1S-COMMANDER-IMPORT-v2.6.1.xlsx,38,330,
EXP-000552,CA-05-LOCAL,Корво Неро — Маркировка / Честный знак — Новосибирск и область — поиск,CA-05,LOCAL,ca-05-config-marking,Маркировка — настройка в конфигурациях 1С,маркировка в 1с фреш,маркировка в 1с фреш,DEPLOYABLE_GROUP_PLAN,LOCAL,CORVONERO-CA-05-LOCAL-MARKIROVKA-1S-COMMANDER-IMPORT-v2.6.1.xlsx,CORVONERO-CAMPAIGN-V2.6-FINAL-GROUP-PLAN-v1.json,CA-05-LOCAL::ca-05-config-marking::маркировка в 1с фреш,expected_and_present,CORVONERO-CA-05-LOCAL-MARKIROVKA-1S-COMMANDER-IMPORT-v2.6.1.xlsx,39,320,
EXP-000553,CA-05-LOCAL,Корво Неро — Маркировка / Честный знак — Новосибирск и область — поиск,CA-05,LOCAL,ca-05-config-marking,Маркировка — настройка в конфигурациях 1С,маркировка в 1с через сбис,маркировка в 1с через сбис,DEPLOYABLE_GROUP_PLAN,LOCAL,CORVONERO-CA-05-LOCAL-MARKIROVKA-1S-COMMANDER-IMPORT-v2.6.1.xlsx,CORVONERO-CAMPAIGN-V2.6-FINAL-GROUP-PLAN-v1.json,CA-05-LOCAL::ca-05-config-marking::маркировка в 1с через сбис,expected_and_present,CORVONERO-CA-05-LOCAL-MARKIROVKA-1S-COMMANDER-IMPORT-v2.6.1.xlsx,40,310,
EXP-000554,CA-05-LOCAL,Корво Неро — Маркировка / Честный знак — Новосибирск и область — поиск,CA-05,LOCAL,ca-05-config-marking,Маркировка — настройка в конфигурациях 1С,маркировка в 1с шины,маркировка в 1с шины,DEPLOYABLE_GROUP_PLAN,LOCAL,CORVONERO-CA-05-LOCAL-MARKIROVKA-1S-COMMANDER-IMPORT-v2.6.1.xlsx,CORVONERO-CAMPAIGN-V2.6-FINAL-GROUP-PLAN-v1.json,CA-05-LOCAL::ca-05-config-marking::маркировка в 1с шины,expected_and_present,CORVONERO-CA-05-LOCAL-MARKIROVKA-1S-COMMANDER-IMPORT-v2.6.1.xlsx,41,400,
EXP-000555,CA-05-LOCAL,Корво Неро — Маркировка / Честный знак — Новосибирск и область — поиск,CA-05,LOCAL,ca-05-config-marking,Маркировка — настройка в конфигурациях 1С,маркировка в 1с эдо,маркировка в 1с эдо,DEPLOYABLE_GROUP_PLAN,LOCAL,CORVONERO-CA-05-LOCAL-MARKIROVKA-1S-COMMANDER-IMPORT-v2.6.1.xlsx,CORVONERO-CAMPAIGN-V2.6-FINAL-GROUP-PLAN-v1.json,CA-05-LOCAL::ca-05-config-marking::маркировка в 1с эдо,expected_and_present,CORVONERO-CA-05-LOCAL-MARKIROVKA-1S-COMMANDER-IMPORT-v2.6.1.xlsx,42,390,
EXP-000556,CA-05-LOCAL,Корво Неро — Маркировка / Честный знак — Новосибирск и область — поиск,CA-05,LOCAL,ca-05-config-marking,Маркировка — настройка в конфигурациях 1С,маркировка честный знак 1с 2026,маркировка честный знак 1с 2026,DEPLOYABLE_GROUP_PLAN,LOCAL,CORVONERO-CA-05-LOCAL-MARKIROVKA-1S-COMMANDER-IMPORT-v2.6.1.xlsx,CORVONERO-CAMPAIGN-V2.6-FINAL-GROUP-PLAN-v1.json,CA-05-LOCAL::ca-05-config-marking::маркировка честный знак 1с 2026,expected_and_present,CORVONERO-CA-05-LOCAL-MARKIROVKA-1S-COMMANDER-IMPORT-v2.6.1.xlsx,43,380,
EXP-000557,CA-05-LOCAL,Корво Неро — Маркировка / Честный знак — Новосибирск и область — поиск,CA-05,LOCAL,ca-05-config-marking,Маркировка — настройка в конфигурациях 1С,маркировка честный знак 1с упп,маркировка честный знак 1с упп,DEPLOYABLE_GROUP_PLAN,LOCAL,CORVONERO-CA-05-LOCAL-MARKIROVKA-1S-COMMANDER-IMPORT-v2.6.1.xlsx,CORVONERO-CAMPAIGN-V2.6-FINAL-GROUP-PLAN-v1.json,CA-05-LOCAL::ca-05-config-marking::маркировка честный знак 1с упп,expected_and_present,CORVONERO-CA-05-LOCAL-MARKIROVKA-1S-COMMANDER-IMPORT-v2.6.1.xlsx,44,370,
EXP-000558,CA-05-LOCAL,Корво Неро — Маркировка / Честный знак — Новосибирск и область — поиск,CA-05,LOCAL,ca-05-config-marking,Маркировка — настройка в конфигурациях 1С,маркировка честный знак в 1с,маркировка честный знак в 1с,DEPLOYABLE_GROUP_PLAN,LOCAL,CORVONERO-CA-05-LOCAL-MARKIROVKA-1S-COMMANDER-IMPORT-v2.6.1.xlsx,CORVONERO-CAMPAIGN-V2.6-FINAL-GROUP-PLAN-v1.json,CA-05-LOCAL::ca-05-config-marking::маркировка честный знак в 1с,expected_and_present,CORVONERO-CA-05-LOCAL-MARKIROVKA-1S-COMMANDER-IMPORT-v2.6.1.xlsx,45,360,
EXP-000559,CA-05-LOCAL,Корво Неро — Маркировка / Честный знак — Новосибирск и область — поиск,CA-05,LOCAL,ca-05-config-marking,Маркировка — настройка в конфигурациях 1С,маркировка честный знак через 1с,маркировка честный знак через 1с,DEPLOYABLE_GROUP_PLAN,LOCAL,CORVONERO-CA-05-LOCAL-MARKIROVKA-1S-COMMANDER-IMPORT-v2.6.1.xlsx,CORVONERO-CAMPAIGN-V2.6-FINAL-GROUP-PLAN-v1.json,CA-05-LOCAL::ca-05-config-marking::маркировка честный знак через 1с,expected_and_present,CORVONERO-CA-05-LOCAL-MARKIROVKA-1S-COMMANDER-IMPORT-v2.6.1.xlsx,46,350,
EXP-000560,CA-05-LOCAL,Корво Неро — Маркировка / Честный знак — Новосибирск и область — поиск,CA-05,LOCAL,ca-05-config-marking,Маркировка — настройка в конфигурациях 1С,настройка маркировки в 1с,настройка маркировки в 1с,DEPLOYABLE_GROUP_PLAN,LOCAL,CORVONERO-CA-05-LOCAL-MARKIROVKA-1S-COMMANDER-IMPORT-v2.6.1.xlsx,CORVONERO-CAMPAIGN-V2.6-FINAL-GROUP-PLAN-v1.json,CA-05-LOCAL::ca-05-config-marking::настройка маркировки в 1с,expected_and_present,CORVONERO-CA-05-LOCAL-MARKIROVKA-1S-COMMANDER-IMPORT-v2.6.1.xlsx,47,340,
EXP-000561,CA-05-LOCAL,Корво Неро — Маркировка / Честный знак — Новосибирск и область — поиск,CA-05,LOCAL,ca-05-config-marking,Маркировка — настройка в конфигурациях 1С,настройка номенклатуры в 1с для честного знака,настройка номенклатуры в 1с для честного знака,DEPLOYABLE_GROUP_PLAN,LOCAL,CORVONERO-CA-05-LOCAL-MARKIROVKA-1S-COMMANDER-IMPORT-v2.6.1.xlsx,CORVONERO-CAMPAIGN-V2.6-FINAL-GROUP-PLAN-v1.json,CA-05-LOCAL::ca-05-config-marking::настройка номенклатуры в 1с для честного знака,expected_and_present,CORVONERO-CA-05-LOCAL-MARKIROVKA-1S-COMMANDER-IMPORT-v2.6.1.xlsx,48,330,
EXP-000562,CA-05-LOCAL,Корво Неро — Маркировка / Честный знак — Новосибирск и область — поиск,CA-05,LOCAL,ca-05-config-marking,Маркировка — настройка в конфигурациях 1С,настройка сканера для маркировки в 1с,настройка сканера для маркировки в 1с,DEPLOYABLE_GROUP_PLAN,LOCAL,CORVONERO-CA-05-LOCAL-MARKIROVKA-1S-COMMANDER-IMPORT-v2.6.1.xlsx,CORVONERO-CAMPAIGN-V2.6-FINAL-GROUP-PLAN-v1.json,CA-05-LOCAL::ca-05-config-marking::настройка сканера для маркировки в 1с,expected_and_present,CORVONERO-CA-05-LOCAL-MARKIROVKA-1S-COMMANDER-IMPORT-v2.6.1.xlsx,49,320,
EXP-000563,CA-05-LOCAL,Корво Неро — Маркировка / Честный знак — Новосибирск и область — поиск,CA-05,LOCAL,ca-05-config-marking,Маркировка — настройка в конфигурациях 1С,настройка честного знака в 1с,настройка честного знака в 1с,DEPLOYABLE_GROUP_PLAN,LOCAL,CORVONERO-CA-05-LOCAL-MARKIROVKA-1S-COMMANDER-IMPORT-v2.6.1.xlsx,CORVONERO-CAMPAIGN-V2.6-FINAL-GROUP-PLAN-v1.json,CA-05-LOCAL::ca-05-config-marking::настройка честного знака в 1с,expected_and_present,CORVONERO-CA-05-LOCAL-MARKIROVKA-1S-COMMANDER-IMPORT-v2.6.1.xlsx,50,310,
EXP-000564,CA-05-LOCAL,Корво Неро — Маркировка / Честный знак — Новосибирск и область — поиск,CA-05,LOCAL,ca-05-config-marking,Маркировка — настройка в конфигурациях 1С,передача маркировки в 1с,передача маркировки в 1с,DEPLOYABLE_GROUP_PLAN,LOCAL,CORVONERO-CA-05-LOCAL-MARKIROVKA-1S-COMMANDER-IMPORT-v2.6.1.xlsx,CORVONERO-CAMPAIGN-V2.6-FINAL-GROUP-PLAN-v1.json,CA-05-LOCAL::ca-05-config-marking::передача маркировки в 1с,expected_and_present,CORVONERO-CA-05-LOCAL-MARKIROVKA-1S-COMMANDER-IMPORT-v2.6.1.xlsx,51,400,
EXP-000565,CA-05-LOCAL,Корво Неро — Маркировка / Честный знак — Новосибирск и область — поиск,CA-05,LOCAL,ca-05-config-marking,Маркировка — настройка в конфигурациях 1С,подключение маркировки в 1с,подключение маркировки в 1с,DEPLOYABLE_GROUP_PLAN,LOCAL,CORVONERO-CA-05-LOCAL-MARKIROVKA-1S-COMMANDER-IMPORT-v2.6.1.xlsx,CORVONERO-CAMPAIGN-V2.6-FINAL-GROUP-PLAN-v1.json,CA-05-LOCAL::ca-05-config-marking::подключение маркировки в 1с,expected_and_present,CORVONERO-CA-05-LOCAL-MARKIROVKA-1S-COMMANDER-IMPORT-v2.6.1.xlsx,52,390,
EXP-000566,CA-05-LOCAL,Корво Неро — Маркировка / Честный знак — Новосибирск и область — поиск,CA-05,LOCAL,ca-05-config-marking,Маркировка — настройка в конфигурациях 1С,подключение честного знака в 1с,подключение честного знака в 1с,DEPLOYABLE_GROUP_PLAN,LOCAL,CORVONERO-CA-05-LOCAL-MARKIROVKA-1S-COMMANDER-IMPORT-v2.6.1.xlsx,CORVONERO-CAMPAIGN-V2.6-FINAL-GROUP-PLAN-v1.json,CA-05-LOCAL::ca-05-config-marking::подключение честного знака в 1с,expected_and_present,CORVONERO-CA-05-LOCAL-MARKIROVKA-1S-COMMANDER-IMPORT-v2.6.1.xlsx,53,380,
EXP-000567,CA-05-LOCAL,Корво Неро — Маркировка / Честный знак — Новосибирск и область — поиск,CA-05,LOCAL,ca-05-config-marking,Маркировка — настройка в конфигурациях 1С,сбис маркировка в 1с,сбис маркировка в 1с,DEPLOYABLE_GROUP_PLAN,LOCAL,CORVONERO-CA-05-LOCAL-MARKIROVKA-1S-COMMANDER-IMPORT-v2.6.1.xlsx,CORVONERO-CAMPAIGN-V2.6-FINAL-GROUP-PLAN-v1.json,CA-05-LOCAL::ca-05-config-marking::сбис маркировка в 1с,expected_and_present,CORVONERO-CA-05-LOCAL-MARKIROVKA-1S-COMMANDER-IMPORT-v2.6.1.xlsx,54,370,
EXP-000568,CA-05-LOCAL,Корво Неро — Маркировка / Честный знак — Новосибирск и область — поиск,CA-05,LOCAL,ca-05-connect-setup,Честный знак — подключение и настройка,1с автосервис честный знак,1с автосервис честный знак,DEPLOYABLE_GROUP_PLAN,LOCAL,CORVONERO-CA-05-LOCAL-MARKIROVKA-1S-COMMANDER-IMPORT-v2.6.1.xlsx,CORVONERO-CAMPAIGN-V2.6-FINAL-GROUP-PLAN-v1.json,CA-05-LOCAL::ca-05-connect-setup::1с автосервис честный знак,expected_and_present,CORVONERO-CA-05-LOCAL-MARKIROVKA-1S-COMMANDER-IMPORT-v2.6.1.xlsx,56,400,
EXP-000569,CA-05-LOCAL,Корво Неро — Маркировка / Честный знак — Новосибирск и область — поиск,CA-05,LOCAL,ca-05-connect-setup,Честный знак — подключение и настройка,1с мобильная касса честный знак,1с мобильная касса честный знак,DEPLOYABLE_GROUP_PLAN,LOCAL,CORVONERO-CA-05-LOCAL-MARKIROVKA-1S-COMMANDER-IMPORT-v2.6.1.xlsx,CORVONERO-CAMPAIGN-V2.6-FINAL-GROUP-PLAN-v1.json,CA-05-LOCAL::ca-05-connect-setup::1с мобильная касса честный знак,expected_and_present,CORVONERO-CA-05-LOCAL-MARKIROVKA-1S-COMMANDER-IMPORT-v2.6.1.xlsx,57,390,
EXP-000570,CA-05-LOCAL,Корво Неро — Маркировка / Честный знак — Новосибирск и область — поиск,CA-05,LOCAL,ca-05-connect-setup,Честный знак — подключение и настройка,1с обработка честный знак,1с обработка честный знак,DEPLOYABLE_GROUP_PLAN,LOCAL,CORVONERO-CA-05-LOCAL-MARKIROVKA-1S-COMMANDER-IMPORT-v2.6.1.xlsx,CORVONERO-CAMPAIGN-V2.6-FINAL-GROUP-PLAN-v1.json,CA-05-LOCAL::ca-05-connect-setup::1с обработка честный знак,expected_and_present,CORVONERO-CA-05-LOCAL-MARKIROVKA-1S-COMMANDER-IMPORT-v2.6.1.xlsx,58,380,
EXP-000571,CA-05-LOCAL,Корво Неро — Маркировка / Честный знак — Новосибирск и область — поиск,CA-05,LOCAL,ca-05-connect-setup,Честный знак — подключение и настройка,как подключить маркировку в 1с,как подключить маркировку в 1с,DEPLOYABLE_GROUP_PLAN,LOCAL,CORVONERO-CA-05-LOCAL-MARKIROVKA-1S-COMMANDER-IMPORT-v2.6.1.xlsx,CORVONERO-CAMPAIGN-V2.6-FINAL-GROUP-PLAN-v1.json,CA-05-LOCAL::ca-05-connect-setup::как подключить маркировку в 1с,expected_and_present,CORVONERO-CA-05-LOCAL-MARKIROVKA-1S-COMMANDER-IMPORT-v2.6.1.xlsx,59,370,
EXP-000572,CA-05-LOCAL,Корво Неро — Маркировка / Честный знак — Новосибирск и область — поиск,CA-05,LOCAL,ca-05-connect-setup,Честный знак — подключение и настройка,маркировка в программах 1с,маркировка в программах 1с,DEPLOYABLE_GROUP_PLAN,LOCAL,CORVONERO-CA-05-LOCAL-MARKIROVKA-1S-COMMANDER-IMPORT-v2.6.1.xlsx,CORVONERO-CAMPAIGN-V2.6-FINAL-GROUP-PLAN-v1.json,CA-05-LOCAL::ca-05-connect-setup::маркировка в программах 1с,expected_and_present,CORVONERO-CA-05-LOCAL-MARKIROVKA-1S-COMMANDER-IMPORT-v2.6.1.xlsx,60,360,
EXP-000573,CA-05-LOCAL,Корво Неро — Маркировка / Честный знак — Новосибирск и область — поиск,CA-05,LOCAL,ca-05-connect-setup,Честный знак — подключение и настройка,маркировка номенклатуры в 1с,маркировка номенклатуры в 1с,DEPLOYABLE_GROUP_PLAN,LOCAL,CORVONERO-CA-05-LOCAL-MARKIROVKA-1S-COMMANDER-IMPORT-v2.6.1.xlsx,CORVONERO-CAMPAIGN-V2.6-FINAL-GROUP-PLAN-v1.json,CA-05-LOCAL::ca-05-connect-setup::маркировка номенклатуры в 1с,expected_and_present,CORVONERO-CA-05-LOCAL-MARKIROVKA-1S-COMMANDER-IMPORT-v2.6.1.xlsx,61,350,
EXP-000574,CA-05-LOCAL,Корво Неро — Маркировка / Честный знак — Новосибирск и область — поиск,CA-05,LOCAL,ca-05-connect-setup,Честный знак — подключение и настройка,маркировка продукции в 1с,маркировка продукции в 1с,DEPLOYABLE_GROUP_PLAN,LOCAL,CORVONERO-CA-05-LOCAL-MARKIROVKA-1S-COMMANDER-IMPORT-v2.6.1.xlsx,CORVONERO-CAMPAIGN-V2.6-FINAL-GROUP-PLAN-v1.json,CA-05-LOCAL::ca-05-connect-setup::маркировка продукции в 1с,expected_and_present,CORVONERO-CA-05-LOCAL-MARKIROVKA-1S-COMMANDER-IMPORT-v2.6.1.xlsx,62,340,
EXP-000575,CA-05-LOCAL,Корво Неро — Маркировка / Честный знак — Новосибирск и область — поиск,CA-05,LOCAL,ca-05-connect-setup,Честный знак — подключение и настройка,маркировка склада в 1с,маркировка склада в 1с,DEPLOYABLE_GROUP_PLAN,LOCAL,CORVONERO-CA-05-LOCAL-MARKIROVKA-1S-COMMANDER-IMPORT-v2.6.1.xlsx,CORVONERO-CAMPAIGN-V2.6-FINAL-GROUP-PLAN-v1.json,CA-05-LOCAL::ca-05-connect-setup::маркировка склада в 1с,expected_and_present,CORVONERO-CA-05-LOCAL-MARKIROVKA-1S-COMMANDER-IMPORT-v2.6.1.xlsx,63,330,
EXP-000576,CA-05-LOCAL,Корво Неро — Маркировка / Честный знак — Новосибирск и область — поиск,CA-05,LOCAL,ca-05-connect-setup,Честный знак — подключение и настройка,маркировка товара честный знак 1с,маркировка товара честный знак 1с,DEPLOYABLE_GROUP_PLAN,LOCAL,CORVONERO-CA-05-LOCAL-MARKIROVKA-1S-COMMANDER-IMPORT-v2.6.1.xlsx,CORVONERO-CAMPAIGN-V2.6-FINAL-GROUP-PLAN-v1.json,CA-05-LOCAL::ca-05-connect-setup::маркировка товара честный знак 1с,expected_and_present,CORVONERO-CA-05-LOCAL-MARKIROVKA-1S-COMMANDER-IMPORT-v2.6.1.xlsx,64,320,
EXP-000577,CA-05-LOCAL,Корво Неро — Маркировка / Честный знак — Новосибирск и область — поиск,CA-05,LOCAL,ca-05-connect-setup,Честный знак — подключение и настройка,маркировка товаров в 1с,маркировка товаров в 1с,DEPLOYABLE_GROUP_PLAN,LOCAL,CORVONERO-CA-05-LOCAL-MARKIROVKA-1S-COMMANDER-IMPORT-v2.6.1.xlsx,CORVONERO-CAMPAIGN-V2.6-FINAL-GROUP-PLAN-v1.json,CA-05-LOCAL::ca-05-connect-setup::маркировка товаров в 1с,expected_and_present,CORVONERO-CA-05-LOCAL-MARKIROVKA-1S-COMMANDER-IMPORT-v2.6.1.xlsx,65,310,
EXP-000578,CA-05-LOCAL,Корво Неро — Маркировка / Честный знак — Новосибирск и область — поиск,CA-05,LOCAL,ca-05-connect-setup,Честный знак — подключение и настройка,маркировка товаров в 1с 8.3,маркировка товаров в 1с 8.3,DEPLOYABLE_GROUP_PLAN,LOCAL,CORVONERO-CA-05-LOCAL-MARKIROVKA-1S-COMMANDER-IMPORT-v2.6.1.xlsx,CORVONERO-CAMPAIGN-V2.6-FINAL-GROUP-PLAN-v1.json,CA-05-LOCAL::ca-05-connect-setup::маркировка товаров в 1с 8.3,expected_and_present,CORVONERO-CA-05-LOCAL-MARKIROVKA-1S-COMMANDER-IMPORT-v2.6.1.xlsx,66,400,
EXP-000579,CA-05-LOCAL,Корво Неро — Маркировка / Честный знак — Новосибирск и область — поиск,CA-05,LOCAL,ca-05-connect-setup,Честный знак — подключение и настройка,маркировка товаров в 1с честный знак,маркировка товаров в 1с честный знак,DEPLOYABLE_GROUP_PLAN,LOCAL,CORVONERO-CA-05-LOCAL-MARKIROVKA-1S-COMMANDER-IMPORT-v2.6.1.xlsx,CORVONERO-CAMPAIGN-V2.6-FINAL-GROUP-PLAN-v1.json,CA-05-LOCAL::ca-05-connect-setup::маркировка товаров в 1с честный знак,expected_and_present,CORVONERO-CA-05-LOCAL-MARKIROVKA-1S-COMMANDER-IMPORT-v2.6.1.xlsx,67,390,
EXP-000580,CA-05-LOCAL,Корво Неро — Маркировка / Честный знак — Новосибирск и область — поиск,CA-05,LOCAL,ca-05-connect-setup,Честный знак — подключение и настройка,маркировка товаров ис мп в 1с,маркировка товаров ис мп в 1с,DEPLOYABLE_GROUP_PLAN,LOCAL,CORVONERO-CA-05-LOCAL-MARKIROVKA-1S-COMMANDER-IMPORT-v2.6.1.xlsx,CORVONERO-CAMPAIGN-V2.6-FINAL-GROUP-PLAN-v1.json,CA-05-LOCAL::ca-05-connect-setup::маркировка товаров ис мп в 1с,expected_and_present,CORVONERO-CA-05-LOCAL-MARKIROVKA-1S-COMMANDER-IMPORT-v2.6.1.xlsx,68,380,
EXP-000581,CA-05-LOCAL,Корво Неро — Маркировка / Честный знак — Новосибирск и область — поиск,CA-05,LOCAL,ca-05-connect-setup,Честный знак — подключение и настройка,маркировка чз в 1с,маркировка чз в 1с,DEPLOYABLE_GROUP_PLAN,LOCAL,CORVONERO-CA-05-LOCAL-MARKIROVKA-1S-COMMANDER-IMPORT-v2.6.1.xlsx,CORVONERO-CAMPAIGN-V2.6-FINAL-GROUP-PLAN-v1.json,CA-05-LOCAL::ca-05-connect-setup::маркировка чз в 1с,expected_and_present,CORVONERO-CA-05-LOCAL-MARKIROVKA-1S-COMMANDER-IMPORT-v2.6.1.xlsx,69,370,
EXP-000582,CA-05-LOCAL,Корво Неро — Маркировка / Честный знак — Новосибирск и область — поиск,CA-05,LOCAL,ca-05-connect-setup,Честный знак — подключение и настройка,настройка 1с для работы с честным знаком,настройка 1с для работы с честным знаком,DEPLOYABLE_GROUP_PLAN,LOCAL,CORVONERO-CA-05-LOCAL-MARKIROVKA-1S-COMMANDER-IMPORT-v2.6.1.xlsx,CORVONERO-CAMPAIGN-V2.6-FINAL-GROUP-PLAN-v1.json,CA-05-LOCAL::ca-05-connect-setup::настройка 1с для работы с честным знаком,expected_and_present,CORVONERO-CA-05-LOCAL-MARKIROVKA-1S-COMMANDER-IMPORT-v2.6.1.xlsx,70,360,
EXP-000583,CA-05-LOCAL,Корво Неро — Маркировка / Честный знак — Новосибирск и область — поиск,CA-05,LOCAL,ca-05-connect-setup,Честный знак — подключение и настройка,настройка 1с под честный знак,настройка 1с под честный знак,DEPLOYABLE_GROUP_PLAN,LOCAL,CORVONERO-CA-05-LOCAL-MARKIROVKA-1S-COMMANDER-IMPORT-v2.6.1.xlsx,CORVONERO-CAMPAIGN-V2.6-FINAL-GROUP-PLAN-v1.json,CA-05-LOCAL::ca-05-connect-setup::настройка 1с под честный знак,expected_and_present,CORVONERO-CA-05-LOCAL-MARKIROVKA-1S-COMMANDER-IMPORT-v2.6.1.xlsx,71,350,
EXP-000584,CA-05-LOCAL,Корво Неро — Маркировка / Честный знак — Новосибирск и область — поиск,CA-05,LOCAL,ca-05-connect-setup,Честный знак — подключение и настройка,настройка модуля честный знак 1с,настройка модуля честный знак 1с,DEPLOYABLE_GROUP_PLAN,LOCAL,CORVONERO-CA-05-LOCAL-MARKIROVKA-1S-COMMANDER-IMPORT-v2.6.1.xlsx,CORVONERO-CAMPAIGN-V2.6-FINAL-GROUP-PLAN-v1.json,CA-05-LOCAL::ca-05-connect-setup::настройка модуля честный знак 1с,expected_and_present,CORVONERO-CA-05-LOCAL-MARKIROVKA-1S-COMMANDER-IMPORT-v2.6.1.xlsx,72,340,
EXP-000585,CA-05-LOCAL,Корво Неро — Маркировка / Честный знак — Новосибирск и область — поиск,CA-05,LOCAL,ca-05-connect-setup,Честный знак — подключение и настройка,настройка подключения к честному знаку в 1с,настройка подключения к честному знаку в 1с,DEPLOYABLE_GROUP_PLAN,LOCAL,CORVONERO-CA-05-LOCAL-MARKIROVKA-1S-COMMANDER-IMPORT-v2.6.1.xlsx,CORVONERO-CAMPAIGN-V2.6-FINAL-GROUP-PLAN-v1.json,CA-05-LOCAL::ca-05-connect-setup::настройка подключения к честному знаку в 1с,expected_and_present,CORVONERO-CA-05-LOCAL-MARKIROVKA-1S-COMMANDER-IMPORT-v2.6.1.xlsx,73,330,
EXP-000586,CA-05-LOCAL,Корво Неро — Маркировка / Честный знак — Новосибирск и область — поиск,CA-05,LOCAL,ca-05-connect-setup,Честный знак — подключение и настройка,обмен с честным знаком 1с,обмен с честным знаком 1с,DEPLOYABLE_GROUP_PLAN,LOCAL,CORVONERO-CA-05-LOCAL-MARKIROVKA-1S-COMMANDER-IMPORT-v2.6.1.xlsx,CORVONERO-CAMPAIGN-V2.6-FINAL-GROUP-PLAN-v1.json,CA-05-LOCAL::ca-05-connect-setup::обмен с честным знаком 1с,expected_and_present,CORVONERO-CA-05-LOCAL-MARKIROVKA-1S-COMMANDER-IMPORT-v2.6.1.xlsx,74,320,
EXP-000587,CA-05-LOCAL,Корво Неро — Маркировка / Честный знак — Новосибирск и область — поиск,CA-05,LOCAL,ca-05-connect-setup,Честный знак — подключение и настройка,синхронизация 1с с честным знаком,синхронизация 1с с честным знаком,DEPLOYABLE_GROUP_PLAN,LOCAL,CORVONERO-CA-05-LOCAL-MARKIROVKA-1S-COMMANDER-IMPORT-v2.6.1.xlsx,CORVONERO-CAMPAIGN-V2.6-FINAL-GROUP-PLAN-v1.json,CA-05-LOCAL::ca-05-connect-setup::синхронизация 1с с честным знаком,expected_and_present,CORVONERO-CA-05-LOCAL-MARKIROVKA-1S-COMMANDER-IMPORT-v2.6.1.xlsx,75,310,
EXP-000588,CA-05-LOCAL,Корво Неро — Маркировка / Честный знак — Новосибирск и область — поиск,CA-05,LOCAL,ca-05-connect-setup,Честный знак — подключение и настройка,специалист 1с честный знак,специалист 1с честный знак,DEPLOYABLE_GROUP_PLAN,LOCAL,CORVONERO-CA-05-LOCAL-MARKIROVKA-1S-COMMANDER-IMPORT-v2.6.1.xlsx,CORVONERO-CAMPAIGN-V2.6-FINAL-GROUP-PLAN-v1.json,CA-05-LOCAL::ca-05-connect-setup::специалист 1с честный знак,expected_and_present,CORVONERO-CA-05-LOCAL-MARKIROVKA-1S-COMMANDER-IMPORT-v2.6.1.xlsx,76,400,
EXP-000589,CA-05-LOCAL,Корво Неро — Маркировка / Честный знак — Новосибирск и область — поиск,CA-05,LOCAL,ca-05-connect-setup,Честный знак — подключение и настройка,специалист по настройке 1с и честного знака,специалист по настройке 1с и честного знака,DEPLOYABLE_GROUP_PLAN,LOCAL,CORVONERO-CA-05-LOCAL-MARKIROVKA-1S-COMMANDER-IMPORT-v2.6.1.xlsx,CORVONERO-CAMPAIGN-V2.6-FINAL-GROUP-PLAN-v1.json,CA-05-LOCAL::ca-05-connect-setup::специалист по настройке 1с и честного знака,expected_and_present,CORVONERO-CA-05-LOCAL-MARKIROVKA-1S-COMMANDER-IMPORT-v2.6.1.xlsx,77,390,
EXP-000590,CA-05-LOCAL,Корво Неро — Маркировка / Честный знак — Новосибирск и область — поиск,CA-05,LOCAL,ca-05-connect-setup,Честный знак — подключение и настройка,установка честный знак в 1с,установка честный знак в 1с,DEPLOYABLE_GROUP_PLAN,LOCAL,CORVONERO-CA-05-LOCAL-MARKIROVKA-1S-COMMANDER-IMPORT-v2.6.1.xlsx,CORVONERO-CAMPAIGN-V2.6-FINAL-GROUP-PLAN-v1.json,CA-05-LOCAL::ca-05-connect-setup::установка честный знак в 1с,expected_and_present,CORVONERO-CA-05-LOCAL-MARKIROVKA-1S-COMMANDER-IMPORT-v2.6.1.xlsx,78,380,
EXP-000591,CA-05-LOCAL,Корво Неро — Маркировка / Честный знак — Новосибирск и область — поиск,CA-05,LOCAL,ca-05-connect-setup,Честный знак — подключение и настройка,честный знак 1с пиво,честный знак 1с пиво,DEPLOYABLE_GROUP_PLAN,LOCAL,CORVONERO-CA-05-LOCAL-MARKIROVKA-1S-COMMANDER-IMPORT-v2.6.1.xlsx,CORVONERO-CAMPAIGN-V2.6-FINAL-GROUP-PLAN-v1.json,CA-05-LOCAL::ca-05-connect-setup::честный знак 1с пиво,expected_and_present,CORVONERO-CA-05-LOCAL-MARKIROVKA-1S-COMMANDER-IMPORT-v2.6.1.xlsx,79,370,
EXP-000592,CA-05-LOCAL,Корво Неро — Маркировка / Честный знак — Новосибирск и область — поиск,CA-05,LOCAL,ca-05-connect-setup,Честный знак — подключение и настройка,честный знак 1с упаковка,честный знак 1с упаковка,DEPLOYABLE_GROUP_PLAN,LOCAL,CORVONERO-CA-05-LOCAL-MARKIROVKA-1S-COMMANDER-IMPORT-v2.6.1.xlsx,CORVONERO-CAMPAIGN-V2.6-FINAL-GROUP-PLAN-v1.json,CA-05-LOCAL::ca-05-connect-setup::честный знак 1с упаковка,expected_and_present,CORVONERO-CA-05-LOCAL-MARKIROVKA-1S-COMMANDER-IMPORT-v2.6.1.xlsx,80,360,
EXP-000593,CA-05-LOCAL,Корво Неро — Маркировка / Честный знак — Новосибирск и область — поиск,CA-05,LOCAL,ca-05-connect-setup,Честный знак — подключение и настройка,честный знак альфа авто 1с,честный знак альфа авто 1с,DEPLOYABLE_GROUP_PLAN,LOCAL,CORVONERO-CA-05-LOCAL-MARKIROVKA-1S-COMMANDER-IMPORT-v2.6.1.xlsx,CORVONERO-CAMPAIGN-V2.6-FINAL-GROUP-PLAN-v1.json,CA-05-LOCAL::ca-05-connect-setup::честный знак альфа авто 1с,expected_and_present,CORVONERO-CA-05-LOCAL-MARKIROVKA-1S-COMMANDER-IMPORT-v2.6.1.xlsx,81,350,
EXP-000594,CA-05-LOCAL,Корво Неро — Маркировка / Честный знак — Новосибирск и область — поиск,CA-05,LOCAL,ca-05-connect-setup,Честный знак — подключение и настройка,честный знак бизнес 1с,честный знак бизнес 1с,DEPLOYABLE_GROUP_PLAN,LOCAL,CORVONERO-CA-05-LOCAL-MARKIROVKA-1S-COMMANDER-IMPORT-v2.6.1.xlsx,CORVONERO-CAMPAIGN-V2.6-FINAL-GROUP-PLAN-v1.json,CA-05-LOCAL::ca-05-connect-setup::честный знак бизнес 1с,expected_and_present,CORVONERO-CA-05-LOCAL-MARKIROVKA-1S-COMMANDER-IMPORT-v2.6.1.xlsx,82,340,
EXP-000595,CA-05-LOCAL,Корво Неро — Маркировка / Честный знак — Новосибирск и область — поиск,CA-05,LOCAL,ca-05-connect-setup,Честный знак — подключение и настройка,честный знак в 1с,честный знак в 1с,DEPLOYABLE_GROUP_PLAN,LOCAL,CORVONERO-CA-05-LOCAL-MARKIROVKA-1S-COMMANDER-IMPORT-v2.6.1.xlsx,CORVONERO-CAMPAIGN-V2.6-FINAL-GROUP-PLAN-v1.json,CA-05-LOCAL::ca-05-connect-setup::честный знак в 1с,expected_and_present,CORVONERO-CA-05-LOCAL-MARKIROVKA-1S-COMMANDER-IMPORT-v2.6.1.xlsx,83,330,
EXP-000596,CA-05-LOCAL,Корво Неро — Маркировка / Честный знак — Новосибирск и область — поиск,CA-05,LOCAL,ca-05-connect-setup,Честный знак — подключение и настройка,честный знак в 1с производство,честный знак в 1с производство,DEPLOYABLE_GROUP_PLAN,LOCAL,CORVONERO-CA-05-LOCAL-MARKIROVKA-1S-COMMANDER-IMPORT-v2.6.1.xlsx,CORVONERO-CAMPAIGN-V2.6-FINAL-GROUP-PLAN-v1.json,CA-05-LOCAL::ca-05-connect-setup::честный знак в 1с производство,expected_and_present,CORVONERO-CA-05-LOCAL-MARKIROVKA-1S-COMMANDER-IMPORT-v2.6.1.xlsx,84,320,
EXP-000597,CA-05-LOCAL,Корво Неро — Маркировка / Честный знак — Новосибирск и область — поиск,CA-05,LOCAL,ca-05-connect-setup,Честный знак — подключение и настройка,честный знак в 1с упп,честный знак в 1с упп,DEPLOYABLE_GROUP_PLAN,LOCAL,CORVONERO-CA-05-LOCAL-MARKIROVKA-1S-COMMANDER-IMPORT-v2.6.1.xlsx,CORVONERO-CAMPAIGN-V2.6-FINAL-GROUP-PLAN-v1.json,CA-05-LOCAL::ca-05-connect-setup::честный знак в 1с упп,expected_and_present,CORVONERO-CA-05-LOCAL-MARKIROVKA-1S-COMMANDER-IMPORT-v2.6.1.xlsx,85,310,
EXP-000598,CA-05-LOCAL,Корво Неро — Маркировка / Честный знак — Новосибирск и область — поиск,CA-05,LOCAL,ca-05-connect-setup,Честный знак — подключение и настройка,честный знак в 1с фреш,честный знак в 1с фреш,DEPLOYABLE_GROUP_PLAN,LOCAL,CORVONERO-CA-05-LOCAL-MARKIROVKA-1S-COMMANDER-IMPORT-v2.6.1.xlsx,CORVONERO-CAMPAIGN-V2.6-FINAL-GROUP-PLAN-v1.json,CA-05-LOCAL::ca-05-connect-setup::честный знак в 1с фреш,expected_and_present,CORVONERO-CA-05-LOCAL-MARKIROVKA-1S-COMMANDER-IMPORT-v2.6.1.xlsx,86,400,
EXP-000599,CA-05-LOCAL,Корво Неро — Маркировка / Честный знак — Новосибирск и область — поиск,CA-05,LOCAL,ca-05-connect-setup,Честный знак — подключение и настройка,честный знак егаис 1с,честный знак егаис 1с,DEPLOYABLE_GROUP_PLAN,LOCAL,CORVONERO-CA-05-LOCAL-MARKIROVKA-1S-COMMANDER-IMPORT-v2.6.1.xlsx,CORVONERO-CAMPAIGN-V2.6-FINAL-GROUP-PLAN-v1.json,CA-05-LOCAL::ca-05-connect-setup::честный знак егаис 1с,expected_and_present,CORVONERO-CA-05-LOCAL-MARKIROVKA-1S-COMMANDER-IMPORT-v2.6.1.xlsx,87,390,
EXP-000600,CA-05-LOCAL,Корво Неро — Маркировка / Честный знак — Новосибирск и область — поиск,CA-05,LOCAL,ca-05-connect-setup,Честный знак — подключение и настройка,честный знак конфигурация 1с,честный знак конфигурация 1с,DEPLOYABLE_GROUP_PLAN,LOCAL,CORVONERO-CA-05-LOCAL-MARKIROVKA-1S-COMMANDER-IMPORT-v2.6.1.xlsx,CORVONERO-CAMPAIGN-V2.6-FINAL-GROUP-PLAN-v1.json,CA-05-LOCAL::ca-05-connect-setup::честный знак конфигурация 1с,expected_and_present,CORVONERO-CA-05-LOCAL-MARKIROVKA-1S-COMMANDER-IMPORT-v2.6.1.xlsx,88,380,
EXP-000601,CA-05-LOCAL,Корво Неро — Маркировка / Честный знак — Новосибирск и область — поиск,CA-05,LOCAL,ca-05-connect-setup,Честный знак — подключение и настройка,честный знак модуль 1с,честный знак модуль 1с,DEPLOYABLE_GROUP_PLAN,LOCAL,CORVONERO-CA-05-LOCAL-MARKIROVKA-1S-COMMANDER-IMPORT-v2.6.1.xlsx,CORVONERO-CAMPAIGN-V2.6-FINAL-GROUP-PLAN-v1.json,CA-05-LOCAL::ca-05-connect-setup::честный знак модуль 1с,expected_and_present,CORVONERO-CA-05-LOCAL-MARKIROVKA-1S-COMMANDER-IMPORT-v2.6.1.xlsx,89,370,
EXP-000602,CA-05-LOCAL,Корво Неро — Маркировка / Честный знак — Новосибирск и область — поиск,CA-05,LOCAL,ca-05-connect-setup,Честный знак — подключение и настройка,честный знак на кассе 1с,честный знак на кассе 1с,DEPLOYABLE_GROUP_PLAN,LOCAL,CORVONERO-CA-05-LOCAL-MARKIROVKA-1S-COMMANDER-IMPORT-v2.6.1.xlsx,CORVONERO-CAMPAIGN-V2.6-FINAL-GROUP-PLAN-v1.json,CA-05-LOCAL::ca-05-connect-setup::честный знак на кассе 1с,expected_and_present,CORVONERO-CA-05-LOCAL-MARKIROVKA-1S-COMMANDER-IMPORT-v2.6.1.xlsx,90,360,
EXP-000603,CA-05-LOCAL,Корво Неро — Маркировка / Честный знак — Новосибирск и область — поиск,CA-05,LOCAL,ca-05-connect-setup,Честный знак — подключение и настройка,честный знак учет 1с,честный знак учет 1с,DEPLOYABLE_GROUP_PLAN,LOCAL,CORVONERO-CA-05-LOCAL-MARKIROVKA-1S-COMMANDER-IMPORT-v2.6.1.xlsx,CORVONERO-CAMPAIGN-V2.6-FINAL-GROUP-PLAN-v1.json,CA-05-LOCAL::ca-05-connect-setup::честный знак учет 1с,expected_and_present,CORVONERO-CA-05-LOCAL-MARKIROVKA-1S-COMMANDER-IMPORT-v2.6.1.xlsx,91,350,
EXP-000604,CA-05-LOCAL,Корво Неро — Маркировка / Честный знак — Новосибирск и область — поиск,CA-05,LOCAL,ca-05-connect-setup,Честный знак — подключение и настройка,честный знак через 1с,честный знак через 1с,DEPLOYABLE_GROUP_PLAN,LOCAL,CORVONERO-CA-05-LOCAL-MARKIROVKA-1S-COMMANDER-IMPORT-v2.6.1.xlsx,CORVONERO-CAMPAIGN-V2.6-FINAL-GROUP-PLAN-v1.json,CA-05-LOCAL::ca-05-connect-setup::честный знак через 1с,expected_and_present,CORVONERO-CA-05-LOCAL-MARKIROVKA-1S-COMMANDER-IMPORT-v2.6.1.xlsx,92,340,
EXP-000605,CA-05-LOCAL,Корво Неро — Маркировка / Честный знак — Новосибирск и область — поиск,CA-05,LOCAL,ca-05-connect-setup,Честный знак — подключение и настройка,честный знак через 1с эдо,честный знак через 1с эдо,DEPLOYABLE_GROUP_PLAN,LOCAL,CORVONERO-CA-05-LOCAL-MARKIROVKA-1S-COMMANDER-IMPORT-v2.6.1.xlsx,CORVONERO-CAMPAIGN-V2.6-FINAL-GROUP-PLAN-v1.json,CA-05-LOCAL::ca-05-connect-setup::честный знак через 1с эдо,expected_and_present,CORVONERO-CA-05-LOCAL-MARKIROVKA-1S-COMMANDER-IMPORT-v2.6.1.xlsx,93,330,
EXP-000606,CA-05-LOCAL,Корво Неро — Маркировка / Честный знак — Новосибирск и область — поиск,CA-05,LOCAL,ca-05-errors-support,Ошибки и техническая поддержка маркировки,поддержка 1с честный знак,поддержка 1с честный знак,DEPLOYABLE_GROUP_PLAN,LOCAL,CORVONERO-CA-05-LOCAL-MARKIROVKA-1S-COMMANDER-IMPORT-v2.6.1.xlsx,CORVONERO-CAMPAIGN-V2.6-FINAL-GROUP-PLAN-v1.json,CA-05-LOCAL::ca-05-errors-support::поддержка 1с честный знак,expected_and_present,CORVONERO-CA-05-LOCAL-MARKIROVKA-1S-COMMANDER-IMPORT-v2.6.1.xlsx,95,400,
EXP-000607,CA-05-LOCAL,Корво Неро — Маркировка / Честный знак — Новосибирск и область — поиск,CA-05,LOCAL,ca-05-errors-support,Ошибки и техническая поддержка маркировки,техподдержка честный знак 1с,техподдержка честный знак 1с,DEPLOYABLE_GROUP_PLAN,LOCAL,CORVONERO-CA-05-LOCAL-MARKIROVKA-1S-COMMANDER-IMPORT-v2.6.1.xlsx,CORVONERO-CAMPAIGN-V2.6-FINAL-GROUP-PLAN-v1.json,CA-05-LOCAL::ca-05-errors-support::техподдержка честный знак 1с,expected_and_present,CORVONERO-CA-05-LOCAL-MARKIROVKA-1S-COMMANDER-IMPORT-v2.6.1.xlsx,96,390,
EXP-000608,CA-05-LOCAL,Корво Неро — Маркировка / Честный знак — Новосибирск и область — поиск,CA-05,LOCAL,ca-05-integration,Интеграция 1С с Честным знаком,интеграция 1с и честный знак,интеграция 1с и честный знак,DEPLOYABLE_GROUP_PLAN,LOCAL,CORVONERO-CA-05-LOCAL-MARKIROVKA-1S-COMMANDER-IMPORT-v2.6.1.xlsx,CORVONERO-CAMPAIGN-V2.6-FINAL-GROUP-PLAN-v1.json,CA-05-LOCAL::ca-05-integration::интеграция 1с и честный знак,expected_and_present,CORVONERO-CA-05-LOCAL-MARKIROVKA-1S-COMMANDER-IMPORT-v2.6.1.xlsx,98,400,
EXP-000609,CA-05-LOCAL,Корво Неро — Маркировка / Честный знак — Новосибирск и область — поиск,CA-05,LOCAL,ca-05-integration,Интеграция 1С с Честным знаком,интеграция 1с предприятие и честный знак,интеграция 1с предприятие и честный знак,DEPLOYABLE_GROUP_PLAN,LOCAL,CORVONERO-CA-05-LOCAL-MARKIROVKA-1S-COMMANDER-IMPORT-v2.6.1.xlsx,CORVONERO-CAMPAIGN-V2.6-FINAL-GROUP-PLAN-v1.json,CA-05-LOCAL::ca-05-integration::интеграция 1с предприятие и честный знак,expected_and_present,CORVONERO-CA-05-LOCAL-MARKIROVKA-1S-COMMANDER-IMPORT-v2.6.1.xlsx,99,390,
EXP-000610,CA-05-LOCAL,Корво Неро — Маркировка / Честный знак — Новосибирск и область — поиск,CA-05,LOCAL,ca-05-integration,Интеграция 1С с Честным знаком,интеграция 1с розница и честный знак,интеграция 1с розница и честный знак,DEPLOYABLE_GROUP_PLAN,LOCAL,CORVONERO-CA-05-LOCAL-MARKIROVKA-1S-COMMANDER-IMPORT-v2.6.1.xlsx,CORVONERO-CAMPAIGN-V2.6-FINAL-GROUP-PLAN-v1.json,CA-05-LOCAL::ca-05-integration::интеграция 1с розница и честный знак,expected_and_present,CORVONERO-CA-05-LOCAL-MARKIROVKA-1S-COMMANDER-IMPORT-v2.6.1.xlsx,100,380,
EXP-000611,CA-05-LOCAL,Корво Неро — Маркировка / Честный знак — Новосибирск и область — поиск,CA-05,LOCAL,ca-05-integration,Интеграция 1С с Честным знаком,интеграция 1с розница и честный знак косметика,интеграция 1с розница и честный знак косметика,DEPLOYABLE_GROUP_PLAN,LOCAL,CORVONERO-CA-05-LOCAL-MARKIROVKA-1S-COMMANDER-IMPORT-v2.6.1.xlsx,CORVONERO-CAMPAIGN-V2.6-FINAL-GROUP-PLAN-v1.json,CA-05-LOCAL::ca-05-integration::интеграция 1с розница и честный знак косметика,expected_and_present,CORVONERO-CA-05-LOCAL-MARKIROVKA-1S-COMMANDER-IMPORT-v2.6.1.xlsx,101,370,
EXP-000612,CA-05-LOCAL,Корво Неро — Маркировка / Честный знак — Новосибирск и область — поиск,CA-05,LOCAL,ca-05-integration,Интеграция 1С с Честным знаком,интеграция 1с унф и честный знак,интеграция 1с унф и честный знак,DEPLOYABLE_GROUP_PLAN,LOCAL,CORVONERO-CA-05-LOCAL-MARKIROVKA-1S-COMMANDER-IMPORT-v2.6.1.xlsx,CORVONERO-CAMPAIGN-V2.6-FINAL-GROUP-PLAN-v1.json,CA-05-LOCAL::ca-05-integration::интеграция 1с унф и честный знак,expected_and_present,CORVONERO-CA-05-LOCAL-MARKIROVKA-1S-COMMANDER-IMPORT-v2.6.1.xlsx,102,360,
EXP-000613,CA-05-LOCAL,Корво Неро — Маркировка / Честный знак — Новосибирск и область — поиск,CA-05,LOCAL,ca-05-integration,Интеграция 1С с Честным знаком,интеграция 1с ут и честный знак,интеграция 1с ут и честный знак,DEPLOYABLE_GROUP_PLAN,LOCAL,CORVONERO-CA-05-LOCAL-MARKIROVKA-1S-COMMANDER-IMPORT-v2.6.1.xlsx,CORVONERO-CAMPAIGN-V2.6-FINAL-GROUP-PLAN-v1.json,CA-05-LOCAL::ca-05-integration::интеграция 1с ут и честный знак,expected_and_present,CORVONERO-CA-05-LOCAL-MARKIROVKA-1S-COMMANDER-IMPORT-v2.6.1.xlsx,103,350,
EXP-000614,CA-05-LOCAL,Корво Неро — Маркировка / Честный знак — Новосибирск и область — поиск,CA-05,LOCAL,ca-05-integration,Интеграция 1С с Честным знаком,интеграция 1с фреш и честный знак,интеграция 1с фреш и честный знак,DEPLOYABLE_GROUP_PLAN,LOCAL,CORVONERO-CA-05-LOCAL-MARKIROVKA-1S-COMMANDER-IMPORT-v2.6.1.xlsx,CORVONERO-CAMPAIGN-V2.6-FINAL-GROUP-PLAN-v1.json,CA-05-LOCAL::ca-05-integration::интеграция 1с фреш и честный знак,expected_and_present,CORVONERO-CA-05-LOCAL-MARKIROVKA-1S-COMMANDER-IMPORT-v2.6.1.xlsx,104,340,
EXP-000615,CA-05-LOCAL,Корво Неро — Маркировка / Честный знак — Новосибирск и область — поиск,CA-05,LOCAL,ca-05-integration,Интеграция 1С с Честным знаком,интеграция маркировки в 1с,интеграция маркировки в 1с,DEPLOYABLE_GROUP_PLAN,LOCAL,CORVONERO-CA-05-LOCAL-MARKIROVKA-1S-COMMANDER-IMPORT-v2.6.1.xlsx,CORVONERO-CAMPAIGN-V2.6-FINAL-GROUP-PLAN-v1.json,CA-05-LOCAL::ca-05-integration::интеграция маркировки в 1с,expected_and_present,CORVONERO-CA-05-LOCAL-MARKIROVKA-1S-COMMANDER-IMPORT-v2.6.1.xlsx,105,330,
EXP-000616,CA-05-LOCAL,Корво Неро — Маркировка / Честный знак — Новосибирск и область — поиск,CA-05,LOCAL,ca-05-integration,Интеграция 1С с Честным знаком,интеграция маркировки товаров в 1с,интеграция маркировки товаров в 1с,DEPLOYABLE_GROUP_PLAN,LOCAL,CORVONERO-CA-05-LOCAL-MARKIROVKA-1S-COMMANDER-IMPORT-v2.6.1.xlsx,CORVONERO-CAMPAIGN-V2.6-FINAL-GROUP-PLAN-v1.json,CA-05-LOCAL::ca-05-integration::интеграция маркировки товаров в 1с,expected_and_present,CORVONERO-CA-05-LOCAL-MARKIROVKA-1S-COMMANDER-IMPORT-v2.6.1.xlsx,106,320,
EXP-000617,CA-05-LOCAL,Корво Неро — Маркировка / Честный знак — Новосибирск и область — поиск,CA-05,LOCAL,ca-05-integration,Интеграция 1С с Честным знаком,интеграция честного знака и сайта 1с битрикс,интеграция честного знака и сайта 1с битрикс,DEPLOYABLE_GROUP_PLAN,LOCAL,CORVONERO-CA-05-LOCAL-MARKIROVKA-1S-COMMANDER-IMPORT-v2.6.1.xlsx,CORVONERO-CAMPAIGN-V2.6-FINAL-GROUP-PLAN-v1.json,CA-05-LOCAL::ca-05-integration::интеграция честного знака и сайта 1с битрикс,expected_and_present,CORVONERO-CA-05-LOCAL-MARKIROVKA-1S-COMMANDER-IMPORT-v2.6.1.xlsx,107,310,
EXP-000618,CA-05-LOCAL,Корво Неро — Маркировка / Честный знак — Новосибирск и область — поиск,CA-05,LOCAL,ca-05-integration,Интеграция 1С с Честным знаком,настройка 1с эдо честный знак,настройка 1с эдо честный знак,DEPLOYABLE_GROUP_PLAN,LOCAL,CORVONERO-CA-05-LOCAL-MARKIROVKA-1S-COMMANDER-IMPORT-v2.6.1.xlsx,CORVONERO-CAMPAIGN-V2.6-FINAL-GROUP-PLAN-v1.json,CA-05-LOCAL::ca-05-integration::настройка 1с эдо честный знак,expected_and_present,CORVONERO-CA-05-LOCAL-MARKIROVKA-1S-COMMANDER-IMPORT-v2.6.1.xlsx,108,400,
EXP-000619,CA-05-LOCAL,Корво Неро — Маркировка / Честный знак — Новосибирск и область — поиск,CA-05,LOCAL,ca-05-integration,Интеграция 1С с Честным знаком,настройка интеграции 1с и честный знак,настройка интеграции 1с и честный знак,DEPLOYABLE_GROUP_PLAN,LOCAL,CORVONERO-CA-05-LOCAL-MARKIROVKA-1S-COMMANDER-IMPORT-v2.6.1.xlsx,CORVONERO-CAMPAIGN-V2.6-FINAL-GROUP-PLAN-v1.json,CA-05-LOCAL::ca-05-integration::настройка интеграции 1с и честный знак,expected_and_present,CORVONERO-CA-05-LOCAL-MARKIROVKA-1S-COMMANDER-IMPORT-v2.6.1.xlsx,109,390,
EXP-000620,CA-05-LOCAL,Корво Неро — Маркировка / Честный знак — Новосибирск и область — поиск,CA-05,LOCAL,ca-05-integration,Интеграция 1С с Честным знаком,настройка обмена с честным знаком 1с,настройка обмена с честным знаком 1с,DEPLOYABLE_GROUP_PLAN,LOCAL,CORVONERO-CA-05-LOCAL-MARKIROVKA-1S-COMMANDER-IMPORT-v2.6.1.xlsx,CORVONERO-CAMPAIGN-V2.6-FINAL-GROUP-PLAN-v1.json,CA-05-LOCAL::ca-05-integration::настройка обмена с честным знаком 1с,expected_and_present,CORVONERO-CA-05-LOCAL-MARKIROVKA-1S-COMMANDER-IMPORT-v2.6.1.xlsx,110,380,
EXP-000621,CA-05-LOCAL,Корво Неро — Маркировка / Честный знак — Новосибирск и область — поиск,CA-05,LOCAL,ca-05-integration,Интеграция 1С с Честным знаком,честный знак интеграция с 1с бухгалтерия,честный знак интеграция с 1с бухгалтерия,DEPLOYABLE_GROUP_PLAN,LOCAL,CORVONERO-CA-05-LOCAL-MARKIROVKA-1S-COMMANDER-IMPORT-v2.6.1.xlsx,CORVONERO-CAMPAIGN-V2.6-FINAL-GROUP-PLAN-v1.json,CA-05-LOCAL::ca-05-integration::честный знак интеграция с 1с бухгалтерия,expected_and_present,CORVONERO-CA-05-LOCAL-MARKIROVKA-1S-COMMANDER-IMPORT-v2.6.1.xlsx,111,370,
EXP-000622,CA-05-LOCAL,Корво Неро — Маркировка / Честный знак — Новосибирск и область — поиск,CA-05,LOCAL,ca-05-local-module,Локальный модуль Честного знака,настройка локального модуля честный знак 1с,настройка локального модуля честный знак 1с,DEPLOYABLE_GROUP_PLAN,LOCAL,CORVONERO-CA-05-LOCAL-MARKIROVKA-1S-COMMANDER-IMPORT-v2.6.1.xlsx,CORVONERO-CAMPAIGN-V2.6-FINAL-GROUP-PLAN-v1.json,CA-05-LOCAL::ca-05-local-module::настройка локального модуля честный знак 1с,expected_and_present,CORVONERO-CA-05-LOCAL-MARKIROVKA-1S-COMMANDER-IMPORT-v2.6.1.xlsx,113,400,
EXP-000623,CA-05-LOCAL,Корво Неро — Маркировка / Честный знак — Новосибирск и область — поиск,CA-05,LOCAL,ca-05-local-module,Локальный модуль Честного знака,настройка локального модуля честный знак 1с розница,настройка локального модуля честный знак 1с розница,DEPLOYABLE_GROUP_PLAN,LOCAL,CORVONERO-CA-05-LOCAL-MARKIROVKA-1S-COMMANDER-IMPORT-v2.6.1.xlsx,CORVONERO-CAMPAIGN-V2.6-FINAL-GROUP-PLAN-v1.json,CA-05-LOCAL::ca-05-local-module::настройка локального модуля честный знак 1с розница,expected_and_present,CORVONERO-CA-05-LOCAL-MARKIROVKA-1S-COMMANDER-IMPORT-v2.6.1.xlsx,114,390,
EXP-000624,CA-05-LOCAL,Корво Неро — Маркировка / Честный знак — Новосибирск и область — поиск,CA-05,LOCAL,ca-05-local-module,Локальный модуль Честного знака,настройка локального модуля честный знак 1с ут,настройка локального модуля честный знак 1с ут,DEPLOYABLE_GROUP_PLAN,LOCAL,CORVONERO-CA-05-LOCAL-MARKIROVKA-1S-COMMANDER-IMPORT-v2.6.1.xlsx,CORVONERO-CAMPAIGN-V2.6-FINAL-GROUP-PLAN-v1.json,CA-05-LOCAL::ca-05-local-module::настройка локального модуля честный знак 1с ут,expected_and_present,CORVONERO-CA-05-LOCAL-MARKIROVKA-1S-COMMANDER-IMPORT-v2.6.1.xlsx,115,380,
EXP-000625,CA-05-LOCAL,Корво Неро — Маркировка / Честный знак — Новосибирск и область — поиск,CA-05,LOCAL,ca-05-local-module,Локальный модуль Честного знака,настройка подключения лм честный знак 1с,настройка подключения лм честный знак 1с,DEPLOYABLE_GROUP_PLAN,LOCAL,CORVONERO-CA-05-LOCAL-MARKIROVKA-1S-COMMANDER-IMPORT-v2.6.1.xlsx,CORVONERO-CAMPAIGN-V2.6-FINAL-GROUP-PLAN-v1.json,CA-05-LOCAL::ca-05-local-module::настройка подключения лм честный знак 1с,expected_and_present,CORVONERO-CA-05-LOCAL-MARKIROVKA-1S-COMMANDER-IMPORT-v2.6.1.xlsx,116,370,
EXP-000626,CA-05-LOCAL,Корво Неро — Маркировка / Честный знак — Новосибирск и область — поиск,CA-05,LOCAL,ca-05-local-module,Локальный модуль Честного знака,настройка подключения лм честный знак 1с бухгалтерия,настройка подключения лм честный знак 1с бухгалтерия,DEPLOYABLE_GROUP_PLAN,LOCAL,CORVONERO-CA-05-LOCAL-MARKIROVKA-1S-COMMANDER-IMPORT-v2.6.1.xlsx,CORVONERO-CAMPAIGN-V2.6-FINAL-GROUP-PLAN-v1.json,CA-05-LOCAL::ca-05-local-module::настройка подключения лм честный знак 1с бухгалтерия,expected_and_present,CORVONERO-CA-05-LOCAL-MARKIROVKA-1S-COMMANDER-IMPORT-v2.6.1.xlsx,117,360,
EXP-000627,CA-05-LOCAL,Корво Неро — Маркировка / Честный знак — Новосибирск и область — поиск,CA-05,LOCAL,ca-05-local-module,Локальный модуль Честного знака,настройка подключения лм честный знак 1с розница,настройка подключения лм честный знак 1с розница,DEPLOYABLE_GROUP_PLAN,LOCAL,CORVONERO-CA-05-LOCAL-MARKIROVKA-1S-COMMANDER-IMPORT-v2.6.1.xlsx,CORVONERO-CAMPAIGN-V2.6-FINAL-GROUP-PLAN-v1.json,CA-05-LOCAL::ca-05-local-module::настройка подключения лм честный знак 1с розница,expected_and_present,CORVONERO-CA-05-LOCAL-MARKIROVKA-1S-COMMANDER-IMPORT-v2.6.1.xlsx,118,350,
EXP-000628,CA-05-LOCAL,Корво Неро — Маркировка / Честный знак — Новосибирск и область — поиск,CA-05,LOCAL,ca-05-local-module,Локальный модуль Честного знака,настройка подключения лм честный знак 1с унф,настройка подключения лм честный знак 1с унф,DEPLOYABLE_GROUP_PLAN,LOCAL,CORVONERO-CA-05-LOCAL-MARKIROVKA-1S-COMMANDER-IMPORT-v2.6.1.xlsx,CORVONERO-CAMPAIGN-V2.6-FINAL-GROUP-PLAN-v1.json,CA-05-LOCAL::ca-05-local-module::настройка подключения лм честный знак 1с унф,expected_and_present,CORVONERO-CA-05-LOCAL-MARKIROVKA-1S-COMMANDER-IMPORT-v2.6.1.xlsx,119,340,
EXP-000629,CA-05-LOCAL,Корво Неро — Маркировка / Честный знак — Новосибирск и область — поиск,CA-05,LOCAL,ca-05-local-module,Локальный модуль Честного знака,настройка подключения лм честный знак 1с ут,настройка подключения лм честный знак 1с ут,DEPLOYABLE_GROUP_PLAN,LOCAL,CORVONERO-CA-05-LOCAL-MARKIROVKA-1S-COMMANDER-IMPORT-v2.6.1.xlsx,CORVONERO-CAMPAIGN-V2.6-FINAL-GROUP-PLAN-v1.json,CA-05-LOCAL::ca-05-local-module::настройка подключения лм честный знак 1с ут,expected_and_present,CORVONERO-CA-05-LOCAL-MARKIROVKA-1S-COMMANDER-IMPORT-v2.6.1.xlsx,120,330,
EXP-000630,CA-05-LOCAL,Корво Неро — Маркировка / Честный знак — Новосибирск и область — поиск,CA-05,LOCAL,ca-05-local-module,Локальный модуль Честного знака,обновление локального модуля честный знак 1с,обновление локального модуля честный знак 1с,DEPLOYABLE_GROUP_PLAN,LOCAL,CORVONERO-CA-05-LOCAL-MARKIROVKA-1S-COMMANDER-IMPORT-v2.6.1.xlsx,CORVONERO-CAMPAIGN-V2.6-FINAL-GROUP-PLAN-v1.json,CA-05-LOCAL::ca-05-local-module::обновление локального модуля честный знак 1с,expected_and_present,CORVONERO-CA-05-LOCAL-MARKIROVKA-1S-COMMANDER-IMPORT-v2.6.1.xlsx,121,320,
EXP-000631,CA-05-LOCAL,Корво Неро — Маркировка / Честный знак — Новосибирск и область — поиск,CA-05,LOCAL,ca-05-local-module,Локальный модуль Честного знака,подключение лм честный знак 1с,подключение лм честный знак 1с,DEPLOYABLE_GROUP_PLAN,LOCAL,CORVONERO-CA-05-LOCAL-MARKIROVKA-1S-COMMANDER-IMPORT-v2.6.1.xlsx,CORVONERO-CAMPAIGN-V2.6-FINAL-GROUP-PLAN-v1.json,CA-05-LOCAL::ca-05-local-module::подключение лм честный знак 1с,expected_and_present,CORVONERO-CA-05-LOCAL-MARKIROVKA-1S-COMMANDER-IMPORT-v2.6.1.xlsx,122,310,
EXP-000632,CA-05-LOCAL,Корво Неро — Маркировка / Честный знак — Новосибирск и область — поиск,CA-05,LOCAL,ca-05-local-module,Локальный модуль Честного знака,установка локального модуля честный знак 1с,установка локального модуля честный знак 1с,DEPLOYABLE_GROUP_PLAN,LOCAL,CORVONERO-CA-05-LOCAL-MARKIROVKA-1S-COMMANDER-IMPORT-v2.6.1.xlsx,CORVONERO-CAMPAIGN-V2.6-FINAL-GROUP-PLAN-v1.json,CA-05-LOCAL::ca-05-local-module::установка локального модуля честный знак 1с,expected_and_present,CORVONERO-CA-05-LOCAL-MARKIROVKA-1S-COMMANDER-IMPORT-v2.6.1.xlsx,123,400,
EXP-000633,CA-05-LOCAL,Корво Неро — Маркировка / Честный знак — Новосибирск и область — поиск,CA-05,LOCAL,ca-05-marking-buh,Маркировка — бухгалтерия и БП,1с честный знак подключение к 1с бухгалтерия,1с честный знак подключение к 1с бухгалтерия,DEPLOYABLE_GROUP_PLAN,LOCAL,CORVONERO-CA-05-LOCAL-MARKIROVKA-1S-COMMANDER-IMPORT-v2.6.1.xlsx,CORVONERO-CAMPAIGN-V2.6-FINAL-GROUP-PLAN-v1.json,CA-05-LOCAL::ca-05-marking-buh::1с честный знак подключение к 1с бухгалтерия,expected_and_present,CORVONERO-CA-05-LOCAL-MARKIROVKA-1S-COMMANDER-IMPORT-v2.6.1.xlsx,125,400,
EXP-000634,CA-05-LOCAL,Корво Неро — Маркировка / Честный знак — Новосибирск и область — поиск,CA-05,LOCAL,ca-05-marking-buh,Маркировка — бухгалтерия и БП,как подключить честный знак к 1с бухгалтерия,как подключить честный знак к 1с бухгалтерия,DEPLOYABLE_GROUP_PLAN,LOCAL,CORVONERO-CA-05-LOCAL-MARKIROVKA-1S-COMMANDER-IMPORT-v2.6.1.xlsx,CORVONERO-CAMPAIGN-V2.6-FINAL-GROUP-PLAN-v1.json,CA-05-LOCAL::ca-05-marking-buh::как подключить честный знак к 1с бухгалтерия,expected_and_present,CORVONERO-CA-05-LOCAL-MARKIROVKA-1S-COMMANDER-IMPORT-v2.6.1.xlsx,126,390,
EXP-000635,CA-05-LOCAL,Корво Неро — Маркировка / Честный знак — Новосибирск и область — поиск,CA-05,LOCAL,ca-05-marking-buh,Маркировка — бухгалтерия и БП,маркировка в 1с бп,маркировка в 1с бп,DEPLOYABLE_GROUP_PLAN,LOCAL,CORVONERO-CA-05-LOCAL-MARKIROVKA-1S-COMMANDER-IMPORT-v2.6.1.xlsx,CORVONERO-CAMPAIGN-V2.6-FINAL-GROUP-PLAN-v1.json,CA-05-LOCAL::ca-05-marking-buh::маркировка в 1с бп,expected_and_present,CORVONERO-CA-05-LOCAL-MARKIROVKA-1S-COMMANDER-IMPORT-v2.6.1.xlsx,127,380,
EXP-000636,CA-05-LOCAL,Корво Неро — Маркировка / Честный знак — Новосибирск и область — поиск,CA-05,LOCAL,ca-05-marking-buh,Маркировка — бухгалтерия и БП,маркировка в 1с бух,маркировка в 1с бух,DEPLOYABLE_GROUP_PLAN,LOCAL,CORVONERO-CA-05-LOCAL-MARKIROVKA-1S-COMMANDER-IMPORT-v2.6.1.xlsx,CORVONERO-CAMPAIGN-V2.6-FINAL-GROUP-PLAN-v1.json,CA-05-LOCAL::ca-05-marking-buh::маркировка в 1с бух,expected_and_present,CORVONERO-CA-05-LOCAL-MARKIROVKA-1S-COMMANDER-IMPORT-v2.6.1.xlsx,128,370,
EXP-000637,CA-05-LOCAL,Корво Неро — Маркировка / Честный знак — Новосибирск и область — поиск,CA-05,LOCAL,ca-05-marking-buh,Маркировка — бухгалтерия и БП,маркировка в 1с бухгалтерия,маркировка в 1с бухгалтерия,DEPLOYABLE_GROUP_PLAN,LOCAL,CORVONERO-CA-05-LOCAL-MARKIROVKA-1S-COMMANDER-IMPORT-v2.6.1.xlsx,CORVONERO-CAMPAIGN-V2.6-FINAL-GROUP-PLAN-v1.json,CA-05-LOCAL::ca-05-marking-buh::маркировка в 1с бухгалтерия,expected_and_present,CORVONERO-CA-05-LOCAL-MARKIROVKA-1S-COMMANDER-IMPORT-v2.6.1.xlsx,129,360,
EXP-000638,CA-05-LOCAL,Корво Неро — Маркировка / Честный знак — Новосибирск и область — поиск,CA-05,LOCAL,ca-05-marking-buh,Маркировка — бухгалтерия и БП,маркировка в 1с бухгалтерия 3.0,маркировка в 1с бухгалтерия 3.0,DEPLOYABLE_GROUP_PLAN,LOCAL,CORVONERO-CA-05-LOCAL-MARKIROVKA-1S-COMMANDER-IMPORT-v2.6.1.xlsx,CORVONERO-CAMPAIGN-V2.6-FINAL-GROUP-PLAN-v1.json,CA-05-LOCAL::ca-05-marking-buh::маркировка в 1с бухгалтерия 3.0,expected_and_present,CORVONERO-CA-05-LOCAL-MARKIROVKA-1S-COMMANDER-IMPORT-v2.6.1.xlsx,130,350,
EXP-000639,CA-05-LOCAL,Корво Неро — Маркировка / Честный знак — Новосибирск и область — поиск,CA-05,LOCAL,ca-05-marking-buh,Маркировка — бухгалтерия и БП,маркировка в 1с бухгалтерия 3.0 для импортера,маркировка в 1с бухгалтерия 3.0 для импортера,DEPLOYABLE_GROUP_PLAN,LOCAL,CORVONERO-CA-05-LOCAL-MARKIROVKA-1S-COMMANDER-IMPORT-v2.6.1.xlsx,CORVONERO-CAMPAIGN-V2.6-FINAL-GROUP-PLAN-v1.json,CA-05-LOCAL::ca-05-marking-buh::маркировка в 1с бухгалтерия 3.0 для импортера,expected_and_present,CORVONERO-CA-05-LOCAL-MARKIROVKA-1S-COMMANDER-IMPORT-v2.6.1.xlsx,131,340,
EXP-000640,CA-05-LOCAL,Корво Неро — Маркировка / Честный знак — Новосибирск и область — поиск,CA-05,LOCAL,ca-05-marking-buh,Маркировка — бухгалтерия и БП,маркировка товара в 1с 8.3 бухгалтерия,маркировка товара в 1с 8.3 бухгалтерия,DEPLOYABLE_GROUP_PLAN,LOCAL,CORVONERO-CA-05-LOCAL-MARKIROVKA-1S-COMMANDER-IMPORT-v2.6.1.xlsx,CORVONERO-CAMPAIGN-V2.6-FINAL-GROUP-PLAN-v1.json,CA-05-LOCAL::ca-05-marking-buh::маркировка товара в 1с 8.3 бухгалтерия,expected_and_present,CORVONERO-CA-05-LOCAL-MARKIROVKA-1S-COMMANDER-IMPORT-v2.6.1.xlsx,132,330,
EXP-000641,CA-05-LOCAL,Корво Неро — Маркировка / Честный знак — Новосибирск и область — поиск,CA-05,LOCAL,ca-05-marking-buh,Маркировка — бухгалтерия и БП,маркировка товаров в 1с бухгалтерия,маркировка товаров в 1с бухгалтерия,DEPLOYABLE_GROUP_PLAN,LOCAL,CORVONERO-CA-05-LOCAL-MARKIROVKA-1S-COMMANDER-IMPORT-v2.6.1.xlsx,CORVONERO-CAMPAIGN-V2.6-FINAL-GROUP-PLAN-v1.json,CA-05-LOCAL::ca-05-marking-buh::маркировка товаров в 1с бухгалтерия,expected_and_present,CORVONERO-CA-05-LOCAL-MARKIROVKA-1S-COMMANDER-IMPORT-v2.6.1.xlsx,133,320,
EXP-000642,CA-05-LOCAL,Корво Неро — Маркировка / Честный знак — Новосибирск и область — поиск,CA-05,LOCAL,ca-05-marking-buh,Маркировка — бухгалтерия и БП,маркировка товаров в 1с бухгалтерия 3.0,маркировка товаров в 1с бухгалтерия 3.0,DEPLOYABLE_GROUP_PLAN,LOCAL,CORVONERO-CA-05-LOCAL-MARKIROVKA-1S-COMMANDER-IMPORT-v2.6.1.xlsx,CORVONERO-CAMPAIGN-V2.6-FINAL-GROUP-PLAN-v1.json,CA-05-LOCAL::ca-05-marking-buh::маркировка товаров в 1с бухгалтерия 3.0,expected_and_present,CORVONERO-CA-05-LOCAL-MARKIROVKA-1S-COMMANDER-IMPORT-v2.6.1.xlsx,134,310,
EXP-000643,CA-05-LOCAL,Корво Неро — Маркировка / Честный знак — Новосибирск и область — поиск,CA-05,LOCAL,ca-05-marking-buh,Маркировка — бухгалтерия и БП,маркировка честный знак в 1с бухгалтерия,маркировка честный знак в 1с бухгалтерия,DEPLOYABLE_GROUP_PLAN,LOCAL,CORVONERO-CA-05-LOCAL-MARKIROVKA-1S-COMMANDER-IMPORT-v2.6.1.xlsx,CORVONERO-CAMPAIGN-V2.6-FINAL-GROUP-PLAN-v1.json,CA-05-LOCAL::ca-05-marking-buh::маркировка честный знак в 1с бухгалтерия,expected_and_present,CORVONERO-CA-05-LOCAL-MARKIROVKA-1S-COMMANDER-IMPORT-v2.6.1.xlsx,135,400,
EXP-000644,CA-05-LOCAL,Корво Неро — Маркировка / Честный знак — Новосибирск и область — поиск,CA-05,LOCAL,ca-05-marking-buh,Маркировка — бухгалтерия и БП,настройка интеграции с честным знаком 1с бухгалтерия,настройка интеграции с честным знаком 1с бухгалтерия,DEPLOYABLE_GROUP_PLAN,LOCAL,CORVONERO-CA-05-LOCAL-MARKIROVKA-1S-COMMANDER-IMPORT-v2.6.1.xlsx,CORVONERO-CAMPAIGN-V2.6-FINAL-GROUP-PLAN-v1.json,CA-05-LOCAL::ca-05-marking-buh::настройка интеграции с честным знаком 1с бухгалтерия,expected_and_present,CORVONERO-CA-05-LOCAL-MARKIROVKA-1S-COMMANDER-IMPORT-v2.6.1.xlsx,136,390,
EXP-000645,CA-05-LOCAL,Корво Неро — Маркировка / Честный знак — Новосибирск и область — поиск,CA-05,LOCAL,ca-05-marking-buh,Маркировка — бухгалтерия и БП,настройка маркировки в 1с бухгалтерия,настройка маркировки в 1с бухгалтерия,DEPLOYABLE_GROUP_PLAN,LOCAL,CORVONERO-CA-05-LOCAL-MARKIROVKA-1S-COMMANDER-IMPORT-v2.6.1.xlsx,CORVONERO-CAMPAIGN-V2.6-FINAL-GROUP-PLAN-v1.json,CA-05-LOCAL::ca-05-marking-buh::настройка маркировки в 1с бухгалтерия,expected_and_present,CORVONERO-CA-05-LOCAL-MARKIROVKA-1S-COMMANDER-IMPORT-v2.6.1.xlsx,137,380,
EXP-000646,CA-05-LOCAL,Корво Неро — Маркировка / Честный знак — Новосибирск и область — поиск,CA-05,LOCAL,ca-05-marking-buh,Маркировка — бухгалтерия и БП,настройка честного знака в 1с бухгалтерия,настройка честного знака в 1с бухгалтерия,DEPLOYABLE_GROUP_PLAN,LOCAL,CORVONERO-CA-05-LOCAL-MARKIROVKA-1S-COMMANDER-IMPORT-v2.6.1.xlsx,CORVONERO-CAMPAIGN-V2.6-FINAL-GROUP-PLAN-v1.json,CA-05-LOCAL::ca-05-marking-buh::настройка честного знака в 1с бухгалтерия,expected_and_present,CORVONERO-CA-05-LOCAL-MARKIROVKA-1S-COMMANDER-IMPORT-v2.6.1.xlsx,138,370,
EXP-000647,CA-05-LOCAL,Корво Неро — Маркировка / Честный знак — Новосибирск и область — поиск,CA-05,LOCAL,ca-05-marking-buh,Маркировка — бухгалтерия и БП,честный знак в 1с бп,честный знак в 1с бп,DEPLOYABLE_GROUP_PLAN,LOCAL,CORVONERO-CA-05-LOCAL-MARKIROVKA-1S-COMMANDER-IMPORT-v2.6.1.xlsx,CORVONERO-CAMPAIGN-V2.6-FINAL-GROUP-PLAN-v1.json,CA-05-LOCAL::ca-05-marking-buh::честный знак в 1с бп,expected_and_present,CORVONERO-CA-05-LOCAL-MARKIROVKA-1S-COMMANDER-IMPORT-v2.6.1.xlsx,139,360,
EXP-000648,CA-05-LOCAL,Корво Неро — Маркировка / Честный знак — Новосибирск и область — поиск,CA-05,LOCAL,ca-05-marking-buh,Маркировка — бухгалтерия и БП,честный знак в 1с бухгалтерия 8.3,честный знак в 1с бухгалтерия 8.3,DEPLOYABLE_GROUP_PLAN,LOCAL,CORVONERO-CA-05-LOCAL-MARKIROVKA-1S-COMMANDER-IMPORT-v2.6.1.xlsx,CORVONERO-CAMPAIGN-V2.6-FINAL-GROUP-PLAN-v1.json,CA-05-LOCAL::ca-05-marking-buh::честный знак в 1с бухгалтерия 8.3,expected_and_present,CORVONERO-CA-05-LOCAL-MARKIROVKA-1S-COMMANDER-IMPORT-v2.6.1.xlsx,140,350,
EXP-000649,CA-05-LOCAL,Корво Неро — Маркировка / Честный знак — Новосибирск и область — поиск,CA-05,LOCAL,ca-05-marking-codes,"Коды маркировки — печать, передача и сканирование",настройки сканирования кодов маркировки в 1с,настройки сканирования кодов маркировки в 1с,DEPLOYABLE_GROUP_PLAN,LOCAL,CORVONERO-CA-05-LOCAL-MARKIROVKA-1S-COMMANDER-IMPORT-v2.6.1.xlsx,CORVONERO-CAMPAIGN-V2.6-FINAL-GROUP-PLAN-v1.json,CA-05-LOCAL::ca-05-marking-codes::настройки сканирования кодов маркировки в 1с,expected_and_present,CORVONERO-CA-05-LOCAL-MARKIROVKA-1S-COMMANDER-IMPORT-v2.6.1.xlsx,142,400,
EXP-000650,CA-05-LOCAL,Корво Неро — Маркировка / Честный знак — Новосибирск и область — поиск,CA-05,LOCAL,ca-05-marking-codes,"Коды маркировки — печать, передача и сканирование",передача кодов маркировки в 1с,передача кодов маркировки в 1с,DEPLOYABLE_GROUP_PLAN,LOCAL,CORVONERO-CA-05-LOCAL-MARKIROVKA-1S-COMMANDER-IMPORT-v2.6.1.xlsx,CORVONERO-CAMPAIGN-V2.6-FINAL-GROUP-PLAN-v1.json,CA-05-LOCAL::ca-05-marking-codes::передача кодов маркировки в 1с,expected_and_present,CORVONERO-CA-05-LOCAL-MARKIROVKA-1S-COMMANDER-IMPORT-v2.6.1.xlsx,143,390,
EXP-000651,CA-05-LOCAL,Корво Неро — Маркировка / Честный знак — Новосибирск и область — поиск,CA-05,LOCAL,ca-05-marking-codes,"Коды маркировки — печать, передача и сканирование",печать кодов маркировки в 1с,печать кодов маркировки в 1с,DEPLOYABLE_GROUP_PLAN,LOCAL,CORVONERO-CA-05-LOCAL-MARKIROVKA-1S-COMMANDER-IMPORT-v2.6.1.xlsx,CORVONERO-CAMPAIGN-V2.6-FINAL-GROUP-PLAN-v1.json,CA-05-LOCAL::ca-05-marking-codes::печать кодов маркировки в 1с,expected_and_present,CORVONERO-CA-05-LOCAL-MARKIROVKA-1S-COMMANDER-IMPORT-v2.6.1.xlsx,144,380,
EXP-000652,CA-05-LOCAL,Корво Неро — Маркировка / Честный знак — Новосибирск и область — поиск,CA-05,LOCAL,ca-05-marking-codes,"Коды маркировки — печать, передача и сканирование",печать маркировок честный знак 1с,печать маркировок честный знак 1с,DEPLOYABLE_GROUP_PLAN,LOCAL,CORVONERO-CA-05-LOCAL-MARKIROVKA-1S-COMMANDER-IMPORT-v2.6.1.xlsx,CORVONERO-CAMPAIGN-V2.6-FINAL-GROUP-PLAN-v1.json,CA-05-LOCAL::ca-05-marking-codes::печать маркировок честный знак 1с,expected_and_present,CORVONERO-CA-05-LOCAL-MARKIROVKA-1S-COMMANDER-IMPORT-v2.6.1.xlsx,145,370,
EXP-000653,CA-05-LOCAL,Корво Неро — Маркировка / Честный знак — Новосибирск и область — поиск,CA-05,LOCAL,ca-05-marking-erp,Маркировка — ERP и КА,1с ка 2 честный знак,1с ка 2 честный знак,DEPLOYABLE_GROUP_PLAN,LOCAL,CORVONERO-CA-05-LOCAL-MARKIROVKA-1S-COMMANDER-IMPORT-v2.6.1.xlsx,CORVONERO-CAMPAIGN-V2.6-FINAL-GROUP-PLAN-v1.json,CA-05-LOCAL::ca-05-marking-erp::1с ка 2 честный знак,expected_and_present,CORVONERO-CA-05-LOCAL-MARKIROVKA-1S-COMMANDER-IMPORT-v2.6.1.xlsx,147,400,
EXP-000654,CA-05-LOCAL,Корво Неро — Маркировка / Честный знак — Новосибирск и область — поиск,CA-05,LOCAL,ca-05-marking-erp,Маркировка — ERP и КА,маркировка 2026 в 1с,маркировка 2026 в 1с,DEPLOYABLE_GROUP_PLAN,LOCAL,CORVONERO-CA-05-LOCAL-MARKIROVKA-1S-COMMANDER-IMPORT-v2.6.1.xlsx,CORVONERO-CAMPAIGN-V2.6-FINAL-GROUP-PLAN-v1.json,CA-05-LOCAL::ca-05-marking-erp::маркировка 2026 в 1с,expected_and_present,CORVONERO-CA-05-LOCAL-MARKIROVKA-1S-COMMANDER-IMPORT-v2.6.1.xlsx,148,390,
EXP-000655,CA-05-LOCAL,Корво Неро — Маркировка / Честный знак — Новосибирск и область — поиск,CA-05,LOCAL,ca-05-marking-erp,Маркировка — ERP и КА,маркировка в 1с erp,маркировка в 1с erp,DEPLOYABLE_GROUP_PLAN,LOCAL,CORVONERO-CA-05-LOCAL-MARKIROVKA-1S-COMMANDER-IMPORT-v2.6.1.xlsx,CORVONERO-CAMPAIGN-V2.6-FINAL-GROUP-PLAN-v1.json,CA-05-LOCAL::ca-05-marking-erp::маркировка в 1с erp,expected_and_present,CORVONERO-CA-05-LOCAL-MARKIROVKA-1S-COMMANDER-IMPORT-v2.6.1.xlsx,149,380,
EXP-000656,CA-05-LOCAL,Корво Неро — Маркировка / Честный знак — Новосибирск и область — поиск,CA-05,LOCAL,ca-05-marking-erp,Маркировка — ERP и КА,маркировка в 1с ерп,маркировка в 1с ерп,DEPLOYABLE_GROUP_PLAN,LOCAL,CORVONERO-CA-05-LOCAL-MARKIROVKA-1S-COMMANDER-IMPORT-v2.6.1.xlsx,CORVONERO-CAMPAIGN-V2.6-FINAL-GROUP-PLAN-v1.json,CA-05-LOCAL::ca-05-marking-erp::маркировка в 1с ерп,expected_and_present,CORVONERO-CA-05-LOCAL-MARKIROVKA-1S-COMMANDER-IMPORT-v2.6.1.xlsx,150,370,
EXP-000657,CA-05-LOCAL,Корво Неро — Маркировка / Честный знак — Новосибирск и область — поиск,CA-05,LOCAL,ca-05-marking-erp,Маркировка — ERP и КА,маркировка в 1с комплексная автоматизация,маркировка в 1с комплексная автоматизация,DEPLOYABLE_GROUP_PLAN,LOCAL,CORVONERO-CA-05-LOCAL-MARKIROVKA-1S-COMMANDER-IMPORT-v2.6.1.xlsx,CORVONERO-CAMPAIGN-V2.6-FINAL-GROUP-PLAN-v1.json,CA-05-LOCAL::ca-05-marking-erp::маркировка в 1с комплексная автоматизация,expected_and_present,CORVONERO-CA-05-LOCAL-MARKIROVKA-1S-COMMANDER-IMPORT-v2.6.1.xlsx,151,360,
EXP-000658,CA-05-LOCAL,Корво Неро — Маркировка / Честный знак — Новосибирск и область — поиск,CA-05,LOCAL,ca-05-marking-erp,Маркировка — ERP и КА,маркировка в 1с предприятие,маркировка в 1с предприятие,DEPLOYABLE_GROUP_PLAN,LOCAL,CORVONERO-CA-05-LOCAL-MARKIROVKA-1S-COMMANDER-IMPORT-v2.6.1.xlsx,CORVONERO-CAMPAIGN-V2.6-FINAL-GROUP-PLAN-v1.json,CA-05-LOCAL::ca-05-marking-erp::маркировка в 1с предприятие,expected_and_present,CORVONERO-CA-05-LOCAL-MARKIROVKA-1S-COMMANDER-IMPORT-v2.6.1.xlsx,152,350,
EXP-000659,CA-05-LOCAL,Корво Неро — Маркировка / Честный знак — Новосибирск и область — поиск,CA-05,LOCAL,ca-05-marking-erp,Маркировка — ERP и КА,маркировка честный знак в 1с erp,маркировка честный знак в 1с erp,DEPLOYABLE_GROUP_PLAN,LOCAL,CORVONERO-CA-05-LOCAL-MARKIROVKA-1S-COMMANDER-IMPORT-v2.6.1.xlsx,CORVONERO-CAMPAIGN-V2.6-FINAL-GROUP-PLAN-v1.json,CA-05-LOCAL::ca-05-marking-erp::маркировка честный знак в 1с erp,expected_and_present,CORVONERO-CA-05-LOCAL-MARKIROVKA-1S-COMMANDER-IMPORT-v2.6.1.xlsx,153,340,
EXP-000660,CA-05-LOCAL,Корво Неро — Маркировка / Честный знак — Новосибирск и область — поиск,CA-05,LOCAL,ca-05-marking-erp,Маркировка — ERP и КА,честный знак 1с предприятие,честный знак 1с предприятие,DEPLOYABLE_GROUP_PLAN,LOCAL,CORVONERO-CA-05-LOCAL-MARKIROVKA-1S-COMMANDER-IMPORT-v2.6.1.xlsx,CORVONERO-CAMPAIGN-V2.6-FINAL-GROUP-PLAN-v1.json,CA-05-LOCAL::ca-05-marking-erp::честный знак 1с предприятие,expected_and_present,CORVONERO-CA-05-LOCAL-MARKIROVKA-1S-COMMANDER-IMPORT-v2.6.1.xlsx,154,330,
EXP-000661,CA-05-LOCAL,Корво Неро — Маркировка / Честный знак — Новосибирск и область — поиск,CA-05,LOCAL,ca-05-marking-erp,Маркировка — ERP и КА,честный знак в 1с ерп,честный знак в 1с ерп,DEPLOYABLE_GROUP_PLAN,LOCAL,CORVONERO-CA-05-LOCAL-MARKIROVKA-1S-COMMANDER-IMPORT-v2.6.1.xlsx,CORVONERO-CAMPAIGN-V2.6-FINAL-GROUP-PLAN-v1.json,CA-05-LOCAL::ca-05-marking-erp::честный знак в 1с ерп,expected_and_present,CORVONERO-CA-05-LOCAL-MARKIROVKA-1S-COMMANDER-IMPORT-v2.6.1.xlsx,155,320,
EXP-000662,CA-05-LOCAL,Корво Неро — Маркировка / Честный знак — Новосибирск и область — поиск,CA-05,LOCAL,ca-05-marking-erp,Маркировка — ERP и КА,честный знак в 1с комплексная автоматизация,честный знак в 1с комплексная автоматизация,DEPLOYABLE_GROUP_PLAN,LOCAL,CORVONERO-CA-05-LOCAL-MARKIROVKA-1S-COMMANDER-IMPORT-v2.6.1.xlsx,CORVONERO-CAMPAIGN-V2.6-FINAL-GROUP-PLAN-v1.json,CA-05-LOCAL::ca-05-marking-erp::честный знак в 1с комплексная автоматизация,expected_and_present,CORVONERO-CA-05-LOCAL-MARKIROVKA-1S-COMMANDER-IMPORT-v2.6.1.xlsx,156,310,
EXP-000663,CA-05-LOCAL,Корво Неро — Маркировка / Честный знак — Новосибирск и область — поиск,CA-05,LOCAL,ca-05-marking-roznica,Маркировка — розница,1с розница подключение честного знака,1с розница подключение честного знака,DEPLOYABLE_GROUP_PLAN,LOCAL,CORVONERO-CA-05-LOCAL-MARKIROVKA-1S-COMMANDER-IMPORT-v2.6.1.xlsx,CORVONERO-CAMPAIGN-V2.6-FINAL-GROUP-PLAN-v1.json,CA-05-LOCAL::ca-05-marking-roznica::1с розница подключение честного знака,expected_and_present,CORVONERO-CA-05-LOCAL-MARKIROVKA-1S-COMMANDER-IMPORT-v2.6.1.xlsx,158,400,
EXP-000664,CA-05-LOCAL,Корво Неро — Маркировка / Честный знак — Новосибирск и область — поиск,CA-05,LOCAL,ca-05-marking-roznica,Маркировка — розница,маркировка в 1с розница,маркировка в 1с розница,DEPLOYABLE_GROUP_PLAN,LOCAL,CORVONERO-CA-05-LOCAL-MARKIROVKA-1S-COMMANDER-IMPORT-v2.6.1.xlsx,CORVONERO-CAMPAIGN-V2.6-FINAL-GROUP-PLAN-v1.json,CA-05-LOCAL::ca-05-marking-roznica::маркировка в 1с розница,expected_and_present,CORVONERO-CA-05-LOCAL-MARKIROVKA-1S-COMMANDER-IMPORT-v2.6.1.xlsx,159,390,
EXP-000665,CA-05-LOCAL,Корво Неро — Маркировка / Честный знак — Новосибирск и область — поиск,CA-05,LOCAL,ca-05-marking-roznica,Маркировка — розница,маркировка в 1с розница 2.3,маркировка в 1с розница 2.3,DEPLOYABLE_GROUP_PLAN,LOCAL,CORVONERO-CA-05-LOCAL-MARKIROVKA-1S-COMMANDER-IMPORT-v2.6.1.xlsx,CORVONERO-CAMPAIGN-V2.6-FINAL-GROUP-PLAN-v1.json,CA-05-LOCAL::ca-05-marking-roznica::маркировка в 1с розница 2.3,expected_and_present,CORVONERO-CA-05-LOCAL-MARKIROVKA-1S-COMMANDER-IMPORT-v2.6.1.xlsx,160,380,
EXP-000666,CA-05-LOCAL,Корво Неро — Маркировка / Честный знак — Новосибирск и область — поиск,CA-05,LOCAL,ca-05-marking-roznica,Маркировка — розница,маркировка в 1с розница 3.0,маркировка в 1с розница 3.0,DEPLOYABLE_GROUP_PLAN,LOCAL,CORVONERO-CA-05-LOCAL-MARKIROVKA-1S-COMMANDER-IMPORT-v2.6.1.xlsx,CORVONERO-CAMPAIGN-V2.6-FINAL-GROUP-PLAN-v1.json,CA-05-LOCAL::ca-05-marking-roznica::маркировка в 1с розница 3.0,expected_and_present,CORVONERO-CA-05-LOCAL-MARKIROVKA-1S-COMMANDER-IMPORT-v2.6.1.xlsx,161,370,
EXP-000667,CA-05-LOCAL,Корво Неро — Маркировка / Честный знак — Новосибирск и область — поиск,CA-05,LOCAL,ca-05-marking-roznica,Маркировка — розница,маркировка в 1с розница настройка номенклатуры,маркировка в 1с розница настройка номенклатуры,DEPLOYABLE_GROUP_PLAN,LOCAL,CORVONERO-CA-05-LOCAL-MARKIROVKA-1S-COMMANDER-IMPORT-v2.6.1.xlsx,CORVONERO-CAMPAIGN-V2.6-FINAL-GROUP-PLAN-v1.json,CA-05-LOCAL::ca-05-marking-roznica::маркировка в 1с розница настройка номенклатуры,expected_and_present,CORVONERO-CA-05-LOCAL-MARKIROVKA-1S-COMMANDER-IMPORT-v2.6.1.xlsx,162,360,
EXP-000668,CA-05-LOCAL,Корво Неро — Маркировка / Честный знак — Новосибирск и область — поиск,CA-05,LOCAL,ca-05-marking-roznica,Маркировка — розница,маркировка моторных масел в 1с розница настройка,маркировка моторных масел в 1с розница настройка,DEPLOYABLE_GROUP_PLAN,LOCAL,CORVONERO-CA-05-LOCAL-MARKIROVKA-1S-COMMANDER-IMPORT-v2.6.1.xlsx,CORVONERO-CAMPAIGN-V2.6-FINAL-GROUP-PLAN-v1.json,CA-05-LOCAL::ca-05-marking-roznica::маркировка моторных масел в 1с розница настройка,expected_and_present,CORVONERO-CA-05-LOCAL-MARKIROVKA-1S-COMMANDER-IMPORT-v2.6.1.xlsx,163,350,
EXP-000669,CA-05-LOCAL,Корво Неро — Маркировка / Честный знак — Новосибирск и область — поиск,CA-05,LOCAL,ca-05-marking-roznica,Маркировка — розница,маркировка товаров в 1с розница,маркировка товаров в 1с розница,DEPLOYABLE_GROUP_PLAN,LOCAL,CORVONERO-CA-05-LOCAL-MARKIROVKA-1S-COMMANDER-IMPORT-v2.6.1.xlsx,CORVONERO-CAMPAIGN-V2.6-FINAL-GROUP-PLAN-v1.json,CA-05-LOCAL::ca-05-marking-roznica::маркировка товаров в 1с розница,expected_and_present,CORVONERO-CA-05-LOCAL-MARKIROVKA-1S-COMMANDER-IMPORT-v2.6.1.xlsx,164,340,
EXP-000670,CA-05-LOCAL,Корво Неро — Маркировка / Честный знак — Новосибирск и область — поиск,CA-05,LOCAL,ca-05-marking-roznica,Маркировка — розница,маркировка честный знак 1с розница,маркировка честный знак 1с розница,DEPLOYABLE_GROUP_PLAN,LOCAL,CORVONERO-CA-05-LOCAL-MARKIROVKA-1S-COMMANDER-IMPORT-v2.6.1.xlsx,CORVONERO-CAMPAIGN-V2.6-FINAL-GROUP-PLAN-v1.json,CA-05-LOCAL::ca-05-marking-roznica::маркировка честный знак 1с розница,expected_and_present,CORVONERO-CA-05-LOCAL-MARKIROVKA-1S-COMMANDER-IMPORT-v2.6.1.xlsx,165,330,
EXP-000671,CA-05-LOCAL,Корво Неро — Маркировка / Честный знак — Новосибирск и область — поиск,CA-05,LOCAL,ca-05-marking-roznica,Маркировка — розница,маркировка честный знак в 1с розница,маркировка честный знак в 1с розница,DEPLOYABLE_GROUP_PLAN,LOCAL,CORVONERO-CA-05-LOCAL-MARKIROVKA-1S-COMMANDER-IMPORT-v2.6.1.xlsx,CORVONERO-CAMPAIGN-V2.6-FINAL-GROUP-PLAN-v1.json,CA-05-LOCAL::ca-05-marking-roznica::маркировка честный знак в 1с розница,expected_and_present,CORVONERO-CA-05-LOCAL-MARKIROVKA-1S-COMMANDER-IMPORT-v2.6.1.xlsx,166,320,
EXP-000672,CA-05-LOCAL,Корво Неро — Маркировка / Честный знак — Новосибирск и область — поиск,CA-05,LOCAL,ca-05-marking-roznica,Маркировка — розница,настройка 1с розница честный знак,настройка 1с розница честный знак,DEPLOYABLE_GROUP_PLAN,LOCAL,CORVONERO-CA-05-LOCAL-MARKIROVKA-1S-COMMANDER-IMPORT-v2.6.1.xlsx,CORVONERO-CAMPAIGN-V2.6-FINAL-GROUP-PLAN-v1.json,CA-05-LOCAL::ca-05-marking-roznica::настройка 1с розница честный знак,expected_and_present,CORVONERO-CA-05-LOCAL-MARKIROVKA-1S-COMMANDER-IMPORT-v2.6.1.xlsx,167,310,
EXP-000673,CA-05-LOCAL,Корво Неро — Маркировка / Честный знак — Новосибирск и область — поиск,CA-05,LOCAL,ca-05-marking-roznica,Маркировка — розница,настройка маркировки в 1с розница,настройка маркировки в 1с розница,DEPLOYABLE_GROUP_PLAN,LOCAL,CORVONERO-CA-05-LOCAL-MARKIROVKA-1S-COMMANDER-IMPORT-v2.6.1.xlsx,CORVONERO-CAMPAIGN-V2.6-FINAL-GROUP-PLAN-v1.json,CA-05-LOCAL::ca-05-marking-roznica::настройка маркировки в 1с розница,expected_and_present,CORVONERO-CA-05-LOCAL-MARKIROVKA-1S-COMMANDER-IMPORT-v2.6.1.xlsx,168,400,
EXP-000674,CA-05-LOCAL,Корво Неро — Маркировка / Честный знак — Новосибирск и область — поиск,CA-05,LOCAL,ca-05-marking-roznica,Маркировка — розница,настройка маркировки в 1с розница 2.3,настройка маркировки в 1с розница 2.3,DEPLOYABLE_GROUP_PLAN,LOCAL,CORVONERO-CA-05-LOCAL-MARKIROVKA-1S-COMMANDER-IMPORT-v2.6.1.xlsx,CORVONERO-CAMPAIGN-V2.6-FINAL-GROUP-PLAN-v1.json,CA-05-LOCAL::ca-05-marking-roznica::настройка маркировки в 1с розница 2.3,expected_and_present,CORVONERO-CA-05-LOCAL-MARKIROVKA-1S-COMMANDER-IMPORT-v2.6.1.xlsx,169,390,
EXP-000675,CA-05-LOCAL,Корво Неро — Маркировка / Честный знак — Новосибирск и область — поиск,CA-05,LOCAL,ca-05-marking-roznica,Маркировка — розница,настройка маркировки в 1с розница 3.0,настройка маркировки в 1с розница 3.0,DEPLOYABLE_GROUP_PLAN,LOCAL,CORVONERO-CA-05-LOCAL-MARKIROVKA-1S-COMMANDER-IMPORT-v2.6.1.xlsx,CORVONERO-CAMPAIGN-V2.6-FINAL-GROUP-PLAN-v1.json,CA-05-LOCAL::ca-05-marking-roznica::настройка маркировки в 1с розница 3.0,expected_and_present,CORVONERO-CA-05-LOCAL-MARKIROVKA-1S-COMMANDER-IMPORT-v2.6.1.xlsx,170,380,
EXP-000676,CA-05-LOCAL,Корво Неро — Маркировка / Честный знак — Новосибирск и область — поиск,CA-05,LOCAL,ca-05-marking-roznica,Маркировка — розница,настройка честного знака в 1с розница 2.3,настройка честного знака в 1с розница 2.3,DEPLOYABLE_GROUP_PLAN,LOCAL,CORVONERO-CA-05-LOCAL-MARKIROVKA-1S-COMMANDER-IMPORT-v2.6.1.xlsx,CORVONERO-CAMPAIGN-V2.6-FINAL-GROUP-PLAN-v1.json,CA-05-LOCAL::ca-05-marking-roznica::настройка честного знака в 1с розница 2.3,expected_and_present,CORVONERO-CA-05-LOCAL-MARKIROVKA-1S-COMMANDER-IMPORT-v2.6.1.xlsx,171,370,
EXP-000677,CA-05-LOCAL,Корво Неро — Маркировка / Честный знак — Новосибирск и область — поиск,CA-05,LOCAL,ca-05-marking-roznica,Маркировка — розница,настройка честного знака в 1с розница 3.0,настройка честного знака в 1с розница 3.0,DEPLOYABLE_GROUP_PLAN,LOCAL,CORVONERO-CA-05-LOCAL-MARKIROVKA-1S-COMMANDER-IMPORT-v2.6.1.xlsx,CORVONERO-CAMPAIGN-V2.6-FINAL-GROUP-PLAN-v1.json,CA-05-LOCAL::ca-05-marking-roznica::настройка честного знака в 1с розница 3.0,expected_and_present,CORVONERO-CA-05-LOCAL-MARKIROVKA-1S-COMMANDER-IMPORT-v2.6.1.xlsx,172,360,
EXP-000678,CA-05-LOCAL,Корво Неро — Маркировка / Честный знак — Новосибирск и область — поиск,CA-05,LOCAL,ca-05-marking-roznica,Маркировка — розница,установка маркировки в 1с розница,установка маркировки в 1с розница,DEPLOYABLE_GROUP_PLAN,LOCAL,CORVONERO-CA-05-LOCAL-MARKIROVKA-1S-COMMANDER-IMPORT-v2.6.1.xlsx,CORVONERO-CAMPAIGN-V2.6-FINAL-GROUP-PLAN-v1.json,CA-05-LOCAL::ca-05-marking-roznica::установка маркировки в 1с розница,expected_and_present,CORVONERO-CA-05-LOCAL-MARKIROVKA-1S-COMMANDER-IMPORT-v2.6.1.xlsx,173,350,
EXP-000679,CA-05-LOCAL,Корво Неро — Маркировка / Честный знак — Новосибирск и область — поиск,CA-05,LOCAL,ca-05-marking-roznica,Маркировка — розница,честный знак 1с розница моторные масла,честный знак 1с розница моторные масла,DEPLOYABLE_GROUP_PLAN,LOCAL,CORVONERO-CA-05-LOCAL-MARKIROVKA-1S-COMMANDER-IMPORT-v2.6.1.xlsx,CORVONERO-CAMPAIGN-V2.6-FINAL-GROUP-PLAN-v1.json,CA-05-LOCAL::ca-05-marking-roznica::честный знак 1с розница моторные масла,expected_and_present,CORVONERO-CA-05-LOCAL-MARKIROVKA-1S-COMMANDER-IMPORT-v2.6.1.xlsx,174,340,
EXP-000680,CA-05-LOCAL,Корво Неро — Маркировка / Честный знак — Новосибирск и область — поиск,CA-05,LOCAL,ca-05-marking-ut-unf,Маркировка — УТ и УНФ,1с унф честный знак,1с унф честный знак,DEPLOYABLE_GROUP_PLAN,LOCAL,CORVONERO-CA-05-LOCAL-MARKIROVKA-1S-COMMANDER-IMPORT-v2.6.1.xlsx,CORVONERO-CAMPAIGN-V2.6-FINAL-GROUP-PLAN-v1.json,CA-05-LOCAL::ca-05-marking-ut-unf::1с унф честный знак,expected_and_present,CORVONERO-CA-05-LOCAL-MARKIROVKA-1S-COMMANDER-IMPORT-v2.6.1.xlsx,176,400,
EXP-000681,CA-05-LOCAL,Корво Неро — Маркировка / Честный знак — Новосибирск и область — поиск,CA-05,LOCAL,ca-05-marking-ut-unf,Маркировка — УТ и УНФ,1с унф честный знак настройка,1с унф честный знак настройка,DEPLOYABLE_GROUP_PLAN,LOCAL,CORVONERO-CA-05-LOCAL-MARKIROVKA-1S-COMMANDER-IMPORT-v2.6.1.xlsx,CORVONERO-CAMPAIGN-V2.6-FINAL-GROUP-PLAN-v1.json,CA-05-LOCAL::ca-05-marking-ut-unf::1с унф честный знак настройка,expected_and_present,CORVONERO-CA-05-LOCAL-MARKIROVKA-1S-COMMANDER-IMPORT-v2.6.1.xlsx,177,390,
EXP-000682,CA-05-LOCAL,Корво Неро — Маркировка / Честный знак — Новосибирск и область — поиск,CA-05,LOCAL,ca-05-marking-ut-unf,Маркировка — УТ и УНФ,1с унф честный знак подключение,1с унф честный знак подключение,DEPLOYABLE_GROUP_PLAN,LOCAL,CORVONERO-CA-05-LOCAL-MARKIROVKA-1S-COMMANDER-IMPORT-v2.6.1.xlsx,CORVONERO-CAMPAIGN-V2.6-FINAL-GROUP-PLAN-v1.json,CA-05-LOCAL::ca-05-marking-ut-unf::1с унф честный знак подключение,expected_and_present,CORVONERO-CA-05-LOCAL-MARKIROVKA-1S-COMMANDER-IMPORT-v2.6.1.xlsx,178,380,
EXP-000683,CA-05-LOCAL,Корво Неро — Маркировка / Честный знак — Новосибирск и область — поиск,CA-05,LOCAL,ca-05-marking-ut-unf,Маркировка — УТ и УНФ,1с ут честный знак настройка,1с ут честный знак настройка,DEPLOYABLE_GROUP_PLAN,LOCAL,CORVONERO-CA-05-LOCAL-MARKIROVKA-1S-COMMANDER-IMPORT-v2.6.1.xlsx,CORVONERO-CAMPAIGN-V2.6-FINAL-GROUP-PLAN-v1.json,CA-05-LOCAL::ca-05-marking-ut-unf::1с ут честный знак настройка,expected_and_present,CORVONERO-CA-05-LOCAL-MARKIROVKA-1S-COMMANDER-IMPORT-v2.6.1.xlsx,179,370,
EXP-000684,CA-05-LOCAL,Корво Неро — Маркировка / Честный знак — Новосибирск и область — поиск,CA-05,LOCAL,ca-05-marking-ut-unf,Маркировка — УТ и УНФ,заказ маркировки в 1с унф,заказ маркировки в 1с унф,DEPLOYABLE_GROUP_PLAN,LOCAL,CORVONERO-CA-05-LOCAL-MARKIROVKA-1S-COMMANDER-IMPORT-v2.6.1.xlsx,CORVONERO-CAMPAIGN-V2.6-FINAL-GROUP-PLAN-v1.json,CA-05-LOCAL::ca-05-marking-ut-unf::заказ маркировки в 1с унф,expected_and_present,CORVONERO-CA-05-LOCAL-MARKIROVKA-1S-COMMANDER-IMPORT-v2.6.1.xlsx,180,360,
EXP-000685,CA-05-LOCAL,Корво Неро — Маркировка / Честный знак — Новосибирск и область — поиск,CA-05,LOCAL,ca-05-marking-ut-unf,Маркировка — УТ и УНФ,как подключить честный знак к 1с унф,как подключить честный знак к 1с унф,DEPLOYABLE_GROUP_PLAN,LOCAL,CORVONERO-CA-05-LOCAL-MARKIROVKA-1S-COMMANDER-IMPORT-v2.6.1.xlsx,CORVONERO-CAMPAIGN-V2.6-FINAL-GROUP-PLAN-v1.json,CA-05-LOCAL::ca-05-marking-ut-unf::как подключить честный знак к 1с унф,expected_and_present,CORVONERO-CA-05-LOCAL-MARKIROVKA-1S-COMMANDER-IMPORT-v2.6.1.xlsx,181,350,
EXP-000686,CA-05-LOCAL,Корво Неро — Маркировка / Честный знак — Новосибирск и область — поиск,CA-05,LOCAL,ca-05-marking-ut-unf,Маркировка — УТ и УНФ,маркировка в 1с унф,маркировка в 1с унф,DEPLOYABLE_GROUP_PLAN,LOCAL,CORVONERO-CA-05-LOCAL-MARKIROVKA-1S-COMMANDER-IMPORT-v2.6.1.xlsx,CORVONERO-CAMPAIGN-V2.6-FINAL-GROUP-PLAN-v1.json,CA-05-LOCAL::ca-05-marking-ut-unf::маркировка в 1с унф,expected_and_present,CORVONERO-CA-05-LOCAL-MARKIROVKA-1S-COMMANDER-IMPORT-v2.6.1.xlsx,182,340,
EXP-000687,CA-05-LOCAL,Корво Неро — Маркировка / Честный знак — Новосибирск и область — поиск,CA-05,LOCAL,ca-05-marking-ut-unf,Маркировка — УТ и УНФ,маркировка в 1с управление торговлей,маркировка в 1с управление торговлей,DEPLOYABLE_GROUP_PLAN,LOCAL,CORVONERO-CA-05-LOCAL-MARKIROVKA-1S-COMMANDER-IMPORT-v2.6.1.xlsx,CORVONERO-CAMPAIGN-V2.6-FINAL-GROUP-PLAN-v1.json,CA-05-LOCAL::ca-05-marking-ut-unf::маркировка в 1с управление торговлей,expected_and_present,CORVONERO-CA-05-LOCAL-MARKIROVKA-1S-COMMANDER-IMPORT-v2.6.1.xlsx,183,330,
EXP-000688,CA-05-LOCAL,Корво Неро — Маркировка / Честный знак — Новосибирск и область — поиск,CA-05,LOCAL,ca-05-marking-ut-unf,Маркировка — УТ и УНФ,маркировка в 1с ут,маркировка в 1с ут,DEPLOYABLE_GROUP_PLAN,LOCAL,CORVONERO-CA-05-LOCAL-MARKIROVKA-1S-COMMANDER-IMPORT-v2.6.1.xlsx,CORVONERO-CAMPAIGN-V2.6-FINAL-GROUP-PLAN-v1.json,CA-05-LOCAL::ca-05-marking-ut-unf::маркировка в 1с ут,expected_and_present,CORVONERO-CA-05-LOCAL-MARKIROVKA-1S-COMMANDER-IMPORT-v2.6.1.xlsx,184,320,
EXP-000689,CA-05-LOCAL,Корво Неро — Маркировка / Честный знак — Новосибирск и область — поиск,CA-05,LOCAL,ca-05-marking-ut-unf,Маркировка — УТ и УНФ,маркировка в 1с ут 10.3,маркировка в 1с ут 10.3,DEPLOYABLE_GROUP_PLAN,LOCAL,CORVONERO-CA-05-LOCAL-MARKIROVKA-1S-COMMANDER-IMPORT-v2.6.1.xlsx,CORVONERO-CAMPAIGN-V2.6-FINAL-GROUP-PLAN-v1.json,CA-05-LOCAL::ca-05-marking-ut-unf::маркировка в 1с ут 10.3,expected_and_present,CORVONERO-CA-05-LOCAL-MARKIROVKA-1S-COMMANDER-IMPORT-v2.6.1.xlsx,185,310,
EXP-000690,CA-05-LOCAL,Корво Неро — Маркировка / Честный знак — Новосибирск и область — поиск,CA-05,LOCAL,ca-05-marking-ut-unf,Маркировка — УТ и УНФ,маркировка в 1с ут 11,маркировка в 1с ут 11,DEPLOYABLE_GROUP_PLAN,LOCAL,CORVONERO-CA-05-LOCAL-MARKIROVKA-1S-COMMANDER-IMPORT-v2.6.1.xlsx,CORVONERO-CAMPAIGN-V2.6-FINAL-GROUP-PLAN-v1.json,CA-05-LOCAL::ca-05-marking-ut-unf::маркировка в 1с ут 11,expected_and_present,CORVONERO-CA-05-LOCAL-MARKIROVKA-1S-COMMANDER-IMPORT-v2.6.1.xlsx,186,400,
EXP-000691,CA-05-LOCAL,Корво Неро — Маркировка / Честный знак — Новосибирск и область — поиск,CA-05,LOCAL,ca-05-marking-ut-unf,Маркировка — УТ и УНФ,маркировка в 1с ут 11.5,маркировка в 1с ут 11.5,DEPLOYABLE_GROUP_PLAN,LOCAL,CORVONERO-CA-05-LOCAL-MARKIROVKA-1S-COMMANDER-IMPORT-v2.6.1.xlsx,CORVONERO-CAMPAIGN-V2.6-FINAL-GROUP-PLAN-v1.json,CA-05-LOCAL::ca-05-marking-ut-unf::маркировка в 1с ут 11.5,expected_and_present,CORVONERO-CA-05-LOCAL-MARKIROVKA-1S-COMMANDER-IMPORT-v2.6.1.xlsx,187,390,
EXP-000692,CA-05-LOCAL,Корво Неро — Маркировка / Честный знак — Новосибирск и область — поиск,CA-05,LOCAL,ca-05-marking-ut-unf,Маркировка — УТ и УНФ,маркировка товаров в 1с унф,маркировка товаров в 1с унф,DEPLOYABLE_GROUP_PLAN,LOCAL,CORVONERO-CA-05-LOCAL-MARKIROVKA-1S-COMMANDER-IMPORT-v2.6.1.xlsx,CORVONERO-CAMPAIGN-V2.6-FINAL-GROUP-PLAN-v1.json,CA-05-LOCAL::ca-05-marking-ut-unf::маркировка товаров в 1с унф,expected_and_present,CORVONERO-CA-05-LOCAL-MARKIROVKA-1S-COMMANDER-IMPORT-v2.6.1.xlsx,188,380,
EXP-000693,CA-05-LOCAL,Корво Неро — Маркировка / Честный знак — Новосибирск и область — поиск,CA-05,LOCAL,ca-05-marking-ut-unf,Маркировка — УТ и УНФ,маркировка товаров в 1с ут,маркировка товаров в 1с ут,DEPLOYABLE_GROUP_PLAN,LOCAL,CORVONERO-CA-05-LOCAL-MARKIROVKA-1S-COMMANDER-IMPORT-v2.6.1.xlsx,CORVONERO-CAMPAIGN-V2.6-FINAL-GROUP-PLAN-v1.json,CA-05-LOCAL::ca-05-marking-ut-unf::маркировка товаров в 1с ут,expected_and_present,CORVONERO-CA-05-LOCAL-MARKIROVKA-1S-COMMANDER-IMPORT-v2.6.1.xlsx,189,370,
EXP-000694,CA-05-LOCAL,Корво Неро — Маркировка / Честный знак — Новосибирск и область — поиск,CA-05,LOCAL,ca-05-marking-ut-unf,Маркировка — УТ и УНФ,маркировка товаров в 1с ут 11,маркировка товаров в 1с ут 11,DEPLOYABLE_GROUP_PLAN,LOCAL,CORVONERO-CA-05-LOCAL-MARKIROVKA-1S-COMMANDER-IMPORT-v2.6.1.xlsx,CORVONERO-CAMPAIGN-V2.6-FINAL-GROUP-PLAN-v1.json,CA-05-LOCAL::ca-05-marking-ut-unf::маркировка товаров в 1с ут 11,expected_and_present,CORVONERO-CA-05-LOCAL-MARKIROVKA-1S-COMMANDER-IMPORT-v2.6.1.xlsx,190,360,
EXP-000695,CA-05-LOCAL,Корво Неро — Маркировка / Честный знак — Новосибирск и область — поиск,CA-05,LOCAL,ca-05-marking-ut-unf,Маркировка — УТ и УНФ,маркировка честный знак в 1с унф,маркировка честный знак в 1с унф,DEPLOYABLE_GROUP_PLAN,LOCAL,CORVONERO-CA-05-LOCAL-MARKIROVKA-1S-COMMANDER-IMPORT-v2.6.1.xlsx,CORVONERO-CAMPAIGN-V2.6-FINAL-GROUP-PLAN-v1.json,CA-05-LOCAL::ca-05-marking-ut-unf::маркировка честный знак в 1с унф,expected_and_present,CORVONERO-CA-05-LOCAL-MARKIROVKA-1S-COMMANDER-IMPORT-v2.6.1.xlsx,191,350,
EXP-000696,CA-05-LOCAL,Корво Неро — Маркировка / Честный знак — Новосибирск и область — поиск,CA-05,LOCAL,ca-05-marking-ut-unf,Маркировка — УТ и УНФ,маркировка честный знак в 1с ут,маркировка честный знак в 1с ут,DEPLOYABLE_GROUP_PLAN,LOCAL,CORVONERO-CA-05-LOCAL-MARKIROVKA-1S-COMMANDER-IMPORT-v2.6.1.xlsx,CORVONERO-CAMPAIGN-V2.6-FINAL-GROUP-PLAN-v1.json,CA-05-LOCAL::ca-05-marking-ut-unf::маркировка честный знак в 1с ут,expected_and_present,CORVONERO-CA-05-LOCAL-MARKIROVKA-1S-COMMANDER-IMPORT-v2.6.1.xlsx,192,340,
EXP-000697,CA-05-LOCAL,Корво Неро — Маркировка / Честный знак — Новосибирск и область — поиск,CA-05,LOCAL,ca-05-marking-ut-unf,Маркировка — УТ и УНФ,настройка маркировки в 1с унф,настройка маркировки в 1с унф,DEPLOYABLE_GROUP_PLAN,LOCAL,CORVONERO-CA-05-LOCAL-MARKIROVKA-1S-COMMANDER-IMPORT-v2.6.1.xlsx,CORVONERO-CAMPAIGN-V2.6-FINAL-GROUP-PLAN-v1.json,CA-05-LOCAL::ca-05-marking-ut-unf::настройка маркировки в 1с унф,expected_and_present,CORVONERO-CA-05-LOCAL-MARKIROVKA-1S-COMMANDER-IMPORT-v2.6.1.xlsx,193,330,
EXP-000698,CA-05-LOCAL,Корво Неро — Маркировка / Честный знак — Новосибирск и область — поиск,CA-05,LOCAL,ca-05-marking-ut-unf,Маркировка — УТ и УНФ,настройка маркировки в 1с ут,настройка маркировки в 1с ут,DEPLOYABLE_GROUP_PLAN,LOCAL,CORVONERO-CA-05-LOCAL-MARKIROVKA-1S-COMMANDER-IMPORT-v2.6.1.xlsx,CORVONERO-CAMPAIGN-V2.6-FINAL-GROUP-PLAN-v1.json,CA-05-LOCAL::ca-05-marking-ut-unf::настройка маркировки в 1с ут,expected_and_present,CORVONERO-CA-05-LOCAL-MARKIROVKA-1S-COMMANDER-IMPORT-v2.6.1.xlsx,194,320,
EXP-000699,CA-05-LOCAL,Корво Неро — Маркировка / Честный знак — Новосибирск и область — поиск,CA-05,LOCAL,ca-05-marking-ut-unf,Маркировка — УТ и УНФ,настройка маркировки в 1с ут 11,настройка маркировки в 1с ут 11,DEPLOYABLE_GROUP_PLAN,LOCAL,CORVONERO-CA-05-LOCAL-MARKIROVKA-1S-COMMANDER-IMPORT-v2.6.1.xlsx,CORVONERO-CAMPAIGN-V2.6-FINAL-GROUP-PLAN-v1.json,CA-05-LOCAL::ca-05-marking-ut-unf::настройка маркировки в 1с ут 11,expected_and_present,CORVONERO-CA-05-LOCAL-MARKIROVKA-1S-COMMANDER-IMPORT-v2.6.1.xlsx,195,310,
EXP-000700,CA-05-LOCAL,Корво Неро — Маркировка / Честный знак — Новосибирск и область — поиск,CA-05,LOCAL,ca-05-marking-ut-unf,Маркировка — УТ и УНФ,настройка маркировки в 1с ут 11.5,настройка маркировки в 1с ут 11.5,DEPLOYABLE_GROUP_PLAN,LOCAL,CORVONERO-CA-05-LOCAL-MARKIROVKA-1S-COMMANDER-IMPORT-v2.6.1.xlsx,CORVONERO-CAMPAIGN-V2.6-FINAL-GROUP-PLAN-v1.json,CA-05-LOCAL::ca-05-marking-ut-unf::настройка маркировки в 1с ут 11.5,expected_and_present,CORVONERO-CA-05-LOCAL-MARKIROVKA-1S-COMMANDER-IMPORT-v2.6.1.xlsx,196,400,
EXP-000701,CA-05-LOCAL,Корво Неро — Маркировка / Честный знак — Новосибирск и область — поиск,CA-05,LOCAL,ca-05-marking-ut-unf,Маркировка — УТ и УНФ,настройка честного знака в 1с управление торговлей,настройка честного знака в 1с управление торговлей,DEPLOYABLE_GROUP_PLAN,LOCAL,CORVONERO-CA-05-LOCAL-MARKIROVKA-1S-COMMANDER-IMPORT-v2.6.1.xlsx,CORVONERO-CAMPAIGN-V2.6-FINAL-GROUP-PLAN-v1.json,CA-05-LOCAL::ca-05-marking-ut-unf::настройка честного знака в 1с управление торговлей,expected_and_present,CORVONERO-CA-05-LOCAL-MARKIROVKA-1S-COMMANDER-IMPORT-v2.6.1.xlsx,197,390,
EXP-000702,CA-05-LOCAL,Корво Неро — Маркировка / Честный знак — Новосибирск и область — поиск,CA-05,LOCAL,ca-05-marking-ut-unf,Маркировка — УТ и УНФ,настройка честного знака в 1с ут 11.5,настройка честного знака в 1с ут 11.5,DEPLOYABLE_GROUP_PLAN,LOCAL,CORVONERO-CA-05-LOCAL-MARKIROVKA-1S-COMMANDER-IMPORT-v2.6.1.xlsx,CORVONERO-CAMPAIGN-V2.6-FINAL-GROUP-PLAN-v1.json,CA-05-LOCAL::ca-05-marking-ut-unf::настройка честного знака в 1с ут 11.5,expected_and_present,CORVONERO-CA-05-LOCAL-MARKIROVKA-1S-COMMANDER-IMPORT-v2.6.1.xlsx,198,380,
EXP-000703,CA-05-LOCAL,Корво Неро — Маркировка / Честный знак — Новосибирск и область — поиск,CA-05,LOCAL,ca-05-marking-ut-unf,Маркировка — УТ и УНФ,подключение честный знак 1с ут,подключение честный знак 1с ут,DEPLOYABLE_GROUP_PLAN,LOCAL,CORVONERO-CA-05-LOCAL-MARKIROVKA-1S-COMMANDER-IMPORT-v2.6.1.xlsx,CORVONERO-CAMPAIGN-V2.6-FINAL-GROUP-PLAN-v1.json,CA-05-LOCAL::ca-05-marking-ut-unf::подключение честный знак 1с ут,expected_and_present,CORVONERO-CA-05-LOCAL-MARKIROVKA-1S-COMMANDER-IMPORT-v2.6.1.xlsx,199,370,
EXP-000704,CA-05-LOCAL,Корво Неро — Маркировка / Честный знак — Новосибирск и область — поиск,CA-05,LOCAL,ca-05-marking-ut-unf,Маркировка — УТ и УНФ,честный знак в 1с управление торговлей,честный знак в 1с управление торговлей,DEPLOYABLE_GROUP_PLAN,LOCAL,CORVONERO-CA-05-LOCAL-MARKIROVKA-1S-COMMANDER-IMPORT-v2.6.1.xlsx,CORVONERO-CAMPAIGN-V2.6-FINAL-GROUP-PLAN-v1.json,CA-05-LOCAL::ca-05-marking-ut-unf::честный знак в 1с управление торговлей,expected_and_present,CORVONERO-CA-05-LOCAL-MARKIROVKA-1S-COMMANDER-IMPORT-v2.6.1.xlsx,200,360,
EXP-000705,CA-05-LOCAL,Корво Неро — Маркировка / Честный знак — Новосибирск и область — поиск,CA-05,LOCAL,ca-05-marking-ut-unf,Маркировка — УТ и УНФ,честный знак в 1с ут,честный знак в 1с ут,DEPLOYABLE_GROUP_PLAN,LOCAL,CORVONERO-CA-05-LOCAL-MARKIROVKA-1S-COMMANDER-IMPORT-v2.6.1.xlsx,CORVONERO-CAMPAIGN-V2.6-FINAL-GROUP-PLAN-v1.json,CA-05-LOCAL::ca-05-marking-ut-unf::честный знак в 1с ут,expected_and_present,CORVONERO-CA-05-LOCAL-MARKIROVKA-1S-COMMANDER-IMPORT-v2.6.1.xlsx,201,350,
EXP-000706,CA-05-LOCAL,Корво Неро — Маркировка / Честный знак — Новосибирск и область — поиск,CA-05,LOCAL,ca-05-marking-ut-unf,Маркировка — УТ и УНФ,честный знак в 1с ут 11.5,честный знак в 1с ут 11.5,DEPLOYABLE_GROUP_PLAN,LOCAL,CORVONERO-CA-05-LOCAL-MARKIROVKA-1S-COMMANDER-IMPORT-v2.6.1.xlsx,CORVONERO-CAMPAIGN-V2.6-FINAL-GROUP-PLAN-v1.json,CA-05-LOCAL::ca-05-marking-ut-unf::честный знак в 1с ут 11.5,expected_and_present,CORVONERO-CA-05-LOCAL-MARKIROVKA-1S-COMMANDER-IMPORT-v2.6.1.xlsx,202,340,
EXP-000707,CA-05-LOCAL,Корво Неро — Маркировка / Честный знак — Новосибирск и область — поиск,CA-05,LOCAL,ca-05-marking-ut-unf,Маркировка — УТ и УНФ,честный знак учет в 1с унф,честный знак учет в 1с унф,DEPLOYABLE_GROUP_PLAN,LOCAL,CORVONERO-CA-05-LOCAL-MARKIROVKA-1S-COMMANDER-IMPORT-v2.6.1.xlsx,CORVONERO-CAMPAIGN-V2.6-FINAL-GROUP-PLAN-v1.json,CA-05-LOCAL::ca-05-marking-ut-unf::честный знак учет в 1с унф,expected_and_present,CORVONERO-CA-05-LOCAL-MARKIROVKA-1S-COMMANDER-IMPORT-v2.6.1.xlsx,203,330,
EXP-000708,CA-05-LOCAL,Корво Неро — Маркировка / Честный знак — Новосибирск и область — поиск,CA-05,LOCAL,ca-05-remainder-marking,Маркировка остатков,1с унф маркировка остатков честный знак,1с унф маркировка остатков честный знак,DEPLOYABLE_GROUP_PLAN,LOCAL,CORVONERO-CA-05-LOCAL-MARKIROVKA-1S-COMMANDER-IMPORT-v2.6.1.xlsx,CORVONERO-CAMPAIGN-V2.6-FINAL-GROUP-PLAN-v1.json,CA-05-LOCAL::ca-05-remainder-marking::1с унф маркировка остатков честный знак,expected_and_present,CORVONERO-CA-05-LOCAL-MARKIROVKA-1S-COMMANDER-IMPORT-v2.6.1.xlsx,205,400,
EXP-000709,CA-05-LOCAL,Корво Неро — Маркировка / Честный знак — Новосибирск и область — поиск,CA-05,LOCAL,ca-05-remainder-marking,Маркировка остатков,маркировка остатков в 1с,маркировка остатков в 1с,DEPLOYABLE_GROUP_PLAN,LOCAL,CORVONERO-CA-05-LOCAL-MARKIROVKA-1S-COMMANDER-IMPORT-v2.6.1.xlsx,CORVONERO-CAMPAIGN-V2.6-FINAL-GROUP-PLAN-v1.json,CA-05-LOCAL::ca-05-remainder-marking::маркировка остатков в 1с,expected_and_present,CORVONERO-CA-05-LOCAL-MARKIROVKA-1S-COMMANDER-IMPORT-v2.6.1.xlsx,206,390,
EXP-000710,CA-05-LOCAL,Корво Неро — Маркировка / Честный знак — Новосибирск и область — поиск,CA-05,LOCAL,ca-05-remainder-marking,Маркировка остатков,маркировка остатков в 1с розница,маркировка остатков в 1с розница,DEPLOYABLE_GROUP_PLAN,LOCAL,CORVONERO-CA-05-LOCAL-MARKIROVKA-1S-COMMANDER-IMPORT-v2.6.1.xlsx,CORVONERO-CAMPAIGN-V2.6-FINAL-GROUP-PLAN-v1.json,CA-05-LOCAL::ca-05-remainder-marking::маркировка остатков в 1с розница,expected_and_present,CORVONERO-CA-05-LOCAL-MARKIROVKA-1S-COMMANDER-IMPORT-v2.6.1.xlsx,207,380,
EXP-000711,CA-05-LOCAL,Корво Неро — Маркировка / Честный знак — Новосибирск и область — поиск,CA-05,LOCAL,ca-05-remainder-marking,Маркировка остатков,маркировка остатков в 1с унф,маркировка остатков в 1с унф,DEPLOYABLE_GROUP_PLAN,LOCAL,CORVONERO-CA-05-LOCAL-MARKIROVKA-1S-COMMANDER-IMPORT-v2.6.1.xlsx,CORVONERO-CAMPAIGN-V2.6-FINAL-GROUP-PLAN-v1.json,CA-05-LOCAL::ca-05-remainder-marking::маркировка остатков в 1с унф,expected_and_present,CORVONERO-CA-05-LOCAL-MARKIROVKA-1S-COMMANDER-IMPORT-v2.6.1.xlsx,208,370,
EXP-000712,CA-05-LOCAL,Корво Неро — Маркировка / Честный знак — Новосибирск и область — поиск,CA-05,LOCAL,ca-05-remainder-marking,Маркировка остатков,маркировка остатков в 1с ут,маркировка остатков в 1с ут,DEPLOYABLE_GROUP_PLAN,LOCAL,CORVONERO-CA-05-LOCAL-MARKIROVKA-1S-COMMANDER-IMPORT-v2.6.1.xlsx,CORVONERO-CAMPAIGN-V2.6-FINAL-GROUP-PLAN-v1.json,CA-05-LOCAL::ca-05-remainder-marking::маркировка остатков в 1с ут,expected_and_present,CORVONERO-CA-05-LOCAL-MARKIROVKA-1S-COMMANDER-IMPORT-v2.6.1.xlsx,209,360,
EXP-000713,CA-05-LOCAL,Корво Неро — Маркировка / Честный знак — Новосибирск и область — поиск,CA-05,LOCAL,ca-05-remainder-marking,Маркировка остатков,маркировка остатков в 1с ут 11.5,маркировка остатков в 1с ут 11.5,DEPLOYABLE_GROUP_PLAN,LOCAL,CORVONERO-CA-05-LOCAL-MARKIROVKA-1S-COMMANDER-IMPORT-v2.6.1.xlsx,CORVONERO-CAMPAIGN-V2.6-FINAL-GROUP-PLAN-v1.json,CA-05-LOCAL::ca-05-remainder-marking::маркировка остатков в 1с ут 11.5,expected_and_present,CORVONERO-CA-05-LOCAL-MARKIROVKA-1S-COMMANDER-IMPORT-v2.6.1.xlsx,210,350,
EXP-000714,CA-05-LOCAL,Корво Неро — Маркировка / Честный знак — Новосибирск и область — поиск,CA-05,LOCAL,ca-05-remainder-marking,Маркировка остатков,маркировка остатков радиоэлектронной продукции в 1с,маркировка остатков радиоэлектронной продукции в 1с,DEPLOYABLE_GROUP_PLAN,LOCAL,CORVONERO-CA-05-LOCAL-MARKIROVKA-1S-COMMANDER-IMPORT-v2.6.1.xlsx,CORVONERO-CAMPAIGN-V2.6-FINAL-GROUP-PLAN-v1.json,CA-05-LOCAL::ca-05-remainder-marking::маркировка остатков радиоэлектронной продукции в 1с,expected_and_present,CORVONERO-CA-05-LOCAL-MARKIROVKA-1S-COMMANDER-IMPORT-v2.6.1.xlsx,211,340,
EXP-000715,CA-05-LOCAL,Корво Неро — Маркировка / Честный знак — Новосибирск и область — поиск,CA-05,LOCAL,ca-05-remainder-marking,Маркировка остатков,маркировка остатков товара в 1с,маркировка остатков товара в 1с,DEPLOYABLE_GROUP_PLAN,LOCAL,CORVONERO-CA-05-LOCAL-MARKIROVKA-1S-COMMANDER-IMPORT-v2.6.1.xlsx,CORVONERO-CAMPAIGN-V2.6-FINAL-GROUP-PLAN-v1.json,CA-05-LOCAL::ca-05-remainder-marking::маркировка остатков товара в 1с,expected_and_present,CORVONERO-CA-05-LOCAL-MARKIROVKA-1S-COMMANDER-IMPORT-v2.6.1.xlsx,212,330,
EXP-000716,CA-05-LOCAL,Корво Неро — Маркировка / Честный знак — Новосибирск и область — поиск,CA-05,LOCAL,ca-05-remainder-marking,Маркировка остатков,маркировка остатков честный знак 1с,маркировка остатков честный знак 1с,DEPLOYABLE_GROUP_PLAN,LOCAL,CORVONERO-CA-05-LOCAL-MARKIROVKA-1S-COMMANDER-IMPORT-v2.6.1.xlsx,CORVONERO-CAMPAIGN-V2.6-FINAL-GROUP-PLAN-v1.json,CA-05-LOCAL::ca-05-remainder-marking::маркировка остатков честный знак 1с,expected_and_present,CORVONERO-CA-05-LOCAL-MARKIROVKA-1S-COMMANDER-IMPORT-v2.6.1.xlsx,213,320,
EXP-000717,CA-05-LOCAL,Корво Неро — Маркировка / Честный знак — Новосибирск и область — поиск,CA-05,LOCAL,ca-05-remainder-marking,Маркировка остатков,маркировка остатков честный знак в 1с,маркировка остатков честный знак в 1с,DEPLOYABLE_GROUP_PLAN,LOCAL,CORVONERO-CA-05-LOCAL-MARKIROVKA-1S-COMMANDER-IMPORT-v2.6.1.xlsx,CORVONERO-CAMPAIGN-V2.6-FINAL-GROUP-PLAN-v1.json,CA-05-LOCAL::ca-05-remainder-marking::маркировка остатков честный знак в 1с,expected_and_present,CORVONERO-CA-05-LOCAL-MARKIROVKA-1S-COMMANDER-IMPORT-v2.6.1.xlsx,214,310,
EXP-000718,CA-05-LOCAL,Корво Неро — Маркировка / Честный знак — Новосибирск и область — поиск,CA-05,LOCAL,ca-05-suz-tokens,СУЗ и токены,автоматическое обновление токенов честного знака в 1с,автоматическое обновление токенов честного знака в 1с,DEPLOYABLE_GROUP_PLAN,LOCAL,CORVONERO-CA-05-LOCAL-MARKIROVKA-1S-COMMANDER-IMPORT-v2.6.1.xlsx,CORVONERO-CAMPAIGN-V2.6-FINAL-GROUP-PLAN-v1.json,CA-05-LOCAL::ca-05-suz-tokens::автоматическое обновление токенов честного знака в 1с,expected_and_present,CORVONERO-CA-05-LOCAL-MARKIROVKA-1S-COMMANDER-IMPORT-v2.6.1.xlsx,216,400,
EXP-000719,CA-05-LOCAL,Корво Неро — Маркировка / Честный знак — Новосибирск и область — поиск,CA-05,LOCAL,ca-05-suz-tokens,СУЗ и токены,настройка обмена суз 1с честный знак,настройка обмена суз 1с честный знак,DEPLOYABLE_GROUP_PLAN,LOCAL,CORVONERO-CA-05-LOCAL-MARKIROVKA-1S-COMMANDER-IMPORT-v2.6.1.xlsx,CORVONERO-CAMPAIGN-V2.6-FINAL-GROUP-PLAN-v1.json,CA-05-LOCAL::ca-05-suz-tokens::настройка обмена суз 1с честный знак,expected_and_present,CORVONERO-CA-05-LOCAL-MARKIROVKA-1S-COMMANDER-IMPORT-v2.6.1.xlsx,217,390,
EXP-000720,CA-05-LOCAL,Корво Неро — Маркировка / Честный знак — Новосибирск и область — поиск,CA-05,LOCAL,ca-05-suz-tokens,СУЗ и токены,настройка обмена суз 1с честный знак розница,настройка обмена суз 1с честный знак розница,DEPLOYABLE_GROUP_PLAN,LOCAL,CORVONERO-CA-05-LOCAL-MARKIROVKA-1S-COMMANDER-IMPORT-v2.6.1.xlsx,CORVONERO-CAMPAIGN-V2.6-FINAL-GROUP-PLAN-v1.json,CA-05-LOCAL::ca-05-suz-tokens::настройка обмена суз 1с честный знак розница,expected_and_present,CORVONERO-CA-05-LOCAL-MARKIROVKA-1S-COMMANDER-IMPORT-v2.6.1.xlsx,218,380,
EXP-000721,CA-05-LOCAL,Корво Неро — Маркировка / Честный знак — Новосибирск и область — поиск,CA-05,LOCAL,ca-05-suz-tokens,СУЗ и токены,настройка суз честный знак 1с,настройка суз честный знак 1с,DEPLOYABLE_GROUP_PLAN,LOCAL,CORVONERO-CA-05-LOCAL-MARKIROVKA-1S-COMMANDER-IMPORT-v2.6.1.xlsx,CORVONERO-CAMPAIGN-V2.6-FINAL-GROUP-PLAN-v1.json,CA-05-LOCAL::ca-05-suz-tokens::настройка суз честный знак 1с,expected_and_present,CORVONERO-CA-05-LOCAL-MARKIROVKA-1S-COMMANDER-IMPORT-v2.6.1.xlsx,219,370,
EXP-000722,CA-05-LOCAL,Корво Неро — Маркировка / Честный знак — Новосибирск и область — поиск,CA-05,LOCAL,ca-05-suz-tokens,СУЗ и токены,обновление ключа авторизации честный знак 1с,обновление ключа авторизации честный знак 1с,DEPLOYABLE_GROUP_PLAN,LOCAL,CORVONERO-CA-05-LOCAL-MARKIROVKA-1S-COMMANDER-IMPORT-v2.6.1.xlsx,CORVONERO-CAMPAIGN-V2.6-FINAL-GROUP-PLAN-v1.json,CA-05-LOCAL::ca-05-suz-tokens::обновление ключа авторизации честный знак 1с,expected_and_present,CORVONERO-CA-05-LOCAL-MARKIROVKA-1S-COMMANDER-IMPORT-v2.6.1.xlsx,220,360,
EXP-000723,CA-05-LOCAL,Корво Неро — Маркировка / Честный знак — Новосибирск и область — поиск,CA-05,LOCAL,ca-05-suz-tokens,СУЗ и токены,подключение к суз 1с честный знак,подключение к суз 1с честный знак,DEPLOYABLE_GROUP_PLAN,LOCAL,CORVONERO-CA-05-LOCAL-MARKIROVKA-1S-COMMANDER-IMPORT-v2.6.1.xlsx,CORVONERO-CAMPAIGN-V2.6-FINAL-GROUP-PLAN-v1.json,CA-05-LOCAL::ca-05-suz-tokens::подключение к суз 1с честный знак,expected_and_present,CORVONERO-CA-05-LOCAL-MARKIROVKA-1S-COMMANDER-IMPORT-v2.6.1.xlsx,221,350,
EXP-000724,CA-05-LOCAL,Корво Неро — Маркировка / Честный знак — Новосибирск и область — поиск,CA-05,LOCAL,ca-05-suz-tokens,СУЗ и токены,токен для ккт честный знак 1с,токен для ккт честный знак 1с,DEPLOYABLE_GROUP_PLAN,LOCAL,CORVONERO-CA-05-LOCAL-MARKIROVKA-1S-COMMANDER-IMPORT-v2.6.1.xlsx,CORVONERO-CAMPAIGN-V2.6-FINAL-GROUP-PLAN-v1.json,CA-05-LOCAL::ca-05-suz-tokens::токен для ккт честный знак 1с,expected_and_present,CORVONERO-CA-05-LOCAL-MARKIROVKA-1S-COMMANDER-IMPORT-v2.6.1.xlsx,222,340,
EXP-000725,CA-05-LOCAL,Корво Неро — Маркировка / Честный знак — Новосибирск и область — поиск,CA-05,LOCAL,ca-05-suz-tokens,СУЗ и токены,честный знак токен для 1с,честный знак токен для 1с,DEPLOYABLE_GROUP_PLAN,LOCAL,CORVONERO-CA-05-LOCAL-MARKIROVKA-1S-COMMANDER-IMPORT-v2.6.1.xlsx,CORVONERO-CAMPAIGN-V2.6-FINAL-GROUP-PLAN-v1.json,CA-05-LOCAL::ca-05-suz-tokens::честный знак токен для 1с,expected_and_present,CORVONERO-CA-05-LOCAL-MARKIROVKA-1S-COMMANDER-IMPORT-v2.6.1.xlsx,223,330,
EXP-000726,CA-05-LOCAL,Корво Неро — Маркировка / Честный знак — Новосибирск и область — поиск,CA-05,LOCAL,ca-05-ts-piot,ТС ПИоТ,настройка тс пиот в 1с ут 11.5,настройка тс пиот в 1с ут 11.5,DEPLOYABLE_GROUP_PLAN,LOCAL,CORVONERO-CA-05-LOCAL-MARKIROVKA-1S-COMMANDER-IMPORT-v2.6.1.xlsx,CORVONERO-CAMPAIGN-V2.6-FINAL-GROUP-PLAN-v1.json,CA-05-LOCAL::ca-05-ts-piot::настройка тс пиот в 1с ут 11.5,expected_and_present,CORVONERO-CA-05-LOCAL-MARKIROVKA-1S-COMMANDER-IMPORT-v2.6.1.xlsx,225,400,
EXP-000727,CA-05-LOCAL,Корво Неро — Маркировка / Честный знак — Новосибирск и область — поиск,CA-05,LOCAL,ca-05-ts-piot,ТС ПИоТ,тс пиот честный знак 1с,тс пиот честный знак 1с,DEPLOYABLE_GROUP_PLAN,LOCAL,CORVONERO-CA-05-LOCAL-MARKIROVKA-1S-COMMANDER-IMPORT-v2.6.1.xlsx,CORVONERO-CAMPAIGN-V2.6-FINAL-GROUP-PLAN-v1.json,CA-05-LOCAL::ca-05-ts-piot::тс пиот честный знак 1с,expected_and_present,CORVONERO-CA-05-LOCAL-MARKIROVKA-1S-COMMANDER-IMPORT-v2.6.1.xlsx,226,390,
EXP-000728,CA-05-LOCAL,Корво Неро — Маркировка / Честный знак — Новосибирск и область — поиск,CA-05,LOCAL,ca-05-ts-piot,ТС ПИоТ,тс пиот честный знак 1с розница,тс пиот честный знак 1с розница,DEPLOYABLE_GROUP_PLAN,LOCAL,CORVONERO-CA-05-LOCAL-MARKIROVKA-1S-COMMANDER-IMPORT-v2.6.1.xlsx,CORVONERO-CAMPAIGN-V2.6-FINAL-GROUP-PLAN-v1.json,CA-05-LOCAL::ca-05-ts-piot::тс пиот честный знак 1с розница,expected_and_present,CORVONERO-CA-05-LOCAL-MARKIROVKA-1S-COMMANDER-IMPORT-v2.6.1.xlsx,227,380,
EXP-000729,CA-05-REMOTE,Корво Неро — Маркировка / Честный знак — Россия без НСО — поиск,CA-05,REMOTE,ca-05-category-marking,Маркировка по товарным категориям,маркировка воды в 1с,маркировка воды в 1с,DEPLOYABLE_GROUP_PLAN,REMOTE,CORVONERO-CA-05-REMOTE-MARKIROVKA-1S-COMMANDER-IMPORT-v2.6.1.xlsx,CORVONERO-CAMPAIGN-V2.6-FINAL-GROUP-PLAN-v1.json,CA-05-REMOTE::ca-05-category-marking::маркировка воды в 1с,expected_and_present,CORVONERO-CA-05-REMOTE-MARKIROVKA-1S-COMMANDER-IMPORT-v2.6.1.xlsx,17,400,
EXP-000730,CA-05-REMOTE,Корво Неро — Маркировка / Честный знак — Россия без НСО — поиск,CA-05,REMOTE,ca-05-category-marking,Маркировка по товарным категориям,маркировка игрушек в 1с,маркировка игрушек в 1с,DEPLOYABLE_GROUP_PLAN,REMOTE,CORVONERO-CA-05-REMOTE-MARKIROVKA-1S-COMMANDER-IMPORT-v2.6.1.xlsx,CORVONERO-CAMPAIGN-V2.6-FINAL-GROUP-PLAN-v1.json,CA-05-REMOTE::ca-05-category-marking::маркировка игрушек в 1с,expected_and_present,CORVONERO-CA-05-REMOTE-MARKIROVKA-1S-COMMANDER-IMPORT-v2.6.1.xlsx,18,390,
EXP-000731,CA-05-REMOTE,Корво Неро — Маркировка / Честный знак — Россия без НСО — поиск,CA-05,REMOTE,ca-05-category-marking,Маркировка по товарным категориям,маркировка импортного товара в 1с,маркировка импортного товара в 1с,DEPLOYABLE_GROUP_PLAN,REMOTE,CORVONERO-CA-05-REMOTE-MARKIROVKA-1S-COMMANDER-IMPORT-v2.6.1.xlsx,CORVONERO-CAMPAIGN-V2.6-FINAL-GROUP-PLAN-v1.json,CA-05-REMOTE::ca-05-category-marking::маркировка импортного товара в 1с,expected_and_present,CORVONERO-CA-05-REMOTE-MARKIROVKA-1S-COMMANDER-IMPORT-v2.6.1.xlsx,19,380,
EXP-000732,CA-05-REMOTE,Корво Неро — Маркировка / Честный знак — Россия без НСО — поиск,CA-05,REMOTE,ca-05-category-marking,Маркировка по товарным категориям,маркировка масел в 1с,маркировка масел в 1с,DEPLOYABLE_GROUP_PLAN,REMOTE,CORVONERO-CA-05-REMOTE-MARKIROVKA-1S-COMMANDER-IMPORT-v2.6.1.xlsx,CORVONERO-CAMPAIGN-V2.6-FINAL-GROUP-PLAN-v1.json,CA-05-REMOTE::ca-05-category-marking::маркировка масел в 1с,expected_and_present,CORVONERO-CA-05-REMOTE-MARKIROVKA-1S-COMMANDER-IMPORT-v2.6.1.xlsx,20,370,
EXP-000733,CA-05-REMOTE,Корво Неро — Маркировка / Честный знак — Россия без НСО — поиск,CA-05,REMOTE,ca-05-category-marking,Маркировка по товарным категориям,маркировка молочной продукции в 1с,маркировка молочной продукции в 1с,DEPLOYABLE_GROUP_PLAN,REMOTE,CORVONERO-CA-05-REMOTE-MARKIROVKA-1S-COMMANDER-IMPORT-v2.6.1.xlsx,CORVONERO-CAMPAIGN-V2.6-FINAL-GROUP-PLAN-v1.json,CA-05-REMOTE::ca-05-category-marking::маркировка молочной продукции в 1с,expected_and_present,CORVONERO-CA-05-REMOTE-MARKIROVKA-1S-COMMANDER-IMPORT-v2.6.1.xlsx,21,360,
EXP-000734,CA-05-REMOTE,Корво Неро — Маркировка / Честный знак — Россия без НСО — поиск,CA-05,REMOTE,ca-05-category-marking,Маркировка по товарным категориям,маркировка набора в 1с,маркировка набора в 1с,DEPLOYABLE_GROUP_PLAN,REMOTE,CORVONERO-CA-05-REMOTE-MARKIROVKA-1S-COMMANDER-IMPORT-v2.6.1.xlsx,CORVONERO-CAMPAIGN-V2.6-FINAL-GROUP-PLAN-v1.json,CA-05-REMOTE::ca-05-category-marking::маркировка набора в 1с,expected_and_present,CORVONERO-CA-05-REMOTE-MARKIROVKA-1S-COMMANDER-IMPORT-v2.6.1.xlsx,22,350,
EXP-000735,CA-05-REMOTE,Корво Неро — Маркировка / Честный знак — Россия без НСО — поиск,CA-05,REMOTE,ca-05-category-marking,Маркировка по товарным категориям,маркировка наборов в 1с унф,маркировка наборов в 1с унф,DEPLOYABLE_GROUP_PLAN,REMOTE,CORVONERO-CA-05-REMOTE-MARKIROVKA-1S-COMMANDER-IMPORT-v2.6.1.xlsx,CORVONERO-CAMPAIGN-V2.6-FINAL-GROUP-PLAN-v1.json,CA-05-REMOTE::ca-05-category-marking::маркировка наборов в 1с унф,expected_and_present,CORVONERO-CA-05-REMOTE-MARKIROVKA-1S-COMMANDER-IMPORT-v2.6.1.xlsx,23,340,
EXP-000736,CA-05-REMOTE,Корво Неро — Маркировка / Честный знак — Россия без НСО — поиск,CA-05,REMOTE,ca-05-category-marking,Маркировка по товарным категориям,маркировка наборов в 1с ут,маркировка наборов в 1с ут,DEPLOYABLE_GROUP_PLAN,REMOTE,CORVONERO-CA-05-REMOTE-MARKIROVKA-1S-COMMANDER-IMPORT-v2.6.1.xlsx,CORVONERO-CAMPAIGN-V2.6-FINAL-GROUP-PLAN-v1.json,CA-05-REMOTE::ca-05-category-marking::маркировка наборов в 1с ут,expected_and_present,CORVONERO-CA-05-REMOTE-MARKIROVKA-1S-COMMANDER-IMPORT-v2.6.1.xlsx,24,330,
EXP-000737,CA-05-REMOTE,Корво Неро — Маркировка / Честный знак — Россия без НСО — поиск,CA-05,REMOTE,ca-05-category-marking,Маркировка по товарным категориям,маркировка одежды в 1с,маркировка одежды в 1с,DEPLOYABLE_GROUP_PLAN,REMOTE,CORVONERO-CA-05-REMOTE-MARKIROVKA-1S-COMMANDER-IMPORT-v2.6.1.xlsx,CORVONERO-CAMPAIGN-V2.6-FINAL-GROUP-PLAN-v1.json,CA-05-REMOTE::ca-05-category-marking::маркировка одежды в 1с,expected_and_present,CORVONERO-CA-05-REMOTE-MARKIROVKA-1S-COMMANDER-IMPORT-v2.6.1.xlsx,25,320,
EXP-000738,CA-05-REMOTE,Корво Неро — Маркировка / Честный знак — Россия без НСО — поиск,CA-05,REMOTE,ca-05-category-marking,Маркировка по товарным категориям,маркировка пива в 1с,маркировка пива в 1с,DEPLOYABLE_GROUP_PLAN,REMOTE,CORVONERO-CA-05-REMOTE-MARKIROVKA-1S-COMMANDER-IMPORT-v2.6.1.xlsx,CORVONERO-CAMPAIGN-V2.6-FINAL-GROUP-PLAN-v1.json,CA-05-REMOTE::ca-05-category-marking::маркировка пива в 1с,expected_and_present,CORVONERO-CA-05-REMOTE-MARKIROVKA-1S-COMMANDER-IMPORT-v2.6.1.xlsx,26,310,
EXP-000739,CA-05-REMOTE,Корво Неро — Маркировка / Честный знак — Россия без НСО — поиск,CA-05,REMOTE,ca-05-category-marking,Маркировка по товарным категориям,маркировка радиоэлектроники честный знак 1с,маркировка радиоэлектроники честный знак 1с,DEPLOYABLE_GROUP_PLAN,REMOTE,CORVONERO-CA-05-REMOTE-MARKIROVKA-1S-COMMANDER-IMPORT-v2.6.1.xlsx,CORVONERO-CAMPAIGN-V2.6-FINAL-GROUP-PLAN-v1.json,CA-05-REMOTE::ca-05-category-marking::маркировка радиоэлектроники честный знак 1с,expected_and_present,CORVONERO-CA-05-REMOTE-MARKIROVKA-1S-COMMANDER-IMPORT-v2.6.1.xlsx,27,400,
EXP-000740,CA-05-REMOTE,Корво Неро — Маркировка / Честный знак — Россия без НСО — поиск,CA-05,REMOTE,ca-05-category-marking,Маркировка по товарным категориям,маркировка радиоэлектронной продукции в 1с,маркировка радиоэлектронной продукции в 1с,DEPLOYABLE_GROUP_PLAN,REMOTE,CORVONERO-CA-05-REMOTE-MARKIROVKA-1S-COMMANDER-IMPORT-v2.6.1.xlsx,CORVONERO-CAMPAIGN-V2.6-FINAL-GROUP-PLAN-v1.json,CA-05-REMOTE::ca-05-category-marking::маркировка радиоэлектронной продукции в 1с,expected_and_present,CORVONERO-CA-05-REMOTE-MARKIROVKA-1S-COMMANDER-IMPORT-v2.6.1.xlsx,28,390,
EXP-000741,CA-05-REMOTE,Корво Неро — Маркировка / Честный знак — Россия без НСО — поиск,CA-05,REMOTE,ca-05-category-marking,Маркировка по товарным категориям,маркировка радиоэлектронной продукции в 1с ут 11.4,маркировка радиоэлектронной продукции в 1с ут 11.4,DEPLOYABLE_GROUP_PLAN,REMOTE,CORVONERO-CA-05-REMOTE-MARKIROVKA-1S-COMMANDER-IMPORT-v2.6.1.xlsx,CORVONERO-CAMPAIGN-V2.6-FINAL-GROUP-PLAN-v1.json,CA-05-REMOTE::ca-05-category-marking::маркировка радиоэлектронной продукции в 1с ут 11.4,expected_and_present,CORVONERO-CA-05-REMOTE-MARKIROVKA-1S-COMMANDER-IMPORT-v2.6.1.xlsx,29,380,
EXP-000742,CA-05-REMOTE,Корво Неро — Маркировка / Честный знак — Россия без НСО — поиск,CA-05,REMOTE,ca-05-config-marking,Маркировка — настройка в конфигурациях 1С,1с честный знак настройка сканера,1с честный знак настройка сканера,DEPLOYABLE_GROUP_PLAN,REMOTE,CORVONERO-CA-05-REMOTE-MARKIROVKA-1S-COMMANDER-IMPORT-v2.6.1.xlsx,CORVONERO-CAMPAIGN-V2.6-FINAL-GROUP-PLAN-v1.json,CA-05-REMOTE::ca-05-config-marking::1с честный знак настройка сканера,expected_and_present,CORVONERO-CA-05-REMOTE-MARKIROVKA-1S-COMMANDER-IMPORT-v2.6.1.xlsx,31,400,
EXP-000743,CA-05-REMOTE,Корво Неро — Маркировка / Честный знак — Россия без НСО — поиск,CA-05,REMOTE,ca-05-config-marking,Маркировка — настройка в конфигурациях 1С,автоматизация маркировки в 1с,автоматизация маркировки в 1с,DEPLOYABLE_GROUP_PLAN,REMOTE,CORVONERO-CA-05-REMOTE-MARKIROVKA-1S-COMMANDER-IMPORT-v2.6.1.xlsx,CORVONERO-CAMPAIGN-V2.6-FINAL-GROUP-PLAN-v1.json,CA-05-REMOTE::ca-05-config-marking::автоматизация маркировки в 1с,expected_and_present,CORVONERO-CA-05-REMOTE-MARKIROVKA-1S-COMMANDER-IMPORT-v2.6.1.xlsx,32,390,
EXP-000744,CA-05-REMOTE,Корво Неро — Маркировка / Честный знак — Россия без НСО — поиск,CA-05,REMOTE,ca-05-config-marking,Маркировка — настройка в конфигурациях 1С,внедрение маркировки в 1с,внедрение маркировки в 1с,DEPLOYABLE_GROUP_PLAN,REMOTE,CORVONERO-CA-05-REMOTE-MARKIROVKA-1S-COMMANDER-IMPORT-v2.6.1.xlsx,CORVONERO-CAMPAIGN-V2.6-FINAL-GROUP-PLAN-v1.json,CA-05-REMOTE::ca-05-config-marking::внедрение маркировки в 1с,expected_and_present,CORVONERO-CA-05-REMOTE-MARKIROVKA-1S-COMMANDER-IMPORT-v2.6.1.xlsx,33,380,
EXP-000745,CA-05-REMOTE,Корво Неро — Маркировка / Честный знак — Россия без НСО — поиск,CA-05,REMOTE,ca-05-config-marking,Маркировка — настройка в конфигурациях 1С,внедрение честного знака в 1с,внедрение честного знака в 1с,DEPLOYABLE_GROUP_PLAN,REMOTE,CORVONERO-CA-05-REMOTE-MARKIROVKA-1S-COMMANDER-IMPORT-v2.6.1.xlsx,CORVONERO-CAMPAIGN-V2.6-FINAL-GROUP-PLAN-v1.json,CA-05-REMOTE::ca-05-config-marking::внедрение честного знака в 1с,expected_and_present,CORVONERO-CA-05-REMOTE-MARKIROVKA-1S-COMMANDER-IMPORT-v2.6.1.xlsx,34,370,
EXP-000746,CA-05-REMOTE,Корво Неро — Маркировка / Честный знак — Россия без НСО — поиск,CA-05,REMOTE,ca-05-config-marking,Маркировка — настройка в конфигурациях 1С,маркировка в 1с ка,маркировка в 1с ка,DEPLOYABLE_GROUP_PLAN,REMOTE,CORVONERO-CA-05-REMOTE-MARKIROVKA-1S-COMMANDER-IMPORT-v2.6.1.xlsx,CORVONERO-CAMPAIGN-V2.6-FINAL-GROUP-PLAN-v1.json,CA-05-REMOTE::ca-05-config-marking::маркировка в 1с ка,expected_and_present,CORVONERO-CA-05-REMOTE-MARKIROVKA-1S-COMMANDER-IMPORT-v2.6.1.xlsx,35,360,
EXP-000747,CA-05-REMOTE,Корво Неро — Маркировка / Честный знак — Россия без НСО — поиск,CA-05,REMOTE,ca-05-config-marking,Маркировка — настройка в конфигурациях 1С,маркировка в 1с с нуля,маркировка в 1с с нуля,DEPLOYABLE_GROUP_PLAN,REMOTE,CORVONERO-CA-05-REMOTE-MARKIROVKA-1S-COMMANDER-IMPORT-v2.6.1.xlsx,CORVONERO-CAMPAIGN-V2.6-FINAL-GROUP-PLAN-v1.json,CA-05-REMOTE::ca-05-config-marking::маркировка в 1с с нуля,expected_and_present,CORVONERO-CA-05-REMOTE-MARKIROVKA-1S-COMMANDER-IMPORT-v2.6.1.xlsx,36,350,
EXP-000748,CA-05-REMOTE,Корво Неро — Маркировка / Честный знак — Россия без НСО — поиск,CA-05,REMOTE,ca-05-config-marking,Маркировка — настройка в конфигурациях 1С,маркировка в 1с торговля,маркировка в 1с торговля,DEPLOYABLE_GROUP_PLAN,REMOTE,CORVONERO-CA-05-REMOTE-MARKIROVKA-1S-COMMANDER-IMPORT-v2.6.1.xlsx,CORVONERO-CAMPAIGN-V2.6-FINAL-GROUP-PLAN-v1.json,CA-05-REMOTE::ca-05-config-marking::маркировка в 1с торговля,expected_and_present,CORVONERO-CA-05-REMOTE-MARKIROVKA-1S-COMMANDER-IMPORT-v2.6.1.xlsx,37,340,
EXP-000749,CA-05-REMOTE,Корво Неро — Маркировка / Честный знак — Россия без НСО — поиск,CA-05,REMOTE,ca-05-config-marking,Маркировка — настройка в конфигурациях 1С,маркировка в 1с упп,маркировка в 1с упп,DEPLOYABLE_GROUP_PLAN,REMOTE,CORVONERO-CA-05-REMOTE-MARKIROVKA-1S-COMMANDER-IMPORT-v2.6.1.xlsx,CORVONERO-CAMPAIGN-V2.6-FINAL-GROUP-PLAN-v1.json,CA-05-REMOTE::ca-05-config-marking::маркировка в 1с упп,expected_and_present,CORVONERO-CA-05-REMOTE-MARKIROVKA-1S-COMMANDER-IMPORT-v2.6.1.xlsx,38,330,
EXP-000750,CA-05-REMOTE,Корво Неро — Маркировка / Честный знак — Россия без НСО — поиск,CA-05,REMOTE,ca-05-config-marking,Маркировка — настройка в конфигурациях 1С,маркировка в 1с фреш,маркировка в 1с фреш,DEPLOYABLE_GROUP_PLAN,REMOTE,CORVONERO-CA-05-REMOTE-MARKIROVKA-1S-COMMANDER-IMPORT-v2.6.1.xlsx,CORVONERO-CAMPAIGN-V2.6-FINAL-GROUP-PLAN-v1.json,CA-05-REMOTE::ca-05-config-marking::маркировка в 1с фреш,expected_and_present,CORVONERO-CA-05-REMOTE-MARKIROVKA-1S-COMMANDER-IMPORT-v2.6.1.xlsx,39,320,
EXP-000751,CA-05-REMOTE,Корво Неро — Маркировка / Честный знак — Россия без НСО — поиск,CA-05,REMOTE,ca-05-config-marking,Маркировка — настройка в конфигурациях 1С,маркировка в 1с через сбис,маркировка в 1с через сбис,DEPLOYABLE_GROUP_PLAN,REMOTE,CORVONERO-CA-05-REMOTE-MARKIROVKA-1S-COMMANDER-IMPORT-v2.6.1.xlsx,CORVONERO-CAMPAIGN-V2.6-FINAL-GROUP-PLAN-v1.json,CA-05-REMOTE::ca-05-config-marking::маркировка в 1с через сбис,expected_and_present,CORVONERO-CA-05-REMOTE-MARKIROVKA-1S-COMMANDER-IMPORT-v2.6.1.xlsx,40,310,
EXP-000752,CA-05-REMOTE,Корво Неро — Маркировка / Честный знак — Россия без НСО — поиск,CA-05,REMOTE,ca-05-config-marking,Маркировка — настройка в конфигурациях 1С,маркировка в 1с шины,маркировка в 1с шины,DEPLOYABLE_GROUP_PLAN,REMOTE,CORVONERO-CA-05-REMOTE-MARKIROVKA-1S-COMMANDER-IMPORT-v2.6.1.xlsx,CORVONERO-CAMPAIGN-V2.6-FINAL-GROUP-PLAN-v1.json,CA-05-REMOTE::ca-05-config-marking::маркировка в 1с шины,expected_and_present,CORVONERO-CA-05-REMOTE-MARKIROVKA-1S-COMMANDER-IMPORT-v2.6.1.xlsx,41,400,
EXP-000753,CA-05-REMOTE,Корво Неро — Маркировка / Честный знак — Россия без НСО — поиск,CA-05,REMOTE,ca-05-config-marking,Маркировка — настройка в конфигурациях 1С,маркировка в 1с эдо,маркировка в 1с эдо,DEPLOYABLE_GROUP_PLAN,REMOTE,CORVONERO-CA-05-REMOTE-MARKIROVKA-1S-COMMANDER-IMPORT-v2.6.1.xlsx,CORVONERO-CAMPAIGN-V2.6-FINAL-GROUP-PLAN-v1.json,CA-05-REMOTE::ca-05-config-marking::маркировка в 1с эдо,expected_and_present,CORVONERO-CA-05-REMOTE-MARKIROVKA-1S-COMMANDER-IMPORT-v2.6.1.xlsx,42,390,
EXP-000754,CA-05-REMOTE,Корво Неро — Маркировка / Честный знак — Россия без НСО — поиск,CA-05,REMOTE,ca-05-config-marking,Маркировка — настройка в конфигурациях 1С,маркировка честный знак 1с 2026,маркировка честный знак 1с 2026,DEPLOYABLE_GROUP_PLAN,REMOTE,CORVONERO-CA-05-REMOTE-MARKIROVKA-1S-COMMANDER-IMPORT-v2.6.1.xlsx,CORVONERO-CAMPAIGN-V2.6-FINAL-GROUP-PLAN-v1.json,CA-05-REMOTE::ca-05-config-marking::маркировка честный знак 1с 2026,expected_and_present,CORVONERO-CA-05-REMOTE-MARKIROVKA-1S-COMMANDER-IMPORT-v2.6.1.xlsx,43,380,
EXP-000755,CA-05-REMOTE,Корво Неро — Маркировка / Честный знак — Россия без НСО — поиск,CA-05,REMOTE,ca-05-config-marking,Маркировка — настройка в конфигурациях 1С,маркировка честный знак 1с упп,маркировка честный знак 1с упп,DEPLOYABLE_GROUP_PLAN,REMOTE,CORVONERO-CA-05-REMOTE-MARKIROVKA-1S-COMMANDER-IMPORT-v2.6.1.xlsx,CORVONERO-CAMPAIGN-V2.6-FINAL-GROUP-PLAN-v1.json,CA-05-REMOTE::ca-05-config-marking::маркировка честный знак 1с упп,expected_and_present,CORVONERO-CA-05-REMOTE-MARKIROVKA-1S-COMMANDER-IMPORT-v2.6.1.xlsx,44,370,
EXP-000756,CA-05-REMOTE,Корво Неро — Маркировка / Честный знак — Россия без НСО — поиск,CA-05,REMOTE,ca-05-config-marking,Маркировка — настройка в конфигурациях 1С,маркировка честный знак в 1с,маркировка честный знак в 1с,DEPLOYABLE_GROUP_PLAN,REMOTE,CORVONERO-CA-05-REMOTE-MARKIROVKA-1S-COMMANDER-IMPORT-v2.6.1.xlsx,CORVONERO-CAMPAIGN-V2.6-FINAL-GROUP-PLAN-v1.json,CA-05-REMOTE::ca-05-config-marking::маркировка честный знак в 1с,expected_and_present,CORVONERO-CA-05-REMOTE-MARKIROVKA-1S-COMMANDER-IMPORT-v2.6.1.xlsx,45,360,
EXP-000757,CA-05-REMOTE,Корво Неро — Маркировка / Честный знак — Россия без НСО — поиск,CA-05,REMOTE,ca-05-config-marking,Маркировка — настройка в конфигурациях 1С,маркировка честный знак через 1с,маркировка честный знак через 1с,DEPLOYABLE_GROUP_PLAN,REMOTE,CORVONERO-CA-05-REMOTE-MARKIROVKA-1S-COMMANDER-IMPORT-v2.6.1.xlsx,CORVONERO-CAMPAIGN-V2.6-FINAL-GROUP-PLAN-v1.json,CA-05-REMOTE::ca-05-config-marking::маркировка честный знак через 1с,expected_and_present,CORVONERO-CA-05-REMOTE-MARKIROVKA-1S-COMMANDER-IMPORT-v2.6.1.xlsx,46,350,
EXP-000758,CA-05-REMOTE,Корво Неро — Маркировка / Честный знак — Россия без НСО — поиск,CA-05,REMOTE,ca-05-config-marking,Маркировка — настройка в конфигурациях 1С,настройка маркировки в 1с,настройка маркировки в 1с,DEPLOYABLE_GROUP_PLAN,REMOTE,CORVONERO-CA-05-REMOTE-MARKIROVKA-1S-COMMANDER-IMPORT-v2.6.1.xlsx,CORVONERO-CAMPAIGN-V2.6-FINAL-GROUP-PLAN-v1.json,CA-05-REMOTE::ca-05-config-marking::настройка маркировки в 1с,expected_and_present,CORVONERO-CA-05-REMOTE-MARKIROVKA-1S-COMMANDER-IMPORT-v2.6.1.xlsx,47,340,
EXP-000759,CA-05-REMOTE,Корво Неро — Маркировка / Честный знак — Россия без НСО — поиск,CA-05,REMOTE,ca-05-config-marking,Маркировка — настройка в конфигурациях 1С,настройка номенклатуры в 1с для честного знака,настройка номенклатуры в 1с для честного знака,DEPLOYABLE_GROUP_PLAN,REMOTE,CORVONERO-CA-05-REMOTE-MARKIROVKA-1S-COMMANDER-IMPORT-v2.6.1.xlsx,CORVONERO-CAMPAIGN-V2.6-FINAL-GROUP-PLAN-v1.json,CA-05-REMOTE::ca-05-config-marking::настройка номенклатуры в 1с для честного знака,expected_and_present,CORVONERO-CA-05-REMOTE-MARKIROVKA-1S-COMMANDER-IMPORT-v2.6.1.xlsx,48,330,
EXP-000760,CA-05-REMOTE,Корво Неро — Маркировка / Честный знак — Россия без НСО — поиск,CA-05,REMOTE,ca-05-config-marking,Маркировка — настройка в конфигурациях 1С,настройка сканера для маркировки в 1с,настройка сканера для маркировки в 1с,DEPLOYABLE_GROUP_PLAN,REMOTE,CORVONERO-CA-05-REMOTE-MARKIROVKA-1S-COMMANDER-IMPORT-v2.6.1.xlsx,CORVONERO-CAMPAIGN-V2.6-FINAL-GROUP-PLAN-v1.json,CA-05-REMOTE::ca-05-config-marking::настройка сканера для маркировки в 1с,expected_and_present,CORVONERO-CA-05-REMOTE-MARKIROVKA-1S-COMMANDER-IMPORT-v2.6.1.xlsx,49,320,
EXP-000761,CA-05-REMOTE,Корво Неро — Маркировка / Честный знак — Россия без НСО — поиск,CA-05,REMOTE,ca-05-config-marking,Маркировка — настройка в конфигурациях 1С,настройка честного знака в 1с,настройка честного знака в 1с,DEPLOYABLE_GROUP_PLAN,REMOTE,CORVONERO-CA-05-REMOTE-MARKIROVKA-1S-COMMANDER-IMPORT-v2.6.1.xlsx,CORVONERO-CAMPAIGN-V2.6-FINAL-GROUP-PLAN-v1.json,CA-05-REMOTE::ca-05-config-marking::настройка честного знака в 1с,expected_and_present,CORVONERO-CA-05-REMOTE-MARKIROVKA-1S-COMMANDER-IMPORT-v2.6.1.xlsx,50,310,
EXP-000762,CA-05-REMOTE,Корво Неро — Маркировка / Честный знак — Россия без НСО — поиск,CA-05,REMOTE,ca-05-config-marking,Маркировка — настройка в конфигурациях 1С,передача маркировки в 1с,передача маркировки в 1с,DEPLOYABLE_GROUP_PLAN,REMOTE,CORVONERO-CA-05-REMOTE-MARKIROVKA-1S-COMMANDER-IMPORT-v2.6.1.xlsx,CORVONERO-CAMPAIGN-V2.6-FINAL-GROUP-PLAN-v1.json,CA-05-REMOTE::ca-05-config-marking::передача маркировки в 1с,expected_and_present,CORVONERO-CA-05-REMOTE-MARKIROVKA-1S-COMMANDER-IMPORT-v2.6.1.xlsx,51,400,
EXP-000763,CA-05-REMOTE,Корво Неро — Маркировка / Честный знак — Россия без НСО — поиск,CA-05,REMOTE,ca-05-config-marking,Маркировка — настройка в конфигурациях 1С,подключение маркировки в 1с,подключение маркировки в 1с,DEPLOYABLE_GROUP_PLAN,REMOTE,CORVONERO-CA-05-REMOTE-MARKIROVKA-1S-COMMANDER-IMPORT-v2.6.1.xlsx,CORVONERO-CAMPAIGN-V2.6-FINAL-GROUP-PLAN-v1.json,CA-05-REMOTE::ca-05-config-marking::подключение маркировки в 1с,expected_and_present,CORVONERO-CA-05-REMOTE-MARKIROVKA-1S-COMMANDER-IMPORT-v2.6.1.xlsx,52,390,
EXP-000764,CA-05-REMOTE,Корво Неро — Маркировка / Честный знак — Россия без НСО — поиск,CA-05,REMOTE,ca-05-config-marking,Маркировка — настройка в конфигурациях 1С,подключение честного знака в 1с,подключение честного знака в 1с,DEPLOYABLE_GROUP_PLAN,REMOTE,CORVONERO-CA-05-REMOTE-MARKIROVKA-1S-COMMANDER-IMPORT-v2.6.1.xlsx,CORVONERO-CAMPAIGN-V2.6-FINAL-GROUP-PLAN-v1.json,CA-05-REMOTE::ca-05-config-marking::подключение честного знака в 1с,expected_and_present,CORVONERO-CA-05-REMOTE-MARKIROVKA-1S-COMMANDER-IMPORT-v2.6.1.xlsx,53,380,
EXP-000765,CA-05-REMOTE,Корво Неро — Маркировка / Честный знак — Россия без НСО — поиск,CA-05,REMOTE,ca-05-config-marking,Маркировка — настройка в конфигурациях 1С,сбис маркировка в 1с,сбис маркировка в 1с,DEPLOYABLE_GROUP_PLAN,REMOTE,CORVONERO-CA-05-REMOTE-MARKIROVKA-1S-COMMANDER-IMPORT-v2.6.1.xlsx,CORVONERO-CAMPAIGN-V2.6-FINAL-GROUP-PLAN-v1.json,CA-05-REMOTE::ca-05-config-marking::сбис маркировка в 1с,expected_and_present,CORVONERO-CA-05-REMOTE-MARKIROVKA-1S-COMMANDER-IMPORT-v2.6.1.xlsx,54,370,
EXP-000766,CA-05-REMOTE,Корво Неро — Маркировка / Честный знак — Россия без НСО — поиск,CA-05,REMOTE,ca-05-connect-setup,Честный знак — подключение и настройка,1с автосервис честный знак,1с автосервис честный знак,DEPLOYABLE_GROUP_PLAN,REMOTE,CORVONERO-CA-05-REMOTE-MARKIROVKA-1S-COMMANDER-IMPORT-v2.6.1.xlsx,CORVONERO-CAMPAIGN-V2.6-FINAL-GROUP-PLAN-v1.json,CA-05-REMOTE::ca-05-connect-setup::1с автосервис честный знак,expected_and_present,CORVONERO-CA-05-REMOTE-MARKIROVKA-1S-COMMANDER-IMPORT-v2.6.1.xlsx,56,400,
EXP-000767,CA-05-REMOTE,Корво Неро — Маркировка / Честный знак — Россия без НСО — поиск,CA-05,REMOTE,ca-05-connect-setup,Честный знак — подключение и настройка,1с мобильная касса честный знак,1с мобильная касса честный знак,DEPLOYABLE_GROUP_PLAN,REMOTE,CORVONERO-CA-05-REMOTE-MARKIROVKA-1S-COMMANDER-IMPORT-v2.6.1.xlsx,CORVONERO-CAMPAIGN-V2.6-FINAL-GROUP-PLAN-v1.json,CA-05-REMOTE::ca-05-connect-setup::1с мобильная касса честный знак,expected_and_present,CORVONERO-CA-05-REMOTE-MARKIROVKA-1S-COMMANDER-IMPORT-v2.6.1.xlsx,57,390,
EXP-000768,CA-05-REMOTE,Корво Неро — Маркировка / Честный знак — Россия без НСО — поиск,CA-05,REMOTE,ca-05-connect-setup,Честный знак — подключение и настройка,1с обработка честный знак,1с обработка честный знак,DEPLOYABLE_GROUP_PLAN,REMOTE,CORVONERO-CA-05-REMOTE-MARKIROVKA-1S-COMMANDER-IMPORT-v2.6.1.xlsx,CORVONERO-CAMPAIGN-V2.6-FINAL-GROUP-PLAN-v1.json,CA-05-REMOTE::ca-05-connect-setup::1с обработка честный знак,expected_and_present,CORVONERO-CA-05-REMOTE-MARKIROVKA-1S-COMMANDER-IMPORT-v2.6.1.xlsx,58,380,
EXP-000769,CA-05-REMOTE,Корво Неро — Маркировка / Честный знак — Россия без НСО — поиск,CA-05,REMOTE,ca-05-connect-setup,Честный знак — подключение и настройка,как подключить маркировку в 1с,как подключить маркировку в 1с,DEPLOYABLE_GROUP_PLAN,REMOTE,CORVONERO-CA-05-REMOTE-MARKIROVKA-1S-COMMANDER-IMPORT-v2.6.1.xlsx,CORVONERO-CAMPAIGN-V2.6-FINAL-GROUP-PLAN-v1.json,CA-05-REMOTE::ca-05-connect-setup::как подключить маркировку в 1с,expected_and_present,CORVONERO-CA-05-REMOTE-MARKIROVKA-1S-COMMANDER-IMPORT-v2.6.1.xlsx,59,370,
EXP-000770,CA-05-REMOTE,Корво Неро — Маркировка / Честный знак — Россия без НСО — поиск,CA-05,REMOTE,ca-05-connect-setup,Честный знак — подключение и настройка,маркировка в программах 1с,маркировка в программах 1с,DEPLOYABLE_GROUP_PLAN,REMOTE,CORVONERO-CA-05-REMOTE-MARKIROVKA-1S-COMMANDER-IMPORT-v2.6.1.xlsx,CORVONERO-CAMPAIGN-V2.6-FINAL-GROUP-PLAN-v1.json,CA-05-REMOTE::ca-05-connect-setup::маркировка в программах 1с,expected_and_present,CORVONERO-CA-05-REMOTE-MARKIROVKA-1S-COMMANDER-IMPORT-v2.6.1.xlsx,60,360,
EXP-000771,CA-05-REMOTE,Корво Неро — Маркировка / Честный знак — Россия без НСО — поиск,CA-05,REMOTE,ca-05-connect-setup,Честный знак — подключение и настройка,маркировка номенклатуры в 1с,маркировка номенклатуры в 1с,DEPLOYABLE_GROUP_PLAN,REMOTE,CORVONERO-CA-05-REMOTE-MARKIROVKA-1S-COMMANDER-IMPORT-v2.6.1.xlsx,CORVONERO-CAMPAIGN-V2.6-FINAL-GROUP-PLAN-v1.json,CA-05-REMOTE::ca-05-connect-setup::маркировка номенклатуры в 1с,expected_and_present,CORVONERO-CA-05-REMOTE-MARKIROVKA-1S-COMMANDER-IMPORT-v2.6.1.xlsx,61,350,
EXP-000772,CA-05-REMOTE,Корво Неро — Маркировка / Честный знак — Россия без НСО — поиск,CA-05,REMOTE,ca-05-connect-setup,Честный знак — подключение и настройка,маркировка продукции в 1с,маркировка продукции в 1с,DEPLOYABLE_GROUP_PLAN,REMOTE,CORVONERO-CA-05-REMOTE-MARKIROVKA-1S-COMMANDER-IMPORT-v2.6.1.xlsx,CORVONERO-CAMPAIGN-V2.6-FINAL-GROUP-PLAN-v1.json,CA-05-REMOTE::ca-05-connect-setup::маркировка продукции в 1с,expected_and_present,CORVONERO-CA-05-REMOTE-MARKIROVKA-1S-COMMANDER-IMPORT-v2.6.1.xlsx,62,340,
EXP-000773,CA-05-REMOTE,Корво Неро — Маркировка / Честный знак — Россия без НСО — поиск,CA-05,REMOTE,ca-05-connect-setup,Честный знак — подключение и настройка,маркировка склада в 1с,маркировка склада в 1с,DEPLOYABLE_GROUP_PLAN,REMOTE,CORVONERO-CA-05-REMOTE-MARKIROVKA-1S-COMMANDER-IMPORT-v2.6.1.xlsx,CORVONERO-CAMPAIGN-V2.6-FINAL-GROUP-PLAN-v1.json,CA-05-REMOTE::ca-05-connect-setup::маркировка склада в 1с,expected_and_present,CORVONERO-CA-05-REMOTE-MARKIROVKA-1S-COMMANDER-IMPORT-v2.6.1.xlsx,63,330,
EXP-000774,CA-05-REMOTE,Корво Неро — Маркировка / Честный знак — Россия без НСО — поиск,CA-05,REMOTE,ca-05-connect-setup,Честный знак — подключение и настройка,маркировка товара честный знак 1с,маркировка товара честный знак 1с,DEPLOYABLE_GROUP_PLAN,REMOTE,CORVONERO-CA-05-REMOTE-MARKIROVKA-1S-COMMANDER-IMPORT-v2.6.1.xlsx,CORVONERO-CAMPAIGN-V2.6-FINAL-GROUP-PLAN-v1.json,CA-05-REMOTE::ca-05-connect-setup::маркировка товара честный знак 1с,expected_and_present,CORVONERO-CA-05-REMOTE-MARKIROVKA-1S-COMMANDER-IMPORT-v2.6.1.xlsx,64,320,
EXP-000775,CA-05-REMOTE,Корво Неро — Маркировка / Честный знак — Россия без НСО — поиск,CA-05,REMOTE,ca-05-connect-setup,Честный знак — подключение и настройка,маркировка товаров в 1с,маркировка товаров в 1с,DEPLOYABLE_GROUP_PLAN,REMOTE,CORVONERO-CA-05-REMOTE-MARKIROVKA-1S-COMMANDER-IMPORT-v2.6.1.xlsx,CORVONERO-CAMPAIGN-V2.6-FINAL-GROUP-PLAN-v1.json,CA-05-REMOTE::ca-05-connect-setup::маркировка товаров в 1с,expected_and_present,CORVONERO-CA-05-REMOTE-MARKIROVKA-1S-COMMANDER-IMPORT-v2.6.1.xlsx,65,310,
EXP-000776,CA-05-REMOTE,Корво Неро — Маркировка / Честный знак — Россия без НСО — поиск,CA-05,REMOTE,ca-05-connect-setup,Честный знак — подключение и настройка,маркировка товаров в 1с 8.3,маркировка товаров в 1с 8.3,DEPLOYABLE_GROUP_PLAN,REMOTE,CORVONERO-CA-05-REMOTE-MARKIROVKA-1S-COMMANDER-IMPORT-v2.6.1.xlsx,CORVONERO-CAMPAIGN-V2.6-FINAL-GROUP-PLAN-v1.json,CA-05-REMOTE::ca-05-connect-setup::маркировка товаров в 1с 8.3,expected_and_present,CORVONERO-CA-05-REMOTE-MARKIROVKA-1S-COMMANDER-IMPORT-v2.6.1.xlsx,66,400,
EXP-000777,CA-05-REMOTE,Корво Неро — Маркировка / Честный знак — Россия без НСО — поиск,CA-05,REMOTE,ca-05-connect-setup,Честный знак — подключение и настройка,маркировка товаров в 1с честный знак,маркировка товаров в 1с честный знак,DEPLOYABLE_GROUP_PLAN,REMOTE,CORVONERO-CA-05-REMOTE-MARKIROVKA-1S-COMMANDER-IMPORT-v2.6.1.xlsx,CORVONERO-CAMPAIGN-V2.6-FINAL-GROUP-PLAN-v1.json,CA-05-REMOTE::ca-05-connect-setup::маркировка товаров в 1с честный знак,expected_and_present,CORVONERO-CA-05-REMOTE-MARKIROVKA-1S-COMMANDER-IMPORT-v2.6.1.xlsx,67,390,
EXP-000778,CA-05-REMOTE,Корво Неро — Маркировка / Честный знак — Россия без НСО — поиск,CA-05,REMOTE,ca-05-connect-setup,Честный знак — подключение и настройка,маркировка товаров ис мп в 1с,маркировка товаров ис мп в 1с,DEPLOYABLE_GROUP_PLAN,REMOTE,CORVONERO-CA-05-REMOTE-MARKIROVKA-1S-COMMANDER-IMPORT-v2.6.1.xlsx,CORVONERO-CAMPAIGN-V2.6-FINAL-GROUP-PLAN-v1.json,CA-05-REMOTE::ca-05-connect-setup::маркировка товаров ис мп в 1с,expected_and_present,CORVONERO-CA-05-REMOTE-MARKIROVKA-1S-COMMANDER-IMPORT-v2.6.1.xlsx,68,380,
EXP-000779,CA-05-REMOTE,Корво Неро — Маркировка / Честный знак — Россия без НСО — поиск,CA-05,REMOTE,ca-05-connect-setup,Честный знак — подключение и настройка,маркировка чз в 1с,маркировка чз в 1с,DEPLOYABLE_GROUP_PLAN,REMOTE,CORVONERO-CA-05-REMOTE-MARKIROVKA-1S-COMMANDER-IMPORT-v2.6.1.xlsx,CORVONERO-CAMPAIGN-V2.6-FINAL-GROUP-PLAN-v1.json,CA-05-REMOTE::ca-05-connect-setup::маркировка чз в 1с,expected_and_present,CORVONERO-CA-05-REMOTE-MARKIROVKA-1S-COMMANDER-IMPORT-v2.6.1.xlsx,69,370,
EXP-000780,CA-05-REMOTE,Корво Неро — Маркировка / Честный знак — Россия без НСО — поиск,CA-05,REMOTE,ca-05-connect-setup,Честный знак — подключение и настройка,настройка 1с для работы с честным знаком,настройка 1с для работы с честным знаком,DEPLOYABLE_GROUP_PLAN,REMOTE,CORVONERO-CA-05-REMOTE-MARKIROVKA-1S-COMMANDER-IMPORT-v2.6.1.xlsx,CORVONERO-CAMPAIGN-V2.6-FINAL-GROUP-PLAN-v1.json,CA-05-REMOTE::ca-05-connect-setup::настройка 1с для работы с честным знаком,expected_and_present,CORVONERO-CA-05-REMOTE-MARKIROVKA-1S-COMMANDER-IMPORT-v2.6.1.xlsx,70,360,
EXP-000781,CA-05-REMOTE,Корво Неро — Маркировка / Честный знак — Россия без НСО — поиск,CA-05,REMOTE,ca-05-connect-setup,Честный знак — подключение и настройка,настройка 1с под честный знак,настройка 1с под честный знак,DEPLOYABLE_GROUP_PLAN,REMOTE,CORVONERO-CA-05-REMOTE-MARKIROVKA-1S-COMMANDER-IMPORT-v2.6.1.xlsx,CORVONERO-CAMPAIGN-V2.6-FINAL-GROUP-PLAN-v1.json,CA-05-REMOTE::ca-05-connect-setup::настройка 1с под честный знак,expected_and_present,CORVONERO-CA-05-REMOTE-MARKIROVKA-1S-COMMANDER-IMPORT-v2.6.1.xlsx,71,350,
EXP-000782,CA-05-REMOTE,Корво Неро — Маркировка / Честный знак — Россия без НСО — поиск,CA-05,REMOTE,ca-05-connect-setup,Честный знак — подключение и настройка,настройка модуля честный знак 1с,настройка модуля честный знак 1с,DEPLOYABLE_GROUP_PLAN,REMOTE,CORVONERO-CA-05-REMOTE-MARKIROVKA-1S-COMMANDER-IMPORT-v2.6.1.xlsx,CORVONERO-CAMPAIGN-V2.6-FINAL-GROUP-PLAN-v1.json,CA-05-REMOTE::ca-05-connect-setup::настройка модуля честный знак 1с,expected_and_present,CORVONERO-CA-05-REMOTE-MARKIROVKA-1S-COMMANDER-IMPORT-v2.6.1.xlsx,72,340,
EXP-000783,CA-05-REMOTE,Корво Неро — Маркировка / Честный знак — Россия без НСО — поиск,CA-05,REMOTE,ca-05-connect-setup,Честный знак — подключение и настройка,настройка подключения к честному знаку в 1с,настройка подключения к честному знаку в 1с,DEPLOYABLE_GROUP_PLAN,REMOTE,CORVONERO-CA-05-REMOTE-MARKIROVKA-1S-COMMANDER-IMPORT-v2.6.1.xlsx,CORVONERO-CAMPAIGN-V2.6-FINAL-GROUP-PLAN-v1.json,CA-05-REMOTE::ca-05-connect-setup::настройка подключения к честному знаку в 1с,expected_and_present,CORVONERO-CA-05-REMOTE-MARKIROVKA-1S-COMMANDER-IMPORT-v2.6.1.xlsx,73,330,
EXP-000784,CA-05-REMOTE,Корво Неро — Маркировка / Честный знак — Россия без НСО — поиск,CA-05,REMOTE,ca-05-connect-setup,Честный знак — подключение и настройка,обмен с честным знаком 1с,обмен с честным знаком 1с,DEPLOYABLE_GROUP_PLAN,REMOTE,CORVONERO-CA-05-REMOTE-MARKIROVKA-1S-COMMANDER-IMPORT-v2.6.1.xlsx,CORVONERO-CAMPAIGN-V2.6-FINAL-GROUP-PLAN-v1.json,CA-05-REMOTE::ca-05-connect-setup::обмен с честным знаком 1с,expected_and_present,CORVONERO-CA-05-REMOTE-MARKIROVKA-1S-COMMANDER-IMPORT-v2.6.1.xlsx,74,320,
EXP-000785,CA-05-REMOTE,Корво Неро — Маркировка / Честный знак — Россия без НСО — поиск,CA-05,REMOTE,ca-05-connect-setup,Честный знак — подключение и настройка,синхронизация 1с с честным знаком,синхронизация 1с с честным знаком,DEPLOYABLE_GROUP_PLAN,REMOTE,CORVONERO-CA-05-REMOTE-MARKIROVKA-1S-COMMANDER-IMPORT-v2.6.1.xlsx,CORVONERO-CAMPAIGN-V2.6-FINAL-GROUP-PLAN-v1.json,CA-05-REMOTE::ca-05-connect-setup::синхронизация 1с с честным знаком,expected_and_present,CORVONERO-CA-05-REMOTE-MARKIROVKA-1S-COMMANDER-IMPORT-v2.6.1.xlsx,75,310,
EXP-000786,CA-05-REMOTE,Корво Неро — Маркировка / Честный знак — Россия без НСО — поиск,CA-05,REMOTE,ca-05-connect-setup,Честный знак — подключение и настройка,специалист 1с честный знак,специалист 1с честный знак,DEPLOYABLE_GROUP_PLAN,REMOTE,CORVONERO-CA-05-REMOTE-MARKIROVKA-1S-COMMANDER-IMPORT-v2.6.1.xlsx,CORVONERO-CAMPAIGN-V2.6-FINAL-GROUP-PLAN-v1.json,CA-05-REMOTE::ca-05-connect-setup::специалист 1с честный знак,expected_and_present,CORVONERO-CA-05-REMOTE-MARKIROVKA-1S-COMMANDER-IMPORT-v2.6.1.xlsx,76,400,
EXP-000787,CA-05-REMOTE,Корво Неро — Маркировка / Честный знак — Россия без НСО — поиск,CA-05,REMOTE,ca-05-connect-setup,Честный знак — подключение и настройка,специалист по настройке 1с и честного знака,специалист по настройке 1с и честного знака,DEPLOYABLE_GROUP_PLAN,REMOTE,CORVONERO-CA-05-REMOTE-MARKIROVKA-1S-COMMANDER-IMPORT-v2.6.1.xlsx,CORVONERO-CAMPAIGN-V2.6-FINAL-GROUP-PLAN-v1.json,CA-05-REMOTE::ca-05-connect-setup::специалист по настройке 1с и честного знака,expected_and_present,CORVONERO-CA-05-REMOTE-MARKIROVKA-1S-COMMANDER-IMPORT-v2.6.1.xlsx,77,390,
EXP-000788,CA-05-REMOTE,Корво Неро — Маркировка / Честный знак — Россия без НСО — поиск,CA-05,REMOTE,ca-05-connect-setup,Честный знак — подключение и настройка,установка честный знак в 1с,установка честный знак в 1с,DEPLOYABLE_GROUP_PLAN,REMOTE,CORVONERO-CA-05-REMOTE-MARKIROVKA-1S-COMMANDER-IMPORT-v2.6.1.xlsx,CORVONERO-CAMPAIGN-V2.6-FINAL-GROUP-PLAN-v1.json,CA-05-REMOTE::ca-05-connect-setup::установка честный знак в 1с,expected_and_present,CORVONERO-CA-05-REMOTE-MARKIROVKA-1S-COMMANDER-IMPORT-v2.6.1.xlsx,78,380,
EXP-000789,CA-05-REMOTE,Корво Неро — Маркировка / Честный знак — Россия без НСО — поиск,CA-05,REMOTE,ca-05-connect-setup,Честный знак — подключение и настройка,честный знак 1с пиво,честный знак 1с пиво,DEPLOYABLE_GROUP_PLAN,REMOTE,CORVONERO-CA-05-REMOTE-MARKIROVKA-1S-COMMANDER-IMPORT-v2.6.1.xlsx,CORVONERO-CAMPAIGN-V2.6-FINAL-GROUP-PLAN-v1.json,CA-05-REMOTE::ca-05-connect-setup::честный знак 1с пиво,expected_and_present,CORVONERO-CA-05-REMOTE-MARKIROVKA-1S-COMMANDER-IMPORT-v2.6.1.xlsx,79,370,
EXP-000790,CA-05-REMOTE,Корво Неро — Маркировка / Честный знак — Россия без НСО — поиск,CA-05,REMOTE,ca-05-connect-setup,Честный знак — подключение и настройка,честный знак 1с упаковка,честный знак 1с упаковка,DEPLOYABLE_GROUP_PLAN,REMOTE,CORVONERO-CA-05-REMOTE-MARKIROVKA-1S-COMMANDER-IMPORT-v2.6.1.xlsx,CORVONERO-CAMPAIGN-V2.6-FINAL-GROUP-PLAN-v1.json,CA-05-REMOTE::ca-05-connect-setup::честный знак 1с упаковка,expected_and_present,CORVONERO-CA-05-REMOTE-MARKIROVKA-1S-COMMANDER-IMPORT-v2.6.1.xlsx,80,360,
EXP-000791,CA-05-REMOTE,Корво Неро — Маркировка / Честный знак — Россия без НСО — поиск,CA-05,REMOTE,ca-05-connect-setup,Честный знак — подключение и настройка,честный знак альфа авто 1с,честный знак альфа авто 1с,DEPLOYABLE_GROUP_PLAN,REMOTE,CORVONERO-CA-05-REMOTE-MARKIROVKA-1S-COMMANDER-IMPORT-v2.6.1.xlsx,CORVONERO-CAMPAIGN-V2.6-FINAL-GROUP-PLAN-v1.json,CA-05-REMOTE::ca-05-connect-setup::честный знак альфа авто 1с,expected_and_present,CORVONERO-CA-05-REMOTE-MARKIROVKA-1S-COMMANDER-IMPORT-v2.6.1.xlsx,81,350,
EXP-000792,CA-05-REMOTE,Корво Неро — Маркировка / Честный знак — Россия без НСО — поиск,CA-05,REMOTE,ca-05-connect-setup,Честный знак — подключение и настройка,честный знак бизнес 1с,честный знак бизнес 1с,DEPLOYABLE_GROUP_PLAN,REMOTE,CORVONERO-CA-05-REMOTE-MARKIROVKA-1S-COMMANDER-IMPORT-v2.6.1.xlsx,CORVONERO-CAMPAIGN-V2.6-FINAL-GROUP-PLAN-v1.json,CA-05-REMOTE::ca-05-connect-setup::честный знак бизнес 1с,expected_and_present,CORVONERO-CA-05-REMOTE-MARKIROVKA-1S-COMMANDER-IMPORT-v2.6.1.xlsx,82,340,
EXP-000793,CA-05-REMOTE,Корво Неро — Маркировка / Честный знак — Россия без НСО — поиск,CA-05,REMOTE,ca-05-connect-setup,Честный знак — подключение и настройка,честный знак в 1с,честный знак в 1с,DEPLOYABLE_GROUP_PLAN,REMOTE,CORVONERO-CA-05-REMOTE-MARKIROVKA-1S-COMMANDER-IMPORT-v2.6.1.xlsx,CORVONERO-CAMPAIGN-V2.6-FINAL-GROUP-PLAN-v1.json,CA-05-REMOTE::ca-05-connect-setup::честный знак в 1с,expected_and_present,CORVONERO-CA-05-REMOTE-MARKIROVKA-1S-COMMANDER-IMPORT-v2.6.1.xlsx,83,330,
EXP-000794,CA-05-REMOTE,Корво Неро — Маркировка / Честный знак — Россия без НСО — поиск,CA-05,REMOTE,ca-05-connect-setup,Честный знак — подключение и настройка,честный знак в 1с производство,честный знак в 1с производство,DEPLOYABLE_GROUP_PLAN,REMOTE,CORVONERO-CA-05-REMOTE-MARKIROVKA-1S-COMMANDER-IMPORT-v2.6.1.xlsx,CORVONERO-CAMPAIGN-V2.6-FINAL-GROUP-PLAN-v1.json,CA-05-REMOTE::ca-05-connect-setup::честный знак в 1с производство,expected_and_present,CORVONERO-CA-05-REMOTE-MARKIROVKA-1S-COMMANDER-IMPORT-v2.6.1.xlsx,84,320,
EXP-000795,CA-05-REMOTE,Корво Неро — Маркировка / Честный знак — Россия без НСО — поиск,CA-05,REMOTE,ca-05-connect-setup,Честный знак — подключение и настройка,честный знак в 1с упп,честный знак в 1с упп,DEPLOYABLE_GROUP_PLAN,REMOTE,CORVONERO-CA-05-REMOTE-MARKIROVKA-1S-COMMANDER-IMPORT-v2.6.1.xlsx,CORVONERO-CAMPAIGN-V2.6-FINAL-GROUP-PLAN-v1.json,CA-05-REMOTE::ca-05-connect-setup::честный знак в 1с упп,expected_and_present,CORVONERO-CA-05-REMOTE-MARKIROVKA-1S-COMMANDER-IMPORT-v2.6.1.xlsx,85,310,
EXP-000796,CA-05-REMOTE,Корво Неро — Маркировка / Честный знак — Россия без НСО — поиск,CA-05,REMOTE,ca-05-connect-setup,Честный знак — подключение и настройка,честный знак в 1с фреш,честный знак в 1с фреш,DEPLOYABLE_GROUP_PLAN,REMOTE,CORVONERO-CA-05-REMOTE-MARKIROVKA-1S-COMMANDER-IMPORT-v2.6.1.xlsx,CORVONERO-CAMPAIGN-V2.6-FINAL-GROUP-PLAN-v1.json,CA-05-REMOTE::ca-05-connect-setup::честный знак в 1с фреш,expected_and_present,CORVONERO-CA-05-REMOTE-MARKIROVKA-1S-COMMANDER-IMPORT-v2.6.1.xlsx,86,400,
EXP-000797,CA-05-REMOTE,Корво Неро — Маркировка / Честный знак — Россия без НСО — поиск,CA-05,REMOTE,ca-05-connect-setup,Честный знак — подключение и настройка,честный знак егаис 1с,честный знак егаис 1с,DEPLOYABLE_GROUP_PLAN,REMOTE,CORVONERO-CA-05-REMOTE-MARKIROVKA-1S-COMMANDER-IMPORT-v2.6.1.xlsx,CORVONERO-CAMPAIGN-V2.6-FINAL-GROUP-PLAN-v1.json,CA-05-REMOTE::ca-05-connect-setup::честный знак егаис 1с,expected_and_present,CORVONERO-CA-05-REMOTE-MARKIROVKA-1S-COMMANDER-IMPORT-v2.6.1.xlsx,87,390,
EXP-000798,CA-05-REMOTE,Корво Неро — Маркировка / Честный знак — Россия без НСО — поиск,CA-05,REMOTE,ca-05-connect-setup,Честный знак — подключение и настройка,честный знак конфигурация 1с,честный знак конфигурация 1с,DEPLOYABLE_GROUP_PLAN,REMOTE,CORVONERO-CA-05-REMOTE-MARKIROVKA-1S-COMMANDER-IMPORT-v2.6.1.xlsx,CORVONERO-CAMPAIGN-V2.6-FINAL-GROUP-PLAN-v1.json,CA-05-REMOTE::ca-05-connect-setup::честный знак конфигурация 1с,expected_and_present,CORVONERO-CA-05-REMOTE-MARKIROVKA-1S-COMMANDER-IMPORT-v2.6.1.xlsx,88,380,
EXP-000799,CA-05-REMOTE,Корво Неро — Маркировка / Честный знак — Россия без НСО — поиск,CA-05,REMOTE,ca-05-connect-setup,Честный знак — подключение и настройка,честный знак модуль 1с,честный знак модуль 1с,DEPLOYABLE_GROUP_PLAN,REMOTE,CORVONERO-CA-05-REMOTE-MARKIROVKA-1S-COMMANDER-IMPORT-v2.6.1.xlsx,CORVONERO-CAMPAIGN-V2.6-FINAL-GROUP-PLAN-v1.json,CA-05-REMOTE::ca-05-connect-setup::честный знак модуль 1с,expected_and_present,CORVONERO-CA-05-REMOTE-MARKIROVKA-1S-COMMANDER-IMPORT-v2.6.1.xlsx,89,370,
EXP-000800,CA-05-REMOTE,Корво Неро — Маркировка / Честный знак — Россия без НСО — поиск,CA-05,REMOTE,ca-05-connect-setup,Честный знак — подключение и настройка,честный знак на кассе 1с,честный знак на кассе 1с,DEPLOYABLE_GROUP_PLAN,REMOTE,CORVONERO-CA-05-REMOTE-MARKIROVKA-1S-COMMANDER-IMPORT-v2.6.1.xlsx,CORVONERO-CAMPAIGN-V2.6-FINAL-GROUP-PLAN-v1.json,CA-05-REMOTE::ca-05-connect-setup::честный знак на кассе 1с,expected_and_present,CORVONERO-CA-05-REMOTE-MARKIROVKA-1S-COMMANDER-IMPORT-v2.6.1.xlsx,90,360,
EXP-000801,CA-05-REMOTE,Корво Неро — Маркировка / Честный знак — Россия без НСО — поиск,CA-05,REMOTE,ca-05-connect-setup,Честный знак — подключение и настройка,честный знак учет 1с,честный знак учет 1с,DEPLOYABLE_GROUP_PLAN,REMOTE,CORVONERO-CA-05-REMOTE-MARKIROVKA-1S-COMMANDER-IMPORT-v2.6.1.xlsx,CORVONERO-CAMPAIGN-V2.6-FINAL-GROUP-PLAN-v1.json,CA-05-REMOTE::ca-05-connect-setup::честный знак учет 1с,expected_and_present,CORVONERO-CA-05-REMOTE-MARKIROVKA-1S-COMMANDER-IMPORT-v2.6.1.xlsx,91,350,
EXP-000802,CA-05-REMOTE,Корво Неро — Маркировка / Честный знак — Россия без НСО — поиск,CA-05,REMOTE,ca-05-connect-setup,Честный знак — подключение и настройка,честный знак через 1с,честный знак через 1с,DEPLOYABLE_GROUP_PLAN,REMOTE,CORVONERO-CA-05-REMOTE-MARKIROVKA-1S-COMMANDER-IMPORT-v2.6.1.xlsx,CORVONERO-CAMPAIGN-V2.6-FINAL-GROUP-PLAN-v1.json,CA-05-REMOTE::ca-05-connect-setup::честный знак через 1с,expected_and_present,CORVONERO-CA-05-REMOTE-MARKIROVKA-1S-COMMANDER-IMPORT-v2.6.1.xlsx,92,340,
EXP-000803,CA-05-REMOTE,Корво Неро — Маркировка / Честный знак — Россия без НСО — поиск,CA-05,REMOTE,ca-05-connect-setup,Честный знак — подключение и настройка,честный знак через 1с эдо,честный знак через 1с эдо,DEPLOYABLE_GROUP_PLAN,REMOTE,CORVONERO-CA-05-REMOTE-MARKIROVKA-1S-COMMANDER-IMPORT-v2.6.1.xlsx,CORVONERO-CAMPAIGN-V2.6-FINAL-GROUP-PLAN-v1.json,CA-05-REMOTE::ca-05-connect-setup::честный знак через 1с эдо,expected_and_present,CORVONERO-CA-05-REMOTE-MARKIROVKA-1S-COMMANDER-IMPORT-v2.6.1.xlsx,93,330,
EXP-000804,CA-05-REMOTE,Корво Неро — Маркировка / Честный знак — Россия без НСО — поиск,CA-05,REMOTE,ca-05-errors-support,Ошибки и техническая поддержка маркировки,поддержка 1с честный знак,поддержка 1с честный знак,DEPLOYABLE_GROUP_PLAN,REMOTE,CORVONERO-CA-05-REMOTE-MARKIROVKA-1S-COMMANDER-IMPORT-v2.6.1.xlsx,CORVONERO-CAMPAIGN-V2.6-FINAL-GROUP-PLAN-v1.json,CA-05-REMOTE::ca-05-errors-support::поддержка 1с честный знак,expected_and_present,CORVONERO-CA-05-REMOTE-MARKIROVKA-1S-COMMANDER-IMPORT-v2.6.1.xlsx,95,400,
EXP-000805,CA-05-REMOTE,Корво Неро — Маркировка / Честный знак — Россия без НСО — поиск,CA-05,REMOTE,ca-05-errors-support,Ошибки и техническая поддержка маркировки,техподдержка честный знак 1с,техподдержка честный знак 1с,DEPLOYABLE_GROUP_PLAN,REMOTE,CORVONERO-CA-05-REMOTE-MARKIROVKA-1S-COMMANDER-IMPORT-v2.6.1.xlsx,CORVONERO-CAMPAIGN-V2.6-FINAL-GROUP-PLAN-v1.json,CA-05-REMOTE::ca-05-errors-support::техподдержка честный знак 1с,expected_and_present,CORVONERO-CA-05-REMOTE-MARKIROVKA-1S-COMMANDER-IMPORT-v2.6.1.xlsx,96,390,
EXP-000806,CA-05-REMOTE,Корво Неро — Маркировка / Честный знак — Россия без НСО — поиск,CA-05,REMOTE,ca-05-integration,Интеграция 1С с Честным знаком,интеграция 1с и честный знак,интеграция 1с и честный знак,DEPLOYABLE_GROUP_PLAN,REMOTE,CORVONERO-CA-05-REMOTE-MARKIROVKA-1S-COMMANDER-IMPORT-v2.6.1.xlsx,CORVONERO-CAMPAIGN-V2.6-FINAL-GROUP-PLAN-v1.json,CA-05-REMOTE::ca-05-integration::интеграция 1с и честный знак,expected_and_present,CORVONERO-CA-05-REMOTE-MARKIROVKA-1S-COMMANDER-IMPORT-v2.6.1.xlsx,98,400,
EXP-000807,CA-05-REMOTE,Корво Неро — Маркировка / Честный знак — Россия без НСО — поиск,CA-05,REMOTE,ca-05-integration,Интеграция 1С с Честным знаком,интеграция 1с предприятие и честный знак,интеграция 1с предприятие и честный знак,DEPLOYABLE_GROUP_PLAN,REMOTE,CORVONERO-CA-05-REMOTE-MARKIROVKA-1S-COMMANDER-IMPORT-v2.6.1.xlsx,CORVONERO-CAMPAIGN-V2.6-FINAL-GROUP-PLAN-v1.json,CA-05-REMOTE::ca-05-integration::интеграция 1с предприятие и честный знак,expected_and_present,CORVONERO-CA-05-REMOTE-MARKIROVKA-1S-COMMANDER-IMPORT-v2.6.1.xlsx,99,390,
EXP-000808,CA-05-REMOTE,Корво Неро — Маркировка / Честный знак — Россия без НСО — поиск,CA-05,REMOTE,ca-05-integration,Интеграция 1С с Честным знаком,интеграция 1с розница и честный знак,интеграция 1с розница и честный знак,DEPLOYABLE_GROUP_PLAN,REMOTE,CORVONERO-CA-05-REMOTE-MARKIROVKA-1S-COMMANDER-IMPORT-v2.6.1.xlsx,CORVONERO-CAMPAIGN-V2.6-FINAL-GROUP-PLAN-v1.json,CA-05-REMOTE::ca-05-integration::интеграция 1с розница и честный знак,expected_and_present,CORVONERO-CA-05-REMOTE-MARKIROVKA-1S-COMMANDER-IMPORT-v2.6.1.xlsx,100,380,
EXP-000809,CA-05-REMOTE,Корво Неро — Маркировка / Честный знак — Россия без НСО — поиск,CA-05,REMOTE,ca-05-integration,Интеграция 1С с Честным знаком,интеграция 1с розница и честный знак косметика,интеграция 1с розница и честный знак косметика,DEPLOYABLE_GROUP_PLAN,REMOTE,CORVONERO-CA-05-REMOTE-MARKIROVKA-1S-COMMANDER-IMPORT-v2.6.1.xlsx,CORVONERO-CAMPAIGN-V2.6-FINAL-GROUP-PLAN-v1.json,CA-05-REMOTE::ca-05-integration::интеграция 1с розница и честный знак косметика,expected_and_present,CORVONERO-CA-05-REMOTE-MARKIROVKA-1S-COMMANDER-IMPORT-v2.6.1.xlsx,101,370,
EXP-000810,CA-05-REMOTE,Корво Неро — Маркировка / Честный знак — Россия без НСО — поиск,CA-05,REMOTE,ca-05-integration,Интеграция 1С с Честным знаком,интеграция 1с унф и честный знак,интеграция 1с унф и честный знак,DEPLOYABLE_GROUP_PLAN,REMOTE,CORVONERO-CA-05-REMOTE-MARKIROVKA-1S-COMMANDER-IMPORT-v2.6.1.xlsx,CORVONERO-CAMPAIGN-V2.6-FINAL-GROUP-PLAN-v1.json,CA-05-REMOTE::ca-05-integration::интеграция 1с унф и честный знак,expected_and_present,CORVONERO-CA-05-REMOTE-MARKIROVKA-1S-COMMANDER-IMPORT-v2.6.1.xlsx,102,360,
EXP-000811,CA-05-REMOTE,Корво Неро — Маркировка / Честный знак — Россия без НСО — поиск,CA-05,REMOTE,ca-05-integration,Интеграция 1С с Честным знаком,интеграция 1с ут и честный знак,интеграция 1с ут и честный знак,DEPLOYABLE_GROUP_PLAN,REMOTE,CORVONERO-CA-05-REMOTE-MARKIROVKA-1S-COMMANDER-IMPORT-v2.6.1.xlsx,CORVONERO-CAMPAIGN-V2.6-FINAL-GROUP-PLAN-v1.json,CA-05-REMOTE::ca-05-integration::интеграция 1с ут и честный знак,expected_and_present,CORVONERO-CA-05-REMOTE-MARKIROVKA-1S-COMMANDER-IMPORT-v2.6.1.xlsx,103,350,
EXP-000812,CA-05-REMOTE,Корво Неро — Маркировка / Честный знак — Россия без НСО — поиск,CA-05,REMOTE,ca-05-integration,Интеграция 1С с Честным знаком,интеграция 1с фреш и честный знак,интеграция 1с фреш и честный знак,DEPLOYABLE_GROUP_PLAN,REMOTE,CORVONERO-CA-05-REMOTE-MARKIROVKA-1S-COMMANDER-IMPORT-v2.6.1.xlsx,CORVONERO-CAMPAIGN-V2.6-FINAL-GROUP-PLAN-v1.json,CA-05-REMOTE::ca-05-integration::интеграция 1с фреш и честный знак,expected_and_present,CORVONERO-CA-05-REMOTE-MARKIROVKA-1S-COMMANDER-IMPORT-v2.6.1.xlsx,104,340,
EXP-000813,CA-05-REMOTE,Корво Неро — Маркировка / Честный знак — Россия без НСО — поиск,CA-05,REMOTE,ca-05-integration,Интеграция 1С с Честным знаком,интеграция маркировки в 1с,интеграция маркировки в 1с,DEPLOYABLE_GROUP_PLAN,REMOTE,CORVONERO-CA-05-REMOTE-MARKIROVKA-1S-COMMANDER-IMPORT-v2.6.1.xlsx,CORVONERO-CAMPAIGN-V2.6-FINAL-GROUP-PLAN-v1.json,CA-05-REMOTE::ca-05-integration::интеграция маркировки в 1с,expected_and_present,CORVONERO-CA-05-REMOTE-MARKIROVKA-1S-COMMANDER-IMPORT-v2.6.1.xlsx,105,330,
EXP-000814,CA-05-REMOTE,Корво Неро — Маркировка / Честный знак — Россия без НСО — поиск,CA-05,REMOTE,ca-05-integration,Интеграция 1С с Честным знаком,интеграция маркировки товаров в 1с,интеграция маркировки товаров в 1с,DEPLOYABLE_GROUP_PLAN,REMOTE,CORVONERO-CA-05-REMOTE-MARKIROVKA-1S-COMMANDER-IMPORT-v2.6.1.xlsx,CORVONERO-CAMPAIGN-V2.6-FINAL-GROUP-PLAN-v1.json,CA-05-REMOTE::ca-05-integration::интеграция маркировки товаров в 1с,expected_and_present,CORVONERO-CA-05-REMOTE-MARKIROVKA-1S-COMMANDER-IMPORT-v2.6.1.xlsx,106,320,
EXP-000815,CA-05-REMOTE,Корво Неро — Маркировка / Честный знак — Россия без НСО — поиск,CA-05,REMOTE,ca-05-integration,Интеграция 1С с Честным знаком,интеграция честного знака и сайта 1с битрикс,интеграция честного знака и сайта 1с битрикс,DEPLOYABLE_GROUP_PLAN,REMOTE,CORVONERO-CA-05-REMOTE-MARKIROVKA-1S-COMMANDER-IMPORT-v2.6.1.xlsx,CORVONERO-CAMPAIGN-V2.6-FINAL-GROUP-PLAN-v1.json,CA-05-REMOTE::ca-05-integration::интеграция честного знака и сайта 1с битрикс,expected_and_present,CORVONERO-CA-05-REMOTE-MARKIROVKA-1S-COMMANDER-IMPORT-v2.6.1.xlsx,107,310,
EXP-000816,CA-05-REMOTE,Корво Неро — Маркировка / Честный знак — Россия без НСО — поиск,CA-05,REMOTE,ca-05-integration,Интеграция 1С с Честным знаком,настройка 1с эдо честный знак,настройка 1с эдо честный знак,DEPLOYABLE_GROUP_PLAN,REMOTE,CORVONERO-CA-05-REMOTE-MARKIROVKA-1S-COMMANDER-IMPORT-v2.6.1.xlsx,CORVONERO-CAMPAIGN-V2.6-FINAL-GROUP-PLAN-v1.json,CA-05-REMOTE::ca-05-integration::настройка 1с эдо честный знак,expected_and_present,CORVONERO-CA-05-REMOTE-MARKIROVKA-1S-COMMANDER-IMPORT-v2.6.1.xlsx,108,400,
EXP-000817,CA-05-REMOTE,Корво Неро — Маркировка / Честный знак — Россия без НСО — поиск,CA-05,REMOTE,ca-05-integration,Интеграция 1С с Честным знаком,настройка интеграции 1с и честный знак,настройка интеграции 1с и честный знак,DEPLOYABLE_GROUP_PLAN,REMOTE,CORVONERO-CA-05-REMOTE-MARKIROVKA-1S-COMMANDER-IMPORT-v2.6.1.xlsx,CORVONERO-CAMPAIGN-V2.6-FINAL-GROUP-PLAN-v1.json,CA-05-REMOTE::ca-05-integration::настройка интеграции 1с и честный знак,expected_and_present,CORVONERO-CA-05-REMOTE-MARKIROVKA-1S-COMMANDER-IMPORT-v2.6.1.xlsx,109,390,
EXP-000818,CA-05-REMOTE,Корво Неро — Маркировка / Честный знак — Россия без НСО — поиск,CA-05,REMOTE,ca-05-integration,Интеграция 1С с Честным знаком,настройка обмена с честным знаком 1с,настройка обмена с честным знаком 1с,DEPLOYABLE_GROUP_PLAN,REMOTE,CORVONERO-CA-05-REMOTE-MARKIROVKA-1S-COMMANDER-IMPORT-v2.6.1.xlsx,CORVONERO-CAMPAIGN-V2.6-FINAL-GROUP-PLAN-v1.json,CA-05-REMOTE::ca-05-integration::настройка обмена с честным знаком 1с,expected_and_present,CORVONERO-CA-05-REMOTE-MARKIROVKA-1S-COMMANDER-IMPORT-v2.6.1.xlsx,110,380,
EXP-000819,CA-05-REMOTE,Корво Неро — Маркировка / Честный знак — Россия без НСО — поиск,CA-05,REMOTE,ca-05-integration,Интеграция 1С с Честным знаком,честный знак интеграция с 1с бухгалтерия,честный знак интеграция с 1с бухгалтерия,DEPLOYABLE_GROUP_PLAN,REMOTE,CORVONERO-CA-05-REMOTE-MARKIROVKA-1S-COMMANDER-IMPORT-v2.6.1.xlsx,CORVONERO-CAMPAIGN-V2.6-FINAL-GROUP-PLAN-v1.json,CA-05-REMOTE::ca-05-integration::честный знак интеграция с 1с бухгалтерия,expected_and_present,CORVONERO-CA-05-REMOTE-MARKIROVKA-1S-COMMANDER-IMPORT-v2.6.1.xlsx,111,370,
EXP-000820,CA-05-REMOTE,Корво Неро — Маркировка / Честный знак — Россия без НСО — поиск,CA-05,REMOTE,ca-05-local-module,Локальный модуль Честного знака,настройка локального модуля честный знак 1с,настройка локального модуля честный знак 1с,DEPLOYABLE_GROUP_PLAN,REMOTE,CORVONERO-CA-05-REMOTE-MARKIROVKA-1S-COMMANDER-IMPORT-v2.6.1.xlsx,CORVONERO-CAMPAIGN-V2.6-FINAL-GROUP-PLAN-v1.json,CA-05-REMOTE::ca-05-local-module::настройка локального модуля честный знак 1с,expected_and_present,CORVONERO-CA-05-REMOTE-MARKIROVKA-1S-COMMANDER-IMPORT-v2.6.1.xlsx,113,400,
EXP-000821,CA-05-REMOTE,Корво Неро — Маркировка / Честный знак — Россия без НСО — поиск,CA-05,REMOTE,ca-05-local-module,Локальный модуль Честного знака,настройка локального модуля честный знак 1с розница,настройка локального модуля честный знак 1с розница,DEPLOYABLE_GROUP_PLAN,REMOTE,CORVONERO-CA-05-REMOTE-MARKIROVKA-1S-COMMANDER-IMPORT-v2.6.1.xlsx,CORVONERO-CAMPAIGN-V2.6-FINAL-GROUP-PLAN-v1.json,CA-05-REMOTE::ca-05-local-module::настройка локального модуля честный знак 1с розница,expected_and_present,CORVONERO-CA-05-REMOTE-MARKIROVKA-1S-COMMANDER-IMPORT-v2.6.1.xlsx,114,390,
EXP-000822,CA-05-REMOTE,Корво Неро — Маркировка / Честный знак — Россия без НСО — поиск,CA-05,REMOTE,ca-05-local-module,Локальный модуль Честного знака,настройка локального модуля честный знак 1с ут,настройка локального модуля честный знак 1с ут,DEPLOYABLE_GROUP_PLAN,REMOTE,CORVONERO-CA-05-REMOTE-MARKIROVKA-1S-COMMANDER-IMPORT-v2.6.1.xlsx,CORVONERO-CAMPAIGN-V2.6-FINAL-GROUP-PLAN-v1.json,CA-05-REMOTE::ca-05-local-module::настройка локального модуля честный знак 1с ут,expected_and_present,CORVONERO-CA-05-REMOTE-MARKIROVKA-1S-COMMANDER-IMPORT-v2.6.1.xlsx,115,380,
EXP-000823,CA-05-REMOTE,Корво Неро — Маркировка / Честный знак — Россия без НСО — поиск,CA-05,REMOTE,ca-05-local-module,Локальный модуль Честного знака,настройка подключения лм честный знак 1с,настройка подключения лм честный знак 1с,DEPLOYABLE_GROUP_PLAN,REMOTE,CORVONERO-CA-05-REMOTE-MARKIROVKA-1S-COMMANDER-IMPORT-v2.6.1.xlsx,CORVONERO-CAMPAIGN-V2.6-FINAL-GROUP-PLAN-v1.json,CA-05-REMOTE::ca-05-local-module::настройка подключения лм честный знак 1с,expected_and_present,CORVONERO-CA-05-REMOTE-MARKIROVKA-1S-COMMANDER-IMPORT-v2.6.1.xlsx,116,370,
EXP-000824,CA-05-REMOTE,Корво Неро — Маркировка / Честный знак — Россия без НСО — поиск,CA-05,REMOTE,ca-05-local-module,Локальный модуль Честного знака,настройка подключения лм честный знак 1с бухгалтерия,настройка подключения лм честный знак 1с бухгалтерия,DEPLOYABLE_GROUP_PLAN,REMOTE,CORVONERO-CA-05-REMOTE-MARKIROVKA-1S-COMMANDER-IMPORT-v2.6.1.xlsx,CORVONERO-CAMPAIGN-V2.6-FINAL-GROUP-PLAN-v1.json,CA-05-REMOTE::ca-05-local-module::настройка подключения лм честный знак 1с бухгалтерия,expected_and_present,CORVONERO-CA-05-REMOTE-MARKIROVKA-1S-COMMANDER-IMPORT-v2.6.1.xlsx,117,360,
EXP-000825,CA-05-REMOTE,Корво Неро — Маркировка / Честный знак — Россия без НСО — поиск,CA-05,REMOTE,ca-05-local-module,Локальный модуль Честного знака,настройка подключения лм честный знак 1с розница,настройка подключения лм честный знак 1с розница,DEPLOYABLE_GROUP_PLAN,REMOTE,CORVONERO-CA-05-REMOTE-MARKIROVKA-1S-COMMANDER-IMPORT-v2.6.1.xlsx,CORVONERO-CAMPAIGN-V2.6-FINAL-GROUP-PLAN-v1.json,CA-05-REMOTE::ca-05-local-module::настройка подключения лм честный знак 1с розница,expected_and_present,CORVONERO-CA-05-REMOTE-MARKIROVKA-1S-COMMANDER-IMPORT-v2.6.1.xlsx,118,350,
EXP-000826,CA-05-REMOTE,Корво Неро — Маркировка / Честный знак — Россия без НСО — поиск,CA-05,REMOTE,ca-05-local-module,Локальный модуль Честного знака,настройка подключения лм честный знак 1с унф,настройка подключения лм честный знак 1с унф,DEPLOYABLE_GROUP_PLAN,REMOTE,CORVONERO-CA-05-REMOTE-MARKIROVKA-1S-COMMANDER-IMPORT-v2.6.1.xlsx,CORVONERO-CAMPAIGN-V2.6-FINAL-GROUP-PLAN-v1.json,CA-05-REMOTE::ca-05-local-module::настройка подключения лм честный знак 1с унф,expected_and_present,CORVONERO-CA-05-REMOTE-MARKIROVKA-1S-COMMANDER-IMPORT-v2.6.1.xlsx,119,340,
EXP-000827,CA-05-REMOTE,Корво Неро — Маркировка / Честный знак — Россия без НСО — поиск,CA-05,REMOTE,ca-05-local-module,Локальный модуль Честного знака,настройка подключения лм честный знак 1с ут,настройка подключения лм честный знак 1с ут,DEPLOYABLE_GROUP_PLAN,REMOTE,CORVONERO-CA-05-REMOTE-MARKIROVKA-1S-COMMANDER-IMPORT-v2.6.1.xlsx,CORVONERO-CAMPAIGN-V2.6-FINAL-GROUP-PLAN-v1.json,CA-05-REMOTE::ca-05-local-module::настройка подключения лм честный знак 1с ут,expected_and_present,CORVONERO-CA-05-REMOTE-MARKIROVKA-1S-COMMANDER-IMPORT-v2.6.1.xlsx,120,330,
EXP-000828,CA-05-REMOTE,Корво Неро — Маркировка / Честный знак — Россия без НСО — поиск,CA-05,REMOTE,ca-05-local-module,Локальный модуль Честного знака,обновление локального модуля честный знак 1с,обновление локального модуля честный знак 1с,DEPLOYABLE_GROUP_PLAN,REMOTE,CORVONERO-CA-05-REMOTE-MARKIROVKA-1S-COMMANDER-IMPORT-v2.6.1.xlsx,CORVONERO-CAMPAIGN-V2.6-FINAL-GROUP-PLAN-v1.json,CA-05-REMOTE::ca-05-local-module::обновление локального модуля честный знак 1с,expected_and_present,CORVONERO-CA-05-REMOTE-MARKIROVKA-1S-COMMANDER-IMPORT-v2.6.1.xlsx,121,320,
EXP-000829,CA-05-REMOTE,Корво Неро — Маркировка / Честный знак — Россия без НСО — поиск,CA-05,REMOTE,ca-05-local-module,Локальный модуль Честного знака,подключение лм честный знак 1с,подключение лм честный знак 1с,DEPLOYABLE_GROUP_PLAN,REMOTE,CORVONERO-CA-05-REMOTE-MARKIROVKA-1S-COMMANDER-IMPORT-v2.6.1.xlsx,CORVONERO-CAMPAIGN-V2.6-FINAL-GROUP-PLAN-v1.json,CA-05-REMOTE::ca-05-local-module::подключение лм честный знак 1с,expected_and_present,CORVONERO-CA-05-REMOTE-MARKIROVKA-1S-COMMANDER-IMPORT-v2.6.1.xlsx,122,310,
EXP-000830,CA-05-REMOTE,Корво Неро — Маркировка / Честный знак — Россия без НСО — поиск,CA-05,REMOTE,ca-05-local-module,Локальный модуль Честного знака,установка локального модуля честный знак 1с,установка локального модуля честный знак 1с,DEPLOYABLE_GROUP_PLAN,REMOTE,CORVONERO-CA-05-REMOTE-MARKIROVKA-1S-COMMANDER-IMPORT-v2.6.1.xlsx,CORVONERO-CAMPAIGN-V2.6-FINAL-GROUP-PLAN-v1.json,CA-05-REMOTE::ca-05-local-module::установка локального модуля честный знак 1с,expected_and_present,CORVONERO-CA-05-REMOTE-MARKIROVKA-1S-COMMANDER-IMPORT-v2.6.1.xlsx,123,400,
EXP-000831,CA-05-REMOTE,Корво Неро — Маркировка / Честный знак — Россия без НСО — поиск,CA-05,REMOTE,ca-05-marking-buh,Маркировка — бухгалтерия и БП,1с честный знак подключение к 1с бухгалтерия,1с честный знак подключение к 1с бухгалтерия,DEPLOYABLE_GROUP_PLAN,REMOTE,CORVONERO-CA-05-REMOTE-MARKIROVKA-1S-COMMANDER-IMPORT-v2.6.1.xlsx,CORVONERO-CAMPAIGN-V2.6-FINAL-GROUP-PLAN-v1.json,CA-05-REMOTE::ca-05-marking-buh::1с честный знак подключение к 1с бухгалтерия,expected_and_present,CORVONERO-CA-05-REMOTE-MARKIROVKA-1S-COMMANDER-IMPORT-v2.6.1.xlsx,125,400,
EXP-000832,CA-05-REMOTE,Корво Неро — Маркировка / Честный знак — Россия без НСО — поиск,CA-05,REMOTE,ca-05-marking-buh,Маркировка — бухгалтерия и БП,как подключить честный знак к 1с бухгалтерия,как подключить честный знак к 1с бухгалтерия,DEPLOYABLE_GROUP_PLAN,REMOTE,CORVONERO-CA-05-REMOTE-MARKIROVKA-1S-COMMANDER-IMPORT-v2.6.1.xlsx,CORVONERO-CAMPAIGN-V2.6-FINAL-GROUP-PLAN-v1.json,CA-05-REMOTE::ca-05-marking-buh::как подключить честный знак к 1с бухгалтерия,expected_and_present,CORVONERO-CA-05-REMOTE-MARKIROVKA-1S-COMMANDER-IMPORT-v2.6.1.xlsx,126,390,
EXP-000833,CA-05-REMOTE,Корво Неро — Маркировка / Честный знак — Россия без НСО — поиск,CA-05,REMOTE,ca-05-marking-buh,Маркировка — бухгалтерия и БП,маркировка в 1с бп,маркировка в 1с бп,DEPLOYABLE_GROUP_PLAN,REMOTE,CORVONERO-CA-05-REMOTE-MARKIROVKA-1S-COMMANDER-IMPORT-v2.6.1.xlsx,CORVONERO-CAMPAIGN-V2.6-FINAL-GROUP-PLAN-v1.json,CA-05-REMOTE::ca-05-marking-buh::маркировка в 1с бп,expected_and_present,CORVONERO-CA-05-REMOTE-MARKIROVKA-1S-COMMANDER-IMPORT-v2.6.1.xlsx,127,380,
EXP-000834,CA-05-REMOTE,Корво Неро — Маркировка / Честный знак — Россия без НСО — поиск,CA-05,REMOTE,ca-05-marking-buh,Маркировка — бухгалтерия и БП,маркировка в 1с бух,маркировка в 1с бух,DEPLOYABLE_GROUP_PLAN,REMOTE,CORVONERO-CA-05-REMOTE-MARKIROVKA-1S-COMMANDER-IMPORT-v2.6.1.xlsx,CORVONERO-CAMPAIGN-V2.6-FINAL-GROUP-PLAN-v1.json,CA-05-REMOTE::ca-05-marking-buh::маркировка в 1с бух,expected_and_present,CORVONERO-CA-05-REMOTE-MARKIROVKA-1S-COMMANDER-IMPORT-v2.6.1.xlsx,128,370,
EXP-000835,CA-05-REMOTE,Корво Неро — Маркировка / Честный знак — Россия без НСО — поиск,CA-05,REMOTE,ca-05-marking-buh,Маркировка — бухгалтерия и БП,маркировка в 1с бухгалтерия,маркировка в 1с бухгалтерия,DEPLOYABLE_GROUP_PLAN,REMOTE,CORVONERO-CA-05-REMOTE-MARKIROVKA-1S-COMMANDER-IMPORT-v2.6.1.xlsx,CORVONERO-CAMPAIGN-V2.6-FINAL-GROUP-PLAN-v1.json,CA-05-REMOTE::ca-05-marking-buh::маркировка в 1с бухгалтерия,expected_and_present,CORVONERO-CA-05-REMOTE-MARKIROVKA-1S-COMMANDER-IMPORT-v2.6.1.xlsx,129,360,
EXP-000836,CA-05-REMOTE,Корво Неро — Маркировка / Честный знак — Россия без НСО — поиск,CA-05,REMOTE,ca-05-marking-buh,Маркировка — бухгалтерия и БП,маркировка в 1с бухгалтерия 3.0,маркировка в 1с бухгалтерия 3.0,DEPLOYABLE_GROUP_PLAN,REMOTE,CORVONERO-CA-05-REMOTE-MARKIROVKA-1S-COMMANDER-IMPORT-v2.6.1.xlsx,CORVONERO-CAMPAIGN-V2.6-FINAL-GROUP-PLAN-v1.json,CA-05-REMOTE::ca-05-marking-buh::маркировка в 1с бухгалтерия 3.0,expected_and_present,CORVONERO-CA-05-REMOTE-MARKIROVKA-1S-COMMANDER-IMPORT-v2.6.1.xlsx,130,350,
EXP-000837,CA-05-REMOTE,Корво Неро — Маркировка / Честный знак — Россия без НСО — поиск,CA-05,REMOTE,ca-05-marking-buh,Маркировка — бухгалтерия и БП,маркировка в 1с бухгалтерия 3.0 для импортера,маркировка в 1с бухгалтерия 3.0 для импортера,DEPLOYABLE_GROUP_PLAN,REMOTE,CORVONERO-CA-05-REMOTE-MARKIROVKA-1S-COMMANDER-IMPORT-v2.6.1.xlsx,CORVONERO-CAMPAIGN-V2.6-FINAL-GROUP-PLAN-v1.json,CA-05-REMOTE::ca-05-marking-buh::маркировка в 1с бухгалтерия 3.0 для импортера,expected_and_present,CORVONERO-CA-05-REMOTE-MARKIROVKA-1S-COMMANDER-IMPORT-v2.6.1.xlsx,131,340,
EXP-000838,CA-05-REMOTE,Корво Неро — Маркировка / Честный знак — Россия без НСО — поиск,CA-05,REMOTE,ca-05-marking-buh,Маркировка — бухгалтерия и БП,маркировка товара в 1с 8.3 бухгалтерия,маркировка товара в 1с 8.3 бухгалтерия,DEPLOYABLE_GROUP_PLAN,REMOTE,CORVONERO-CA-05-REMOTE-MARKIROVKA-1S-COMMANDER-IMPORT-v2.6.1.xlsx,CORVONERO-CAMPAIGN-V2.6-FINAL-GROUP-PLAN-v1.json,CA-05-REMOTE::ca-05-marking-buh::маркировка товара в 1с 8.3 бухгалтерия,expected_and_present,CORVONERO-CA-05-REMOTE-MARKIROVKA-1S-COMMANDER-IMPORT-v2.6.1.xlsx,132,330,
EXP-000839,CA-05-REMOTE,Корво Неро — Маркировка / Честный знак — Россия без НСО — поиск,CA-05,REMOTE,ca-05-marking-buh,Маркировка — бухгалтерия и БП,маркировка товаров в 1с бухгалтерия,маркировка товаров в 1с бухгалтерия,DEPLOYABLE_GROUP_PLAN,REMOTE,CORVONERO-CA-05-REMOTE-MARKIROVKA-1S-COMMANDER-IMPORT-v2.6.1.xlsx,CORVONERO-CAMPAIGN-V2.6-FINAL-GROUP-PLAN-v1.json,CA-05-REMOTE::ca-05-marking-buh::маркировка товаров в 1с бухгалтерия,expected_and_present,CORVONERO-CA-05-REMOTE-MARKIROVKA-1S-COMMANDER-IMPORT-v2.6.1.xlsx,133,320,
EXP-000840,CA-05-REMOTE,Корво Неро — Маркировка / Честный знак — Россия без НСО — поиск,CA-05,REMOTE,ca-05-marking-buh,Маркировка — бухгалтерия и БП,маркировка товаров в 1с бухгалтерия 3.0,маркировка товаров в 1с бухгалтерия 3.0,DEPLOYABLE_GROUP_PLAN,REMOTE,CORVONERO-CA-05-REMOTE-MARKIROVKA-1S-COMMANDER-IMPORT-v2.6.1.xlsx,CORVONERO-CAMPAIGN-V2.6-FINAL-GROUP-PLAN-v1.json,CA-05-REMOTE::ca-05-marking-buh::маркировка товаров в 1с бухгалтерия 3.0,expected_and_present,CORVONERO-CA-05-REMOTE-MARKIROVKA-1S-COMMANDER-IMPORT-v2.6.1.xlsx,134,310,
EXP-000841,CA-05-REMOTE,Корво Неро — Маркировка / Честный знак — Россия без НСО — поиск,CA-05,REMOTE,ca-05-marking-buh,Маркировка — бухгалтерия и БП,маркировка честный знак в 1с бухгалтерия,маркировка честный знак в 1с бухгалтерия,DEPLOYABLE_GROUP_PLAN,REMOTE,CORVONERO-CA-05-REMOTE-MARKIROVKA-1S-COMMANDER-IMPORT-v2.6.1.xlsx,CORVONERO-CAMPAIGN-V2.6-FINAL-GROUP-PLAN-v1.json,CA-05-REMOTE::ca-05-marking-buh::маркировка честный знак в 1с бухгалтерия,expected_and_present,CORVONERO-CA-05-REMOTE-MARKIROVKA-1S-COMMANDER-IMPORT-v2.6.1.xlsx,135,400,
EXP-000842,CA-05-REMOTE,Корво Неро — Маркировка / Честный знак — Россия без НСО — поиск,CA-05,REMOTE,ca-05-marking-buh,Маркировка — бухгалтерия и БП,настройка интеграции с честным знаком 1с бухгалтерия,настройка интеграции с честным знаком 1с бухгалтерия,DEPLOYABLE_GROUP_PLAN,REMOTE,CORVONERO-CA-05-REMOTE-MARKIROVKA-1S-COMMANDER-IMPORT-v2.6.1.xlsx,CORVONERO-CAMPAIGN-V2.6-FINAL-GROUP-PLAN-v1.json,CA-05-REMOTE::ca-05-marking-buh::настройка интеграции с честным знаком 1с бухгалтерия,expected_and_present,CORVONERO-CA-05-REMOTE-MARKIROVKA-1S-COMMANDER-IMPORT-v2.6.1.xlsx,136,390,
EXP-000843,CA-05-REMOTE,Корво Неро — Маркировка / Честный знак — Россия без НСО — поиск,CA-05,REMOTE,ca-05-marking-buh,Маркировка — бухгалтерия и БП,настройка маркировки в 1с бухгалтерия,настройка маркировки в 1с бухгалтерия,DEPLOYABLE_GROUP_PLAN,REMOTE,CORVONERO-CA-05-REMOTE-MARKIROVKA-1S-COMMANDER-IMPORT-v2.6.1.xlsx,CORVONERO-CAMPAIGN-V2.6-FINAL-GROUP-PLAN-v1.json,CA-05-REMOTE::ca-05-marking-buh::настройка маркировки в 1с бухгалтерия,expected_and_present,CORVONERO-CA-05-REMOTE-MARKIROVKA-1S-COMMANDER-IMPORT-v2.6.1.xlsx,137,380,
EXP-000844,CA-05-REMOTE,Корво Неро — Маркировка / Честный знак — Россия без НСО — поиск,CA-05,REMOTE,ca-05-marking-buh,Маркировка — бухгалтерия и БП,настройка честного знака в 1с бухгалтерия,настройка честного знака в 1с бухгалтерия,DEPLOYABLE_GROUP_PLAN,REMOTE,CORVONERO-CA-05-REMOTE-MARKIROVKA-1S-COMMANDER-IMPORT-v2.6.1.xlsx,CORVONERO-CAMPAIGN-V2.6-FINAL-GROUP-PLAN-v1.json,CA-05-REMOTE::ca-05-marking-buh::настройка честного знака в 1с бухгалтерия,expected_and_present,CORVONERO-CA-05-REMOTE-MARKIROVKA-1S-COMMANDER-IMPORT-v2.6.1.xlsx,138,370,
EXP-000845,CA-05-REMOTE,Корво Неро — Маркировка / Честный знак — Россия без НСО — поиск,CA-05,REMOTE,ca-05-marking-buh,Маркировка — бухгалтерия и БП,честный знак в 1с бп,честный знак в 1с бп,DEPLOYABLE_GROUP_PLAN,REMOTE,CORVONERO-CA-05-REMOTE-MARKIROVKA-1S-COMMANDER-IMPORT-v2.6.1.xlsx,CORVONERO-CAMPAIGN-V2.6-FINAL-GROUP-PLAN-v1.json,CA-05-REMOTE::ca-05-marking-buh::честный знак в 1с бп,expected_and_present,CORVONERO-CA-05-REMOTE-MARKIROVKA-1S-COMMANDER-IMPORT-v2.6.1.xlsx,139,360,
EXP-000846,CA-05-REMOTE,Корво Неро — Маркировка / Честный знак — Россия без НСО — поиск,CA-05,REMOTE,ca-05-marking-buh,Маркировка — бухгалтерия и БП,честный знак в 1с бухгалтерия 8.3,честный знак в 1с бухгалтерия 8.3,DEPLOYABLE_GROUP_PLAN,REMOTE,CORVONERO-CA-05-REMOTE-MARKIROVKA-1S-COMMANDER-IMPORT-v2.6.1.xlsx,CORVONERO-CAMPAIGN-V2.6-FINAL-GROUP-PLAN-v1.json,CA-05-REMOTE::ca-05-marking-buh::честный знак в 1с бухгалтерия 8.3,expected_and_present,CORVONERO-CA-05-REMOTE-MARKIROVKA-1S-COMMANDER-IMPORT-v2.6.1.xlsx,140,350,
EXP-000847,CA-05-REMOTE,Корво Неро — Маркировка / Честный знак — Россия без НСО — поиск,CA-05,REMOTE,ca-05-marking-codes,"Коды маркировки — печать, передача и сканирование",настройки сканирования кодов маркировки в 1с,настройки сканирования кодов маркировки в 1с,DEPLOYABLE_GROUP_PLAN,REMOTE,CORVONERO-CA-05-REMOTE-MARKIROVKA-1S-COMMANDER-IMPORT-v2.6.1.xlsx,CORVONERO-CAMPAIGN-V2.6-FINAL-GROUP-PLAN-v1.json,CA-05-REMOTE::ca-05-marking-codes::настройки сканирования кодов маркировки в 1с,expected_and_present,CORVONERO-CA-05-REMOTE-MARKIROVKA-1S-COMMANDER-IMPORT-v2.6.1.xlsx,142,400,
EXP-000848,CA-05-REMOTE,Корво Неро — Маркировка / Честный знак — Россия без НСО — поиск,CA-05,REMOTE,ca-05-marking-codes,"Коды маркировки — печать, передача и сканирование",передача кодов маркировки в 1с,передача кодов маркировки в 1с,DEPLOYABLE_GROUP_PLAN,REMOTE,CORVONERO-CA-05-REMOTE-MARKIROVKA-1S-COMMANDER-IMPORT-v2.6.1.xlsx,CORVONERO-CAMPAIGN-V2.6-FINAL-GROUP-PLAN-v1.json,CA-05-REMOTE::ca-05-marking-codes::передача кодов маркировки в 1с,expected_and_present,CORVONERO-CA-05-REMOTE-MARKIROVKA-1S-COMMANDER-IMPORT-v2.6.1.xlsx,143,390,
EXP-000849,CA-05-REMOTE,Корво Неро — Маркировка / Честный знак — Россия без НСО — поиск,CA-05,REMOTE,ca-05-marking-codes,"Коды маркировки — печать, передача и сканирование",печать кодов маркировки в 1с,печать кодов маркировки в 1с,DEPLOYABLE_GROUP_PLAN,REMOTE,CORVONERO-CA-05-REMOTE-MARKIROVKA-1S-COMMANDER-IMPORT-v2.6.1.xlsx,CORVONERO-CAMPAIGN-V2.6-FINAL-GROUP-PLAN-v1.json,CA-05-REMOTE::ca-05-marking-codes::печать кодов маркировки в 1с,expected_and_present,CORVONERO-CA-05-REMOTE-MARKIROVKA-1S-COMMANDER-IMPORT-v2.6.1.xlsx,144,380,
EXP-000850,CA-05-REMOTE,Корво Неро — Маркировка / Честный знак — Россия без НСО — поиск,CA-05,REMOTE,ca-05-marking-codes,"Коды маркировки — печать, передача и сканирование",печать маркировок честный знак 1с,печать маркировок честный знак 1с,DEPLOYABLE_GROUP_PLAN,REMOTE,CORVONERO-CA-05-REMOTE-MARKIROVKA-1S-COMMANDER-IMPORT-v2.6.1.xlsx,CORVONERO-CAMPAIGN-V2.6-FINAL-GROUP-PLAN-v1.json,CA-05-REMOTE::ca-05-marking-codes::печать маркировок честный знак 1с,expected_and_present,CORVONERO-CA-05-REMOTE-MARKIROVKA-1S-COMMANDER-IMPORT-v2.6.1.xlsx,145,370,
EXP-000851,CA-05-REMOTE,Корво Неро — Маркировка / Честный знак — Россия без НСО — поиск,CA-05,REMOTE,ca-05-marking-erp,Маркировка — ERP и КА,1с ка 2 честный знак,1с ка 2 честный знак,DEPLOYABLE_GROUP_PLAN,REMOTE,CORVONERO-CA-05-REMOTE-MARKIROVKA-1S-COMMANDER-IMPORT-v2.6.1.xlsx,CORVONERO-CAMPAIGN-V2.6-FINAL-GROUP-PLAN-v1.json,CA-05-REMOTE::ca-05-marking-erp::1с ка 2 честный знак,expected_and_present,CORVONERO-CA-05-REMOTE-MARKIROVKA-1S-COMMANDER-IMPORT-v2.6.1.xlsx,147,400,
EXP-000852,CA-05-REMOTE,Корво Неро — Маркировка / Честный знак — Россия без НСО — поиск,CA-05,REMOTE,ca-05-marking-erp,Маркировка — ERP и КА,маркировка 2026 в 1с,маркировка 2026 в 1с,DEPLOYABLE_GROUP_PLAN,REMOTE,CORVONERO-CA-05-REMOTE-MARKIROVKA-1S-COMMANDER-IMPORT-v2.6.1.xlsx,CORVONERO-CAMPAIGN-V2.6-FINAL-GROUP-PLAN-v1.json,CA-05-REMOTE::ca-05-marking-erp::маркировка 2026 в 1с,expected_and_present,CORVONERO-CA-05-REMOTE-MARKIROVKA-1S-COMMANDER-IMPORT-v2.6.1.xlsx,148,390,
EXP-000853,CA-05-REMOTE,Корво Неро — Маркировка / Честный знак — Россия без НСО — поиск,CA-05,REMOTE,ca-05-marking-erp,Маркировка — ERP и КА,маркировка в 1с erp,маркировка в 1с erp,DEPLOYABLE_GROUP_PLAN,REMOTE,CORVONERO-CA-05-REMOTE-MARKIROVKA-1S-COMMANDER-IMPORT-v2.6.1.xlsx,CORVONERO-CAMPAIGN-V2.6-FINAL-GROUP-PLAN-v1.json,CA-05-REMOTE::ca-05-marking-erp::маркировка в 1с erp,expected_and_present,CORVONERO-CA-05-REMOTE-MARKIROVKA-1S-COMMANDER-IMPORT-v2.6.1.xlsx,149,380,
EXP-000854,CA-05-REMOTE,Корво Неро — Маркировка / Честный знак — Россия без НСО — поиск,CA-05,REMOTE,ca-05-marking-erp,Маркировка — ERP и КА,маркировка в 1с ерп,маркировка в 1с ерп,DEPLOYABLE_GROUP_PLAN,REMOTE,CORVONERO-CA-05-REMOTE-MARKIROVKA-1S-COMMANDER-IMPORT-v2.6.1.xlsx,CORVONERO-CAMPAIGN-V2.6-FINAL-GROUP-PLAN-v1.json,CA-05-REMOTE::ca-05-marking-erp::маркировка в 1с ерп,expected_and_present,CORVONERO-CA-05-REMOTE-MARKIROVKA-1S-COMMANDER-IMPORT-v2.6.1.xlsx,150,370,
EXP-000855,CA-05-REMOTE,Корво Неро — Маркировка / Честный знак — Россия без НСО — поиск,CA-05,REMOTE,ca-05-marking-erp,Маркировка — ERP и КА,маркировка в 1с комплексная автоматизация,маркировка в 1с комплексная автоматизация,DEPLOYABLE_GROUP_PLAN,REMOTE,CORVONERO-CA-05-REMOTE-MARKIROVKA-1S-COMMANDER-IMPORT-v2.6.1.xlsx,CORVONERO-CAMPAIGN-V2.6-FINAL-GROUP-PLAN-v1.json,CA-05-REMOTE::ca-05-marking-erp::маркировка в 1с комплексная автоматизация,expected_and_present,CORVONERO-CA-05-REMOTE-MARKIROVKA-1S-COMMANDER-IMPORT-v2.6.1.xlsx,151,360,
EXP-000856,CA-05-REMOTE,Корво Неро — Маркировка / Честный знак — Россия без НСО — поиск,CA-05,REMOTE,ca-05-marking-erp,Маркировка — ERP и КА,маркировка в 1с предприятие,маркировка в 1с предприятие,DEPLOYABLE_GROUP_PLAN,REMOTE,CORVONERO-CA-05-REMOTE-MARKIROVKA-1S-COMMANDER-IMPORT-v2.6.1.xlsx,CORVONERO-CAMPAIGN-V2.6-FINAL-GROUP-PLAN-v1.json,CA-05-REMOTE::ca-05-marking-erp::маркировка в 1с предприятие,expected_and_present,CORVONERO-CA-05-REMOTE-MARKIROVKA-1S-COMMANDER-IMPORT-v2.6.1.xlsx,152,350,
EXP-000857,CA-05-REMOTE,Корво Неро — Маркировка / Честный знак — Россия без НСО — поиск,CA-05,REMOTE,ca-05-marking-erp,Маркировка — ERP и КА,маркировка честный знак в 1с erp,маркировка честный знак в 1с erp,DEPLOYABLE_GROUP_PLAN,REMOTE,CORVONERO-CA-05-REMOTE-MARKIROVKA-1S-COMMANDER-IMPORT-v2.6.1.xlsx,CORVONERO-CAMPAIGN-V2.6-FINAL-GROUP-PLAN-v1.json,CA-05-REMOTE::ca-05-marking-erp::маркировка честный знак в 1с erp,expected_and_present,CORVONERO-CA-05-REMOTE-MARKIROVKA-1S-COMMANDER-IMPORT-v2.6.1.xlsx,153,340,
EXP-000858,CA-05-REMOTE,Корво Неро — Маркировка / Честный знак — Россия без НСО — поиск,CA-05,REMOTE,ca-05-marking-erp,Маркировка — ERP и КА,честный знак 1с предприятие,честный знак 1с предприятие,DEPLOYABLE_GROUP_PLAN,REMOTE,CORVONERO-CA-05-REMOTE-MARKIROVKA-1S-COMMANDER-IMPORT-v2.6.1.xlsx,CORVONERO-CAMPAIGN-V2.6-FINAL-GROUP-PLAN-v1.json,CA-05-REMOTE::ca-05-marking-erp::честный знак 1с предприятие,expected_and_present,CORVONERO-CA-05-REMOTE-MARKIROVKA-1S-COMMANDER-IMPORT-v2.6.1.xlsx,154,330,
EXP-000859,CA-05-REMOTE,Корво Неро — Маркировка / Честный знак — Россия без НСО — поиск,CA-05,REMOTE,ca-05-marking-erp,Маркировка — ERP и КА,честный знак в 1с ерп,честный знак в 1с ерп,DEPLOYABLE_GROUP_PLAN,REMOTE,CORVONERO-CA-05-REMOTE-MARKIROVKA-1S-COMMANDER-IMPORT-v2.6.1.xlsx,CORVONERO-CAMPAIGN-V2.6-FINAL-GROUP-PLAN-v1.json,CA-05-REMOTE::ca-05-marking-erp::честный знак в 1с ерп,expected_and_present,CORVONERO-CA-05-REMOTE-MARKIROVKA-1S-COMMANDER-IMPORT-v2.6.1.xlsx,155,320,
EXP-000860,CA-05-REMOTE,Корво Неро — Маркировка / Честный знак — Россия без НСО — поиск,CA-05,REMOTE,ca-05-marking-erp,Маркировка — ERP и КА,честный знак в 1с комплексная автоматизация,честный знак в 1с комплексная автоматизация,DEPLOYABLE_GROUP_PLAN,REMOTE,CORVONERO-CA-05-REMOTE-MARKIROVKA-1S-COMMANDER-IMPORT-v2.6.1.xlsx,CORVONERO-CAMPAIGN-V2.6-FINAL-GROUP-PLAN-v1.json,CA-05-REMOTE::ca-05-marking-erp::честный знак в 1с комплексная автоматизация,expected_and_present,CORVONERO-CA-05-REMOTE-MARKIROVKA-1S-COMMANDER-IMPORT-v2.6.1.xlsx,156,310,
EXP-000861,CA-05-REMOTE,Корво Неро — Маркировка / Честный знак — Россия без НСО — поиск,CA-05,REMOTE,ca-05-marking-roznica,Маркировка — розница,1с розница подключение честного знака,1с розница подключение честного знака,DEPLOYABLE_GROUP_PLAN,REMOTE,CORVONERO-CA-05-REMOTE-MARKIROVKA-1S-COMMANDER-IMPORT-v2.6.1.xlsx,CORVONERO-CAMPAIGN-V2.6-FINAL-GROUP-PLAN-v1.json,CA-05-REMOTE::ca-05-marking-roznica::1с розница подключение честного знака,expected_and_present,CORVONERO-CA-05-REMOTE-MARKIROVKA-1S-COMMANDER-IMPORT-v2.6.1.xlsx,158,400,
EXP-000862,CA-05-REMOTE,Корво Неро — Маркировка / Честный знак — Россия без НСО — поиск,CA-05,REMOTE,ca-05-marking-roznica,Маркировка — розница,маркировка в 1с розница,маркировка в 1с розница,DEPLOYABLE_GROUP_PLAN,REMOTE,CORVONERO-CA-05-REMOTE-MARKIROVKA-1S-COMMANDER-IMPORT-v2.6.1.xlsx,CORVONERO-CAMPAIGN-V2.6-FINAL-GROUP-PLAN-v1.json,CA-05-REMOTE::ca-05-marking-roznica::маркировка в 1с розница,expected_and_present,CORVONERO-CA-05-REMOTE-MARKIROVKA-1S-COMMANDER-IMPORT-v2.6.1.xlsx,159,390,
EXP-000863,CA-05-REMOTE,Корво Неро — Маркировка / Честный знак — Россия без НСО — поиск,CA-05,REMOTE,ca-05-marking-roznica,Маркировка — розница,маркировка в 1с розница 2.3,маркировка в 1с розница 2.3,DEPLOYABLE_GROUP_PLAN,REMOTE,CORVONERO-CA-05-REMOTE-MARKIROVKA-1S-COMMANDER-IMPORT-v2.6.1.xlsx,CORVONERO-CAMPAIGN-V2.6-FINAL-GROUP-PLAN-v1.json,CA-05-REMOTE::ca-05-marking-roznica::маркировка в 1с розница 2.3,expected_and_present,CORVONERO-CA-05-REMOTE-MARKIROVKA-1S-COMMANDER-IMPORT-v2.6.1.xlsx,160,380,
EXP-000864,CA-05-REMOTE,Корво Неро — Маркировка / Честный знак — Россия без НСО — поиск,CA-05,REMOTE,ca-05-marking-roznica,Маркировка — розница,маркировка в 1с розница 3.0,маркировка в 1с розница 3.0,DEPLOYABLE_GROUP_PLAN,REMOTE,CORVONERO-CA-05-REMOTE-MARKIROVKA-1S-COMMANDER-IMPORT-v2.6.1.xlsx,CORVONERO-CAMPAIGN-V2.6-FINAL-GROUP-PLAN-v1.json,CA-05-REMOTE::ca-05-marking-roznica::маркировка в 1с розница 3.0,expected_and_present,CORVONERO-CA-05-REMOTE-MARKIROVKA-1S-COMMANDER-IMPORT-v2.6.1.xlsx,161,370,
EXP-000865,CA-05-REMOTE,Корво Неро — Маркировка / Честный знак — Россия без НСО — поиск,CA-05,REMOTE,ca-05-marking-roznica,Маркировка — розница,маркировка в 1с розница настройка номенклатуры,маркировка в 1с розница настройка номенклатуры,DEPLOYABLE_GROUP_PLAN,REMOTE,CORVONERO-CA-05-REMOTE-MARKIROVKA-1S-COMMANDER-IMPORT-v2.6.1.xlsx,CORVONERO-CAMPAIGN-V2.6-FINAL-GROUP-PLAN-v1.json,CA-05-REMOTE::ca-05-marking-roznica::маркировка в 1с розница настройка номенклатуры,expected_and_present,CORVONERO-CA-05-REMOTE-MARKIROVKA-1S-COMMANDER-IMPORT-v2.6.1.xlsx,162,360,
EXP-000866,CA-05-REMOTE,Корво Неро — Маркировка / Честный знак — Россия без НСО — поиск,CA-05,REMOTE,ca-05-marking-roznica,Маркировка — розница,маркировка моторных масел в 1с розница настройка,маркировка моторных масел в 1с розница настройка,DEPLOYABLE_GROUP_PLAN,REMOTE,CORVONERO-CA-05-REMOTE-MARKIROVKA-1S-COMMANDER-IMPORT-v2.6.1.xlsx,CORVONERO-CAMPAIGN-V2.6-FINAL-GROUP-PLAN-v1.json,CA-05-REMOTE::ca-05-marking-roznica::маркировка моторных масел в 1с розница настройка,expected_and_present,CORVONERO-CA-05-REMOTE-MARKIROVKA-1S-COMMANDER-IMPORT-v2.6.1.xlsx,163,350,
EXP-000867,CA-05-REMOTE,Корво Неро — Маркировка / Честный знак — Россия без НСО — поиск,CA-05,REMOTE,ca-05-marking-roznica,Маркировка — розница,маркировка товаров в 1с розница,маркировка товаров в 1с розница,DEPLOYABLE_GROUP_PLAN,REMOTE,CORVONERO-CA-05-REMOTE-MARKIROVKA-1S-COMMANDER-IMPORT-v2.6.1.xlsx,CORVONERO-CAMPAIGN-V2.6-FINAL-GROUP-PLAN-v1.json,CA-05-REMOTE::ca-05-marking-roznica::маркировка товаров в 1с розница,expected_and_present,CORVONERO-CA-05-REMOTE-MARKIROVKA-1S-COMMANDER-IMPORT-v2.6.1.xlsx,164,340,
EXP-000868,CA-05-REMOTE,Корво Неро — Маркировка / Честный знак — Россия без НСО — поиск,CA-05,REMOTE,ca-05-marking-roznica,Маркировка — розница,маркировка честный знак 1с розница,маркировка честный знак 1с розница,DEPLOYABLE_GROUP_PLAN,REMOTE,CORVONERO-CA-05-REMOTE-MARKIROVKA-1S-COMMANDER-IMPORT-v2.6.1.xlsx,CORVONERO-CAMPAIGN-V2.6-FINAL-GROUP-PLAN-v1.json,CA-05-REMOTE::ca-05-marking-roznica::маркировка честный знак 1с розница,expected_and_present,CORVONERO-CA-05-REMOTE-MARKIROVKA-1S-COMMANDER-IMPORT-v2.6.1.xlsx,165,330,
EXP-000869,CA-05-REMOTE,Корво Неро — Маркировка / Честный знак — Россия без НСО — поиск,CA-05,REMOTE,ca-05-marking-roznica,Маркировка — розница,маркировка честный знак в 1с розница,маркировка честный знак в 1с розница,DEPLOYABLE_GROUP_PLAN,REMOTE,CORVONERO-CA-05-REMOTE-MARKIROVKA-1S-COMMANDER-IMPORT-v2.6.1.xlsx,CORVONERO-CAMPAIGN-V2.6-FINAL-GROUP-PLAN-v1.json,CA-05-REMOTE::ca-05-marking-roznica::маркировка честный знак в 1с розница,expected_and_present,CORVONERO-CA-05-REMOTE-MARKIROVKA-1S-COMMANDER-IMPORT-v2.6.1.xlsx,166,320,
EXP-000870,CA-05-REMOTE,Корво Неро — Маркировка / Честный знак — Россия без НСО — поиск,CA-05,REMOTE,ca-05-marking-roznica,Маркировка — розница,настройка 1с розница честный знак,настройка 1с розница честный знак,DEPLOYABLE_GROUP_PLAN,REMOTE,CORVONERO-CA-05-REMOTE-MARKIROVKA-1S-COMMANDER-IMPORT-v2.6.1.xlsx,CORVONERO-CAMPAIGN-V2.6-FINAL-GROUP-PLAN-v1.json,CA-05-REMOTE::ca-05-marking-roznica::настройка 1с розница честный знак,expected_and_present,CORVONERO-CA-05-REMOTE-MARKIROVKA-1S-COMMANDER-IMPORT-v2.6.1.xlsx,167,310,
EXP-000871,CA-05-REMOTE,Корво Неро — Маркировка / Честный знак — Россия без НСО — поиск,CA-05,REMOTE,ca-05-marking-roznica,Маркировка — розница,настройка маркировки в 1с розница,настройка маркировки в 1с розница,DEPLOYABLE_GROUP_PLAN,REMOTE,CORVONERO-CA-05-REMOTE-MARKIROVKA-1S-COMMANDER-IMPORT-v2.6.1.xlsx,CORVONERO-CAMPAIGN-V2.6-FINAL-GROUP-PLAN-v1.json,CA-05-REMOTE::ca-05-marking-roznica::настройка маркировки в 1с розница,expected_and_present,CORVONERO-CA-05-REMOTE-MARKIROVKA-1S-COMMANDER-IMPORT-v2.6.1.xlsx,168,400,
EXP-000872,CA-05-REMOTE,Корво Неро — Маркировка / Честный знак — Россия без НСО — поиск,CA-05,REMOTE,ca-05-marking-roznica,Маркировка — розница,настройка маркировки в 1с розница 2.3,настройка маркировки в 1с розница 2.3,DEPLOYABLE_GROUP_PLAN,REMOTE,CORVONERO-CA-05-REMOTE-MARKIROVKA-1S-COMMANDER-IMPORT-v2.6.1.xlsx,CORVONERO-CAMPAIGN-V2.6-FINAL-GROUP-PLAN-v1.json,CA-05-REMOTE::ca-05-marking-roznica::настройка маркировки в 1с розница 2.3,expected_and_present,CORVONERO-CA-05-REMOTE-MARKIROVKA-1S-COMMANDER-IMPORT-v2.6.1.xlsx,169,390,
EXP-000873,CA-05-REMOTE,Корво Неро — Маркировка / Честный знак — Россия без НСО — поиск,CA-05,REMOTE,ca-05-marking-roznica,Маркировка — розница,настройка маркировки в 1с розница 3.0,настройка маркировки в 1с розница 3.0,DEPLOYABLE_GROUP_PLAN,REMOTE,CORVONERO-CA-05-REMOTE-MARKIROVKA-1S-COMMANDER-IMPORT-v2.6.1.xlsx,CORVONERO-CAMPAIGN-V2.6-FINAL-GROUP-PLAN-v1.json,CA-05-REMOTE::ca-05-marking-roznica::настройка маркировки в 1с розница 3.0,expected_and_present,CORVONERO-CA-05-REMOTE-MARKIROVKA-1S-COMMANDER-IMPORT-v2.6.1.xlsx,170,380,
EXP-000874,CA-05-REMOTE,Корво Неро — Маркировка / Честный знак — Россия без НСО — поиск,CA-05,REMOTE,ca-05-marking-roznica,Маркировка — розница,настройка честного знака в 1с розница 2.3,настройка честного знака в 1с розница 2.3,DEPLOYABLE_GROUP_PLAN,REMOTE,CORVONERO-CA-05-REMOTE-MARKIROVKA-1S-COMMANDER-IMPORT-v2.6.1.xlsx,CORVONERO-CAMPAIGN-V2.6-FINAL-GROUP-PLAN-v1.json,CA-05-REMOTE::ca-05-marking-roznica::настройка честного знака в 1с розница 2.3,expected_and_present,CORVONERO-CA-05-REMOTE-MARKIROVKA-1S-COMMANDER-IMPORT-v2.6.1.xlsx,171,370,
EXP-000875,CA-05-REMOTE,Корво Неро — Маркировка / Честный знак — Россия без НСО — поиск,CA-05,REMOTE,ca-05-marking-roznica,Маркировка — розница,настройка честного знака в 1с розница 3.0,настройка честного знака в 1с розница 3.0,DEPLOYABLE_GROUP_PLAN,REMOTE,CORVONERO-CA-05-REMOTE-MARKIROVKA-1S-COMMANDER-IMPORT-v2.6.1.xlsx,CORVONERO-CAMPAIGN-V2.6-FINAL-GROUP-PLAN-v1.json,CA-05-REMOTE::ca-05-marking-roznica::настройка честного знака в 1с розница 3.0,expected_and_present,CORVONERO-CA-05-REMOTE-MARKIROVKA-1S-COMMANDER-IMPORT-v2.6.1.xlsx,172,360,
EXP-000876,CA-05-REMOTE,Корво Неро — Маркировка / Честный знак — Россия без НСО — поиск,CA-05,REMOTE,ca-05-marking-roznica,Маркировка — розница,установка маркировки в 1с розница,установка маркировки в 1с розница,DEPLOYABLE_GROUP_PLAN,REMOTE,CORVONERO-CA-05-REMOTE-MARKIROVKA-1S-COMMANDER-IMPORT-v2.6.1.xlsx,CORVONERO-CAMPAIGN-V2.6-FINAL-GROUP-PLAN-v1.json,CA-05-REMOTE::ca-05-marking-roznica::установка маркировки в 1с розница,expected_and_present,CORVONERO-CA-05-REMOTE-MARKIROVKA-1S-COMMANDER-IMPORT-v2.6.1.xlsx,173,350,
EXP-000877,CA-05-REMOTE,Корво Неро — Маркировка / Честный знак — Россия без НСО — поиск,CA-05,REMOTE,ca-05-marking-roznica,Маркировка — розница,честный знак 1с розница моторные масла,честный знак 1с розница моторные масла,DEPLOYABLE_GROUP_PLAN,REMOTE,CORVONERO-CA-05-REMOTE-MARKIROVKA-1S-COMMANDER-IMPORT-v2.6.1.xlsx,CORVONERO-CAMPAIGN-V2.6-FINAL-GROUP-PLAN-v1.json,CA-05-REMOTE::ca-05-marking-roznica::честный знак 1с розница моторные масла,expected_and_present,CORVONERO-CA-05-REMOTE-MARKIROVKA-1S-COMMANDER-IMPORT-v2.6.1.xlsx,174,340,
EXP-000878,CA-05-REMOTE,Корво Неро — Маркировка / Честный знак — Россия без НСО — поиск,CA-05,REMOTE,ca-05-marking-ut-unf,Маркировка — УТ и УНФ,1с унф честный знак,1с унф честный знак,DEPLOYABLE_GROUP_PLAN,REMOTE,CORVONERO-CA-05-REMOTE-MARKIROVKA-1S-COMMANDER-IMPORT-v2.6.1.xlsx,CORVONERO-CAMPAIGN-V2.6-FINAL-GROUP-PLAN-v1.json,CA-05-REMOTE::ca-05-marking-ut-unf::1с унф честный знак,expected_and_present,CORVONERO-CA-05-REMOTE-MARKIROVKA-1S-COMMANDER-IMPORT-v2.6.1.xlsx,176,400,
EXP-000879,CA-05-REMOTE,Корво Неро — Маркировка / Честный знак — Россия без НСО — поиск,CA-05,REMOTE,ca-05-marking-ut-unf,Маркировка — УТ и УНФ,1с унф честный знак настройка,1с унф честный знак настройка,DEPLOYABLE_GROUP_PLAN,REMOTE,CORVONERO-CA-05-REMOTE-MARKIROVKA-1S-COMMANDER-IMPORT-v2.6.1.xlsx,CORVONERO-CAMPAIGN-V2.6-FINAL-GROUP-PLAN-v1.json,CA-05-REMOTE::ca-05-marking-ut-unf::1с унф честный знак настройка,expected_and_present,CORVONERO-CA-05-REMOTE-MARKIROVKA-1S-COMMANDER-IMPORT-v2.6.1.xlsx,177,390,
EXP-000880,CA-05-REMOTE,Корво Неро — Маркировка / Честный знак — Россия без НСО — поиск,CA-05,REMOTE,ca-05-marking-ut-unf,Маркировка — УТ и УНФ,1с унф честный знак подключение,1с унф честный знак подключение,DEPLOYABLE_GROUP_PLAN,REMOTE,CORVONERO-CA-05-REMOTE-MARKIROVKA-1S-COMMANDER-IMPORT-v2.6.1.xlsx,CORVONERO-CAMPAIGN-V2.6-FINAL-GROUP-PLAN-v1.json,CA-05-REMOTE::ca-05-marking-ut-unf::1с унф честный знак подключение,expected_and_present,CORVONERO-CA-05-REMOTE-MARKIROVKA-1S-COMMANDER-IMPORT-v2.6.1.xlsx,178,380,
EXP-000881,CA-05-REMOTE,Корво Неро — Маркировка / Честный знак — Россия без НСО — поиск,CA-05,REMOTE,ca-05-marking-ut-unf,Маркировка — УТ и УНФ,1с ут честный знак настройка,1с ут честный знак настройка,DEPLOYABLE_GROUP_PLAN,REMOTE,CORVONERO-CA-05-REMOTE-MARKIROVKA-1S-COMMANDER-IMPORT-v2.6.1.xlsx,CORVONERO-CAMPAIGN-V2.6-FINAL-GROUP-PLAN-v1.json,CA-05-REMOTE::ca-05-marking-ut-unf::1с ут честный знак настройка,expected_and_present,CORVONERO-CA-05-REMOTE-MARKIROVKA-1S-COMMANDER-IMPORT-v2.6.1.xlsx,179,370,
EXP-000882,CA-05-REMOTE,Корво Неро — Маркировка / Честный знак — Россия без НСО — поиск,CA-05,REMOTE,ca-05-marking-ut-unf,Маркировка — УТ и УНФ,заказ маркировки в 1с унф,заказ маркировки в 1с унф,DEPLOYABLE_GROUP_PLAN,REMOTE,CORVONERO-CA-05-REMOTE-MARKIROVKA-1S-COMMANDER-IMPORT-v2.6.1.xlsx,CORVONERO-CAMPAIGN-V2.6-FINAL-GROUP-PLAN-v1.json,CA-05-REMOTE::ca-05-marking-ut-unf::заказ маркировки в 1с унф,expected_and_present,CORVONERO-CA-05-REMOTE-MARKIROVKA-1S-COMMANDER-IMPORT-v2.6.1.xlsx,180,360,
EXP-000883,CA-05-REMOTE,Корво Неро — Маркировка / Честный знак — Россия без НСО — поиск,CA-05,REMOTE,ca-05-marking-ut-unf,Маркировка — УТ и УНФ,как подключить честный знак к 1с унф,как подключить честный знак к 1с унф,DEPLOYABLE_GROUP_PLAN,REMOTE,CORVONERO-CA-05-REMOTE-MARKIROVKA-1S-COMMANDER-IMPORT-v2.6.1.xlsx,CORVONERO-CAMPAIGN-V2.6-FINAL-GROUP-PLAN-v1.json,CA-05-REMOTE::ca-05-marking-ut-unf::как подключить честный знак к 1с унф,expected_and_present,CORVONERO-CA-05-REMOTE-MARKIROVKA-1S-COMMANDER-IMPORT-v2.6.1.xlsx,181,350,
EXP-000884,CA-05-REMOTE,Корво Неро — Маркировка / Честный знак — Россия без НСО — поиск,CA-05,REMOTE,ca-05-marking-ut-unf,Маркировка — УТ и УНФ,маркировка в 1с унф,маркировка в 1с унф,DEPLOYABLE_GROUP_PLAN,REMOTE,CORVONERO-CA-05-REMOTE-MARKIROVKA-1S-COMMANDER-IMPORT-v2.6.1.xlsx,CORVONERO-CAMPAIGN-V2.6-FINAL-GROUP-PLAN-v1.json,CA-05-REMOTE::ca-05-marking-ut-unf::маркировка в 1с унф,expected_and_present,CORVONERO-CA-05-REMOTE-MARKIROVKA-1S-COMMANDER-IMPORT-v2.6.1.xlsx,182,340,
EXP-000885,CA-05-REMOTE,Корво Неро — Маркировка / Честный знак — Россия без НСО — поиск,CA-05,REMOTE,ca-05-marking-ut-unf,Маркировка — УТ и УНФ,маркировка в 1с управление торговлей,маркировка в 1с управление торговлей,DEPLOYABLE_GROUP_PLAN,REMOTE,CORVONERO-CA-05-REMOTE-MARKIROVKA-1S-COMMANDER-IMPORT-v2.6.1.xlsx,CORVONERO-CAMPAIGN-V2.6-FINAL-GROUP-PLAN-v1.json,CA-05-REMOTE::ca-05-marking-ut-unf::маркировка в 1с управление торговлей,expected_and_present,CORVONERO-CA-05-REMOTE-MARKIROVKA-1S-COMMANDER-IMPORT-v2.6.1.xlsx,183,330,
EXP-000886,CA-05-REMOTE,Корво Неро — Маркировка / Честный знак — Россия без НСО — поиск,CA-05,REMOTE,ca-05-marking-ut-unf,Маркировка — УТ и УНФ,маркировка в 1с ут,маркировка в 1с ут,DEPLOYABLE_GROUP_PLAN,REMOTE,CORVONERO-CA-05-REMOTE-MARKIROVKA-1S-COMMANDER-IMPORT-v2.6.1.xlsx,CORVONERO-CAMPAIGN-V2.6-FINAL-GROUP-PLAN-v1.json,CA-05-REMOTE::ca-05-marking-ut-unf::маркировка в 1с ут,expected_and_present,CORVONERO-CA-05-REMOTE-MARKIROVKA-1S-COMMANDER-IMPORT-v2.6.1.xlsx,184,320,
EXP-000887,CA-05-REMOTE,Корво Неро — Маркировка / Честный знак — Россия без НСО — поиск,CA-05,REMOTE,ca-05-marking-ut-unf,Маркировка — УТ и УНФ,маркировка в 1с ут 10.3,маркировка в 1с ут 10.3,DEPLOYABLE_GROUP_PLAN,REMOTE,CORVONERO-CA-05-REMOTE-MARKIROVKA-1S-COMMANDER-IMPORT-v2.6.1.xlsx,CORVONERO-CAMPAIGN-V2.6-FINAL-GROUP-PLAN-v1.json,CA-05-REMOTE::ca-05-marking-ut-unf::маркировка в 1с ут 10.3,expected_and_present,CORVONERO-CA-05-REMOTE-MARKIROVKA-1S-COMMANDER-IMPORT-v2.6.1.xlsx,185,310,
EXP-000888,CA-05-REMOTE,Корво Неро — Маркировка / Честный знак — Россия без НСО — поиск,CA-05,REMOTE,ca-05-marking-ut-unf,Маркировка — УТ и УНФ,маркировка в 1с ут 11,маркировка в 1с ут 11,DEPLOYABLE_GROUP_PLAN,REMOTE,CORVONERO-CA-05-REMOTE-MARKIROVKA-1S-COMMANDER-IMPORT-v2.6.1.xlsx,CORVONERO-CAMPAIGN-V2.6-FINAL-GROUP-PLAN-v1.json,CA-05-REMOTE::ca-05-marking-ut-unf::маркировка в 1с ут 11,expected_and_present,CORVONERO-CA-05-REMOTE-MARKIROVKA-1S-COMMANDER-IMPORT-v2.6.1.xlsx,186,400,
EXP-000889,CA-05-REMOTE,Корво Неро — Маркировка / Честный знак — Россия без НСО — поиск,CA-05,REMOTE,ca-05-marking-ut-unf,Маркировка — УТ и УНФ,маркировка в 1с ут 11.5,маркировка в 1с ут 11.5,DEPLOYABLE_GROUP_PLAN,REMOTE,CORVONERO-CA-05-REMOTE-MARKIROVKA-1S-COMMANDER-IMPORT-v2.6.1.xlsx,CORVONERO-CAMPAIGN-V2.6-FINAL-GROUP-PLAN-v1.json,CA-05-REMOTE::ca-05-marking-ut-unf::маркировка в 1с ут 11.5,expected_and_present,CORVONERO-CA-05-REMOTE-MARKIROVKA-1S-COMMANDER-IMPORT-v2.6.1.xlsx,187,390,
EXP-000890,CA-05-REMOTE,Корво Неро — Маркировка / Честный знак — Россия без НСО — поиск,CA-05,REMOTE,ca-05-marking-ut-unf,Маркировка — УТ и УНФ,маркировка товаров в 1с унф,маркировка товаров в 1с унф,DEPLOYABLE_GROUP_PLAN,REMOTE,CORVONERO-CA-05-REMOTE-MARKIROVKA-1S-COMMANDER-IMPORT-v2.6.1.xlsx,CORVONERO-CAMPAIGN-V2.6-FINAL-GROUP-PLAN-v1.json,CA-05-REMOTE::ca-05-marking-ut-unf::маркировка товаров в 1с унф,expected_and_present,CORVONERO-CA-05-REMOTE-MARKIROVKA-1S-COMMANDER-IMPORT-v2.6.1.xlsx,188,380,
EXP-000891,CA-05-REMOTE,Корво Неро — Маркировка / Честный знак — Россия без НСО — поиск,CA-05,REMOTE,ca-05-marking-ut-unf,Маркировка — УТ и УНФ,маркировка товаров в 1с ут,маркировка товаров в 1с ут,DEPLOYABLE_GROUP_PLAN,REMOTE,CORVONERO-CA-05-REMOTE-MARKIROVKA-1S-COMMANDER-IMPORT-v2.6.1.xlsx,CORVONERO-CAMPAIGN-V2.6-FINAL-GROUP-PLAN-v1.json,CA-05-REMOTE::ca-05-marking-ut-unf::маркировка товаров в 1с ут,expected_and_present,CORVONERO-CA-05-REMOTE-MARKIROVKA-1S-COMMANDER-IMPORT-v2.6.1.xlsx,189,370,
EXP-000892,CA-05-REMOTE,Корво Неро — Маркировка / Честный знак — Россия без НСО — поиск,CA-05,REMOTE,ca-05-marking-ut-unf,Маркировка — УТ и УНФ,маркировка товаров в 1с ут 11,маркировка товаров в 1с ут 11,DEPLOYABLE_GROUP_PLAN,REMOTE,CORVONERO-CA-05-REMOTE-MARKIROVKA-1S-COMMANDER-IMPORT-v2.6.1.xlsx,CORVONERO-CAMPAIGN-V2.6-FINAL-GROUP-PLAN-v1.json,CA-05-REMOTE::ca-05-marking-ut-unf::маркировка товаров в 1с ут 11,expected_and_present,CORVONERO-CA-05-REMOTE-MARKIROVKA-1S-COMMANDER-IMPORT-v2.6.1.xlsx,190,360,
EXP-000893,CA-05-REMOTE,Корво Неро — Маркировка / Честный знак — Россия без НСО — поиск,CA-05,REMOTE,ca-05-marking-ut-unf,Маркировка — УТ и УНФ,маркировка честный знак в 1с унф,маркировка честный знак в 1с унф,DEPLOYABLE_GROUP_PLAN,REMOTE,CORVONERO-CA-05-REMOTE-MARKIROVKA-1S-COMMANDER-IMPORT-v2.6.1.xlsx,CORVONERO-CAMPAIGN-V2.6-FINAL-GROUP-PLAN-v1.json,CA-05-REMOTE::ca-05-marking-ut-unf::маркировка честный знак в 1с унф,expected_and_present,CORVONERO-CA-05-REMOTE-MARKIROVKA-1S-COMMANDER-IMPORT-v2.6.1.xlsx,191,350,
EXP-000894,CA-05-REMOTE,Корво Неро — Маркировка / Честный знак — Россия без НСО — поиск,CA-05,REMOTE,ca-05-marking-ut-unf,Маркировка — УТ и УНФ,маркировка честный знак в 1с ут,маркировка честный знак в 1с ут,DEPLOYABLE_GROUP_PLAN,REMOTE,CORVONERO-CA-05-REMOTE-MARKIROVKA-1S-COMMANDER-IMPORT-v2.6.1.xlsx,CORVONERO-CAMPAIGN-V2.6-FINAL-GROUP-PLAN-v1.json,CA-05-REMOTE::ca-05-marking-ut-unf::маркировка честный знак в 1с ут,expected_and_present,CORVONERO-CA-05-REMOTE-MARKIROVKA-1S-COMMANDER-IMPORT-v2.6.1.xlsx,192,340,
EXP-000895,CA-05-REMOTE,Корво Неро — Маркировка / Честный знак — Россия без НСО — поиск,CA-05,REMOTE,ca-05-marking-ut-unf,Маркировка — УТ и УНФ,настройка маркировки в 1с унф,настройка маркировки в 1с унф,DEPLOYABLE_GROUP_PLAN,REMOTE,CORVONERO-CA-05-REMOTE-MARKIROVKA-1S-COMMANDER-IMPORT-v2.6.1.xlsx,CORVONERO-CAMPAIGN-V2.6-FINAL-GROUP-PLAN-v1.json,CA-05-REMOTE::ca-05-marking-ut-unf::настройка маркировки в 1с унф,expected_and_present,CORVONERO-CA-05-REMOTE-MARKIROVKA-1S-COMMANDER-IMPORT-v2.6.1.xlsx,193,330,
EXP-000896,CA-05-REMOTE,Корво Неро — Маркировка / Честный знак — Россия без НСО — поиск,CA-05,REMOTE,ca-05-marking-ut-unf,Маркировка — УТ и УНФ,настройка маркировки в 1с ут,настройка маркировки в 1с ут,DEPLOYABLE_GROUP_PLAN,REMOTE,CORVONERO-CA-05-REMOTE-MARKIROVKA-1S-COMMANDER-IMPORT-v2.6.1.xlsx,CORVONERO-CAMPAIGN-V2.6-FINAL-GROUP-PLAN-v1.json,CA-05-REMOTE::ca-05-marking-ut-unf::настройка маркировки в 1с ут,expected_and_present,CORVONERO-CA-05-REMOTE-MARKIROVKA-1S-COMMANDER-IMPORT-v2.6.1.xlsx,194,320,
EXP-000897,CA-05-REMOTE,Корво Неро — Маркировка / Честный знак — Россия без НСО — поиск,CA-05,REMOTE,ca-05-marking-ut-unf,Маркировка — УТ и УНФ,настройка маркировки в 1с ут 11,настройка маркировки в 1с ут 11,DEPLOYABLE_GROUP_PLAN,REMOTE,CORVONERO-CA-05-REMOTE-MARKIROVKA-1S-COMMANDER-IMPORT-v2.6.1.xlsx,CORVONERO-CAMPAIGN-V2.6-FINAL-GROUP-PLAN-v1.json,CA-05-REMOTE::ca-05-marking-ut-unf::настройка маркировки в 1с ут 11,expected_and_present,CORVONERO-CA-05-REMOTE-MARKIROVKA-1S-COMMANDER-IMPORT-v2.6.1.xlsx,195,310,
EXP-000898,CA-05-REMOTE,Корво Неро — Маркировка / Честный знак — Россия без НСО — поиск,CA-05,REMOTE,ca-05-marking-ut-unf,Маркировка — УТ и УНФ,настройка маркировки в 1с ут 11.5,настройка маркировки в 1с ут 11.5,DEPLOYABLE_GROUP_PLAN,REMOTE,CORVONERO-CA-05-REMOTE-MARKIROVKA-1S-COMMANDER-IMPORT-v2.6.1.xlsx,CORVONERO-CAMPAIGN-V2.6-FINAL-GROUP-PLAN-v1.json,CA-05-REMOTE::ca-05-marking-ut-unf::настройка маркировки в 1с ут 11.5,expected_and_present,CORVONERO-CA-05-REMOTE-MARKIROVKA-1S-COMMANDER-IMPORT-v2.6.1.xlsx,196,400,
EXP-000899,CA-05-REMOTE,Корво Неро — Маркировка / Честный знак — Россия без НСО — поиск,CA-05,REMOTE,ca-05-marking-ut-unf,Маркировка — УТ и УНФ,настройка честного знака в 1с управление торговлей,настройка честного знака в 1с управление торговлей,DEPLOYABLE_GROUP_PLAN,REMOTE,CORVONERO-CA-05-REMOTE-MARKIROVKA-1S-COMMANDER-IMPORT-v2.6.1.xlsx,CORVONERO-CAMPAIGN-V2.6-FINAL-GROUP-PLAN-v1.json,CA-05-REMOTE::ca-05-marking-ut-unf::настройка честного знака в 1с управление торговлей,expected_and_present,CORVONERO-CA-05-REMOTE-MARKIROVKA-1S-COMMANDER-IMPORT-v2.6.1.xlsx,197,390,
EXP-000900,CA-05-REMOTE,Корво Неро — Маркировка / Честный знак — Россия без НСО — поиск,CA-05,REMOTE,ca-05-marking-ut-unf,Маркировка — УТ и УНФ,настройка честного знака в 1с ут 11.5,настройка честного знака в 1с ут 11.5,DEPLOYABLE_GROUP_PLAN,REMOTE,CORVONERO-CA-05-REMOTE-MARKIROVKA-1S-COMMANDER-IMPORT-v2.6.1.xlsx,CORVONERO-CAMPAIGN-V2.6-FINAL-GROUP-PLAN-v1.json,CA-05-REMOTE::ca-05-marking-ut-unf::настройка честного знака в 1с ут 11.5,expected_and_present,CORVONERO-CA-05-REMOTE-MARKIROVKA-1S-COMMANDER-IMPORT-v2.6.1.xlsx,198,380,
EXP-000901,CA-05-REMOTE,Корво Неро — Маркировка / Честный знак — Россия без НСО — поиск,CA-05,REMOTE,ca-05-marking-ut-unf,Маркировка — УТ и УНФ,подключение честный знак 1с ут,подключение честный знак 1с ут,DEPLOYABLE_GROUP_PLAN,REMOTE,CORVONERO-CA-05-REMOTE-MARKIROVKA-1S-COMMANDER-IMPORT-v2.6.1.xlsx,CORVONERO-CAMPAIGN-V2.6-FINAL-GROUP-PLAN-v1.json,CA-05-REMOTE::ca-05-marking-ut-unf::подключение честный знак 1с ут,expected_and_present,CORVONERO-CA-05-REMOTE-MARKIROVKA-1S-COMMANDER-IMPORT-v2.6.1.xlsx,199,370,
EXP-000902,CA-05-REMOTE,Корво Неро — Маркировка / Честный знак — Россия без НСО — поиск,CA-05,REMOTE,ca-05-marking-ut-unf,Маркировка — УТ и УНФ,честный знак в 1с управление торговлей,честный знак в 1с управление торговлей,DEPLOYABLE_GROUP_PLAN,REMOTE,CORVONERO-CA-05-REMOTE-MARKIROVKA-1S-COMMANDER-IMPORT-v2.6.1.xlsx,CORVONERO-CAMPAIGN-V2.6-FINAL-GROUP-PLAN-v1.json,CA-05-REMOTE::ca-05-marking-ut-unf::честный знак в 1с управление торговлей,expected_and_present,CORVONERO-CA-05-REMOTE-MARKIROVKA-1S-COMMANDER-IMPORT-v2.6.1.xlsx,200,360,
EXP-000903,CA-05-REMOTE,Корво Неро — Маркировка / Честный знак — Россия без НСО — поиск,CA-05,REMOTE,ca-05-marking-ut-unf,Маркировка — УТ и УНФ,честный знак в 1с ут,честный знак в 1с ут,DEPLOYABLE_GROUP_PLAN,REMOTE,CORVONERO-CA-05-REMOTE-MARKIROVKA-1S-COMMANDER-IMPORT-v2.6.1.xlsx,CORVONERO-CAMPAIGN-V2.6-FINAL-GROUP-PLAN-v1.json,CA-05-REMOTE::ca-05-marking-ut-unf::честный знак в 1с ут,expected_and_present,CORVONERO-CA-05-REMOTE-MARKIROVKA-1S-COMMANDER-IMPORT-v2.6.1.xlsx,201,350,
EXP-000904,CA-05-REMOTE,Корво Неро — Маркировка / Честный знак — Россия без НСО — поиск,CA-05,REMOTE,ca-05-marking-ut-unf,Маркировка — УТ и УНФ,честный знак в 1с ут 11.5,честный знак в 1с ут 11.5,DEPLOYABLE_GROUP_PLAN,REMOTE,CORVONERO-CA-05-REMOTE-MARKIROVKA-1S-COMMANDER-IMPORT-v2.6.1.xlsx,CORVONERO-CAMPAIGN-V2.6-FINAL-GROUP-PLAN-v1.json,CA-05-REMOTE::ca-05-marking-ut-unf::честный знак в 1с ут 11.5,expected_and_present,CORVONERO-CA-05-REMOTE-MARKIROVKA-1S-COMMANDER-IMPORT-v2.6.1.xlsx,202,340,
EXP-000905,CA-05-REMOTE,Корво Неро — Маркировка / Честный знак — Россия без НСО — поиск,CA-05,REMOTE,ca-05-marking-ut-unf,Маркировка — УТ и УНФ,честный знак учет в 1с унф,честный знак учет в 1с унф,DEPLOYABLE_GROUP_PLAN,REMOTE,CORVONERO-CA-05-REMOTE-MARKIROVKA-1S-COMMANDER-IMPORT-v2.6.1.xlsx,CORVONERO-CAMPAIGN-V2.6-FINAL-GROUP-PLAN-v1.json,CA-05-REMOTE::ca-05-marking-ut-unf::честный знак учет в 1с унф,expected_and_present,CORVONERO-CA-05-REMOTE-MARKIROVKA-1S-COMMANDER-IMPORT-v2.6.1.xlsx,203,330,
EXP-000906,CA-05-REMOTE,Корво Неро — Маркировка / Честный знак — Россия без НСО — поиск,CA-05,REMOTE,ca-05-remainder-marking,Маркировка остатков,1с унф маркировка остатков честный знак,1с унф маркировка остатков честный знак,DEPLOYABLE_GROUP_PLAN,REMOTE,CORVONERO-CA-05-REMOTE-MARKIROVKA-1S-COMMANDER-IMPORT-v2.6.1.xlsx,CORVONERO-CAMPAIGN-V2.6-FINAL-GROUP-PLAN-v1.json,CA-05-REMOTE::ca-05-remainder-marking::1с унф маркировка остатков честный знак,expected_and_present,CORVONERO-CA-05-REMOTE-MARKIROVKA-1S-COMMANDER-IMPORT-v2.6.1.xlsx,205,400,
EXP-000907,CA-05-REMOTE,Корво Неро — Маркировка / Честный знак — Россия без НСО — поиск,CA-05,REMOTE,ca-05-remainder-marking,Маркировка остатков,маркировка остатков в 1с,маркировка остатков в 1с,DEPLOYABLE_GROUP_PLAN,REMOTE,CORVONERO-CA-05-REMOTE-MARKIROVKA-1S-COMMANDER-IMPORT-v2.6.1.xlsx,CORVONERO-CAMPAIGN-V2.6-FINAL-GROUP-PLAN-v1.json,CA-05-REMOTE::ca-05-remainder-marking::маркировка остатков в 1с,expected_and_present,CORVONERO-CA-05-REMOTE-MARKIROVKA-1S-COMMANDER-IMPORT-v2.6.1.xlsx,206,390,
EXP-000908,CA-05-REMOTE,Корво Неро — Маркировка / Честный знак — Россия без НСО — поиск,CA-05,REMOTE,ca-05-remainder-marking,Маркировка остатков,маркировка остатков в 1с розница,маркировка остатков в 1с розница,DEPLOYABLE_GROUP_PLAN,REMOTE,CORVONERO-CA-05-REMOTE-MARKIROVKA-1S-COMMANDER-IMPORT-v2.6.1.xlsx,CORVONERO-CAMPAIGN-V2.6-FINAL-GROUP-PLAN-v1.json,CA-05-REMOTE::ca-05-remainder-marking::маркировка остатков в 1с розница,expected_and_present,CORVONERO-CA-05-REMOTE-MARKIROVKA-1S-COMMANDER-IMPORT-v2.6.1.xlsx,207,380,
EXP-000909,CA-05-REMOTE,Корво Неро — Маркировка / Честный знак — Россия без НСО — поиск,CA-05,REMOTE,ca-05-remainder-marking,Маркировка остатков,маркировка остатков в 1с унф,маркировка остатков в 1с унф,DEPLOYABLE_GROUP_PLAN,REMOTE,CORVONERO-CA-05-REMOTE-MARKIROVKA-1S-COMMANDER-IMPORT-v2.6.1.xlsx,CORVONERO-CAMPAIGN-V2.6-FINAL-GROUP-PLAN-v1.json,CA-05-REMOTE::ca-05-remainder-marking::маркировка остатков в 1с унф,expected_and_present,CORVONERO-CA-05-REMOTE-MARKIROVKA-1S-COMMANDER-IMPORT-v2.6.1.xlsx,208,370,
EXP-000910,CA-05-REMOTE,Корво Неро — Маркировка / Честный знак — Россия без НСО — поиск,CA-05,REMOTE,ca-05-remainder-marking,Маркировка остатков,маркировка остатков в 1с ут,маркировка остатков в 1с ут,DEPLOYABLE_GROUP_PLAN,REMOTE,CORVONERO-CA-05-REMOTE-MARKIROVKA-1S-COMMANDER-IMPORT-v2.6.1.xlsx,CORVONERO-CAMPAIGN-V2.6-FINAL-GROUP-PLAN-v1.json,CA-05-REMOTE::ca-05-remainder-marking::маркировка остатков в 1с ут,expected_and_present,CORVONERO-CA-05-REMOTE-MARKIROVKA-1S-COMMANDER-IMPORT-v2.6.1.xlsx,209,360,
EXP-000911,CA-05-REMOTE,Корво Неро — Маркировка / Честный знак — Россия без НСО — поиск,CA-05,REMOTE,ca-05-remainder-marking,Маркировка остатков,маркировка остатков в 1с ут 11.5,маркировка остатков в 1с ут 11.5,DEPLOYABLE_GROUP_PLAN,REMOTE,CORVONERO-CA-05-REMOTE-MARKIROVKA-1S-COMMANDER-IMPORT-v2.6.1.xlsx,CORVONERO-CAMPAIGN-V2.6-FINAL-GROUP-PLAN-v1.json,CA-05-REMOTE::ca-05-remainder-marking::маркировка остатков в 1с ут 11.5,expected_and_present,CORVONERO-CA-05-REMOTE-MARKIROVKA-1S-COMMANDER-IMPORT-v2.6.1.xlsx,210,350,
EXP-000912,CA-05-REMOTE,Корво Неро — Маркировка / Честный знак — Россия без НСО — поиск,CA-05,REMOTE,ca-05-remainder-marking,Маркировка остатков,маркировка остатков радиоэлектронной продукции в 1с,маркировка остатков радиоэлектронной продукции в 1с,DEPLOYABLE_GROUP_PLAN,REMOTE,CORVONERO-CA-05-REMOTE-MARKIROVKA-1S-COMMANDER-IMPORT-v2.6.1.xlsx,CORVONERO-CAMPAIGN-V2.6-FINAL-GROUP-PLAN-v1.json,CA-05-REMOTE::ca-05-remainder-marking::маркировка остатков радиоэлектронной продукции в 1с,expected_and_present,CORVONERO-CA-05-REMOTE-MARKIROVKA-1S-COMMANDER-IMPORT-v2.6.1.xlsx,211,340,
EXP-000913,CA-05-REMOTE,Корво Неро — Маркировка / Честный знак — Россия без НСО — поиск,CA-05,REMOTE,ca-05-remainder-marking,Маркировка остатков,маркировка остатков товара в 1с,маркировка остатков товара в 1с,DEPLOYABLE_GROUP_PLAN,REMOTE,CORVONERO-CA-05-REMOTE-MARKIROVKA-1S-COMMANDER-IMPORT-v2.6.1.xlsx,CORVONERO-CAMPAIGN-V2.6-FINAL-GROUP-PLAN-v1.json,CA-05-REMOTE::ca-05-remainder-marking::маркировка остатков товара в 1с,expected_and_present,CORVONERO-CA-05-REMOTE-MARKIROVKA-1S-COMMANDER-IMPORT-v2.6.1.xlsx,212,330,
EXP-000914,CA-05-REMOTE,Корво Неро — Маркировка / Честный знак — Россия без НСО — поиск,CA-05,REMOTE,ca-05-remainder-marking,Маркировка остатков,маркировка остатков честный знак 1с,маркировка остатков честный знак 1с,DEPLOYABLE_GROUP_PLAN,REMOTE,CORVONERO-CA-05-REMOTE-MARKIROVKA-1S-COMMANDER-IMPORT-v2.6.1.xlsx,CORVONERO-CAMPAIGN-V2.6-FINAL-GROUP-PLAN-v1.json,CA-05-REMOTE::ca-05-remainder-marking::маркировка остатков честный знак 1с,expected_and_present,CORVONERO-CA-05-REMOTE-MARKIROVKA-1S-COMMANDER-IMPORT-v2.6.1.xlsx,213,320,
EXP-000915,CA-05-REMOTE,Корво Неро — Маркировка / Честный знак — Россия без НСО — поиск,CA-05,REMOTE,ca-05-remainder-marking,Маркировка остатков,маркировка остатков честный знак в 1с,маркировка остатков честный знак в 1с,DEPLOYABLE_GROUP_PLAN,REMOTE,CORVONERO-CA-05-REMOTE-MARKIROVKA-1S-COMMANDER-IMPORT-v2.6.1.xlsx,CORVONERO-CAMPAIGN-V2.6-FINAL-GROUP-PLAN-v1.json,CA-05-REMOTE::ca-05-remainder-marking::маркировка остатков честный знак в 1с,expected_and_present,CORVONERO-CA-05-REMOTE-MARKIROVKA-1S-COMMANDER-IMPORT-v2.6.1.xlsx,214,310,
EXP-000916,CA-05-REMOTE,Корво Неро — Маркировка / Честный знак — Россия без НСО — поиск,CA-05,REMOTE,ca-05-suz-tokens,СУЗ и токены,автоматическое обновление токенов честного знака в 1с,автоматическое обновление токенов честного знака в 1с,DEPLOYABLE_GROUP_PLAN,REMOTE,CORVONERO-CA-05-REMOTE-MARKIROVKA-1S-COMMANDER-IMPORT-v2.6.1.xlsx,CORVONERO-CAMPAIGN-V2.6-FINAL-GROUP-PLAN-v1.json,CA-05-REMOTE::ca-05-suz-tokens::автоматическое обновление токенов честного знака в 1с,expected_and_present,CORVONERO-CA-05-REMOTE-MARKIROVKA-1S-COMMANDER-IMPORT-v2.6.1.xlsx,216,400,
EXP-000917,CA-05-REMOTE,Корво Неро — Маркировка / Честный знак — Россия без НСО — поиск,CA-05,REMOTE,ca-05-suz-tokens,СУЗ и токены,настройка обмена суз 1с честный знак,настройка обмена суз 1с честный знак,DEPLOYABLE_GROUP_PLAN,REMOTE,CORVONERO-CA-05-REMOTE-MARKIROVKA-1S-COMMANDER-IMPORT-v2.6.1.xlsx,CORVONERO-CAMPAIGN-V2.6-FINAL-GROUP-PLAN-v1.json,CA-05-REMOTE::ca-05-suz-tokens::настройка обмена суз 1с честный знак,expected_and_present,CORVONERO-CA-05-REMOTE-MARKIROVKA-1S-COMMANDER-IMPORT-v2.6.1.xlsx,217,390,
EXP-000918,CA-05-REMOTE,Корво Неро — Маркировка / Честный знак — Россия без НСО — поиск,CA-05,REMOTE,ca-05-suz-tokens,СУЗ и токены,настройка обмена суз 1с честный знак розница,настройка обмена суз 1с честный знак розница,DEPLOYABLE_GROUP_PLAN,REMOTE,CORVONERO-CA-05-REMOTE-MARKIROVKA-1S-COMMANDER-IMPORT-v2.6.1.xlsx,CORVONERO-CAMPAIGN-V2.6-FINAL-GROUP-PLAN-v1.json,CA-05-REMOTE::ca-05-suz-tokens::настройка обмена суз 1с честный знак розница,expected_and_present,CORVONERO-CA-05-REMOTE-MARKIROVKA-1S-COMMANDER-IMPORT-v2.6.1.xlsx,218,380,
EXP-000919,CA-05-REMOTE,Корво Неро — Маркировка / Честный знак — Россия без НСО — поиск,CA-05,REMOTE,ca-05-suz-tokens,СУЗ и токены,настройка суз честный знак 1с,настройка суз честный знак 1с,DEPLOYABLE_GROUP_PLAN,REMOTE,CORVONERO-CA-05-REMOTE-MARKIROVKA-1S-COMMANDER-IMPORT-v2.6.1.xlsx,CORVONERO-CAMPAIGN-V2.6-FINAL-GROUP-PLAN-v1.json,CA-05-REMOTE::ca-05-suz-tokens::настройка суз честный знак 1с,expected_and_present,CORVONERO-CA-05-REMOTE-MARKIROVKA-1S-COMMANDER-IMPORT-v2.6.1.xlsx,219,370,
EXP-000920,CA-05-REMOTE,Корво Неро — Маркировка / Честный знак — Россия без НСО — поиск,CA-05,REMOTE,ca-05-suz-tokens,СУЗ и токены,обновление ключа авторизации честный знак 1с,обновление ключа авторизации честный знак 1с,DEPLOYABLE_GROUP_PLAN,REMOTE,CORVONERO-CA-05-REMOTE-MARKIROVKA-1S-COMMANDER-IMPORT-v2.6.1.xlsx,CORVONERO-CAMPAIGN-V2.6-FINAL-GROUP-PLAN-v1.json,CA-05-REMOTE::ca-05-suz-tokens::обновление ключа авторизации честный знак 1с,expected_and_present,CORVONERO-CA-05-REMOTE-MARKIROVKA-1S-COMMANDER-IMPORT-v2.6.1.xlsx,220,360,
EXP-000921,CA-05-REMOTE,Корво Неро — Маркировка / Честный знак — Россия без НСО — поиск,CA-05,REMOTE,ca-05-suz-tokens,СУЗ и токены,подключение к суз 1с честный знак,подключение к суз 1с честный знак,DEPLOYABLE_GROUP_PLAN,REMOTE,CORVONERO-CA-05-REMOTE-MARKIROVKA-1S-COMMANDER-IMPORT-v2.6.1.xlsx,CORVONERO-CAMPAIGN-V2.6-FINAL-GROUP-PLAN-v1.json,CA-05-REMOTE::ca-05-suz-tokens::подключение к суз 1с честный знак,expected_and_present,CORVONERO-CA-05-REMOTE-MARKIROVKA-1S-COMMANDER-IMPORT-v2.6.1.xlsx,221,350,
EXP-000922,CA-05-REMOTE,Корво Неро — Маркировка / Честный знак — Россия без НСО — поиск,CA-05,REMOTE,ca-05-suz-tokens,СУЗ и токены,токен для ккт честный знак 1с,токен для ккт честный знак 1с,DEPLOYABLE_GROUP_PLAN,REMOTE,CORVONERO-CA-05-REMOTE-MARKIROVKA-1S-COMMANDER-IMPORT-v2.6.1.xlsx,CORVONERO-CAMPAIGN-V2.6-FINAL-GROUP-PLAN-v1.json,CA-05-REMOTE::ca-05-suz-tokens::токен для ккт честный знак 1с,expected_and_present,CORVONERO-CA-05-REMOTE-MARKIROVKA-1S-COMMANDER-IMPORT-v2.6.1.xlsx,222,340,
EXP-000923,CA-05-REMOTE,Корво Неро — Маркировка / Честный знак — Россия без НСО — поиск,CA-05,REMOTE,ca-05-suz-tokens,СУЗ и токены,честный знак токен для 1с,честный знак токен для 1с,DEPLOYABLE_GROUP_PLAN,REMOTE,CORVONERO-CA-05-REMOTE-MARKIROVKA-1S-COMMANDER-IMPORT-v2.6.1.xlsx,CORVONERO-CAMPAIGN-V2.6-FINAL-GROUP-PLAN-v1.json,CA-05-REMOTE::ca-05-suz-tokens::честный знак токен для 1с,expected_and_present,CORVONERO-CA-05-REMOTE-MARKIROVKA-1S-COMMANDER-IMPORT-v2.6.1.xlsx,223,330,
EXP-000924,CA-05-REMOTE,Корво Неро — Маркировка / Честный знак — Россия без НСО — поиск,CA-05,REMOTE,ca-05-ts-piot,ТС ПИоТ,настройка тс пиот в 1с ут 11.5,настройка тс пиот в 1с ут 11.5,DEPLOYABLE_GROUP_PLAN,REMOTE,CORVONERO-CA-05-REMOTE-MARKIROVKA-1S-COMMANDER-IMPORT-v2.6.1.xlsx,CORVONERO-CAMPAIGN-V2.6-FINAL-GROUP-PLAN-v1.json,CA-05-REMOTE::ca-05-ts-piot::настройка тс пиот в 1с ут 11.5,expected_and_present,CORVONERO-CA-05-REMOTE-MARKIROVKA-1S-COMMANDER-IMPORT-v2.6.1.xlsx,225,400,
EXP-000925,CA-05-REMOTE,Корво Неро — Маркировка / Честный знак — Россия без НСО — поиск,CA-05,REMOTE,ca-05-ts-piot,ТС ПИоТ,тс пиот честный знак 1с,тс пиот честный знак 1с,DEPLOYABLE_GROUP_PLAN,REMOTE,CORVONERO-CA-05-REMOTE-MARKIROVKA-1S-COMMANDER-IMPORT-v2.6.1.xlsx,CORVONERO-CAMPAIGN-V2.6-FINAL-GROUP-PLAN-v1.json,CA-05-REMOTE::ca-05-ts-piot::тс пиот честный знак 1с,expected_and_present,CORVONERO-CA-05-REMOTE-MARKIROVKA-1S-COMMANDER-IMPORT-v2.6.1.xlsx,226,390,
EXP-000926,CA-05-REMOTE,Корво Неро — Маркировка / Честный знак — Россия без НСО — поиск,CA-05,REMOTE,ca-05-ts-piot,ТС ПИоТ,тс пиот честный знак 1с розница,тс пиот честный знак 1с розница,DEPLOYABLE_GROUP_PLAN,REMOTE,CORVONERO-CA-05-REMOTE-MARKIROVKA-1S-COMMANDER-IMPORT-v2.6.1.xlsx,CORVONERO-CAMPAIGN-V2.6-FINAL-GROUP-PLAN-v1.json,CA-05-REMOTE::ca-05-ts-piot::тс пиот честный знак 1с розница,expected_and_present,CORVONERO-CA-05-REMOTE-MARKIROVKA-1S-COMMANDER-IMPORT-v2.6.1.xlsx,227,380,
EXP-000238,CA-02-LOCAL,Корво Неро — Сопровождение 1С — Новосибирск и область — поиск,CA-02,LOCAL,ca-02-support-tech,Сопровождение 1С — техподдержка и администрирование,программа 1с не работает,программа 1с не работает,DEPLOYABLE_GROUP_PLAN,LOCAL,CORVONERO-CA-02-LOCAL-SOPROVOZHDENIE-1S-COMMANDER-IMPORT-v2.6.1.xlsx,CORVONERO-CAMPAIGN-V2.6-FINAL-GROUP-PLAN-v1.json,CA-02-LOCAL::ca-02-support-tech::программа 1с не работает,expected_but_missing,,,,
EXP-000340,CA-02-REMOTE,Корво Неро — Сопровождение 1С — Россия без НСО — поиск,CA-02,REMOTE,ca-02-support-tech,Сопровождение 1С — техподдержка и администрирование,программа 1с не работает,программа 1с не работает,DEPLOYABLE_GROUP_PLAN,REMOTE,CORVONERO-CA-02-REMOTE-SOPROVOZHDENIE-1S-COMMANDER-IMPORT-v2.6.1.xlsx,CORVONERO-CAMPAIGN-V2.6-FINAL-GROUP-PLAN-v1.json,CA-02-REMOTE::ca-02-support-tech::программа 1с не работает,expected_but_missing,,,,
