finding_id,severity,category,url,url_family,status_code,indexability,canonical,title,description,h1,inlinks,sitemap,issue,evidence,decision_type,recommended_action
IMG-BROKEN,MEDIUM,ASSETS,https://i-seo.su/img/logo.svg,other,,,,,,,,,Broken image URLs in sample,count=1 of sampled,TECH_FIX,Fix src or remove dead images
CSS-BROKEN,HIGH,ASSETS,https://i-seo.su/blog/author/css/main.css,blog,,,,,,,,,Broken CSS assets,count=6,TECH_FIX,Restore CSS paths
CSS-BROKEN,HIGH,ASSETS,https://i-seo.su/blog/author/css/media.css,blog,,,,,,,,,Broken CSS assets,count=6,TECH_FIX,Restore CSS paths
CSS-BROKEN,HIGH,ASSETS,https://i-seo.su/blog/author/css/normalize.css,blog,,,,,,,,,Broken CSS assets,count=6,TECH_FIX,Restore CSS paths
CSS-BROKEN,HIGH,ASSETS,https://i-seo.su/blog/author/libs/fancybox/jquery.fancybox.min.css,blog,,,,,,,,,Broken CSS assets,count=6,TECH_FIX,Restore CSS paths
CSS-BROKEN,HIGH,ASSETS,https://i-seo.su/blog/author/libs/owl/owl.carousel.min.css,blog,,,,,,,,,Broken CSS assets,count=6,TECH_FIX,Restore CSS paths
CSS-BROKEN,HIGH,ASSETS,https://i-seo.su/blog/author/libs/owl/owl.theme.default.min.css,blog,,,,,,,,,Broken CSS assets,count=6,TECH_FIX,Restore CSS paths
CANON-MISSING,MEDIUM,CANONICAL,https://i-seo.su/,home,200,True,,Продвижение сайтов в ТОП под ключ в Москве | Агентство INTLSEO,"Компания INTLSEO по продвижению сайтов в ТОП Яндекс и Google. Разрабатываем сайты с оптимизацией под SEO, продвигаем в топ, настраиваем контекстную рекламу.","Продвигаем бизнес в интернете, выводим сайты в ИИ выдачу",649,True,Missing canonical on content-like 200 pages,count=206,SEO_DECISION,Add self-referencing canonical on templates
CANON-MISSING,MEDIUM,CANONICAL,https://i-seo.su/home.html,static,200,True,,Продвижение сайтов в ТОП под ключ в Москве | Агентство INTLSEO,"Компания INTLSEO по продвижению сайтов в ТОП Яндекс и Google. Разрабатываем сайты с оптимизацией под SEO, продвигаем в топ, настраиваем контекстную рекламу.",Продвигаем сайты в ТОП Яндекса и Google,0,False,Missing canonical on content-like 200 pages,count=206,SEO_DECISION,Add self-referencing canonical on templates
CANON-MISSING,MEDIUM,CANONICAL,https://i-seo.su/offers,offers,200,False,,Предложения - INTLSEO Studio,,Предложения,0,True,Missing canonical on content-like 200 pages,count=206,SEO_DECISION,Add self-referencing canonical on templates
CANON-MISSING,MEDIUM,CANONICAL,https://i-seo.su/offers/,offers,200,False,,Предложения - INTLSEO Studio,,Предложения,0,True,Missing canonical on content-like 200 pages,count=206,SEO_DECISION,Add self-referencing canonical on templates
CANON-MISSING,MEDIUM,CANONICAL,https://i-seo.su/services.html,static,200,True,,Услуги SEO продвижения сайтов в Москве | INTLSEO,"Профессиональные услуги SEO продвижения и оптимизации сайтов в Москве. Прозрачная стоимость, результат по ТОП-10. Закажите SEO-аудит бесплатно!",SEO услуги для вашего бизнеса,649,True,Missing canonical on content-like 200 pages,count=206,SEO_DECISION,Add self-referencing canonical on templates
CANON-MISSING,MEDIUM,CANONICAL,https://i-seo.su/cases.html,static,200,True,,Наши результаты | Агентство INTLSEO,Посмотрите результаты продвижения сайтов наших клиентов. INTLSEO с 2019 года помогает бизнесам достигать высоких позиций в поисковых системах. Примеры успешных кейсов и отзывы клиентов.,Результаты продвижения сайтов,684,True,Missing canonical on content-like 200 pages,count=206,SEO_DECISION,Add self-referencing canonical on templates
CANON-MISSING,MEDIUM,CANONICAL,https://i-seo.su/contacts.html,static,200,True,,Контакты | Агентство INTLSEO,"Свяжитесь с нами для бесплатной консультации по SEO. Мы находимся рядом с Москвой, в БЦ Красногорск Плаза. С 2019 года помогаем бизнесам расти в онлайне. Звоните или пишите нам для консультации!",Контакты,684,True,Missing canonical on content-like 200 pages,count=206,SEO_DECISION,Add self-referencing canonical on templates
CANON-MISSING,MEDIUM,CANONICAL,https://i-seo.su/about.html,static,200,True,,О студии INTLSEO,INTLSEO – команда опытных специалистов по SEO. С 2019 года мы предлагаем качественные услуги по продвижению сайтов. Наш офис находится в БЦ Красногорск Плаза.,О нас,684,True,Missing canonical on content-like 200 pages,count=206,SEO_DECISION,Add self-referencing canonical on templates
CANON-MISSING,MEDIUM,CANONICAL,https://i-seo.su/reviews.html,static,200,True,,Отзывы клиентов INTLSEO,"Мы гордимся положительными отзывами и успешными кейсами, которые подтверждают нашу экспертность и профессионализм. С 2019 года мы помогаем бизнесам достигать успеха в поисковых системах.",Отзывы,684,True,Missing canonical on content-like 200 pages,count=206,SEO_DECISION,Add self-referencing canonical on templates
CANON-MISSING,MEDIUM,CANONICAL,https://i-seo.su/partners.html,static,200,True,,Партнерская программа INTLSEO – Растите вместе с нами,Станьте партнером INTLSEO и получите доступ к уникальным возможностям и выгодным условиям сотрудничества. Наш опыт в SEO с 2019 года поможет вам и вашим клиентам достигать успеха. Мы предлагаем выгодные условия и профессиональную поддержку для успешного SEO продвижения ваших клиентов.,Станьте партнером INTLSEO,684,True,Missing canonical on content-like 200 pages,count=206,SEO_DECISION,Add self-referencing canonical on templates
CANON-MISSING,MEDIUM,CANONICAL,https://i-seo.su/bonuses.html,static,200,True,,Бонусы и подарки | Агентство INTLSEO,Приятные сюрпризы для наших клиентов. INTLSEO ценит своих клиентов и предлагает бонусы и подарки при заказе SEO услуг. Узнайте о наших специальных предложениях и программах лояльности!,Специальные предложения,684,True,Missing canonical on content-like 200 pages,count=206,SEO_DECISION,Add self-referencing canonical on templates
CANON-MISSING,MEDIUM,CANONICAL,https://i-seo.su/career.html,static,200,True,,Карьера в INTLSEO,"Ищете работу в SEO? Присоединяйтесь к INTLSEO! Станьте частью нашей команды. Офис в Красногорске, дружный коллектив. Возможность удаленной работы. Мы предлагаем отличные условия труда и возможности для профессионального роста. Узнайте больше и отправьте резюме!",Вакансии,684,True,Missing canonical on content-like 200 pages,count=206,SEO_DECISION,Add self-referencing canonical on templates
CANON-MISSING,MEDIUM,CANONICAL,https://i-seo.su/guarantees.html,static,200,True,,Наши гарантии | Агентство INTLSEO,INTLSEO предлагает гарантии на все свои SEO услуги. Мы уверены в эффективности наших методов и готовы гарантировать вам достижение результатов. Узнайте больше о наших условиях и защитите свои инвестиции в SEO.,Гарантии,684,True,Missing canonical on content-like 200 pages,count=206,SEO_DECISION,Add self-referencing canonical on templates
CANON-MISSING,MEDIUM,CANONICAL,https://i-seo.su/report-hub/,other,200,True,,Обзор проектов — i-SEO Report Hub (Демо v0.4),,i-SEO Report Hub,0,False,Missing canonical on content-like 200 pages,count=206,SEO_DECISION,Add self-referencing canonical on templates
CANON-MISSING,MEDIUM,CANONICAL,https://i-seo.su/varvara-new.php,other,200,False,,VVR-Searcher,,,0,False,Missing canonical on content-like 200 pages,count=206,SEO_DECISION,Add self-referencing canonical on templates
CANON-MISSING,MEDIUM,CANONICAL,https://i-seo.su/services/seo.html,static_service,200,True,,Заказать SEO продвижение сайтов в Москве — поисковая оптимизация | INTLSEO,Закажите SEO продвижение сайта в Москве с гарантией результата. Выводим в ТОП Яндекс и Google. Прозрачная стоимость от 39 000 ₽/мес. Бесплатный аудит — прямо сейчас!,SEO продвижение сайтов,684,True,Missing canonical on content-like 200 pages,count=206,SEO_DECISION,Add self-referencing canonical on templates
CANON-MISSING,MEDIUM,CANONICAL,https://i-seo.su/services/seo/b-regionakh.html,static_service,200,True,,SEO продвижение сайта в регионах России — под ключ | INTLSEO,"Продвигаем сайты в регионах РФ: настройка гео-меток, локальных сниппетов, Яндекс.Справочника. Выводим в ТОП даже в малых городах. Бесплатный аудит для региональных проектов!",SEO продвижение в регионах,684,True,Missing canonical on content-like 200 pages,count=206,SEO_DECISION,Add self-referencing canonical on templates
CANON-MISSING,MEDIUM,CANONICAL,https://i-seo.su/cases/aaa-limo.html,static,200,True,,SEO Кейс AAA limo - Аренда лимузинов США | INTLSEO,"Задача заключалась в увеличении видимости в поисковых системах и привлечении большего числа заказов. Мы оптимизировали контент, улучшили технические параметры сайта и параллельно запустили рекламу Google Ads усилили маркетинговые стратегии, что позволило существенно повысить позиции и привлечь новых клиентов.",Аренда лимузинов США AAA limo,39,True,Missing canonical on content-like 200 pages,count=206,SEO_DECISION,Add self-referencing canonical on templates
CANON-MISSING,MEDIUM,CANONICAL,https://i-seo.su/cases/agran.html,static,200,True,,SEO Кейс производителя кровельных материалов | INTLSEO,"Целью было повышение видимости в поисковых системах и увеличение числа заявок через сайт. Мы оптимизировали контент, улучшили технические аспекты сайта и внедрили стратегии по улучшению внешних ссылок, что значительно увеличило количество клиентов.",Производитель кровельных материалов,38,True,Missing canonical on content-like 200 pages,count=206,SEO_DECISION,Add self-referencing canonical on templates
CANON-MISSING,MEDIUM,CANONICAL,https://i-seo.su/cases/alfafit.html,static,200,True,,SEO Кейс Online-магазина спортивного оборудованя | INTLSEO,"Цель заключалась в увеличении видимости и количества заказов через сайт. Мы провели комплексную SEO-оптимизацию, улучшили структуру контента и улучшили технические параметры сайта, что позволило улучшить позиции и привлечь больше покупателей.",Online-магазин спортивного оборудованя,38,True,Missing canonical on content-like 200 pages,count=206,SEO_DECISION,Add self-referencing canonical on templates
CANON-MISSING,MEDIUM,CANONICAL,https://i-seo.su/cases/altexa.html,static,200,True,,SEO Кейс Altexa - Юридическая компания | INTLSEO,"Юридическая компания Altexa — задача заключалась в росте видимости и количества обращений через сайт. Мы провели техническую оптимизацию, улучшили контент и внедрили стратегии по увеличению количества внешних ссылок, что дало отличный результат.",Юридическая компания Altexa,39,True,Missing canonical on content-like 200 pages,count=206,SEO_DECISION,Add self-referencing canonical on templates
CANON-MISSING,MEDIUM,CANONICAL,https://i-seo.su/cases/apk.html,static,200,True,,SEO Кейс APKdatamod - Агрегатор мобильных игр | INTLSEO,"APKdatamod — сайт с мобильными играми для Android. Мы провели оптимизацию контента, улучшили структуру сайта и внедрили SEO-стратегии, что позволило значительно повысить позиции и привлечь больше пользователей.",Агрегатор мобильных игр APKdatamod,38,True,Missing canonical on content-like 200 pages,count=206,SEO_DECISION,Add self-referencing canonical on templates
CANON-MISSING,MEDIUM,CANONICAL,https://i-seo.su/cases/aqua-house.html,static,200,True,,SEO Кейс Online-магазина фильтров для воды | INTLSEO,"Интернет-магазин фильтров для воды — задача заключалась в увеличении количества заказов и улучшении видимости в поисковых системах по Москве. Мы провели оптимизацию сайта, улучшили структуру и контент.",Интернет-магазин фильтров для воды,38,True,Missing canonical on content-like 200 pages,count=206,SEO_DECISION,Add self-referencing canonical on templates
CANON-MISSING,MEDIUM,CANONICAL,https://i-seo.su/cases/aviasolution.html,static,200,True,,SEO Кейс Aviasolution - Поставщик авиазапчастей | INTLSEO,"Aviasolution — компания, занимающаяся поставкой авиазапчастей, обратилась к нам с задачей улучшить свою видимость в поисковых системах по всей России и увеличить количество заказов. Мы оптимизировали сайт, внедрили стратегии контент-маркетинга и SEO-продвижения, что позволило компании значительно повысить свои позиции и привлечь новых клиентов.",Поставщик авиазапчастей Aviasolution,38,True,Missing canonical on content-like 200 pages,count=206,SEO_DECISION,Add self-referencing canonical on templates
CANON-MISSING,MEDIUM,CANONICAL,https://i-seo.su/cases/belkhoum.html,static,200,True,,SEO Кейс Online-магазина мебели из Белорусии | INTLSEO,"Интернет-магазин белорусской мебели Belhome поставил задачу увеличить количество заказов и улучшить видимость в поисковых системах по Москве. Для достижения этой цели мы оптимизировали сайт, настроили обновление ассортимента и цен, настроили выгрузку товаров на маркет-плейсы.",Интернет-магазин белорусской мебели,38,True,Missing canonical on content-like 200 pages,count=206,SEO_DECISION,Add self-referencing canonical on templates
CANON-MISSING,MEDIUM,CANONICAL,https://i-seo.su/cases/corsini.html,static,200,True,,SEO Кейс Corsini - Online-магазин бытовой техники | INTLSEO,"Широкий ассортимент качественной бытовой техники от Corsini и удобство покупок делают магазин привлекательным для покупателей. Мы оптимизировали сайт, настроили выгрузку товаров в Яндекс Маркет и обеспечили интернет-мегазин трафиком.",Online-магазин бытовой техники corsini,38,True,Missing canonical on content-like 200 pages,count=206,SEO_DECISION,Add self-referencing canonical on templates
CANON-MISSING,MEDIUM,CANONICAL,https://i-seo.su/cases/driveavenue.html,static,200,True,,Кейс: сайт автосалона Drive Avenue | INTLSEO,Для улучшения видимости в поиске и ривлечения трафика мы оптимизировали сайт и разработали эффективные маркетинговые стратегии.,Автосалон Drive Avenue,21,True,Missing canonical on content-like 200 pages,count=206,SEO_DECISION,Add self-referencing canonical on templates
CANON-MISSING,MEDIUM,CANONICAL,https://i-seo.su/cases/drnicole.html,static,200,True,,SEO Кейс Asteri Healing Arts - Доктор натуропат (США) | INTLSEO,"Проект Asteri Healing Arts, созданный доктором-натуропатом Николь Шустерман в США, пришел к нам за сайтом и сопровожлдением. Благодаря такой стратегии он начал получать траффик со второго месяца. Также наши усилия были направлены на разработку эффективных маркетинговых стратегий.",Доктор натуропат Asteri Healing Arts,39,True,Missing canonical on content-like 200 pages,count=206,SEO_DECISION,Add self-referencing canonical on templates
CANON-MISSING,MEDIUM,CANONICAL,https://i-seo.su/cases/fabric-st.html,static,200,True,,SEO Кейс Fabric-St - Мебельная премиум фабрика | INTLSEO,Для улучшения видимости в поиске и ривлечения трафика мы оптимизировали сайт и разработали эффективные маркетинговые стратегии. Высокое качество и эксклюзивный дизайн мебели делают продукцию Fabric-St востребованной среди ценителей премиум-класса.,Мебельная премиум фабрика fabric-st,43,True,Missing canonical on content-like 200 pages,count=206,SEO_DECISION,Add self-referencing canonical on templates
CANON-MISSING,MEDIUM,CANONICAL,https://i-seo.su/cases/fabrika-eko.html,static,200,True,,SEO Кейс Fabrika-Eko - online-магазин мебели | INTLSEO,"Для увеличения заказов было необходимо привлечь больше клиентов, оптимизировать сайт и разработать эффективные маркетинговые стратегии. Высокое качество мебели и устойчивые экологические стандарты делают продукцию Fabrika-Eko востребованной и конкурентоспособной на рынке.",online-магазин мебели fabrika-eko,133,True,Missing canonical on content-like 200 pages,count=206,SEO_DECISION,Add self-referencing canonical on templates
CANON-MISSING,MEDIUM,CANONICAL,https://i-seo.su/cases/iluve-me.html,static,200,True,,SEO Кейс iLuvMe (Дубай) - Премиальный салон красоты | INTLSEO,"Оптимизация сайта на Tilda и разработка эффективных маркетинговых стратегий помогли привлечь больше клиентов, повысить позиции в поиске и сделать услуги салона iLuvMe более востребованными среди жителей и гостей Дубая.",Премиальный салон красоты iLuvMe,40,True,Missing canonical on content-like 200 pages,count=206,SEO_DECISION,Add self-referencing canonical on templates
CANON-MISSING,MEDIUM,CANONICAL,https://i-seo.su/cases/institut-zdorovia.html,static,200,True,,Кейс: АНО ДПО «Институт Здоровья» | INTLSEO,"Для продвижения необходимо было усилить контент, повысить авторитет сайта и привлечь новых клиентов через стратегическую SEO-оптимизацию.",АНО ДПО «Институт Здоровья»,3,True,Missing canonical on content-like 200 pages,count=206,SEO_DECISION,Add self-referencing canonical on templates
CANON-MISSING,MEDIUM,CANONICAL,https://i-seo.su/cases/krokus.html,static,200,True,,SEO Кейс Crocus Fitness - Сеть фитнес центров | INTLSEO,"Оптимизация сайта и разработка эффективных маркетинговых стратегий помогут привлечь больше клиентов и повысить позиции в поиске, делая фитнес-услуги Crocus Fitness более доступными и востребованными.",Сеть фитнес центров Crocus fitness,167,True,Missing canonical on content-like 200 pages,count=206,SEO_DECISION,Add self-referencing canonical on templates
CANON-MISSING,MEDIUM,CANONICAL,https://i-seo.su/cases/line-sport.html,static,200,True,,SEO Кейс Line-Sport - Поставщик спортивного оборудования | INTLSEO,"ООО «Лайн-Спорт» занимается выпуском спортивной продукции, соответствующей международным стандартам качества. Оптимизация сайта и эффективные маркетинговые стратегии помогут привлечь больше клиентов и повысить позиции в поиске.",Поставщик спорт оборудования line-sport,136,True,Missing canonical on content-like 200 pages,count=206,SEO_DECISION,Add self-referencing canonical on templates
CANON-MISSING,MEDIUM,CANONICAL,https://i-seo.su/cases/magdalina.html,static,200,True,,SEO Кейс Иван Магдалина - Сайт Пластического хирурга | INTLSEO,"Приоритетным направлением работы пластического хирурга Ивана Магдалины являются эстетические операции на груди, включая как простые процедуры, так и сложные реконструкции железы и восстановления соска и ареолы. Оптимизация сайта и разработка эффективных маркетинговых стратегий помогли достигнуть отличных результатов.",Иван Магдалина - Пластический хирург,38,True,Missing canonical on content-like 200 pages,count=206,SEO_DECISION,Add self-referencing canonical on templates
CANON-MISSING,MEDIUM,CANONICAL,https://i-seo.su/cases/makita.html,static,200,True,,SEO Кейс Online-магазина инструментов Makita | INTLSEO,"Online-магазин инструментов Makita обозначил свою основную задачу так: увеличить количество заказов через сайт и улучшить видимость в поисковых системах по Москве и МО. Для достижения этой цели необходимо оптимизировать сайт, привлечь больше клиентов и разработать эффективные маркетинговые стратегии, направленные на улучшение позиций в поиске.",Online-магазин инструментов Makita,180,True,Missing canonical on content-like 200 pages,count=206,SEO_DECISION,Add self-referencing canonical on templates
CANON-MISSING,MEDIUM,CANONICAL,https://i-seo.su/cases/maltipoo-honey-club.html,static,200,True,,SEO Кейс Питомника премиальных собак Мальтипу | INTLSEO,"Питомник премиальной породы собак Мальтипу поставил перед INTLSEO четкую задачу: увеличить количество заказов через сайт и улучшить видимость в поисковых системах по Москве. Для достижения этой цели было необходимо привлечь больше клиентов, оптимизировать сайт и разработать эффективные маркетинговые стратегии для повышения позиций в поиске.",Питомник премиальных собак Мальтипу,51,True,Missing canonical on content-like 200 pages,count=206,SEO_DECISION,Add self-referencing canonical on templates
CANON-MISSING,MEDIUM,CANONICAL,https://i-seo.su/cases/podoexpert.html,static,200,True,,"Кейс: Центр подологии, ортопедии и дерматологии «ПодоЭксперт» | INTLSEO","Для продвижения клиники «ПодоЭксперт» мы провели полную SEO-оптимизацию, усилили структуру и контент сайта, увеличили видимость в поиске и привлекли новых клиентов через органический трафик.",Центр подологии «ПодоЭксперт»,1,True,Missing canonical on content-like 200 pages,count=206,SEO_DECISION,Add self-referencing canonical on templates
CANON-MISSING,MEDIUM,CANONICAL,https://i-seo.su/cases/ptipti.html,static,200,True,,Кейс: Онлайн-магазин детских товаров Ptipti | INTLSEO,"Для продвижения онлайн-магазина «Ptipti» мы оптимизировали сайт, усилили SEO-структуру и обеспечили рост видимости в поиске для привлечения новых покупателей со всей России.",Онлайн-магазин детских товаров «Ptipti»,4,True,Missing canonical on content-like 200 pages,count=206,SEO_DECISION,Add self-referencing canonical on templates
CANON-MISSING,MEDIUM,CANONICAL,https://i-seo.su/cases/ro-stroj.html,static,200,True,,Кейс: Строительство домов и гаражей от компании «АСД» | INTLSEO,"Для продвижения сайта компании «АСД» мы улучшили структуру, усилили SEO-контент и ссылочный профиль, что позволило привлечь больше клиентов и занять высокие позиции в поиске.",«АСД» - Арт Строй Дизайн,1,True,Missing canonical on content-like 200 pages,count=206,SEO_DECISION,Add self-referencing canonical on templates
CANON-MISMATCH,MEDIUM,CANONICAL,https://i-seo.su/blog/,blog,200,True,https://i-seo.su/blog,Блог - INTLSEO Studio,"Актуальные статьи о SEO, GEO-продвижении в AI, кейсах клиентов и технической оптимизации сайтов от экспертов агентства INTLSEO Studio. Новости и разборы digital-маркетинга.",Блог,0,True,Canonical differs from request URL,count=120,SEO_DECISION,Align preferred URL and canonical
CANON-MISMATCH,MEDIUM,CANONICAL,https://i-seo.su/blog?sort=date-asc,blog,200,True,https://i-seo.su/blog,Блог - INTLSEO Studio,"Актуальные статьи о SEO, GEO-продвижении в AI, кейсах клиентов и технической оптимизации сайтов от экспертов агентства INTLSEO Studio. Новости и разборы digital-маркетинга.",Блог,41,False,Canonical differs from request URL,count=120,SEO_DECISION,Align preferred URL and canonical
CANON-MISMATCH,MEDIUM,CANONICAL,https://i-seo.su/blog?sort=date-desc,blog,200,True,https://i-seo.su/blog,Блог - INTLSEO Studio,"Актуальные статьи о SEO, GEO-продвижении в AI, кейсах клиентов и технической оптимизации сайтов от экспертов агентства INTLSEO Studio. Новости и разборы digital-маркетинга.",Блог,22,False,Canonical differs from request URL,count=120,SEO_DECISION,Align preferred URL and canonical
CANON-MISMATCH,MEDIUM,CANONICAL,https://i-seo.su/blog?sort=popular-asc,blog,200,True,https://i-seo.su/blog,Блог - INTLSEO Studio,"Актуальные статьи о SEO, GEO-продвижении в AI, кейсах клиентов и технической оптимизации сайтов от экспертов агентства INTLSEO Studio. Новости и разборы digital-маркетинга.",Блог,18,False,Canonical differs from request URL,count=120,SEO_DECISION,Align preferred URL and canonical
CANON-MISMATCH,MEDIUM,CANONICAL,https://i-seo.su/blog?sort=popular-desc,blog,200,True,https://i-seo.su/blog,Блог - INTLSEO Studio,"Актуальные статьи о SEO, GEO-продвижении в AI, кейсах клиентов и технической оптимизации сайтов от экспертов агентства INTLSEO Studio. Новости и разборы digital-маркетинга.",Блог,45,False,Canonical differs from request URL,count=120,SEO_DECISION,Align preferred URL and canonical
CANON-MISMATCH,MEDIUM,CANONICAL,https://i-seo.su/blog?sort=rating-asc,blog,200,True,https://i-seo.su/blog,Блог - INTLSEO Studio,"Актуальные статьи о SEO, GEO-продвижении в AI, кейсах клиентов и технической оптимизации сайтов от экспертов агентства INTLSEO Studio. Новости и разборы digital-маркетинга.",Блог,18,False,Canonical differs from request URL,count=120,SEO_DECISION,Align preferred URL and canonical
CANON-MISMATCH,MEDIUM,CANONICAL,https://i-seo.su/blog?sort=rating-desc,blog,200,True,https://i-seo.su/blog,Блог - INTLSEO Studio,"Актуальные статьи о SEO, GEO-продвижении в AI, кейсах клиентов и технической оптимизации сайтов от экспертов агентства INTLSEO Studio. Новости и разборы digital-маркетинга.",Блог,45,False,Canonical differs from request URL,count=120,SEO_DECISION,Align preferred URL and canonical
CANON-MISMATCH,MEDIUM,CANONICAL,https://i-seo.su/blog?tags=ai,blog,200,True,https://i-seo.su/blog,Блог - INTLSEO Studio,"Актуальные статьи о SEO, GEO-продвижении в AI, кейсах клиентов и технической оптимизации сайтов от экспертов агентства INTLSEO Studio. Новости и разборы digital-маркетинга.",Блог,34,False,Canonical differs from request URL,count=120,SEO_DECISION,Align preferred URL and canonical
CANON-MISMATCH,MEDIUM,CANONICAL,https://i-seo.su/blog?tags=ai&sort=date-asc,blog,200,True,https://i-seo.su/blog,Блог - INTLSEO Studio,"Актуальные статьи о SEO, GEO-продвижении в AI, кейсах клиентов и технической оптимизации сайтов от экспертов агентства INTLSEO Studio. Новости и разборы digital-маркетинга.",Блог,19,False,Canonical differs from request URL,count=120,SEO_DECISION,Align preferred URL and canonical
CANON-MISMATCH,MEDIUM,CANONICAL,https://i-seo.su/blog?tags=ai&sort=date-desc,blog,200,True,https://i-seo.su/blog,Блог - INTLSEO Studio,"Актуальные статьи о SEO, GEO-продвижении в AI, кейсах клиентов и технической оптимизации сайтов от экспертов агентства INTLSEO Studio. Новости и разборы digital-маркетинга.",Блог,22,False,Canonical differs from request URL,count=120,SEO_DECISION,Align preferred URL and canonical
CANON-MISMATCH,MEDIUM,CANONICAL,https://i-seo.su/blog?tags=ai&sort=popular-asc,blog,200,True,https://i-seo.su/blog,Блог - INTLSEO Studio,"Актуальные статьи о SEO, GEO-продвижении в AI, кейсах клиентов и технической оптимизации сайтов от экспертов агентства INTLSEO Studio. Новости и разборы digital-маркетинга.",Блог,18,False,Canonical differs from request URL,count=120,SEO_DECISION,Align preferred URL and canonical
CANON-MISMATCH,MEDIUM,CANONICAL,https://i-seo.su/blog?tags=ai&sort=popular-desc,blog,200,True,https://i-seo.su/blog,Блог - INTLSEO Studio,"Актуальные статьи о SEO, GEO-продвижении в AI, кейсах клиентов и технической оптимизации сайтов от экспертов агентства INTLSEO Studio. Новости и разборы digital-маркетинга.",Блог,23,False,Canonical differs from request URL,count=120,SEO_DECISION,Align preferred URL and canonical
CANON-MISMATCH,MEDIUM,CANONICAL,https://i-seo.su/blog?tags=ai&sort=rating-asc,blog,200,True,https://i-seo.su/blog,Блог - INTLSEO Studio,"Актуальные статьи о SEO, GEO-продвижении в AI, кейсах клиентов и технической оптимизации сайтов от экспертов агентства INTLSEO Studio. Новости и разборы digital-маркетинга.",Блог,18,False,Canonical differs from request URL,count=120,SEO_DECISION,Align preferred URL and canonical
CANON-MISMATCH,MEDIUM,CANONICAL,https://i-seo.su/blog?tags=ai&sort=rating-desc,blog,200,True,https://i-seo.su/blog,Блог - INTLSEO Studio,"Актуальные статьи о SEO, GEO-продвижении в AI, кейсах клиентов и технической оптимизации сайтов от экспертов агентства INTLSEO Studio. Новости и разборы digital-маркетинга.",Блог,23,False,Canonical differs from request URL,count=120,SEO_DECISION,Align preferred URL and canonical
CANON-MISMATCH,MEDIUM,CANONICAL,https://i-seo.su/blog?tags=analitika,blog,200,True,https://i-seo.su/blog,Блог - INTLSEO Studio,"Актуальные статьи о SEO, GEO-продвижении в AI, кейсах клиентов и технической оптимизации сайтов от экспертов агентства INTLSEO Studio. Новости и разборы digital-маркетинга.",Блог,34,False,Canonical differs from request URL,count=120,SEO_DECISION,Align preferred URL and canonical
CANON-MISMATCH,MEDIUM,CANONICAL,https://i-seo.su/blog?tags=analitika&sort=date-asc,blog,200,True,https://i-seo.su/blog,Блог - INTLSEO Studio,"Актуальные статьи о SEO, GEO-продвижении в AI, кейсах клиентов и технической оптимизации сайтов от экспертов агентства INTLSEO Studio. Новости и разборы digital-маркетинга.",Блог,19,False,Canonical differs from request URL,count=120,SEO_DECISION,Align preferred URL and canonical
CANON-MISMATCH,MEDIUM,CANONICAL,https://i-seo.su/blog?tags=analitika&sort=date-desc,blog,200,True,https://i-seo.su/blog,Блог - INTLSEO Studio,"Актуальные статьи о SEO, GEO-продвижении в AI, кейсах клиентов и технической оптимизации сайтов от экспертов агентства INTLSEO Studio. Новости и разборы digital-маркетинга.",Блог,22,False,Canonical differs from request URL,count=120,SEO_DECISION,Align preferred URL and canonical
CANON-MISMATCH,MEDIUM,CANONICAL,https://i-seo.su/blog?tags=analitika&sort=popular-asc,blog,200,True,https://i-seo.su/blog,Блог - INTLSEO Studio,"Актуальные статьи о SEO, GEO-продвижении в AI, кейсах клиентов и технической оптимизации сайтов от экспертов агентства INTLSEO Studio. Новости и разборы digital-маркетинга.",Блог,18,False,Canonical differs from request URL,count=120,SEO_DECISION,Align preferred URL and canonical
CANON-MISMATCH,MEDIUM,CANONICAL,https://i-seo.su/blog?tags=analitika&sort=popular-desc,blog,200,True,https://i-seo.su/blog,Блог - INTLSEO Studio,"Актуальные статьи о SEO, GEO-продвижении в AI, кейсах клиентов и технической оптимизации сайтов от экспертов агентства INTLSEO Studio. Новости и разборы digital-маркетинга.",Блог,23,False,Canonical differs from request URL,count=120,SEO_DECISION,Align preferred URL and canonical
CANON-MISMATCH,MEDIUM,CANONICAL,https://i-seo.su/blog?tags=analitika&sort=rating-asc,blog,200,True,https://i-seo.su/blog,Блог - INTLSEO Studio,"Актуальные статьи о SEO, GEO-продвижении в AI, кейсах клиентов и технической оптимизации сайтов от экспертов агентства INTLSEO Studio. Новости и разборы digital-маркетинга.",Блог,18,False,Canonical differs from request URL,count=120,SEO_DECISION,Align preferred URL and canonical
CANON-MISMATCH,MEDIUM,CANONICAL,https://i-seo.su/blog?tags=analitika&sort=rating-desc,blog,200,True,https://i-seo.su/blog,Блог - INTLSEO Studio,"Актуальные статьи о SEO, GEO-продвижении в AI, кейсах клиентов и технической оптимизации сайтов от экспертов агентства INTLSEO Studio. Новости и разборы digital-маркетинга.",Блог,23,False,Canonical differs from request URL,count=120,SEO_DECISION,Align preferred URL and canonical
CANON-MISMATCH,MEDIUM,CANONICAL,https://i-seo.su/blog?tags=chernyj-spisok,blog,200,True,https://i-seo.su/blog,Блог - INTLSEO Studio,"Актуальные статьи о SEO, GEO-продвижении в AI, кейсах клиентов и технической оптимизации сайтов от экспертов агентства INTLSEO Studio. Новости и разборы digital-маркетинга.",Блог,33,False,Canonical differs from request URL,count=120,SEO_DECISION,Align preferred URL and canonical
CANON-MISMATCH,MEDIUM,CANONICAL,https://i-seo.su/blog?tags=chernyj-spisok&sort=date-asc,blog,200,True,https://i-seo.su/blog,Блог - INTLSEO Studio,"Актуальные статьи о SEO, GEO-продвижении в AI, кейсах клиентов и технической оптимизации сайтов от экспертов агентства INTLSEO Studio. Новости и разборы digital-маркетинга.",Блог,19,False,Canonical differs from request URL,count=120,SEO_DECISION,Align preferred URL and canonical
CANON-MISMATCH,MEDIUM,CANONICAL,https://i-seo.su/blog?tags=chernyj-spisok&sort=date-desc,blog,200,True,https://i-seo.su/blog,Блог - INTLSEO Studio,"Актуальные статьи о SEO, GEO-продвижении в AI, кейсах клиентов и технической оптимизации сайтов от экспертов агентства INTLSEO Studio. Новости и разборы digital-маркетинга.",Блог,22,False,Canonical differs from request URL,count=120,SEO_DECISION,Align preferred URL and canonical
CANON-MISMATCH,MEDIUM,CANONICAL,https://i-seo.su/blog?tags=chernyj-spisok&sort=popular-asc,blog,200,True,https://i-seo.su/blog,Блог - INTLSEO Studio,"Актуальные статьи о SEO, GEO-продвижении в AI, кейсах клиентов и технической оптимизации сайтов от экспертов агентства INTLSEO Studio. Новости и разборы digital-маркетинга.",Блог,18,False,Canonical differs from request URL,count=120,SEO_DECISION,Align preferred URL and canonical
CANON-MISMATCH,MEDIUM,CANONICAL,https://i-seo.su/blog?tags=chernyj-spisok&sort=popular-desc,blog,200,True,https://i-seo.su/blog,Блог - INTLSEO Studio,"Актуальные статьи о SEO, GEO-продвижении в AI, кейсах клиентов и технической оптимизации сайтов от экспертов агентства INTLSEO Studio. Новости и разборы digital-маркетинга.",Блог,23,False,Canonical differs from request URL,count=120,SEO_DECISION,Align preferred URL and canonical
CANON-MISMATCH,MEDIUM,CANONICAL,https://i-seo.su/blog?tags=chernyj-spisok&sort=rating-asc,blog,200,True,https://i-seo.su/blog,Блог - INTLSEO Studio,"Актуальные статьи о SEO, GEO-продвижении в AI, кейсах клиентов и технической оптимизации сайтов от экспертов агентства INTLSEO Studio. Новости и разборы digital-маркетинга.",Блог,18,False,Canonical differs from request URL,count=120,SEO_DECISION,Align preferred URL and canonical
CANON-MISMATCH,MEDIUM,CANONICAL,https://i-seo.su/blog?tags=chernyj-spisok&sort=rating-desc,blog,200,True,https://i-seo.su/blog,Блог - INTLSEO Studio,"Актуальные статьи о SEO, GEO-продвижении в AI, кейсах клиентов и технической оптимизации сайтов от экспертов агентства INTLSEO Studio. Новости и разборы digital-маркетинга.",Блог,23,False,Canonical differs from request URL,count=120,SEO_DECISION,Align preferred URL and canonical
CANON-MISMATCH,MEDIUM,CANONICAL,https://i-seo.su/blog?tags=domen,blog,200,True,https://i-seo.su/blog,Блог - INTLSEO Studio,"Актуальные статьи о SEO, GEO-продвижении в AI, кейсах клиентов и технической оптимизации сайтов от экспертов агентства INTLSEO Studio. Новости и разборы digital-маркетинга.",Блог,36,False,Canonical differs from request URL,count=120,SEO_DECISION,Align preferred URL and canonical
CANON-MISMATCH,MEDIUM,CANONICAL,https://i-seo.su/blog?tags=domen&sort=date-asc,blog,200,True,https://i-seo.su/blog,Блог - INTLSEO Studio,"Актуальные статьи о SEO, GEO-продвижении в AI, кейсах клиентов и технической оптимизации сайтов от экспертов агентства INTLSEO Studio. Новости и разборы digital-маркетинга.",Блог,19,False,Canonical differs from request URL,count=120,SEO_DECISION,Align preferred URL and canonical
CANON-MISMATCH,MEDIUM,CANONICAL,https://i-seo.su/blog?tags=domen&sort=date-desc,blog,200,True,https://i-seo.su/blog,Блог - INTLSEO Studio,"Актуальные статьи о SEO, GEO-продвижении в AI, кейсах клиентов и технической оптимизации сайтов от экспертов агентства INTLSEO Studio. Новости и разборы digital-маркетинга.",Блог,22,False,Canonical differs from request URL,count=120,SEO_DECISION,Align preferred URL and canonical
CANON-MISMATCH,MEDIUM,CANONICAL,https://i-seo.su/blog?tags=domen&sort=popular-asc,blog,200,True,https://i-seo.su/blog,Блог - INTLSEO Studio,"Актуальные статьи о SEO, GEO-продвижении в AI, кейсах клиентов и технической оптимизации сайтов от экспертов агентства INTLSEO Studio. Новости и разборы digital-маркетинга.",Блог,18,False,Canonical differs from request URL,count=120,SEO_DECISION,Align preferred URL and canonical
CANON-MISMATCH,MEDIUM,CANONICAL,https://i-seo.su/blog?tags=domen&sort=popular-desc,blog,200,True,https://i-seo.su/blog,Блог - INTLSEO Studio,"Актуальные статьи о SEO, GEO-продвижении в AI, кейсах клиентов и технической оптимизации сайтов от экспертов агентства INTLSEO Studio. Новости и разборы digital-маркетинга.",Блог,23,False,Canonical differs from request URL,count=120,SEO_DECISION,Align preferred URL and canonical
CANON-MISMATCH,MEDIUM,CANONICAL,https://i-seo.su/blog?tags=domen&sort=rating-asc,blog,200,True,https://i-seo.su/blog,Блог - INTLSEO Studio,"Актуальные статьи о SEO, GEO-продвижении в AI, кейсах клиентов и технической оптимизации сайтов от экспертов агентства INTLSEO Studio. Новости и разборы digital-маркетинга.",Блог,18,False,Canonical differs from request URL,count=120,SEO_DECISION,Align preferred URL and canonical
CANON-MISMATCH,MEDIUM,CANONICAL,https://i-seo.su/blog?tags=domen&sort=rating-desc,blog,200,True,https://i-seo.su/blog,Блог - INTLSEO Studio,"Актуальные статьи о SEO, GEO-продвижении в AI, кейсах клиентов и технической оптимизации сайтов от экспертов агентства INTLSEO Studio. Новости и разборы digital-маркетинга.",Блог,23,False,Canonical differs from request URL,count=120,SEO_DECISION,Align preferred URL and canonical
CANON-MISMATCH,MEDIUM,CANONICAL,https://i-seo.su/blog?tags=e-e-a-t,blog,200,True,https://i-seo.su/blog,Блог - INTLSEO Studio,"Актуальные статьи о SEO, GEO-продвижении в AI, кейсах клиентов и технической оптимизации сайтов от экспертов агентства INTLSEO Studio. Новости и разборы digital-маркетинга.",Блог,33,False,Canonical differs from request URL,count=120,SEO_DECISION,Align preferred URL and canonical
CANON-MISMATCH,MEDIUM,CANONICAL,https://i-seo.su/blog?tags=e-e-a-t&sort=date-asc,blog,200,True,https://i-seo.su/blog,Блог - INTLSEO Studio,"Актуальные статьи о SEO, GEO-продвижении в AI, кейсах клиентов и технической оптимизации сайтов от экспертов агентства INTLSEO Studio. Новости и разборы digital-маркетинга.",Блог,19,False,Canonical differs from request URL,count=120,SEO_DECISION,Align preferred URL and canonical
CANON-MISMATCH,MEDIUM,CANONICAL,https://i-seo.su/blog?tags=e-e-a-t&sort=date-desc,blog,200,True,https://i-seo.su/blog,Блог - INTLSEO Studio,"Актуальные статьи о SEO, GEO-продвижении в AI, кейсах клиентов и технической оптимизации сайтов от экспертов агентства INTLSEO Studio. Новости и разборы digital-маркетинга.",Блог,22,False,Canonical differs from request URL,count=120,SEO_DECISION,Align preferred URL and canonical
CANON-MISMATCH,MEDIUM,CANONICAL,https://i-seo.su/blog?tags=e-e-a-t&sort=popular-asc,blog,200,True,https://i-seo.su/blog,Блог - INTLSEO Studio,"Актуальные статьи о SEO, GEO-продвижении в AI, кейсах клиентов и технической оптимизации сайтов от экспертов агентства INTLSEO Studio. Новости и разборы digital-маркетинга.",Блог,18,False,Canonical differs from request URL,count=120,SEO_DECISION,Align preferred URL and canonical
CANON-MISMATCH,MEDIUM,CANONICAL,https://i-seo.su/blog?tags=e-e-a-t&sort=popular-desc,blog,200,True,https://i-seo.su/blog,Блог - INTLSEO Studio,"Актуальные статьи о SEO, GEO-продвижении в AI, кейсах клиентов и технической оптимизации сайтов от экспертов агентства INTLSEO Studio. Новости и разборы digital-маркетинга.",Блог,23,False,Canonical differs from request URL,count=120,SEO_DECISION,Align preferred URL and canonical
SM-NONINDEX,MEDIUM,SITEMAP,https://i-seo.su/tariff-calc,other,200,False,,Калькулятор тарифов - INTLSEO Studio,,Калькулятор тарифов,648,True,Sitemap URLs noindex/non-indexable,count=54,SEO_DECISION,Remove from sitemap or make indexable
SM-NONINDEX,MEDIUM,SITEMAP,https://i-seo.su/offers,offers,200,False,,Предложения - INTLSEO Studio,,Предложения,0,True,Sitemap URLs noindex/non-indexable,count=54,SEO_DECISION,Remove from sitemap or make indexable
SM-NONINDEX,MEDIUM,SITEMAP,https://i-seo.su/offers/,offers,200,False,,Предложения - INTLSEO Studio,,Предложения,0,True,Sitemap URLs noindex/non-indexable,count=54,SEO_DECISION,Remove from sitemap or make indexable
SM-NONINDEX,MEDIUM,SITEMAP,https://i-seo.su/offer/test,offers,200,False,,Тестовое предложение - INTLSEO Studio,,Коммерческое предложение,0,True,Sitemap URLs noindex/non-indexable,count=54,SEO_DECISION,Remove from sitemap or make indexable
SM-NONINDEX,MEDIUM,SITEMAP,https://i-seo.su/offer/kp-stroy-market,offers,200,False,,Коммерческое предложение для СтройМаркет,Аудит вашего сайта приложен файлом pdf. Точки роста. Этапы работ. Стоимость. Кейсы. Отзывы. Команда проекта. Контакты,Коммерческое предложение,0,True,Sitemap URLs noindex/non-indexable,count=54,SEO_DECISION,Remove from sitemap or make indexable
SM-NONINDEX,MEDIUM,SITEMAP,https://i-seo.su/offer/kp-rehabmoscow,offers,200,False,,Коммерческое предложение для Rehabmoscow,Аудит вашего сайта приложен файлом pdf. Точки роста. Этапы работ. Стоимость. Кейсы. Отзывы. Команда проекта. Контакты,Коммерческое предложение,0,True,Sitemap URLs noindex/non-indexable,count=54,SEO_DECISION,Remove from sitemap or make indexable
SM-NONINDEX,MEDIUM,SITEMAP,https://i-seo.su/offer/kp-buh-krasnodar,offers,200,False,,Коммерческое предложение для buh-krasnodar,Аудит вашего сайта приложен файлом pdf.,Коммерческое предложение,0,True,Sitemap URLs noindex/non-indexable,count=54,SEO_DECISION,Remove from sitemap or make indexable
SM-NONINDEX,MEDIUM,SITEMAP,https://i-seo.su/offer/kp-dlya-gsn-auto-ru,offers,200,False,,КП для сайта gsn-auto.ru,КП с точками роста и тех.аудитом,Коммерческое предложение,0,True,Sitemap URLs noindex/non-indexable,count=54,SEO_DECISION,Remove from sitemap or make indexable
SM-NONINDEX,MEDIUM,SITEMAP,https://i-seo.su/offer/kp-dlya-gazss-ru,offers,200,False,,КП для gazss.ru - INTLSEO Studio,КП и тех.аудит для gazss.ru,Коммерческое предложение,0,True,Sitemap URLs noindex/non-indexable,count=54,SEO_DECISION,Remove from sitemap or make indexable
SM-NONINDEX,MEDIUM,SITEMAP,https://i-seo.su/offer/kp-dlya-innovaai-ru,offers,200,False,,КП для innovaai.ru - INTLSEO Studio,Тех. аудит и КП для ИИ innova,Коммерческое предложение,0,True,Sitemap URLs noindex/non-indexable,count=54,SEO_DECISION,Remove from sitemap or make indexable
SM-NONINDEX,MEDIUM,SITEMAP,https://i-seo.su/offer/kp-dlya-ckperemeny-ru,offers,200,False,,КП для ckperemeny.ru - INTLSEO Studio,Аудит и КП,Коммерческое предложение,0,True,Sitemap URLs noindex/non-indexable,count=54,SEO_DECISION,Remove from sitemap or make indexable
SM-NONINDEX,MEDIUM,SITEMAP,https://i-seo.su/offer/kp-dlya-klimat-master-ru,offers,200,False,,КП для klimat-master.ru - INTLSEO Studio,Кп + тех аудит сайта,Коммерческое предложение,0,True,Sitemap URLs noindex/non-indexable,count=54,SEO_DECISION,Remove from sitemap or make indexable
SM-NONINDEX,MEDIUM,SITEMAP,https://i-seo.su/offer/kp-territoriya-prokata,offers,200,False,,Коммерческое предложение для Rehabmoscow,Аудит вашего сайта приложен файлом pdf. Точки роста. Этапы работ. Стоимость. Кейсы. Отзывы. Команда проекта. Контакты,Коммерческое предложение,0,True,Sitemap URLs noindex/non-indexable,count=54,SEO_DECISION,Remove from sitemap or make indexable
SM-NONINDEX,MEDIUM,SITEMAP,https://i-seo.su/offer/kp-brost,offers,200,False,,Коммерческое предложение для Бизнес-Рост,Аудит вашего сайта приложен файлом pdf. Точки роста. Этапы работ. Стоимость. Кейсы. Отзывы. Команда проекта. Контакты,Коммерческое предложение,0,True,Sitemap URLs noindex/non-indexable,count=54,SEO_DECISION,Remove from sitemap or make indexable
SM-NONINDEX,MEDIUM,SITEMAP,https://i-seo.su/offer/kp-oleandra,offers,200,False,,Коммерческое предложение для клиники стоматологии в Перми,Аудит вашего сайта приложен файлом pdf. Точки роста. Этапы работ. Стоимость. Кейсы. Отзывы. Команда проекта. Контакты,Коммерческое предложение,0,True,Sitemap URLs noindex/non-indexable,count=54,SEO_DECISION,Remove from sitemap or make indexable
SM-NONINDEX,MEDIUM,SITEMAP,https://i-seo.su/offer/kp-dlya-skn-dom,offers,200,False,,Коммерческое предложение для skn-dom,Аудит вашего сайта приложен файлом pdf. Точки роста. Этапы работ. Стоимость. Кейсы. Отзывы. Команда проекта. Контакты,Коммерческое предложение,0,True,Sitemap URLs noindex/non-indexable,count=54,SEO_DECISION,Remove from sitemap or make indexable
SM-NONINDEX,MEDIUM,SITEMAP,https://i-seo.su/offer/kp-dlya-keywarm,offers,200,False,,Коммерческое предложение для keywarm,Аудит вашего сайта приложен файлом pdf. Точки роста. Этапы работ. Стоимость. Кейсы. Отзывы. Команда проекта. Контакты,Коммерческое предложение,0,True,Sitemap URLs noindex/non-indexable,count=54,SEO_DECISION,Remove from sitemap or make indexable
SM-NONINDEX,MEDIUM,SITEMAP,https://i-seo.su/offer/kp-dlya-konturteplo,offers,200,False,,Коммерческое предложение для контуртепло.рф,Аудит вашего сайта приложен файлом pdf. Точки роста. Этапы работ. Стоимость. Кейсы. Отзывы. Команда проекта. Контакты,Коммерческое предложение,0,True,Sitemap URLs noindex/non-indexable,count=54,SEO_DECISION,Remove from sitemap or make indexable
SM-NONINDEX,MEDIUM,SITEMAP,https://i-seo.su/offer/kp-dlya-meatbridge,offers,200,False,,Коммерческое предложение для maetbridge,Аудит вашего сайта приложен файлом pdf. Точки роста. Этапы работ. Стоимость. Кейсы. Отзывы. Команда проекта. Контакты,Коммерческое предложение,0,True,Sitemap URLs noindex/non-indexable,count=54,SEO_DECISION,Remove from sitemap or make indexable
SM-NONINDEX,MEDIUM,SITEMAP,https://i-seo.su/offer/kp-dlya-vdservis,offers,200,False,,Коммерческое предложение для ВДСервис Событий,Аудит вашего сайта приложен файлом pdf. Точки роста. Этапы работ. Стоимость. Кейсы. Отзывы. Команда проекта. Контакты,Коммерческое предложение,0,True,Sitemap URLs noindex/non-indexable,count=54,SEO_DECISION,Remove from sitemap or make indexable
SM-NONINDEX,MEDIUM,SITEMAP,https://i-seo.su/offer/kp-dlya-litomarket,offers,200,False,,Коммерческое предложение для Литомаркет,Аудит вашего сайта приложен файлом pdf. Точки роста. Этапы работ. Стоимость. Кейсы. Отзывы. Команда проекта. Контакты,Коммерческое предложение,0,True,Sitemap URLs noindex/non-indexable,count=54,SEO_DECISION,Remove from sitemap or make indexable
SM-NONINDEX,MEDIUM,SITEMAP,https://i-seo.su/offer/kp-dlya-kollagen-pmt,offers,200,False,,Коммерческое предложение для collagen-pmt,Аудит вашего сайта приложен файлом pdf. Точки роста. Этапы работ. Стоимость. Кейсы. Отзывы. Команда проекта. Контакты,Коммерческое предложение,0,True,Sitemap URLs noindex/non-indexable,count=54,SEO_DECISION,Remove from sitemap or make indexable
SM-NONINDEX,MEDIUM,SITEMAP,https://i-seo.su/offer/kp-dlya-lystoppen,offers,200,False,,Коммерческое предложение для LYSTOPPEN,Аудит вашего сайта приложен файлом pdf. Точки роста. Этапы работ. Стоимость. Кейсы. Отзывы. Команда проекта. Контакты,Коммерческое предложение,0,True,Sitemap URLs noindex/non-indexable,count=54,SEO_DECISION,Remove from sitemap or make indexable
SM-NONINDEX,MEDIUM,SITEMAP,https://i-seo.su/offer/kp-dlya-reka-cvetov,offers,200,False,,Коммерческое предложение для Река Цветов,Аудит вашего сайта приложен файлом pdf. Точки роста. Этапы работ. Стоимость. Кейсы. Отзывы. Команда проекта. Контакты,Коммерческое предложение,0,True,Sitemap URLs noindex/non-indexable,count=54,SEO_DECISION,Remove from sitemap or make indexable
SM-NONINDEX,MEDIUM,SITEMAP,https://i-seo.su/offer/kp-dlya-tentov,offers,200,False,,Коммерческое предложение для Тентовъ,Аудит вашего сайта приложен файлом pdf. Точки роста. Этапы работ. Стоимость. Кейсы. Отзывы. Команда проекта. Контакты,Коммерческое предложение,0,True,Sitemap URLs noindex/non-indexable,count=54,SEO_DECISION,Remove from sitemap or make indexable
SM-NONINDEX,MEDIUM,SITEMAP,https://i-seo.su/offer/kp-dlya-findreason,offers,200,False,,Коммерческое предложение для Повод найдется,Аудит вашего сайта приложен файлом pdf. Точки роста. Этапы работ. Стоимость. Кейсы. Отзывы. Команда проекта. Контакты,Коммерческое предложение,0,True,Sitemap URLs noindex/non-indexable,count=54,SEO_DECISION,Remove from sitemap or make indexable
SM-NONINDEX,MEDIUM,SITEMAP,https://i-seo.su/offer/kp-dlya-yyy,offers,200,False,,Коммерческое предложение для YYY,Аудит вашего сайта приложен файлом pdf. Точки роста. Этапы работ. Стоимость. Кейсы. Отзывы. Команда проекта. Контакты,Коммерческое предложение,0,True,Sitemap URLs noindex/non-indexable,count=54,SEO_DECISION,Remove from sitemap or make indexable
SM-NONINDEX,MEDIUM,SITEMAP,https://i-seo.su/offer/kp-dlya-tekstil,offers,200,False,,Коммерческое предложение для Atelier tekstile,Аудит вашего сайта приложен файлом pdf. Точки роста. Этапы работ. Стоимость. Кейсы. Отзывы. Команда проекта. Контакты,Коммерческое предложение,0,True,Sitemap URLs noindex/non-indexable,count=54,SEO_DECISION,Remove from sitemap or make indexable
SM-NONINDEX,MEDIUM,SITEMAP,https://i-seo.su/offer/kp-dlya-acril-plastic,offers,200,False,,Коммерческое предложение для ПластикАкрил,Аудит вашего сайта приложен файлом pdf. Точки роста. Этапы работ. Стоимость. Кейсы. Отзывы. Команда проекта. Контакты,Коммерческое предложение,0,True,Sitemap URLs noindex/non-indexable,count=54,SEO_DECISION,Remove from sitemap or make indexable
SM-NONINDEX,MEDIUM,SITEMAP,https://i-seo.su/offer/kp-dlya-expertiza,offers,200,False,,Коммерческое предложение для Экспертиза,Аудит вашего сайта приложен файлом pdf. Точки роста. Этапы работ. Стоимость. Кейсы. Отзывы. Команда проекта. Контакты,Коммерческое предложение,0,True,Sitemap URLs noindex/non-indexable,count=54,SEO_DECISION,Remove from sitemap or make indexable
SM-NONINDEX,MEDIUM,SITEMAP,https://i-seo.su/offer/kp-dlya-peptidy,offers,200,False,,Коммерческое предложение для Пептиды Премиум,Аудит вашего сайта приложен файлом pdf. Точки роста. Этапы работ. Стоимость. Кейсы. Отзывы. Команда проекта. Контакты,Коммерческое предложение,0,True,Sitemap URLs noindex/non-indexable,count=54,SEO_DECISION,Remove from sitemap or make indexable
SM-NONINDEX,MEDIUM,SITEMAP,https://i-seo.su/offer/kp-dlya-showerglass,offers,200,False,,Коммерческое предложение для Showerglass,Аудит вашего сайта приложен файлом pdf. Точки роста. Этапы работ. Стоимость. Кейсы. Отзывы. Команда проекта. Контакты,Коммерческое предложение,0,True,Sitemap URLs noindex/non-indexable,count=54,SEO_DECISION,Remove from sitemap or make indexable
SM-NONINDEX,MEDIUM,SITEMAP,https://i-seo.su/offer/kp-dlya-enzym,offers,200,False,,Коммерческое предложение для Enzym,Аудит вашего сайта приложен файлом pdf. Точки роста. Этапы работ. Стоимость. Кейсы. Отзывы. Команда проекта. Контакты,Коммерческое предложение,0,True,Sitemap URLs noindex/non-indexable,count=54,SEO_DECISION,Remove from sitemap or make indexable
SM-NONINDEX,MEDIUM,SITEMAP,https://i-seo.su/offer/kp-dlya-businesscommandos,offers,200,False,,Коммерческое предложение для Вusinesscommandos,Аудит вашего сайта приложен файлом pdf. Точки роста. Этапы работ. Стоимость. Кейсы. Отзывы. Команда проекта. Контакты,Коммерческое предложение,0,True,Sitemap URLs noindex/non-indexable,count=54,SEO_DECISION,Remove from sitemap or make indexable
SM-NONINDEX,MEDIUM,SITEMAP,https://i-seo.su/offer/kp-dlya-sophia,offers,200,False,,Коммерческое предложение для Издательство София,Аудит вашего сайта приложен файлом pdf. Точки роста. Этапы работ. Стоимость. Кейсы. Отзывы. Команда проекта. Контакты,Коммерческое предложение,0,True,Sitemap URLs noindex/non-indexable,count=54,SEO_DECISION,Remove from sitemap or make indexable
SM-NONINDEX,MEDIUM,SITEMAP,https://i-seo.su/offer/kp-dlya-lmsic,offers,200,False,,Коммерческое предложение для АО «Инвестиционная компания ЛМС»,Аудит вашего сайта приложен файлом pdf. Точки роста. Этапы работ. Стоимость. Кейсы. Отзывы. Команда проекта. Контакты,Коммерческое предложение,0,True,Sitemap URLs noindex/non-indexable,count=54,SEO_DECISION,Remove from sitemap or make indexable
SM-NONINDEX,MEDIUM,SITEMAP,https://i-seo.su/offer/kp-dlya-dom-tekstilya,offers,200,False,,Коммерческое предложение для Торговый дом Текстиля,Аудит вашего сайта приложен файлом pdf. Точки роста. Этапы работ. Стоимость. Кейсы. Отзывы. Команда проекта. Контакты,Коммерческое предложение,0,True,Sitemap URLs noindex/non-indexable,count=54,SEO_DECISION,Remove from sitemap or make indexable
SM-NONINDEX,MEDIUM,SITEMAP,https://i-seo.su/offer/kp-dlya-torgovyj-visatravel,offers,200,False,,Коммерческое предложение для Visatravel,Аудит вашего сайта приложен файлом pdf. Точки роста. Этапы работ. Стоимость. Кейсы. Отзывы. Команда проекта. Контакты,Коммерческое предложение,0,True,Sitemap URLs noindex/non-indexable,count=54,SEO_DECISION,Remove from sitemap or make indexable
SM-NONINDEX,MEDIUM,SITEMAP,https://i-seo.su/blog/tag/seo,blog,200,False,,Архивы SEO - INTLSEO Studio,,Новости,0,True,Sitemap URLs noindex/non-indexable,count=54,SEO_DECISION,Remove from sitemap or make indexable
SM-NONINDEX,MEDIUM,SITEMAP,https://i-seo.su/blog/tag/metrika,blog,200,False,,Архивы Метрика - INTLSEO Studio,,Новости,0,True,Sitemap URLs noindex/non-indexable,count=54,SEO_DECISION,Remove from sitemap or make indexable
POLICY-NO-SITEMAP,INFORMATIONAL,INDEXABILITY,https://i-seo.su/services/seo/prodvizhenie-v-ssha.html,usa_uae,200,True,https://i-seo.su/services/seo/prodvizhenie-v-ssha.html,Заказать SEO-продвижение сайта компании в США | INTLSEO,"Продвигаем сайты в США в топ Google. Работа с англоязычной семантикой, локальными справочниками и учетом конкуренции ниши. Бесплатный аудит и стратегия.",SEO-продвижение сайта в США,0,False,Indexable (or live) pages intentionally not in sitemap/menu — operator policy,USA/UAE/Webinar intentional,OPERATOR_POLICY,Keep as intentional unless SEO policy changes
POLICY-NO-SITEMAP,INFORMATIONAL,INDEXABILITY,https://i-seo.su/services/seo/prodvizhenie-v-oae.html,usa_uae,200,True,https://i-seo.su/services/seo/prodvizhenie-v-oae.html,Заказать SEO-продвижение сайта компании в ОАЭ | INTLSEO,Продвигаем сайты в ОАЭ на арабском и английском языках. Учитываем конкуренцию Дубая и других эмиратов. Бесплатный аудит и понятная стратегия работы.,SEO-продвижение сайта в ОАЭ,0,False,Indexable (or live) pages intentionally not in sitemap/menu — operator policy,USA/UAE/Webinar intentional,OPERATOR_POLICY,Keep as intentional unless SEO policy changes
POLICY-NO-SITEMAP,INFORMATIONAL,INDEXABILITY,https://i-seo.su/webinar-seo-podryadchik.html,webinar,200,True,https://i-seo.su/webinar-seo-podryadchik.html,Вебинар «Как выбрать подрядчика в SEO и не ошибиться?» | INTLSEO,"Бесплатный вебинар Никиты Швакова о выборе SEO-подрядчика. 10 сентября 2026 в 19:00 МСК. Разберем критерии выбора агентства, риски и реальные результаты SEO.",Как выбрать подрядчика в SEO и не ошибиться?,0,False,Indexable (or live) pages intentionally not in sitemap/menu — operator policy,USA/UAE/Webinar intentional,OPERATOR_POLICY,Keep as intentional unless SEO policy changes
TITLE-DUP,MEDIUM,TITLE,https://i-seo.su/blog/,blog,200,True,https://i-seo.su/blog,Блог - INTLSEO Studio,"Актуальные статьи о SEO, GEO-продвижении в AI, кейсах клиентов и технической оптимизации сайтов от экспертов агентства INTLSEO Studio. Новости и разборы digital-маркетинга.",Блог,0,True,Duplicate titles,groups=10; urls=152,SEO_DECISION,Differentiate titles where pages are distinct
TITLE-DUP,MEDIUM,TITLE,https://i-seo.su/blog,blog,200,True,https://i-seo.su/blog,Блог - INTLSEO Studio,"Актуальные статьи о SEO, GEO-продвижении в AI, кейсах клиентов и технической оптимизации сайтов от экспертов агентства INTLSEO Studio. Новости и разборы digital-маркетинга.",Блог,684,True,Duplicate titles,groups=10; urls=152,SEO_DECISION,Differentiate titles where pages are distinct
TITLE-DUP,MEDIUM,TITLE,https://i-seo.su/,home,200,True,,Продвижение сайтов в ТОП под ключ в Москве | Агентство INTLSEO,"Компания INTLSEO по продвижению сайтов в ТОП Яндекс и Google. Разрабатываем сайты с оптимизацией под SEO, продвигаем в топ, настраиваем контекстную рекламу.","Продвигаем бизнес в интернете, выводим сайты в ИИ выдачу",649,True,Duplicate titles,groups=10; urls=152,SEO_DECISION,Differentiate titles where pages are distinct
TITLE-DUP,MEDIUM,TITLE,https://i-seo.su/home.html,static,200,True,,Продвижение сайтов в ТОП под ключ в Москве | Агентство INTLSEO,"Компания INTLSEO по продвижению сайтов в ТОП Яндекс и Google. Разрабатываем сайты с оптимизацией под SEO, продвигаем в топ, настраиваем контекстную рекламу.",Продвигаем сайты в ТОП Яндекса и Google,0,False,Duplicate titles,groups=10; urls=152,SEO_DECISION,Differentiate titles where pages are distinct
TITLE-DUP,MEDIUM,TITLE,https://i-seo.su/report-hub/specialist-workspace.html,static,200,True,,Рабочая панель SEO-специалиста — i-SEO Report Hub (Демо v0.4),,Рабочая панель SEO-специалиста,20,False,Duplicate titles,groups=10; urls=152,SEO_DECISION,Differentiate titles where pages are distinct
TITLE-DUP,MEDIUM,TITLE,https://i-seo.su/report-hub/specialist-workspace.html?project=ecommerce,query_variant,200,True,,Рабочая панель SEO-специалиста — i-SEO Report Hub (Демо v0.4),,Рабочая панель SEO-специалиста,4,False,Duplicate titles,groups=10; urls=152,SEO_DECISION,Differentiate titles where pages are distinct
TITLE-DUP,MEDIUM,TITLE,https://i-seo.su/report-hub/weekly.html,static,200,True,,Недельный чекпоинт — i-SEO Report Hub (Демо v0.4),,Структурированный вид недельного чекпоинта,16,False,Duplicate titles,groups=10; urls=152,SEO_DECISION,Differentiate titles where pages are distinct
TITLE-DUP,MEDIUM,TITLE,https://i-seo.su/report-hub/weekly.html?project=service,query_variant,200,True,,Недельный чекпоинт — i-SEO Report Hub (Демо v0.4),,Структурированный вид недельного чекпоинта,4,False,Duplicate titles,groups=10; urls=152,SEO_DECISION,Differentiate titles where pages are distinct
TITLE-DUP,MEDIUM,TITLE,https://i-seo.su/report-hub/monthly.html,static,200,True,,Месячный отчёт — i-SEO Report Hub (Демо v0.4),,Структурированный вид месячного отчёта,16,False,Duplicate titles,groups=10; urls=152,SEO_DECISION,Differentiate titles where pages are distinct
TITLE-DUP,MEDIUM,TITLE,https://i-seo.su/report-hub/monthly.html?project=local,query_variant,200,True,,Месячный отчёт — i-SEO Report Hub (Демо v0.4),,Структурированный вид месячного отчёта,1,False,Duplicate titles,groups=10; urls=152,SEO_DECISION,Differentiate titles where pages are distinct
TITLE-DUP,MEDIUM,TITLE,https://i-seo.su/report-hub/client-report.html,static,200,True,,SEO-отчёт — i-SEO Report Hub (Демо v0.4),,,16,False,Duplicate titles,groups=10; urls=152,SEO_DECISION,Differentiate titles where pages are distinct
TITLE-DUP,MEDIUM,TITLE,https://i-seo.su/report-hub/client-report.html?project=local,query_variant,200,True,,SEO-отчёт — i-SEO Report Hub (Демо v0.4),,,4,False,Duplicate titles,groups=10; urls=152,SEO_DECISION,Differentiate titles where pages are distinct
TITLE-DUP,MEDIUM,TITLE,https://i-seo.su/offers,offers,200,False,,Предложения - INTLSEO Studio,,Предложения,0,True,Duplicate titles,groups=10; urls=152,SEO_DECISION,Differentiate titles where pages are distinct
TITLE-DUP,MEDIUM,TITLE,https://i-seo.su/offers/,offers,200,False,,Предложения - INTLSEO Studio,,Предложения,0,True,Duplicate titles,groups=10; urls=152,SEO_DECISION,Differentiate titles where pages are distinct
TITLE-DUP,MEDIUM,TITLE,https://i-seo.su/glossary/,other,200,True,https://i-seo.su/glossary,Глоссарий - INTLSEO Studio,,Глоссарий,0,False,Duplicate titles,groups=10; urls=152,SEO_DECISION,Differentiate titles where pages are distinct
TITLE-DUP,MEDIUM,TITLE,https://i-seo.su/glossary,other,200,True,https://i-seo.su/glossary,Глоссарий - INTLSEO Studio,,Глоссарий,648,False,Duplicate titles,groups=10; urls=152,SEO_DECISION,Differentiate titles where pages are distinct
TITLE-DUP,MEDIUM,TITLE,https://i-seo.su/report-hub/,other,200,True,,Обзор проектов — i-SEO Report Hub (Демо v0.4),,i-SEO Report Hub,0,False,Duplicate titles,groups=10; urls=152,SEO_DECISION,Differentiate titles where pages are distinct
TITLE-DUP,MEDIUM,TITLE,https://i-seo.su/report-hub/index.html,static,200,True,,Обзор проектов — i-SEO Report Hub (Демо v0.4),,i-SEO Report Hub,20,False,Duplicate titles,groups=10; urls=152,SEO_DECISION,Differentiate titles where pages are distinct
TITLE-DUP,MEDIUM,TITLE,https://i-seo.su/offer/kp-rehabmoscow,offers,200,False,,Коммерческое предложение для Rehabmoscow,Аудит вашего сайта приложен файлом pdf. Точки роста. Этапы работ. Стоимость. Кейсы. Отзывы. Команда проекта. Контакты,Коммерческое предложение,0,True,Duplicate titles,groups=10; urls=152,SEO_DECISION,Differentiate titles where pages are distinct
TITLE-DUP,MEDIUM,TITLE,https://i-seo.su/offer/kp-territoriya-prokata,offers,200,False,,Коммерческое предложение для Rehabmoscow,Аудит вашего сайта приложен файлом pdf. Точки роста. Этапы работ. Стоимость. Кейсы. Отзывы. Команда проекта. Контакты,Коммерческое предложение,0,True,Duplicate titles,groups=10; urls=152,SEO_DECISION,Differentiate titles where pages are distinct
TITLE-LONG,LOW,TITLE,https://i-seo.su/services/seo.html,static_service,200,True,,Заказать SEO продвижение сайтов в Москве — поисковая оптимизация | INTLSEO,Закажите SEO продвижение сайта в Москве с гарантией результата. Выводим в ТОП Яндекс и Google. Прозрачная стоимость от 39 000 ₽/мес. Бесплатный аудит — прямо сейчас!,SEO продвижение сайтов,684,True,Titles longer than ~70 chars,count=25,SEO_DECISION,Shorten for SERP if desired
TITLE-LONG,LOW,TITLE,https://i-seo.su/cases/podoexpert.html,static,200,True,,"Кейс: Центр подологии, ортопедии и дерматологии «ПодоЭксперт» | INTLSEO","Для продвижения клиники «ПодоЭксперт» мы провели полную SEO-оптимизацию, усилили структуру и контент сайта, увеличили видимость в поиске и привлекли новых клиентов через органический трафик.",Центр подологии «ПодоЭксперт»,1,True,Titles longer than ~70 chars,count=25,SEO_DECISION,Shorten for SERP if desired
TITLE-LONG,LOW,TITLE,https://i-seo.su/cases/smm-arena.html,static,200,True,,Кейс: SMM-продвижение лиги ARENA — 100+ млн просмотров Reels и 190 тыс. подписчиков,"Как мы развивали YouTube-канал и соцсети лиги ARENA: 100+ млн общих просмотров Reels, 190 000 прироста подписчиков в 3 профилях и попадание на 1 место в трендах YouTube. Кейс INTLSEO.",Лига ARENA,1,True,Titles longer than ~70 chars,count=25,SEO_DECISION,Shorten for SERP if desired
TITLE-LONG,LOW,TITLE,https://i-seo.su/cases/smm-driveavenue.html,static,200,True,,Кейс: продвижение автомобильного бренда Drive Avenue — SMM и рост охватов,"Как мы разработали фирменный стиль, упаковку и визуал для автомобильного бренда Drive Avenue, увеличили охваты и вовлечённость аудитории в Instagram, Telegram и VK. Кейс SMM-продвижения от INTLSEO.",Автосалон Drive Avenue,1,True,Titles longer than ~70 chars,count=25,SEO_DECISION,Shorten for SERP if desired
TITLE-LONG,LOW,TITLE,https://i-seo.su/cases/smm-kzs.html,static,200,True,,Кейс: SMM-продвижение «Королёвский Завод Свай» (KZS.ru) — рост охватов и вовлечённости,"Как мы упаковали бренд «Королёвский Завод Свай» под ключ, наладили производство контента на 15+ площадках и добились 106 000+ просмотров и 31 000+ взаимодействий. Кейс INTLSEO.",Королёвский Завод Свай,1,True,Titles longer than ~70 chars,count=25,SEO_DECISION,Shorten for SERP if desired
TITLE-LONG,LOW,TITLE,https://i-seo.su/cases/smm-magdalina.html,static,200,True,,Кейс: продвижение пластического хирурга Ивана Магдалины — SMM и рост продаж,"Узнайте, как мы увеличили подписчиков на 200% и обеспечили ежемесячные продажи услуг пластического хирурга Ивана Магдалины на 15 млн рублей с помощью SMM, контент-маркетинга и визуального брендинга.",Пластический хирург Иван Магдалина,1,True,Titles longer than ~70 chars,count=25,SEO_DECISION,Shorten for SERP if desired
TITLE-LONG,LOW,TITLE,https://i-seo.su/cases/smm-nashedelo.html,static,200,True,,Кейс: SMM-продвижение лиги «НАШЕ ДЕЛО» — рост до 100 000 подписчиков и 5 млн охвата,"Как мы развивали YouTube-канал и соцсети лиги «НАШЕ ДЕЛО»: +100 000 подписчиков за полгода, 5 000 000 месячный охват и рост вовлечённости на 500% благодаря стратегии вирусного контента. Кейс INTLSEO.",Лига «НАШЕ ДЕЛО»,1,True,Titles longer than ~70 chars,count=25,SEO_DECISION,Shorten for SERP if desired
TITLE-LONG,LOW,TITLE,https://i-seo.su/cases/smm-newmann-clinic.html,static,200,True,,Кейс SMM-продвижения клиники пластической хирургии NEWMANN CLINIC — INTLSEO,Как мы увеличили аудиторию клиники пластической хирургии NEWMANN CLINIC на 10 000 подписчиков и помогли выйти на ежемесячные продажи услуг более чем на 30 000 000 ₽ через продвижение в Instagram и Telegram. Полный кейс от INTLSEO.,Клиника пластической хирургии,1,True,Titles longer than ~70 chars,count=25,SEO_DECISION,Shorten for SERP if desired
TITLE-LONG,LOW,TITLE,https://i-seo.su/cases/smm-pwl.html,static,200,True,,Кейс: SMM-продвижение PWL — Poddubny Wrestling League — 2 000 000 охват в месяц,"Как мы упаковали под ключ PWL — Poddubny Wrestling League, наладили регулярный контент, работу с медиа и добились 2 000 000 месячного охвата. Сильные Reels: до 1,1 млн просмотров. Кейс INTLSEO.",PWL — Poddubny Wrestling League,1,True,Titles longer than ~70 chars,count=25,SEO_DECISION,Shorten for SERP if desired
TITLE-LONG,LOW,TITLE,https://i-seo.su/services/ai-optimization/google-ai-overviews.html,static_service,200,True,,SEO-продвижение в Google AI Overviews — вывод бренда в ответы ИИ | INTLSEO,"SEO-продвижение в Google AI Overviews для вывода бренда в ответы ИИ: анализируем источники, усиливаем экспертность, создаём цитируемый контент и повышаем видимость компании в Google AI Overviews.",SEO продвижение в Google AI Overviews,683,True,Titles longer than ~70 chars,count=25,SEO_DECISION,Shorten for SERP if desired
TITLE-LONG,LOW,TITLE,https://i-seo.su/services/seo/internet-magaziny.html,static_service,200,True,,SEO продвижение интернет-магазина — комплексное продвижение цена от 39 000 ₽ | INTLSEO,"Комплексное SEO-продвижение интернет-магазина: оптимизация карточек, фильтров, структуры, ЧПУ. Работаем с органическим трафиком и конверсией. Узнайте стоимость — бесплатный аудит + план!",SEO интернет-магазина,684,True,Titles longer than ~70 chars,count=25,SEO_DECISION,Shorten for SERP if desired
TITLE-LONG,LOW,TITLE,https://i-seo.su/services/seo/kompleksnoe.html,static_service,200,True,,Комплексное SEO продвижение сайтов в Москве - комплексная оптимизация сайта | INTLSEO,"Полный цикл SEO: техническая оптимизация, контент, ссылки, аналитика. Комплексное продвижение сайта в Москве с гарантией роста трафика. Бесплатный аудит!",Комплексное SEO для вашего сайта,684,True,Titles longer than ~70 chars,count=25,SEO_DECISION,Shorten for SERP if desired
TITLE-LONG,LOW,TITLE,https://i-seo.su/services/seo/prodvizhenie-sajta-agentstva-nedvizhimosti.html,static_service,200,True,,SEO продвижение сайтов агентств недвижимости в Москве — SEO оптимизация| INTLSEO,"SEO-продвижение агентств недвижимости в Москве: оптимизация под объекты, фильтры, локальный поиск и Яндекс.Карты. Помогаем привлекать клиентов органически. Бесплатный аудит — получить план!",SEO продвижение сайта агентства недвижимости,1,True,Titles longer than ~70 chars,count=25,SEO_DECISION,Shorten for SERP if desired
TITLE-LONG,LOW,TITLE,https://i-seo.su/blog/chto-takoe-povedencheskie-faktory-i-kak-ih-optimizirovat.html,blog,200,True,https://i-seo.su/blog/chto-takoe-povedencheskie-faktory-i-kak-ih-optimizirovat.html,Что такое поведенческие факторы и как их оптимизировать для поисковиков,"В последние годы поисковые системы, такие как Яндекс и Google, стали активно учитывать поведенческие факторы при ранжировании сайтов. Эти показатели отражают поведение пользователей на сайте и влияют на позиции в поисковой выдаче",Что такое поведенческие факторы и как их оптимизировать,30,True,Titles longer than ~70 chars,count=25,SEO_DECISION,Shorten for SERP if desired
TITLE-LONG,LOW,TITLE,https://i-seo.su/blog/analiz-konkurentov-v-seo-chek-list.html,blog,200,True,https://i-seo.su/blog/analiz-konkurentov-v-seo-chek-list.html,"Анализ конкурентов в SEO: чек‑лист, инструменты и фреймворк, который реально работает","Пошаговый разбор конкурентного анализа в SEO: как найти и приоритизировать конкурентов, вытащить их семантику, разобрать контент и ссылки, учесть SERP‑фичи и собрать дорожную карту. Чек‑лист, таблицы, кейсы, инструменты","Анализ конкурентов в SEO: чек‑лист, инструменты и фреймворк",37,True,Titles longer than ~70 chars,count=25,SEO_DECISION,Shorten for SERP if desired
TITLE-LONG,LOW,TITLE,https://i-seo.su/blog/lsi-teksty-mif-marketinga-ili-rabochaya-strategiya-polnoe-rukovodstvo-s-primerami-i-chek-listami.html,blog,200,True,https://i-seo.su/blog/lsi-teksty-mif-marketinga-ili-rabochaya-strategiya-polnoe-rukovodstvo-s-primerami-i-chek-listami.html,LSI‑тексты: миф маркетинга или рабочая стратегия? Полное руководство с примерами и чек‑листами,"Что такое LSI‑тексты на самом деле, почему «LSI‑ключи» — миф, и как писать семантически богатый контент, который выигрывает выдачу. Методика, примеры, инструменты, таблицы и чек‑листы.",LSI‑тексты: миф или рабочая стратегия? Руководство с примерами и чек‑листами,37,True,Titles longer than ~70 chars,count=25,SEO_DECISION,Shorten for SERP if desired
TITLE-LONG,LOW,TITLE,https://i-seo.su/blog/trast-sajta-v-2025-chto-eto-na-samom-dele-kak-ego-proveryat-i-sistemno-povyshat.html,blog,200,True,https://i-seo.su/blog/trast-sajta-v-2025-chto-eto-na-samom-dele-kak-ego-proveryat-i-sistemno-povyshat.html,"Траст сайта в 2025: как его проверять и системно повышать, без мифов и магии - INTLSEO Studio","Экспертный разбор траста сайта: мифы и реальность, как измерять (метрики, инструменты), как повышать (контент, бренд, ссылки, техника), чек-листы, таблицы и кейсы.","Траст сайта в 2025: как его проверять и системно повышать, без мифов и магии",44,True,Titles longer than ~70 chars,count=25,SEO_DECISION,Shorten for SERP if desired
TITLE-LONG,LOW,TITLE,https://i-seo.su/blog/poziczii-sajta-kak-proveryat-oczenivat-i-vybirat-servisy-chtoby-ne-tratit-vremya-zrya.html,blog,200,True,https://i-seo.su/blog/poziczii-sajta-kak-proveryat-oczenivat-i-vybirat-servisy-chtoby-ne-tratit-vremya-zrya.html,"Позиции сайта: что это такое, как проверять, оценивать и какие сервисы использовать","Экспертное руководство по позициям сайта: корректная проверка и интерпретация, выбор сервисов, настройка мониторинга, кейсы и чек-листы. Подходит для SEO-специалистов, маркетологов и владельцев бизнеса.","Позиции сайта: как проверять, оценивать и выбирать сервисы, чтобы не тратить время зря",37,True,Titles longer than ~70 chars,count=25,SEO_DECISION,Shorten for SERP if desired
TITLE-LONG,LOW,TITLE,https://i-seo.su/blog/povedencheskie-faktory-sajta-kak-oni-realno-vliyayut-na-seo-i-gde-granicza-riska-nakrutki.html,blog,200,True,https://i-seo.su/blog/povedencheskie-faktory-sajta-kak-oni-realno-vliyayut-na-seo-i-gde-granicza-riska-nakrutki.html,Поведенческие факторы сайта: как они влияют на SEO и где граница риска накрутки,"Разбираем поведенческие факторы: что это такое, как они учитываются поисковиками (Google/Яндекс), как измерять и улучшать без накрутки. Кейсы, таблицы, чек-листы, риски санкций.",Поведенческие факторы сайта: как они реально влияют на SEO и где граница риска накрутки,37,True,Titles longer than ~70 chars,count=25,SEO_DECISION,Shorten for SERP if desired
TITLE-LONG,LOW,TITLE,https://i-seo.su/blog/prodvizhenie-internet-magazina-chasov-kak-obognat-marketplejsy-i-vyrasti-v-seo-x2-za-12-mesyaczev.html,blog,200,True,https://i-seo.su/blog/prodvizhenie-internet-magazina-chasov-kak-obognat-marketplejsy-i-vyrasti-v-seo-x2-za-12-mesyaczev.html,Продвижение интернет‑магазина часов: как обогнать маркетплейсы и вырасти в SEO x2 за 12 месяцев - INTLSEO Studio,"Полная стратегия продвижения интернет‑магазина часов: SEO, структура каталога, контент, Digital PR и CRO. Чек-листы, шаблоны мета‑тегов, примеры, кейсы, таблицы и дорожная карта на 12 месяцев",Продвижение интернет‑магазина часов: как обогнать маркетплейсы и вырасти в SEO x2 за 12 месяцев,30,True,Titles longer than ~70 chars,count=25,SEO_DECISION,Shorten for SERP if desired
TITLE-LONG,LOW,TITLE,https://i-seo.su/blog/5-shagovaya-strategiya-globalnogo-seo-prodvizheniya.html,blog,200,True,https://i-seo.su/blog/5-shagovaya-strategiya-globalnogo-seo-prodvizheniya.html,"5 шагов глобального СЕО продвижения, как использовать ИИ и создавать мультиплатформенный контент - INTLSEO Studio","Разбираем почему поиск изменился навсегда, как сегодня пользователи ищут информацию в интернете, где ваши клиенты и какие шаги необходимы для SEO продвижения в условиях ИИ-индустрии",5-шаговая стратегия глобального SEO продвижения,34,True,Titles longer than ~70 chars,count=25,SEO_DECISION,Shorten for SERP if desired
TITLE-LONG,LOW,TITLE,https://i-seo.su/blog/obnovleniya-google-2026-kak-vstroit-svoj-biznes-v-ii-infrastrukturu-poiska.html,blog,200,True,https://i-seo.su/blog/obnovleniya-google-2026-kak-vstroit-svoj-biznes-v-ii-infrastrukturu-poiska.html,Как обновления Google 2026 повлияют на SEO и платный поиск - INTLSEO Studio,"Как встроить свой бизнес в ИИ-инфраструктуру Google, какие обновления в 2026 году станут значимыми для всех, кто продвигался по SEO в Гугле и в целом использовал рекламу в Google AdWords - разберем в статье INTLSEO Studio",Обновления Google 2026: как встроить свой бизнес в ИИ-инфраструктуру поиска,51,True,Titles longer than ~70 chars,count=25,SEO_DECISION,Shorten for SERP if desired
TITLE-LONG,LOW,TITLE,https://i-seo.su/blog/relevantnost-chto-takoe.html,blog,200,True,https://i-seo.su/blog/relevantnost-chto-takoe.html,"Релевантность: определение, виды, критерии и чеклист повышения (Google/Яндекс)","Что такое релевантность: примеры, виды и критерии. Покажем, как проверить релевантность страницы в Google и Яндексе и как повысить её, чтобы получать целевой трафик.",Релевантность: что это такое простыми словами и как влияет на SEO,37,True,Titles longer than ~70 chars,count=25,SEO_DECISION,Shorten for SERP if desired
TITLE-LONG,LOW,TITLE,https://i-seo.su/blog/konversiya-saita-kak-poschitat-i-uvelichit.html,blog,200,True,https://i-seo.su/blog/konversiya-saita-kak-poschitat-i-uvelichit.html,Конверсия сайта: как посчитать (CR) и увеличить — пошагово + чеклист (GA4/Метрика),"Формула CR, примеры расчёта, как смотреть конверсию в GA4 и Яндекс.Метрике, какая конверсия нормальна и что менять, чтобы было больше заявок","Как посчитать и увеличить конверсию сайта (CR): формулы, примеры и план улучшений",60,True,Titles longer than ~70 chars,count=25,SEO_DECISION,Shorten for SERP if desired
TITLE-LONG,LOW,TITLE,https://i-seo.su/blog/sravnenie-geo-platform-chatgpt-perplexity-yandexgpt.html,blog,200,True,https://i-seo.su/blog/sravnenie-geo-platform-chatgpt-perplexity-yandexgpt.html,"ChatGPT, Perplexity, AI Overviews и YandexGPT в сравнении GEO-платформ на 2026 год","Сравниваем ChatGPT, Perplexity, Google AI Overviews и YandexGPT. Как каждая платформа выбирает источники, у кого выше Citation Rate и с какой начать GEO-продвижение.","Как ChatGPT, Perplexity, AI Overviews и YandexGPT выбирают источники для GEO",3,True,Titles longer than ~70 chars,count=25,SEO_DECISION,Shorten for SERP if desired
META-MISSING,LOW,META_DESCRIPTION,https://i-seo.su/blog.html,blog,200,True,,Блог | Агентство INTLSEO,,Блог,0,False,Missing meta description on indexable pages,count=23,SEO_DECISION,Add where snippet quality matters
META-MISSING,LOW,META_DESCRIPTION,https://i-seo.su/glossary/,other,200,True,https://i-seo.su/glossary,Глоссарий - INTLSEO Studio,,Глоссарий,0,False,Missing meta description on indexable pages,count=23,SEO_DECISION,Add where snippet quality matters
META-MISSING,LOW,META_DESCRIPTION,https://i-seo.su/report-hub/,other,200,True,,Обзор проектов — i-SEO Report Hub (Демо v0.4),,i-SEO Report Hub,0,False,Missing meta description on indexable pages,count=23,SEO_DECISION,Add where snippet quality matters
META-MISSING,LOW,META_DESCRIPTION,https://i-seo.su/glossary,other,200,True,https://i-seo.su/glossary,Глоссарий - INTLSEO Studio,,Глоссарий,648,False,Missing meta description on indexable pages,count=23,SEO_DECISION,Add where snippet quality matters
META-MISSING,LOW,META_DESCRIPTION,https://i-seo.su/report-hub/index.html,static,200,True,,Обзор проектов — i-SEO Report Hub (Демо v0.4),,i-SEO Report Hub,20,False,Missing meta description on indexable pages,count=23,SEO_DECISION,Add where snippet quality matters
META-MISSING,LOW,META_DESCRIPTION,https://i-seo.su/report-hub/specialist-workspace.html,static,200,True,,Рабочая панель SEO-специалиста — i-SEO Report Hub (Демо v0.4),,Рабочая панель SEO-специалиста,20,False,Missing meta description on indexable pages,count=23,SEO_DECISION,Add where snippet quality matters
META-MISSING,LOW,META_DESCRIPTION,https://i-seo.su/report-hub/project.html,static,200,True,,Проект и отчётный цикл — i-SEO Report Hub (Демо v0.4),,Проект и отчётный цикл,16,False,Missing meta description on indexable pages,count=23,SEO_DECISION,Add where snippet quality matters
META-MISSING,LOW,META_DESCRIPTION,https://i-seo.su/report-hub/weekly.html,static,200,True,,Недельный чекпоинт — i-SEO Report Hub (Демо v0.4),,Структурированный вид недельного чекпоинта,16,False,Missing meta description on indexable pages,count=23,SEO_DECISION,Add where snippet quality matters
META-MISSING,LOW,META_DESCRIPTION,https://i-seo.su/report-hub/monthly.html,static,200,True,,Месячный отчёт — i-SEO Report Hub (Демо v0.4),,Структурированный вид месячного отчёта,16,False,Missing meta description on indexable pages,count=23,SEO_DECISION,Add where snippet quality matters
META-MISSING,LOW,META_DESCRIPTION,https://i-seo.su/report-hub/review.html,static,200,True,,Очередь проверки — i-SEO Report Hub (Демо v0.4),,Очередь проверки,16,False,Missing meta description on indexable pages,count=23,SEO_DECISION,Add where snippet quality matters
META-MISSING,LOW,META_DESCRIPTION,https://i-seo.su/report-hub/client-report.html,static,200,True,,SEO-отчёт — i-SEO Report Hub (Демо v0.4),,,16,False,Missing meta description on indexable pages,count=23,SEO_DECISION,Add where snippet quality matters
META-MISSING,LOW,META_DESCRIPTION,https://i-seo.su/report-hub/specialist-workspace.html?project=ecommerce,query_variant,200,True,,Рабочая панель SEO-специалиста — i-SEO Report Hub (Демо v0.4),,Рабочая панель SEO-специалиста,4,False,Missing meta description on indexable pages,count=23,SEO_DECISION,Add where snippet quality matters
META-MISSING,LOW,META_DESCRIPTION,https://i-seo.su/report-hub/weekly.html?project=service,query_variant,200,True,,Недельный чекпоинт — i-SEO Report Hub (Демо v0.4),,Структурированный вид недельного чекпоинта,4,False,Missing meta description on indexable pages,count=23,SEO_DECISION,Add where snippet quality matters
META-MISSING,LOW,META_DESCRIPTION,https://i-seo.su/report-hub/client-report.html?project=local,query_variant,200,True,,SEO-отчёт — i-SEO Report Hub (Демо v0.4),,,4,False,Missing meta description on indexable pages,count=23,SEO_DECISION,Add where snippet quality matters
META-MISSING,LOW,META_DESCRIPTION,https://i-seo.su/report-hub/specialist-workspace.html?project=local,query_variant,200,True,,Рабочая панель SEO-специалиста — i-SEO Report Hub (Демо v0.4),,Рабочая панель SEO-специалиста,1,False,Missing meta description on indexable pages,count=23,SEO_DECISION,Add where snippet quality matters
META-MISSING,LOW,META_DESCRIPTION,https://i-seo.su/report-hub/weekly.html?project=local,query_variant,200,True,,Недельный чекпоинт — i-SEO Report Hub (Демо v0.4),,Структурированный вид недельного чекпоинта,1,False,Missing meta description on indexable pages,count=23,SEO_DECISION,Add where snippet quality matters
META-MISSING,LOW,META_DESCRIPTION,https://i-seo.su/report-hub/monthly.html?project=local,query_variant,200,True,,Месячный отчёт — i-SEO Report Hub (Демо v0.4),,Структурированный вид месячного отчёта,1,False,Missing meta description on indexable pages,count=23,SEO_DECISION,Add where snippet quality matters
META-MISSING,LOW,META_DESCRIPTION,https://i-seo.su/report-hub/weekly.html?project=ecommerce,query_variant,200,True,,Недельный чекпоинт — i-SEO Report Hub (Демо v0.4),,Структурированный вид недельного чекпоинта,2,False,Missing meta description on indexable pages,count=23,SEO_DECISION,Add where snippet quality matters
META-MISSING,LOW,META_DESCRIPTION,https://i-seo.su/report-hub/monthly.html?project=ecommerce,query_variant,200,True,,Месячный отчёт — i-SEO Report Hub (Демо v0.4),,Структурированный вид месячного отчёта,2,False,Missing meta description on indexable pages,count=23,SEO_DECISION,Add where snippet quality matters
META-MISSING,LOW,META_DESCRIPTION,https://i-seo.su/report-hub/client-report.html?project=ecommerce,query_variant,200,True,,SEO-отчёт — i-SEO Report Hub (Демо v0.4),,,1,False,Missing meta description on indexable pages,count=23,SEO_DECISION,Add where snippet quality matters
META-MISSING,LOW,META_DESCRIPTION,https://i-seo.su/report-hub/specialist-workspace.html?project=service,query_variant,200,True,,Рабочая панель SEO-специалиста — i-SEO Report Hub (Демо v0.4),,Рабочая панель SEO-специалиста,1,False,Missing meta description on indexable pages,count=23,SEO_DECISION,Add where snippet quality matters
META-MISSING,LOW,META_DESCRIPTION,https://i-seo.su/report-hub/monthly.html?project=service,query_variant,200,True,,Месячный отчёт — i-SEO Report Hub (Демо v0.4),,Структурированный вид месячного отчёта,1,False,Missing meta description on indexable pages,count=23,SEO_DECISION,Add where snippet quality matters
META-MISSING,LOW,META_DESCRIPTION,https://i-seo.su/report-hub/client-report.html?project=service,query_variant,200,True,,SEO-отчёт — i-SEO Report Hub (Демо v0.4),,,1,False,Missing meta description on indexable pages,count=23,SEO_DECISION,Add where snippet quality matters
META-DUP,LOW,META_DESCRIPTION,https://i-seo.su/blog/,blog,200,True,https://i-seo.su/blog,Блог - INTLSEO Studio,"Актуальные статьи о SEO, GEO-продвижении в AI, кейсах клиентов и технической оптимизации сайтов от экспертов агентства INTLSEO Studio. Новости и разборы digital-маркетинга.",Блог,0,True,Duplicate meta descriptions,groups=2; urls=128,SEO_DECISION,Differentiate descriptions
META-DUP,LOW,META_DESCRIPTION,https://i-seo.su/blog,blog,200,True,https://i-seo.su/blog,Блог - INTLSEO Studio,"Актуальные статьи о SEO, GEO-продвижении в AI, кейсах клиентов и технической оптимизации сайтов от экспертов агентства INTLSEO Studio. Новости и разборы digital-маркетинга.",Блог,684,True,Duplicate meta descriptions,groups=2; urls=128,SEO_DECISION,Differentiate descriptions
META-DUP,LOW,META_DESCRIPTION,https://i-seo.su/,home,200,True,,Продвижение сайтов в ТОП под ключ в Москве | Агентство INTLSEO,"Компания INTLSEO по продвижению сайтов в ТОП Яндекс и Google. Разрабатываем сайты с оптимизацией под SEO, продвигаем в топ, настраиваем контекстную рекламу.","Продвигаем бизнес в интернете, выводим сайты в ИИ выдачу",649,True,Duplicate meta descriptions,groups=2; urls=128,SEO_DECISION,Differentiate descriptions
META-DUP,LOW,META_DESCRIPTION,https://i-seo.su/home.html,static,200,True,,Продвижение сайтов в ТОП под ключ в Москве | Агентство INTLSEO,"Компания INTLSEO по продвижению сайтов в ТОП Яндекс и Google. Разрабатываем сайты с оптимизацией под SEO, продвигаем в топ, настраиваем контекстную рекламу.",Продвигаем сайты в ТОП Яндекса и Google,0,False,Duplicate meta descriptions,groups=2; urls=128,SEO_DECISION,Differentiate descriptions
H1-MISSING,MEDIUM,H1,https://i-seo.su/varvara-new.php,other,200,False,,VVR-Searcher,,,0,False,Missing H1,count=5,REVIEW,Confirm template H1 presence
H1-MISSING,MEDIUM,H1,https://i-seo.su/report-hub/client-report.html,static,200,True,,SEO-отчёт — i-SEO Report Hub (Демо v0.4),,,16,False,Missing H1,count=5,REVIEW,Confirm template H1 presence
H1-MISSING,MEDIUM,H1,https://i-seo.su/report-hub/client-report.html?project=local,query_variant,200,True,,SEO-отчёт — i-SEO Report Hub (Демо v0.4),,,4,False,Missing H1,count=5,REVIEW,Confirm template H1 presence
H1-MISSING,MEDIUM,H1,https://i-seo.su/report-hub/client-report.html?project=ecommerce,query_variant,200,True,,SEO-отчёт — i-SEO Report Hub (Демо v0.4),,,1,False,Missing H1,count=5,REVIEW,Confirm template H1 presence
H1-MISSING,MEDIUM,H1,https://i-seo.su/report-hub/client-report.html?project=service,query_variant,200,True,,SEO-отчёт — i-SEO Report Hub (Демо v0.4),,,1,False,Missing H1,count=5,REVIEW,Confirm template H1 presence
ORPHAN-CRAWLER,MEDIUM,INTERNAL_LINKING,https://i-seo.su/home.html,static,200,True,,Продвижение сайтов в ТОП под ключ в Москве | Агентство INTLSEO,"Компания INTLSEO по продвижению сайтов в ТОП Яндекс и Google. Разрабатываем сайты с оптимизацией под SEO, продвигаем в топ, настраиваем контекстную рекламу.",Продвигаем сайты в ТОП Яндекса и Google,0,False,0 crawler inlinks observed,count=65 excluding intentional policy pages,SEO_DECISION,Add contextual inlinks if pages should be discoverable
ORPHAN-CRAWLER,MEDIUM,INTERNAL_LINKING,https://i-seo.su/blog/,blog,200,True,https://i-seo.su/blog,Блог - INTLSEO Studio,"Актуальные статьи о SEO, GEO-продвижении в AI, кейсах клиентов и технической оптимизации сайтов от экспертов агентства INTLSEO Studio. Новости и разборы digital-маркетинга.",Блог,0,True,0 crawler inlinks observed,count=65 excluding intentional policy pages,SEO_DECISION,Add contextual inlinks if pages should be discoverable
ORPHAN-CRAWLER,MEDIUM,INTERNAL_LINKING,https://i-seo.su/blog.html,blog,200,True,,Блог | Агентство INTLSEO,,Блог,0,False,0 crawler inlinks observed,count=65 excluding intentional policy pages,SEO_DECISION,Add contextual inlinks if pages should be discoverable
ORPHAN-CRAWLER,MEDIUM,INTERNAL_LINKING,https://i-seo.su/offers,offers,200,False,,Предложения - INTLSEO Studio,,Предложения,0,True,0 crawler inlinks observed,count=65 excluding intentional policy pages,SEO_DECISION,Add contextual inlinks if pages should be discoverable
ORPHAN-CRAWLER,MEDIUM,INTERNAL_LINKING,https://i-seo.su/offers/,offers,200,False,,Предложения - INTLSEO Studio,,Предложения,0,True,0 crawler inlinks observed,count=65 excluding intentional policy pages,SEO_DECISION,Add contextual inlinks if pages should be discoverable
ORPHAN-CRAWLER,MEDIUM,INTERNAL_LINKING,https://i-seo.su/glossary/,other,200,True,https://i-seo.su/glossary,Глоссарий - INTLSEO Studio,,Глоссарий,0,False,0 crawler inlinks observed,count=65 excluding intentional policy pages,SEO_DECISION,Add contextual inlinks if pages should be discoverable
ORPHAN-CRAWLER,MEDIUM,INTERNAL_LINKING,https://i-seo.su/report-hub/,other,200,True,,Обзор проектов — i-SEO Report Hub (Демо v0.4),,i-SEO Report Hub,0,False,0 crawler inlinks observed,count=65 excluding intentional policy pages,SEO_DECISION,Add contextual inlinks if pages should be discoverable
ORPHAN-CRAWLER,MEDIUM,INTERNAL_LINKING,https://i-seo.su/varvara-new.php,other,200,False,,VVR-Searcher,,,0,False,0 crawler inlinks observed,count=65 excluding intentional policy pages,SEO_DECISION,Add contextual inlinks if pages should be discoverable
ORPHAN-CRAWLER,MEDIUM,INTERNAL_LINKING,https://i-seo.su/offer/test,offers,200,False,,Тестовое предложение - INTLSEO Studio,,Коммерческое предложение,0,True,0 crawler inlinks observed,count=65 excluding intentional policy pages,SEO_DECISION,Add contextual inlinks if pages should be discoverable
ORPHAN-CRAWLER,MEDIUM,INTERNAL_LINKING,https://i-seo.su/offer/kp-stroy-market,offers,200,False,,Коммерческое предложение для СтройМаркет,Аудит вашего сайта приложен файлом pdf. Точки роста. Этапы работ. Стоимость. Кейсы. Отзывы. Команда проекта. Контакты,Коммерческое предложение,0,True,0 crawler inlinks observed,count=65 excluding intentional policy pages,SEO_DECISION,Add contextual inlinks if pages should be discoverable
ORPHAN-CRAWLER,MEDIUM,INTERNAL_LINKING,https://i-seo.su/offer/kp-rehabmoscow,offers,200,False,,Коммерческое предложение для Rehabmoscow,Аудит вашего сайта приложен файлом pdf. Точки роста. Этапы работ. Стоимость. Кейсы. Отзывы. Команда проекта. Контакты,Коммерческое предложение,0,True,0 crawler inlinks observed,count=65 excluding intentional policy pages,SEO_DECISION,Add contextual inlinks if pages should be discoverable
ORPHAN-CRAWLER,MEDIUM,INTERNAL_LINKING,https://i-seo.su/offer/kp-buh-krasnodar,offers,200,False,,Коммерческое предложение для buh-krasnodar,Аудит вашего сайта приложен файлом pdf.,Коммерческое предложение,0,True,0 crawler inlinks observed,count=65 excluding intentional policy pages,SEO_DECISION,Add contextual inlinks if pages should be discoverable
ORPHAN-CRAWLER,MEDIUM,INTERNAL_LINKING,https://i-seo.su/offer/kp-dlya-gsn-auto-ru,offers,200,False,,КП для сайта gsn-auto.ru,КП с точками роста и тех.аудитом,Коммерческое предложение,0,True,0 crawler inlinks observed,count=65 excluding intentional policy pages,SEO_DECISION,Add contextual inlinks if pages should be discoverable
ORPHAN-CRAWLER,MEDIUM,INTERNAL_LINKING,https://i-seo.su/offer/kp-dlya-gazss-ru,offers,200,False,,КП для gazss.ru - INTLSEO Studio,КП и тех.аудит для gazss.ru,Коммерческое предложение,0,True,0 crawler inlinks observed,count=65 excluding intentional policy pages,SEO_DECISION,Add contextual inlinks if pages should be discoverable
ORPHAN-CRAWLER,MEDIUM,INTERNAL_LINKING,https://i-seo.su/offer/kp-dlya-innovaai-ru,offers,200,False,,КП для innovaai.ru - INTLSEO Studio,Тех. аудит и КП для ИИ innova,Коммерческое предложение,0,True,0 crawler inlinks observed,count=65 excluding intentional policy pages,SEO_DECISION,Add contextual inlinks if pages should be discoverable
ORPHAN-CRAWLER,MEDIUM,INTERNAL_LINKING,https://i-seo.su/offer/kp-dlya-ckperemeny-ru,offers,200,False,,КП для ckperemeny.ru - INTLSEO Studio,Аудит и КП,Коммерческое предложение,0,True,0 crawler inlinks observed,count=65 excluding intentional policy pages,SEO_DECISION,Add contextual inlinks if pages should be discoverable
ORPHAN-CRAWLER,MEDIUM,INTERNAL_LINKING,https://i-seo.su/offer/kp-dlya-klimat-master-ru,offers,200,False,,КП для klimat-master.ru - INTLSEO Studio,Кп + тех аудит сайта,Коммерческое предложение,0,True,0 crawler inlinks observed,count=65 excluding intentional policy pages,SEO_DECISION,Add contextual inlinks if pages should be discoverable
ORPHAN-CRAWLER,MEDIUM,INTERNAL_LINKING,https://i-seo.su/offer/kp-territoriya-prokata,offers,200,False,,Коммерческое предложение для Rehabmoscow,Аудит вашего сайта приложен файлом pdf. Точки роста. Этапы работ. Стоимость. Кейсы. Отзывы. Команда проекта. Контакты,Коммерческое предложение,0,True,0 crawler inlinks observed,count=65 excluding intentional policy pages,SEO_DECISION,Add contextual inlinks if pages should be discoverable
ORPHAN-CRAWLER,MEDIUM,INTERNAL_LINKING,https://i-seo.su/offer/kp-brost,offers,200,False,,Коммерческое предложение для Бизнес-Рост,Аудит вашего сайта приложен файлом pdf. Точки роста. Этапы работ. Стоимость. Кейсы. Отзывы. Команда проекта. Контакты,Коммерческое предложение,0,True,0 crawler inlinks observed,count=65 excluding intentional policy pages,SEO_DECISION,Add contextual inlinks if pages should be discoverable
ORPHAN-CRAWLER,MEDIUM,INTERNAL_LINKING,https://i-seo.su/offer/kp-oleandra,offers,200,False,,Коммерческое предложение для клиники стоматологии в Перми,Аудит вашего сайта приложен файлом pdf. Точки роста. Этапы работ. Стоимость. Кейсы. Отзывы. Команда проекта. Контакты,Коммерческое предложение,0,True,0 crawler inlinks observed,count=65 excluding intentional policy pages,SEO_DECISION,Add contextual inlinks if pages should be discoverable
ORPHAN-CRAWLER,MEDIUM,INTERNAL_LINKING,https://i-seo.su/offer/kp-dlya-skn-dom,offers,200,False,,Коммерческое предложение для skn-dom,Аудит вашего сайта приложен файлом pdf. Точки роста. Этапы работ. Стоимость. Кейсы. Отзывы. Команда проекта. Контакты,Коммерческое предложение,0,True,0 crawler inlinks observed,count=65 excluding intentional policy pages,SEO_DECISION,Add contextual inlinks if pages should be discoverable
ORPHAN-CRAWLER,MEDIUM,INTERNAL_LINKING,https://i-seo.su/offer/kp-dlya-keywarm,offers,200,False,,Коммерческое предложение для keywarm,Аудит вашего сайта приложен файлом pdf. Точки роста. Этапы работ. Стоимость. Кейсы. Отзывы. Команда проекта. Контакты,Коммерческое предложение,0,True,0 crawler inlinks observed,count=65 excluding intentional policy pages,SEO_DECISION,Add contextual inlinks if pages should be discoverable
ORPHAN-CRAWLER,MEDIUM,INTERNAL_LINKING,https://i-seo.su/offer/kp-dlya-konturteplo,offers,200,False,,Коммерческое предложение для контуртепло.рф,Аудит вашего сайта приложен файлом pdf. Точки роста. Этапы работ. Стоимость. Кейсы. Отзывы. Команда проекта. Контакты,Коммерческое предложение,0,True,0 crawler inlinks observed,count=65 excluding intentional policy pages,SEO_DECISION,Add contextual inlinks if pages should be discoverable
ORPHAN-CRAWLER,MEDIUM,INTERNAL_LINKING,https://i-seo.su/offer/kp-dlya-meatbridge,offers,200,False,,Коммерческое предложение для maetbridge,Аудит вашего сайта приложен файлом pdf. Точки роста. Этапы работ. Стоимость. Кейсы. Отзывы. Команда проекта. Контакты,Коммерческое предложение,0,True,0 crawler inlinks observed,count=65 excluding intentional policy pages,SEO_DECISION,Add contextual inlinks if pages should be discoverable
ORPHAN-CRAWLER,MEDIUM,INTERNAL_LINKING,https://i-seo.su/offer/kp-dlya-vdservis,offers,200,False,,Коммерческое предложение для ВДСервис Событий,Аудит вашего сайта приложен файлом pdf. Точки роста. Этапы работ. Стоимость. Кейсы. Отзывы. Команда проекта. Контакты,Коммерческое предложение,0,True,0 crawler inlinks observed,count=65 excluding intentional policy pages,SEO_DECISION,Add contextual inlinks if pages should be discoverable
ORPHAN-CRAWLER,MEDIUM,INTERNAL_LINKING,https://i-seo.su/offer/kp-dlya-litomarket,offers,200,False,,Коммерческое предложение для Литомаркет,Аудит вашего сайта приложен файлом pdf. Точки роста. Этапы работ. Стоимость. Кейсы. Отзывы. Команда проекта. Контакты,Коммерческое предложение,0,True,0 crawler inlinks observed,count=65 excluding intentional policy pages,SEO_DECISION,Add contextual inlinks if pages should be discoverable
ORPHAN-CRAWLER,MEDIUM,INTERNAL_LINKING,https://i-seo.su/offer/kp-dlya-kollagen-pmt,offers,200,False,,Коммерческое предложение для collagen-pmt,Аудит вашего сайта приложен файлом pdf. Точки роста. Этапы работ. Стоимость. Кейсы. Отзывы. Команда проекта. Контакты,Коммерческое предложение,0,True,0 crawler inlinks observed,count=65 excluding intentional policy pages,SEO_DECISION,Add contextual inlinks if pages should be discoverable
ORPHAN-CRAWLER,MEDIUM,INTERNAL_LINKING,https://i-seo.su/offer/kp-dlya-lystoppen,offers,200,False,,Коммерческое предложение для LYSTOPPEN,Аудит вашего сайта приложен файлом pdf. Точки роста. Этапы работ. Стоимость. Кейсы. Отзывы. Команда проекта. Контакты,Коммерческое предложение,0,True,0 crawler inlinks observed,count=65 excluding intentional policy pages,SEO_DECISION,Add contextual inlinks if pages should be discoverable
ORPHAN-CRAWLER,MEDIUM,INTERNAL_LINKING,https://i-seo.su/offer/kp-dlya-reka-cvetov,offers,200,False,,Коммерческое предложение для Река Цветов,Аудит вашего сайта приложен файлом pdf. Точки роста. Этапы работ. Стоимость. Кейсы. Отзывы. Команда проекта. Контакты,Коммерческое предложение,0,True,0 crawler inlinks observed,count=65 excluding intentional policy pages,SEO_DECISION,Add contextual inlinks if pages should be discoverable
ORPHAN-CRAWLER,MEDIUM,INTERNAL_LINKING,https://i-seo.su/offer/kp-dlya-tentov,offers,200,False,,Коммерческое предложение для Тентовъ,Аудит вашего сайта приложен файлом pdf. Точки роста. Этапы работ. Стоимость. Кейсы. Отзывы. Команда проекта. Контакты,Коммерческое предложение,0,True,0 crawler inlinks observed,count=65 excluding intentional policy pages,SEO_DECISION,Add contextual inlinks if pages should be discoverable
ORPHAN-CRAWLER,MEDIUM,INTERNAL_LINKING,https://i-seo.su/offer/kp-dlya-findreason,offers,200,False,,Коммерческое предложение для Повод найдется,Аудит вашего сайта приложен файлом pdf. Точки роста. Этапы работ. Стоимость. Кейсы. Отзывы. Команда проекта. Контакты,Коммерческое предложение,0,True,0 crawler inlinks observed,count=65 excluding intentional policy pages,SEO_DECISION,Add contextual inlinks if pages should be discoverable
ORPHAN-CRAWLER,MEDIUM,INTERNAL_LINKING,https://i-seo.su/offer/kp-dlya-yyy,offers,200,False,,Коммерческое предложение для YYY,Аудит вашего сайта приложен файлом pdf. Точки роста. Этапы работ. Стоимость. Кейсы. Отзывы. Команда проекта. Контакты,Коммерческое предложение,0,True,0 crawler inlinks observed,count=65 excluding intentional policy pages,SEO_DECISION,Add contextual inlinks if pages should be discoverable
ORPHAN-CRAWLER,MEDIUM,INTERNAL_LINKING,https://i-seo.su/offer/kp-dlya-tekstil,offers,200,False,,Коммерческое предложение для Atelier tekstile,Аудит вашего сайта приложен файлом pdf. Точки роста. Этапы работ. Стоимость. Кейсы. Отзывы. Команда проекта. Контакты,Коммерческое предложение,0,True,0 crawler inlinks observed,count=65 excluding intentional policy pages,SEO_DECISION,Add contextual inlinks if pages should be discoverable
ORPHAN-CRAWLER,MEDIUM,INTERNAL_LINKING,https://i-seo.su/offer/kp-dlya-acril-plastic,offers,200,False,,Коммерческое предложение для ПластикАкрил,Аудит вашего сайта приложен файлом pdf. Точки роста. Этапы работ. Стоимость. Кейсы. Отзывы. Команда проекта. Контакты,Коммерческое предложение,0,True,0 crawler inlinks observed,count=65 excluding intentional policy pages,SEO_DECISION,Add contextual inlinks if pages should be discoverable
ORPHAN-CRAWLER,MEDIUM,INTERNAL_LINKING,https://i-seo.su/offer/kp-dlya-expertiza,offers,200,False,,Коммерческое предложение для Экспертиза,Аудит вашего сайта приложен файлом pdf. Точки роста. Этапы работ. Стоимость. Кейсы. Отзывы. Команда проекта. Контакты,Коммерческое предложение,0,True,0 crawler inlinks observed,count=65 excluding intentional policy pages,SEO_DECISION,Add contextual inlinks if pages should be discoverable
ORPHAN-CRAWLER,MEDIUM,INTERNAL_LINKING,https://i-seo.su/offer/kp-dlya-peptidy,offers,200,False,,Коммерческое предложение для Пептиды Премиум,Аудит вашего сайта приложен файлом pdf. Точки роста. Этапы работ. Стоимость. Кейсы. Отзывы. Команда проекта. Контакты,Коммерческое предложение,0,True,0 crawler inlinks observed,count=65 excluding intentional policy pages,SEO_DECISION,Add contextual inlinks if pages should be discoverable
ORPHAN-CRAWLER,MEDIUM,INTERNAL_LINKING,https://i-seo.su/offer/kp-dlya-showerglass,offers,200,False,,Коммерческое предложение для Showerglass,Аудит вашего сайта приложен файлом pdf. Точки роста. Этапы работ. Стоимость. Кейсы. Отзывы. Команда проекта. Контакты,Коммерческое предложение,0,True,0 crawler inlinks observed,count=65 excluding intentional policy pages,SEO_DECISION,Add contextual inlinks if pages should be discoverable
ORPHAN-CRAWLER,MEDIUM,INTERNAL_LINKING,https://i-seo.su/offer/kp-dlya-enzym,offers,200,False,,Коммерческое предложение для Enzym,Аудит вашего сайта приложен файлом pdf. Точки роста. Этапы работ. Стоимость. Кейсы. Отзывы. Команда проекта. Контакты,Коммерческое предложение,0,True,0 crawler inlinks observed,count=65 excluding intentional policy pages,SEO_DECISION,Add contextual inlinks if pages should be discoverable
ORPHAN-CRAWLER,MEDIUM,INTERNAL_LINKING,https://i-seo.su/offer/kp-dlya-businesscommandos,offers,200,False,,Коммерческое предложение для Вusinesscommandos,Аудит вашего сайта приложен файлом pdf. Точки роста. Этапы работ. Стоимость. Кейсы. Отзывы. Команда проекта. Контакты,Коммерческое предложение,0,True,0 crawler inlinks observed,count=65 excluding intentional policy pages,SEO_DECISION,Add contextual inlinks if pages should be discoverable
ORPHAN-CRAWLER,MEDIUM,INTERNAL_LINKING,https://i-seo.su/offer/kp-dlya-sophia,offers,200,False,,Коммерческое предложение для Издательство София,Аудит вашего сайта приложен файлом pdf. Точки роста. Этапы работ. Стоимость. Кейсы. Отзывы. Команда проекта. Контакты,Коммерческое предложение,0,True,0 crawler inlinks observed,count=65 excluding intentional policy pages,SEO_DECISION,Add contextual inlinks if pages should be discoverable
IMG-ALT,LOW,IMAGES,https://i-seo.su/blog/,blog,200,True,https://i-seo.su/blog,Блог - INTLSEO Studio,"Актуальные статьи о SEO, GEO-продвижении в AI, кейсах клиентов и технической оптимизации сайтов от экспертов агентства INTLSEO Studio. Новости и разборы digital-маркетинга.",Блог,0,True,Pages with multiple images missing/empty alt,count=464,REVIEW,Add alt for content images; decorative empty may be OK
IMG-ALT,LOW,IMAGES,https://i-seo.su/blog,blog,200,True,https://i-seo.su/blog,Блог - INTLSEO Studio,"Актуальные статьи о SEO, GEO-продвижении в AI, кейсах клиентов и технической оптимизации сайтов от экспертов агентства INTLSEO Studio. Новости и разборы digital-маркетинга.",Блог,684,True,Pages with multiple images missing/empty alt,count=464,REVIEW,Add alt for content images; decorative empty may be OK
IMG-ALT,LOW,IMAGES,https://i-seo.su/blog.html,blog,200,True,,Блог | Агентство INTLSEO,,Блог,0,False,Pages with multiple images missing/empty alt,count=464,REVIEW,Add alt for content images; decorative empty may be OK
IMG-ALT,LOW,IMAGES,https://i-seo.su/about.html,static,200,True,,О студии INTLSEO,INTLSEO – команда опытных специалистов по SEO. С 2019 года мы предлагаем качественные услуги по продвижению сайтов. Наш офис находится в БЦ Красногорск Плаза.,О нас,684,True,Pages with multiple images missing/empty alt,count=464,REVIEW,Add alt for content images; decorative empty may be OK
IMG-ALT,LOW,IMAGES,https://i-seo.su/bonuses.html,static,200,True,,Бонусы и подарки | Агентство INTLSEO,Приятные сюрпризы для наших клиентов. INTLSEO ценит своих клиентов и предлагает бонусы и подарки при заказе SEO услуг. Узнайте о наших специальных предложениях и программах лояльности!,Специальные предложения,684,True,Pages with multiple images missing/empty alt,count=464,REVIEW,Add alt for content images; decorative empty may be OK
IMG-ALT,LOW,IMAGES,https://i-seo.su/services/seo.html,static_service,200,True,,Заказать SEO продвижение сайтов в Москве — поисковая оптимизация | INTLSEO,Закажите SEO продвижение сайта в Москве с гарантией результата. Выводим в ТОП Яндекс и Google. Прозрачная стоимость от 39 000 ₽/мес. Бесплатный аудит — прямо сейчас!,SEO продвижение сайтов,684,True,Pages with multiple images missing/empty alt,count=464,REVIEW,Add alt for content images; decorative empty may be OK
IMG-ALT,LOW,IMAGES,https://i-seo.su/services/seo/b-regionakh.html,static_service,200,True,,SEO продвижение сайта в регионах России — под ключ | INTLSEO,"Продвигаем сайты в регионах РФ: настройка гео-меток, локальных сниппетов, Яндекс.Справочника. Выводим в ТОП даже в малых городах. Бесплатный аудит для региональных проектов!",SEO продвижение в регионах,684,True,Pages with multiple images missing/empty alt,count=464,REVIEW,Add alt for content images; decorative empty may be OK
IMG-ALT,LOW,IMAGES,https://i-seo.su/services/seo/prodvizhenie-v-sankt-peterburge.html,city,200,True,https://i-seo.su/services/seo/prodvizhenie-v-sankt-peterburge.html,SEO-продвижение сайта компании в Санкт-Петербурге | i-seo.su,"Продвигаем сайты компаний Санкт-Петербурга в топ Яндекса и Google. Бесплатный аудит, прозрачные тарифы, рост позиций и трафика за 3 месяца.",SEO-продвижение сайта в Санкт-Петербурге,5,True,Pages with multiple images missing/empty alt,count=464,REVIEW,Add alt for content images; decorative empty may be OK
IMG-ALT,LOW,IMAGES,https://i-seo.su/services/seo/prodvizhenie-v-kazani.html,city,200,True,https://i-seo.su/services/seo/prodvizhenie-v-kazani.html,SEO-продвижение сайта компании в Казани | i-seo.su,"Продвижение сайтов в Казани под ключ. Аудит, оптимизация и рост позиций в Яндексе и Google. Работаем с бизнесом Татарстана любого масштаба.",SEO-продвижение сайта в Казани,5,True,Pages with multiple images missing/empty alt,count=464,REVIEW,Add alt for content images; decorative empty may be OK
IMG-ALT,LOW,IMAGES,https://i-seo.su/services/seo/prodvizhenie-v-ekaterinburge.html,city,200,True,https://i-seo.su/services/seo/prodvizhenie-v-ekaterinburge.html,SEO-продвижение сайта компании в Екатеринбурге | i-seo.su,"Комплексное SEO-продвижение сайтов в Екатеринбурге. Выводим бизнес в топ поисковой выдачи, увеличиваем трафик и заявки с сайта.",SEO-продвижение сайта в Екатеринбурге,5,True,Pages with multiple images missing/empty alt,count=464,REVIEW,Add alt for content images; decorative empty may be OK
IMG-ALT,LOW,IMAGES,https://i-seo.su/services/seo/prodvizhenie-v-novosibirske.html,city,200,True,https://i-seo.su/services/seo/prodvizhenie-v-novosibirske.html,SEO-продвижение сайта компании в Новосибирске | i-seo.su,"Продвигаем сайты бизнеса в Новосибирске. Аудит, стратегия, рост позиций и трафика. Опыт в разных нишах, прозрачная отчетность на каждом этапе.",SEO-продвижение сайта в Новосибирске,5,True,Pages with multiple images missing/empty alt,count=464,REVIEW,Add alt for content images; decorative empty may be OK
IMG-ALT,LOW,IMAGES,https://i-seo.su/services/seo/prodvizhenie-v-krasnoyarske.html,city,200,True,https://i-seo.su/services/seo/prodvizhenie-v-krasnoyarske.html,SEO-продвижение сайта компании в Красноярске | i-seo.su,"SEO-продвижение сайтов в Красноярске под ключ. Бесплатный аудит, работа над позициями и трафиком, отчетность на каждом этапе сотрудничества.",SEO-продвижение сайта в Красноярске,5,True,Pages with multiple images missing/empty alt,count=464,REVIEW,Add alt for content images; decorative empty may be OK
IMG-ALT,LOW,IMAGES,https://i-seo.su/services/seo/prodvizhenie-sajta-pitomnika.html,niche,200,True,https://i-seo.su/services/seo/prodvizhenie-sajta-pitomnika.html,Заказать SEO продвижение сайта питомника | i-seo.su,Продвигаем сайты питомников собак и кошек в топ Яндекса и Google. Рост заявок от заводчиков и покупателей щенков. Бесплатный аудит и стратегия.,SEO продвижение сайта питомника,1,True,Pages with multiple images missing/empty alt,count=464,REVIEW,Add alt for content images; decorative empty may be OK
IMG-ALT,LOW,IMAGES,https://i-seo.su/services/seo/prodvizhenie-sajta-smi.html,niche,200,True,https://i-seo.su/services/seo/prodvizhenie-sajta-smi.html,Заказать SEO продвижение сайта СМИ под ключ | i-seo.su,"Продвигаем сайты изданий и новостных проектов в топ поиска. Рост охвата, посещаемости и доверия читателей. Бесплатный аудит и стратегия продвижения.",SEO продвижение сайта СМИ,1,True,Pages with multiple images missing/empty alt,count=464,REVIEW,Add alt for content images; decorative empty may be OK
IMG-ALT,LOW,IMAGES,https://i-seo.su/services/seo/prodvizhenie-sajta-restorana.html,niche,200,True,https://i-seo.su/services/seo/prodvizhenie-sajta-restorana.html,Заказать SEO продвижение сайта ресторана | i-seo.su,Продвигаем сайты ресторанов и кафе в топ Яндекса и Google. Рост бронирований столиков и посетителей зала. Бесплатный аудит и понятная стратегия.,SEO продвижение сайта ресторана,1,True,Pages with multiple images missing/empty alt,count=464,REVIEW,Add alt for content images; decorative empty may be OK
IMG-ALT,LOW,IMAGES,https://i-seo.su/services/seo/prodvizhenie-internet-magazina-zapchastej.html,niche,200,True,https://i-seo.su/services/seo/prodvizhenie-internet-magazina-zapchastej.html,SEO продвижение интернет-магазина запчастей | i-seo.su,"Продвигаем интернет-магазины автозапчастей в топ поиска. Оптимизация каталога по маркам и моделям, рост заявок и продаж. Бесплатный аудит и стратегия.",SEO продвижение интернет-магазина запчастей,1,True,Pages with multiple images missing/empty alt,count=464,REVIEW,Add alt for content images; decorative empty may be OK
IMG-ALT,LOW,IMAGES,https://i-seo.su/services/seo/prodvizhenie-sajta-internet-provajdera.html,niche,200,True,https://i-seo.su/services/seo/prodvizhenie-sajta-internet-provajdera.html,SEO продвижение сайта интернет-провайдера | i-seo.su,Продвигаем сайты интернет-провайдеров в топ Яндекса и Google. Рост заявок на подключение по конкретным районам и адресам. Бесплатный аудит и стратегия.,SEO продвижение сайта интернет-провайдера,1,True,Pages with multiple images missing/empty alt,count=464,REVIEW,Add alt for content images; decorative empty may be OK
IMG-ALT,LOW,IMAGES,https://i-seo.su/services/seo/prodvizhenie-internet-magazina-kosmetiki.html,niche,200,True,https://i-seo.su/services/seo/prodvizhenie-internet-magazina-kosmetiki.html,SEO продвижение интернет-магазина косметики | i-seo.su,"Продвигаем интернет-магазины косметики и парфюмерии в топ поиска. Рост трафика, заявок и продаж по бьюти-тематике. Бесплатный аудит и стратегия.",SEO продвижение интернет-магазина косметики,1,True,Pages with multiple images missing/empty alt,count=464,REVIEW,Add alt for content images; decorative empty may be OK
IMG-ALT,LOW,IMAGES,https://i-seo.su/services/seo/prodvizhenie-internet-magazina-czvetov.html,niche,200,True,https://i-seo.su/services/seo/prodvizhenie-internet-magazina-czvetov.html,Заказать SEO продвижение интернет-магазина цветов | i-seo.su,Продвигаем интернет-магазины цветов и доставки букетов в топ поиска. Рост заказов на срочную доставку по городу. Бесплатный аудит и стратегия работы.,SEO продвижение интернет-магазина цветов,1,True,Pages with multiple images missing/empty alt,count=464,REVIEW,Add alt for content images; decorative empty may be OK
IMG-ALT,LOW,IMAGES,https://i-seo.su/services/seo/prodvizhenie-v-ssha.html,usa_uae,200,True,https://i-seo.su/services/seo/prodvizhenie-v-ssha.html,Заказать SEO-продвижение сайта компании в США | INTLSEO,"Продвигаем сайты в США в топ Google. Работа с англоязычной семантикой, локальными справочниками и учетом конкуренции ниши. Бесплатный аудит и стратегия.",SEO-продвижение сайта в США,0,False,Pages with multiple images missing/empty alt,count=464,REVIEW,Add alt for content images; decorative empty may be OK
IMG-ALT,LOW,IMAGES,https://i-seo.su/services/seo/prodvizhenie-v-oae.html,usa_uae,200,True,https://i-seo.su/services/seo/prodvizhenie-v-oae.html,Заказать SEO-продвижение сайта компании в ОАЭ | INTLSEO,Продвигаем сайты в ОАЭ на арабском и английском языках. Учитываем конкуренцию Дубая и других эмиратов. Бесплатный аудит и понятная стратегия работы.,SEO-продвижение сайта в ОАЭ,0,False,Pages with multiple images missing/empty alt,count=464,REVIEW,Add alt for content images; decorative empty may be OK
IMG-ALT,LOW,IMAGES,https://i-seo.su/webinar-seo-podryadchik.html,webinar,200,True,https://i-seo.su/webinar-seo-podryadchik.html,Вебинар «Как выбрать подрядчика в SEO и не ошибиться?» | INTLSEO,"Бесплатный вебинар Никиты Швакова о выборе SEO-подрядчика. 10 сентября 2026 в 19:00 МСК. Разберем критерии выбора агентства, риски и реальные результаты SEO.",Как выбрать подрядчика в SEO и не ошибиться?,0,False,Pages with multiple images missing/empty alt,count=464,REVIEW,Add alt for content images; decorative empty may be OK
IMG-ALT,LOW,IMAGES,https://i-seo.su/cases/aaa-limo.html,static,200,True,,SEO Кейс AAA limo - Аренда лимузинов США | INTLSEO,"Задача заключалась в увеличении видимости в поисковых системах и привлечении большего числа заказов. Мы оптимизировали контент, улучшили технические параметры сайта и параллельно запустили рекламу Google Ads усилили маркетинговые стратегии, что позволило существенно повысить позиции и привлечь новых клиентов.",Аренда лимузинов США AAA limo,39,True,Pages with multiple images missing/empty alt,count=464,REVIEW,Add alt for content images; decorative empty may be OK
IMG-ALT,LOW,IMAGES,https://i-seo.su/cases/agran.html,static,200,True,,SEO Кейс производителя кровельных материалов | INTLSEO,"Целью было повышение видимости в поисковых системах и увеличение числа заявок через сайт. Мы оптимизировали контент, улучшили технические аспекты сайта и внедрили стратегии по улучшению внешних ссылок, что значительно увеличило количество клиентов.",Производитель кровельных материалов,38,True,Pages with multiple images missing/empty alt,count=464,REVIEW,Add alt for content images; decorative empty may be OK
IMG-ALT,LOW,IMAGES,https://i-seo.su/cases/altexa.html,static,200,True,,SEO Кейс Altexa - Юридическая компания | INTLSEO,"Юридическая компания Altexa — задача заключалась в росте видимости и количества обращений через сайт. Мы провели техническую оптимизацию, улучшили контент и внедрили стратегии по увеличению количества внешних ссылок, что дало отличный результат.",Юридическая компания Altexa,39,True,Pages with multiple images missing/empty alt,count=464,REVIEW,Add alt for content images; decorative empty may be OK
IMG-ALT,LOW,IMAGES,https://i-seo.su/cases/aqua-house.html,static,200,True,,SEO Кейс Online-магазина фильтров для воды | INTLSEO,"Интернет-магазин фильтров для воды — задача заключалась в увеличении количества заказов и улучшении видимости в поисковых системах по Москве. Мы провели оптимизацию сайта, улучшили структуру и контент.",Интернет-магазин фильтров для воды,38,True,Pages with multiple images missing/empty alt,count=464,REVIEW,Add alt for content images; decorative empty may be OK
IMG-ALT,LOW,IMAGES,https://i-seo.su/cases/aviasolution.html,static,200,True,,SEO Кейс Aviasolution - Поставщик авиазапчастей | INTLSEO,"Aviasolution — компания, занимающаяся поставкой авиазапчастей, обратилась к нам с задачей улучшить свою видимость в поисковых системах по всей России и увеличить количество заказов. Мы оптимизировали сайт, внедрили стратегии контент-маркетинга и SEO-продвижения, что позволило компании значительно повысить свои позиции и привлечь новых клиентов.",Поставщик авиазапчастей Aviasolution,38,True,Pages with multiple images missing/empty alt,count=464,REVIEW,Add alt for content images; decorative empty may be OK
IMG-ALT,LOW,IMAGES,https://i-seo.su/cases/belkhoum.html,static,200,True,,SEO Кейс Online-магазина мебели из Белорусии | INTLSEO,"Интернет-магазин белорусской мебели Belhome поставил задачу увеличить количество заказов и улучшить видимость в поисковых системах по Москве. Для достижения этой цели мы оптимизировали сайт, настроили обновление ассортимента и цен, настроили выгрузку товаров на маркет-плейсы.",Интернет-магазин белорусской мебели,38,True,Pages with multiple images missing/empty alt,count=464,REVIEW,Add alt for content images; decorative empty may be OK
IMG-ALT,LOW,IMAGES,https://i-seo.su/cases/corsini.html,static,200,True,,SEO Кейс Corsini - Online-магазин бытовой техники | INTLSEO,"Широкий ассортимент качественной бытовой техники от Corsini и удобство покупок делают магазин привлекательным для покупателей. Мы оптимизировали сайт, настроили выгрузку товаров в Яндекс Маркет и обеспечили интернет-мегазин трафиком.",Online-магазин бытовой техники corsini,38,True,Pages with multiple images missing/empty alt,count=464,REVIEW,Add alt for content images; decorative empty may be OK
IMG-ALT,LOW,IMAGES,https://i-seo.su/cases/driveavenue.html,static,200,True,,Кейс: сайт автосалона Drive Avenue | INTLSEO,Для улучшения видимости в поиске и ривлечения трафика мы оптимизировали сайт и разработали эффективные маркетинговые стратегии.,Автосалон Drive Avenue,21,True,Pages with multiple images missing/empty alt,count=464,REVIEW,Add alt for content images; decorative empty may be OK
IMG-ALT,LOW,IMAGES,https://i-seo.su/cases/drnicole.html,static,200,True,,SEO Кейс Asteri Healing Arts - Доктор натуропат (США) | INTLSEO,"Проект Asteri Healing Arts, созданный доктором-натуропатом Николь Шустерман в США, пришел к нам за сайтом и сопровожлдением. Благодаря такой стратегии он начал получать траффик со второго месяца. Также наши усилия были направлены на разработку эффективных маркетинговых стратегий.",Доктор натуропат Asteri Healing Arts,39,True,Pages with multiple images missing/empty alt,count=464,REVIEW,Add alt for content images; decorative empty may be OK
IMG-ALT,LOW,IMAGES,https://i-seo.su/cases/fabrika-eko.html,static,200,True,,SEO Кейс Fabrika-Eko - online-магазин мебели | INTLSEO,"Для увеличения заказов было необходимо привлечь больше клиентов, оптимизировать сайт и разработать эффективные маркетинговые стратегии. Высокое качество мебели и устойчивые экологические стандарты делают продукцию Fabrika-Eko востребованной и конкурентоспособной на рынке.",online-магазин мебели fabrika-eko,133,True,Pages with multiple images missing/empty alt,count=464,REVIEW,Add alt for content images; decorative empty may be OK
IMG-ALT,LOW,IMAGES,https://i-seo.su/cases/iluve-me.html,static,200,True,,SEO Кейс iLuvMe (Дубай) - Премиальный салон красоты | INTLSEO,"Оптимизация сайта на Tilda и разработка эффективных маркетинговых стратегий помогли привлечь больше клиентов, повысить позиции в поиске и сделать услуги салона iLuvMe более востребованными среди жителей и гостей Дубая.",Премиальный салон красоты iLuvMe,40,True,Pages with multiple images missing/empty alt,count=464,REVIEW,Add alt for content images; decorative empty may be OK
IMG-ALT,LOW,IMAGES,https://i-seo.su/cases/krokus.html,static,200,True,,SEO Кейс Crocus Fitness - Сеть фитнес центров | INTLSEO,"Оптимизация сайта и разработка эффективных маркетинговых стратегий помогут привлечь больше клиентов и повысить позиции в поиске, делая фитнес-услуги Crocus Fitness более доступными и востребованными.",Сеть фитнес центров Crocus fitness,167,True,Pages with multiple images missing/empty alt,count=464,REVIEW,Add alt for content images; decorative empty may be OK
IMG-ALT,LOW,IMAGES,https://i-seo.su/cases/line-sport.html,static,200,True,,SEO Кейс Line-Sport - Поставщик спортивного оборудования | INTLSEO,"ООО «Лайн-Спорт» занимается выпуском спортивной продукции, соответствующей международным стандартам качества. Оптимизация сайта и эффективные маркетинговые стратегии помогут привлечь больше клиентов и повысить позиции в поиске.",Поставщик спорт оборудования line-sport,136,True,Pages with multiple images missing/empty alt,count=464,REVIEW,Add alt for content images; decorative empty may be OK
IMG-ALT,LOW,IMAGES,https://i-seo.su/cases/magdalina.html,static,200,True,,SEO Кейс Иван Магдалина - Сайт Пластического хирурга | INTLSEO,"Приоритетным направлением работы пластического хирурга Ивана Магдалины являются эстетические операции на груди, включая как простые процедуры, так и сложные реконструкции железы и восстановления соска и ареолы. Оптимизация сайта и разработка эффективных маркетинговых стратегий помогли достигнуть отличных результатов.",Иван Магдалина - Пластический хирург,38,True,Pages with multiple images missing/empty alt,count=464,REVIEW,Add alt for content images; decorative empty may be OK
IMG-ALT,LOW,IMAGES,https://i-seo.su/cases/makita.html,static,200,True,,SEO Кейс Online-магазина инструментов Makita | INTLSEO,"Online-магазин инструментов Makita обозначил свою основную задачу так: увеличить количество заказов через сайт и улучшить видимость в поисковых системах по Москве и МО. Для достижения этой цели необходимо оптимизировать сайт, привлечь больше клиентов и разработать эффективные маркетинговые стратегии, направленные на улучшение позиций в поиске.",Online-магазин инструментов Makita,180,True,Pages with multiple images missing/empty alt,count=464,REVIEW,Add alt for content images; decorative empty may be OK
IMG-ALT,LOW,IMAGES,https://i-seo.su/cases/maltipoo-honey-club.html,static,200,True,,SEO Кейс Питомника премиальных собак Мальтипу | INTLSEO,"Питомник премиальной породы собак Мальтипу поставил перед INTLSEO четкую задачу: увеличить количество заказов через сайт и улучшить видимость в поисковых системах по Москве. Для достижения этой цели было необходимо привлечь больше клиентов, оптимизировать сайт и разработать эффективные маркетинговые стратегии для повышения позиций в поиске.",Питомник премиальных собак Мальтипу,51,True,Pages with multiple images missing/empty alt,count=464,REVIEW,Add alt for content images; decorative empty may be OK
IMG-ALT,LOW,IMAGES,https://i-seo.su/cases/salis-med.html,static,200,True,,SEO Кейс Online-магазина медицинского оборудования | INTLSEO,"Пожелание заказчика, Интернет-магазина медицинского оборудования «Салис Мед», было предельно ясным: необходимо увеличить количество заказов на сайте и улучшить видимость в поисковых системах по запросам, связанным с Москвой. Основная цель заключалась в привлечении большего числа клиентов и увеличении продаж",Online-магазин медицинского оборудования,38,True,Pages with multiple images missing/empty alt,count=464,REVIEW,Add alt for content images; decorative empty may be OK
IMG-ALT,LOW,IMAGES,https://i-seo.su/cases/smm-arena.html,static,200,True,,Кейс: SMM-продвижение лиги ARENA — 100+ млн просмотров Reels и 190 тыс. подписчиков,"Как мы развивали YouTube-канал и соцсети лиги ARENA: 100+ млн общих просмотров Reels, 190 000 прироста подписчиков в 3 профилях и попадание на 1 место в трендах YouTube. Кейс INTLSEO.",Лига ARENA,1,True,Pages with multiple images missing/empty alt,count=464,REVIEW,Add alt for content images; decorative empty may be OK
IMG-HUGE,LOW,PERFORMANCE,https://i-seo.su/img/cases/stat_slides/smm-magdalina-01.jpg,other,200,,,,,,1,False,Images >1.5MB in sample,count=5,TECH_FIX,Compress / modern formats
IMG-HUGE,LOW,PERFORMANCE,https://i-seo.su/img/cases/stat_slides/smm-magdalina-02.jpg,other,200,,,,,,1,False,Images >1.5MB in sample,count=5,TECH_FIX,Compress / modern formats
IMG-HUGE,LOW,PERFORMANCE,https://i-seo.su/img/cases/stat_slides/smm-magdalina-03.jpg,other,200,,,,,,1,False,Images >1.5MB in sample,count=5,TECH_FIX,Compress / modern formats
IMG-HUGE,LOW,PERFORMANCE,https://i-seo.su/img/cases/stat_slides/smm_kzs_03.jpg,other,200,,,,,,1,False,Images >1.5MB in sample,count=5,TECH_FIX,Compress / modern formats
IMG-HUGE,LOW,PERFORMANCE,https://i-seo.su/img/cases/stat_slides/smm_nashedelo_03.jpg,other,200,,,,,,1,False,Images >1.5MB in sample,count=5,TECH_FIX,Compress / modern formats
OG-MISSING,LOW,SOCIAL_META,https://i-seo.su/,home,200,True,,Продвижение сайтов в ТОП под ключ в Москве | Агентство INTLSEO,"Компания INTLSEO по продвижению сайтов в ТОП Яндекс и Google. Разрабатываем сайты с оптимизацией под SEO, продвигаем в топ, настраиваем контекстную рекламу.","Продвигаем бизнес в интернете, выводим сайты в ИИ выдачу",649,True,Missing key Open Graph tags,count=129,REVIEW,Add og:title/url/image on high-value templates
OG-MISSING,LOW,SOCIAL_META,https://i-seo.su/home.html,static,200,True,,Продвижение сайтов в ТОП под ключ в Москве | Агентство INTLSEO,"Компания INTLSEO по продвижению сайтов в ТОП Яндекс и Google. Разрабатываем сайты с оптимизацией под SEO, продвигаем в топ, настраиваем контекстную рекламу.",Продвигаем сайты в ТОП Яндекса и Google,0,False,Missing key Open Graph tags,count=129,REVIEW,Add og:title/url/image on high-value templates
OG-MISSING,LOW,SOCIAL_META,https://i-seo.su/services.html,static,200,True,,Услуги SEO продвижения сайтов в Москве | INTLSEO,"Профессиональные услуги SEO продвижения и оптимизации сайтов в Москве. Прозрачная стоимость, результат по ТОП-10. Закажите SEO-аудит бесплатно!",SEO услуги для вашего бизнеса,649,True,Missing key Open Graph tags,count=129,REVIEW,Add og:title/url/image on high-value templates
OG-MISSING,LOW,SOCIAL_META,https://i-seo.su/contacts.html,static,200,True,,Контакты | Агентство INTLSEO,"Свяжитесь с нами для бесплатной консультации по SEO. Мы находимся рядом с Москвой, в БЦ Красногорск Плаза. С 2019 года помогаем бизнесам расти в онлайне. Звоните или пишите нам для консультации!",Контакты,684,True,Missing key Open Graph tags,count=129,REVIEW,Add og:title/url/image on high-value templates
OG-MISSING,LOW,SOCIAL_META,https://i-seo.su/about.html,static,200,True,,О студии INTLSEO,INTLSEO – команда опытных специалистов по SEO. С 2019 года мы предлагаем качественные услуги по продвижению сайтов. Наш офис находится в БЦ Красногорск Плаза.,О нас,684,True,Missing key Open Graph tags,count=129,REVIEW,Add og:title/url/image on high-value templates
OG-MISSING,LOW,SOCIAL_META,https://i-seo.su/reviews.html,static,200,True,,Отзывы клиентов INTLSEO,"Мы гордимся положительными отзывами и успешными кейсами, которые подтверждают нашу экспертность и профессионализм. С 2019 года мы помогаем бизнесам достигать успеха в поисковых системах.",Отзывы,684,True,Missing key Open Graph tags,count=129,REVIEW,Add og:title/url/image on high-value templates
OG-MISSING,LOW,SOCIAL_META,https://i-seo.su/partners.html,static,200,True,,Партнерская программа INTLSEO – Растите вместе с нами,Станьте партнером INTLSEO и получите доступ к уникальным возможностям и выгодным условиям сотрудничества. Наш опыт в SEO с 2019 года поможет вам и вашим клиентам достигать успеха. Мы предлагаем выгодные условия и профессиональную поддержку для успешного SEO продвижения ваших клиентов.,Станьте партнером INTLSEO,684,True,Missing key Open Graph tags,count=129,REVIEW,Add og:title/url/image on high-value templates
OG-MISSING,LOW,SOCIAL_META,https://i-seo.su/bonuses.html,static,200,True,,Бонусы и подарки | Агентство INTLSEO,Приятные сюрпризы для наших клиентов. INTLSEO ценит своих клиентов и предлагает бонусы и подарки при заказе SEO услуг. Узнайте о наших специальных предложениях и программах лояльности!,Специальные предложения,684,True,Missing key Open Graph tags,count=129,REVIEW,Add og:title/url/image on high-value templates
OG-MISSING,LOW,SOCIAL_META,https://i-seo.su/career.html,static,200,True,,Карьера в INTLSEO,"Ищете работу в SEO? Присоединяйтесь к INTLSEO! Станьте частью нашей команды. Офис в Красногорске, дружный коллектив. Возможность удаленной работы. Мы предлагаем отличные условия труда и возможности для профессионального роста. Узнайте больше и отправьте резюме!",Вакансии,684,True,Missing key Open Graph tags,count=129,REVIEW,Add og:title/url/image on high-value templates
OG-MISSING,LOW,SOCIAL_META,https://i-seo.su/guarantees.html,static,200,True,,Наши гарантии | Агентство INTLSEO,INTLSEO предлагает гарантии на все свои SEO услуги. Мы уверены в эффективности наших методов и готовы гарантировать вам достижение результатов. Узнайте больше о наших условиях и защитите свои инвестиции в SEO.,Гарантии,684,True,Missing key Open Graph tags,count=129,REVIEW,Add og:title/url/image on high-value templates
OG-MISSING,LOW,SOCIAL_META,https://i-seo.su/report-hub/,other,200,True,,Обзор проектов — i-SEO Report Hub (Демо v0.4),,i-SEO Report Hub,0,False,Missing key Open Graph tags,count=129,REVIEW,Add og:title/url/image on high-value templates
OG-MISSING,LOW,SOCIAL_META,https://i-seo.su/varvara-new.php,other,200,False,,VVR-Searcher,,,0,False,Missing key Open Graph tags,count=129,REVIEW,Add og:title/url/image on high-value templates
OG-MISSING,LOW,SOCIAL_META,https://i-seo.su/services/seo.html,static_service,200,True,,Заказать SEO продвижение сайтов в Москве — поисковая оптимизация | INTLSEO,Закажите SEO продвижение сайта в Москве с гарантией результата. Выводим в ТОП Яндекс и Google. Прозрачная стоимость от 39 000 ₽/мес. Бесплатный аудит — прямо сейчас!,SEO продвижение сайтов,684,True,Missing key Open Graph tags,count=129,REVIEW,Add og:title/url/image on high-value templates
OG-MISSING,LOW,SOCIAL_META,https://i-seo.su/services/seo/b-regionakh.html,static_service,200,True,,SEO продвижение сайта в регионах России — под ключ | INTLSEO,"Продвигаем сайты в регионах РФ: настройка гео-меток, локальных сниппетов, Яндекс.Справочника. Выводим в ТОП даже в малых городах. Бесплатный аудит для региональных проектов!",SEO продвижение в регионах,684,True,Missing key Open Graph tags,count=129,REVIEW,Add og:title/url/image on high-value templates
OG-MISSING,LOW,SOCIAL_META,https://i-seo.su/services/seo/prodvizhenie-v-sankt-peterburge.html,city,200,True,https://i-seo.su/services/seo/prodvizhenie-v-sankt-peterburge.html,SEO-продвижение сайта компании в Санкт-Петербурге | i-seo.su,"Продвигаем сайты компаний Санкт-Петербурга в топ Яндекса и Google. Бесплатный аудит, прозрачные тарифы, рост позиций и трафика за 3 месяца.",SEO-продвижение сайта в Санкт-Петербурге,5,True,Missing key Open Graph tags,count=129,REVIEW,Add og:title/url/image on high-value templates
OG-MISSING,LOW,SOCIAL_META,https://i-seo.su/services/seo/prodvizhenie-v-kazani.html,city,200,True,https://i-seo.su/services/seo/prodvizhenie-v-kazani.html,SEO-продвижение сайта компании в Казани | i-seo.su,"Продвижение сайтов в Казани под ключ. Аудит, оптимизация и рост позиций в Яндексе и Google. Работаем с бизнесом Татарстана любого масштаба.",SEO-продвижение сайта в Казани,5,True,Missing key Open Graph tags,count=129,REVIEW,Add og:title/url/image on high-value templates
OG-MISSING,LOW,SOCIAL_META,https://i-seo.su/services/seo/prodvizhenie-v-ekaterinburge.html,city,200,True,https://i-seo.su/services/seo/prodvizhenie-v-ekaterinburge.html,SEO-продвижение сайта компании в Екатеринбурге | i-seo.su,"Комплексное SEO-продвижение сайтов в Екатеринбурге. Выводим бизнес в топ поисковой выдачи, увеличиваем трафик и заявки с сайта.",SEO-продвижение сайта в Екатеринбурге,5,True,Missing key Open Graph tags,count=129,REVIEW,Add og:title/url/image on high-value templates
OG-MISSING,LOW,SOCIAL_META,https://i-seo.su/services/seo/prodvizhenie-v-novosibirske.html,city,200,True,https://i-seo.su/services/seo/prodvizhenie-v-novosibirske.html,SEO-продвижение сайта компании в Новосибирске | i-seo.su,"Продвигаем сайты бизнеса в Новосибирске. Аудит, стратегия, рост позиций и трафика. Опыт в разных нишах, прозрачная отчетность на каждом этапе.",SEO-продвижение сайта в Новосибирске,5,True,Missing key Open Graph tags,count=129,REVIEW,Add og:title/url/image on high-value templates
OG-MISSING,LOW,SOCIAL_META,https://i-seo.su/services/seo/prodvizhenie-v-krasnoyarske.html,city,200,True,https://i-seo.su/services/seo/prodvizhenie-v-krasnoyarske.html,SEO-продвижение сайта компании в Красноярске | i-seo.su,"SEO-продвижение сайтов в Красноярске под ключ. Бесплатный аудит, работа над позициями и трафиком, отчетность на каждом этапе сотрудничества.",SEO-продвижение сайта в Красноярске,5,True,Missing key Open Graph tags,count=129,REVIEW,Add og:title/url/image on high-value templates
OG-MISSING,LOW,SOCIAL_META,https://i-seo.su/services/seo/prodvizhenie-sajta-pitomnika.html,niche,200,True,https://i-seo.su/services/seo/prodvizhenie-sajta-pitomnika.html,Заказать SEO продвижение сайта питомника | i-seo.su,Продвигаем сайты питомников собак и кошек в топ Яндекса и Google. Рост заявок от заводчиков и покупателей щенков. Бесплатный аудит и стратегия.,SEO продвижение сайта питомника,1,True,Missing key Open Graph tags,count=129,REVIEW,Add og:title/url/image on high-value templates
OG-MISSING,LOW,SOCIAL_META,https://i-seo.su/services/seo/prodvizhenie-sajta-smi.html,niche,200,True,https://i-seo.su/services/seo/prodvizhenie-sajta-smi.html,Заказать SEO продвижение сайта СМИ под ключ | i-seo.su,"Продвигаем сайты изданий и новостных проектов в топ поиска. Рост охвата, посещаемости и доверия читателей. Бесплатный аудит и стратегия продвижения.",SEO продвижение сайта СМИ,1,True,Missing key Open Graph tags,count=129,REVIEW,Add og:title/url/image on high-value templates
OG-MISSING,LOW,SOCIAL_META,https://i-seo.su/services/seo/prodvizhenie-sajta-restorana.html,niche,200,True,https://i-seo.su/services/seo/prodvizhenie-sajta-restorana.html,Заказать SEO продвижение сайта ресторана | i-seo.su,Продвигаем сайты ресторанов и кафе в топ Яндекса и Google. Рост бронирований столиков и посетителей зала. Бесплатный аудит и понятная стратегия.,SEO продвижение сайта ресторана,1,True,Missing key Open Graph tags,count=129,REVIEW,Add og:title/url/image on high-value templates
OG-MISSING,LOW,SOCIAL_META,https://i-seo.su/services/seo/prodvizhenie-internet-magazina-zapchastej.html,niche,200,True,https://i-seo.su/services/seo/prodvizhenie-internet-magazina-zapchastej.html,SEO продвижение интернет-магазина запчастей | i-seo.su,"Продвигаем интернет-магазины автозапчастей в топ поиска. Оптимизация каталога по маркам и моделям, рост заявок и продаж. Бесплатный аудит и стратегия.",SEO продвижение интернет-магазина запчастей,1,True,Missing key Open Graph tags,count=129,REVIEW,Add og:title/url/image on high-value templates
OG-MISSING,LOW,SOCIAL_META,https://i-seo.su/services/seo/prodvizhenie-sajta-internet-provajdera.html,niche,200,True,https://i-seo.su/services/seo/prodvizhenie-sajta-internet-provajdera.html,SEO продвижение сайта интернет-провайдера | i-seo.su,Продвигаем сайты интернет-провайдеров в топ Яндекса и Google. Рост заявок на подключение по конкретным районам и адресам. Бесплатный аудит и стратегия.,SEO продвижение сайта интернет-провайдера,1,True,Missing key Open Graph tags,count=129,REVIEW,Add og:title/url/image on high-value templates
OG-MISSING,LOW,SOCIAL_META,https://i-seo.su/services/seo/prodvizhenie-internet-magazina-kosmetiki.html,niche,200,True,https://i-seo.su/services/seo/prodvizhenie-internet-magazina-kosmetiki.html,SEO продвижение интернет-магазина косметики | i-seo.su,"Продвигаем интернет-магазины косметики и парфюмерии в топ поиска. Рост трафика, заявок и продаж по бьюти-тематике. Бесплатный аудит и стратегия.",SEO продвижение интернет-магазина косметики,1,True,Missing key Open Graph tags,count=129,REVIEW,Add og:title/url/image on high-value templates
OG-MISSING,LOW,SOCIAL_META,https://i-seo.su/services/seo/prodvizhenie-internet-magazina-czvetov.html,niche,200,True,https://i-seo.su/services/seo/prodvizhenie-internet-magazina-czvetov.html,Заказать SEO продвижение интернет-магазина цветов | i-seo.su,Продвигаем интернет-магазины цветов и доставки букетов в топ поиска. Рост заказов на срочную доставку по городу. Бесплатный аудит и стратегия работы.,SEO продвижение интернет-магазина цветов,1,True,Missing key Open Graph tags,count=129,REVIEW,Add og:title/url/image on high-value templates
OG-MISSING,LOW,SOCIAL_META,https://i-seo.su/services/seo/prodvizhenie-v-ssha.html,usa_uae,200,True,https://i-seo.su/services/seo/prodvizhenie-v-ssha.html,Заказать SEO-продвижение сайта компании в США | INTLSEO,"Продвигаем сайты в США в топ Google. Работа с англоязычной семантикой, локальными справочниками и учетом конкуренции ниши. Бесплатный аудит и стратегия.",SEO-продвижение сайта в США,0,False,Missing key Open Graph tags,count=129,REVIEW,Add og:title/url/image on high-value templates
OG-MISSING,LOW,SOCIAL_META,https://i-seo.su/services/seo/prodvizhenie-v-oae.html,usa_uae,200,True,https://i-seo.su/services/seo/prodvizhenie-v-oae.html,Заказать SEO-продвижение сайта компании в ОАЭ | INTLSEO,Продвигаем сайты в ОАЭ на арабском и английском языках. Учитываем конкуренцию Дубая и других эмиратов. Бесплатный аудит и понятная стратегия работы.,SEO-продвижение сайта в ОАЭ,0,False,Missing key Open Graph tags,count=129,REVIEW,Add og:title/url/image on high-value templates
OG-MISSING,LOW,SOCIAL_META,https://i-seo.su/services/adv.html,static_service,200,True,,Профессиональное ведение контекстной рекламы | INTLSEO,"Контекстной рекламы, которая привлечет целевых клиентов и увеличивать продажи. Настроим, оптимизируем и обеспечим высокую эффективность кампаний, благодаря аналитике и колл-треккингу.",Ведение контекстной рекламы,684,True,Missing key Open Graph tags,count=129,REVIEW,Add og:title/url/image on high-value templates
OG-MISSING,LOW,SOCIAL_META,https://i-seo.su/services/adv/google-adwords.html,static_service,200,True,,Ведение и настройка Google Ads для вашего бизнеса | INTLSEO,Заказать рофессиональную настройку Google Ads для увеличения продаж. Мы обеспечим максимальную эффективность ваших рекламных кампаний. Услуги по настройке и ведению Google Adwords. Достигайте высоких результатов с минимальными затратами с помощью наших экспертов.,Настройка и ведение Google adwords,684,True,Missing key Open Graph tags,count=129,REVIEW,Add og:title/url/image on high-value templates
OG-MISSING,LOW,SOCIAL_META,https://i-seo.su/services/adv/medijnaya-reklama.html,static_service,200,True,,Эффективная медийная реклама для вашего бизнеса | INTLSEO,Настройка и ведение медийной рекламы для эффективного продвижения в 2025 году. Мы используем современные методы и инструменты для достижения лучших результатов.,Медийна реклама,684,True,Missing key Open Graph tags,count=129,REVIEW,Add og:title/url/image on high-value templates
OG-MISSING,LOW,SOCIAL_META,https://i-seo.su/services/adv/yandeks-direkt.html,static_service,200,True,,Яндекс Директ: настройка и управление кампаниями | INTLSEO,"Закажите оптимизацию рекламных кампаний в Яндекс Директ до достижения максимальных результатов. Мы создаем эффективные стратегии, чтобы повысить видимость и увеличить продажи вашего бизнеса, используя современные инструменты и техники.",Оптимизация и ведение Яндекс Директ,684,True,Missing key Open Graph tags,count=129,REVIEW,Add og:title/url/image on high-value templates
OG-MISSING,LOW,SOCIAL_META,https://i-seo.su/services/ai-optimization.html,static_service,200,True,,SEO-продвижение в AI и нейросети — вывод сайта в ответы ИИ | INTLSEO,"Продвигаем сайты в ответы нейросетей и AI-поиска: ChatGPT, Gemini, Perplexity, Яндекс и другие. Повышаем упоминания, доверие ИИ и получаем трафик из AI-ответов.",Продвижение сайтов в AI-ответы и нейросети,684,True,Missing key Open Graph tags,count=129,REVIEW,Add og:title/url/image on high-value templates
OG-MISSING,LOW,SOCIAL_META,https://i-seo.su/services/ai-optimization/chatgpt.html,static_service,200,True,,SEO-продвижение в ChatGPT — вывод бренда в ответы ИИ | INTLSEO,"SEO-продвижение в ChatGPT для вывода бренда в ответы ИИ: анализируем источники, усиливаем экспертность, создаём цитируемый контент и повышаем видимость компании в ChatGPT.",SEO продвижение в ChatGPT,683,True,Missing key Open Graph tags,count=129,REVIEW,Add og:title/url/image on high-value templates
OG-MISSING,LOW,SOCIAL_META,https://i-seo.su/services/ai-optimization/claude.html,static_service,200,True,,SEO-продвижение в Claude — вывод бренда в ответы ИИ | INTLSEO,"SEO-продвижение в Claude для вывода бренда в ответы ИИ: анализируем источники, усиливаем экспертность, создаём цитируемый контент и повышаем видимость компании в Claude.",SEO продвижение в Claude,683,True,Missing key Open Graph tags,count=129,REVIEW,Add og:title/url/image on high-value templates
OG-MISSING,LOW,SOCIAL_META,https://i-seo.su/services/ai-optimization/deepseek.html,static_service,200,True,,SEO-продвижение в DeepSeek — вывод бренда в ответы ИИ | INTLSEO,"SEO-продвижение в DeepSeek для вывода бренда в ответы ИИ: анализируем источники, усиливаем экспертность, создаём цитируемый контент и повышаем видимость компании в DeepSeek.",SEO продвижение в DeepSeek,683,True,Missing key Open Graph tags,count=129,REVIEW,Add og:title/url/image on high-value templates
OG-MISSING,LOW,SOCIAL_META,https://i-seo.su/services/ai-optimization/gemini.html,static_service,200,True,,SEO-продвижение в Gemini — вывод бренда в ответы ИИ | INTLSEO,"SEO-продвижение в Gemini для вывода бренда в ответы ИИ: анализируем источники, усиливаем экспертность, создаём цитируемый контент и повышаем видимость компании в Gemini.",SEO продвижение в Gemini,683,True,Missing key Open Graph tags,count=129,REVIEW,Add og:title/url/image on high-value templates
OG-MISSING,LOW,SOCIAL_META,https://i-seo.su/services/ai-optimization/geo.html,static_service,200,True,,GEO-оптимизация сайта — вывод бренда в нейросети и AI | INTLSEO,"GEO-оптимизация для вывода бренда в ответы нейросетей: ChatGPT, Gemini, Perplexity, Яндекс.Алиса. Делаем ваш бренд приоритетным выбором ИИ. Первые результаты — от 1 месяца.",GEO оптимизация сайта,684,True,Missing key Open Graph tags,count=129,REVIEW,Add og:title/url/image on high-value templates
OG-MISSING,LOW,SOCIAL_META,https://i-seo.su/services/ai-optimization/gigachat.html,static_service,200,True,,SEO-продвижение в GigaChat — вывод бренда в ответы ИИ | INTLSEO,"SEO-продвижение в GigaChat для вывода бренда в ответы ИИ: анализируем источники, усиливаем экспертность, создаём цитируемый контент и повышаем видимость компании в GigaChat.",SEO продвижение в GigaChat,683,True,Missing key Open Graph tags,count=129,REVIEW,Add og:title/url/image on high-value templates
OG-MISSING,LOW,SOCIAL_META,https://i-seo.su/services/ai-optimization/google-ai-overviews.html,static_service,200,True,,SEO-продвижение в Google AI Overviews — вывод бренда в ответы ИИ | INTLSEO,"SEO-продвижение в Google AI Overviews для вывода бренда в ответы ИИ: анализируем источники, усиливаем экспертность, создаём цитируемый контент и повышаем видимость компании в Google AI Overviews.",SEO продвижение в Google AI Overviews,683,True,Missing key Open Graph tags,count=129,REVIEW,Add og:title/url/image on high-value templates
MENU-NAV-DECISION,OPERATOR/SEO DECISION,NAVIGATION,https://i-seo.su/services/seo/prodvizhenie-sajta-smi.html,niche,200,True,https://i-seo.su/services/seo/prodvizhenie-sajta-smi.html,Заказать SEO продвижение сайта СМИ под ключ | i-seo.su,"Продвигаем сайты изданий и новостных проектов в топ поиска. Рост охвата, посещаемости и доверия читателей. Бесплатный аудит и стратегия продвижения.",SEO продвижение сайта СМИ,1,True,New pages not in global menu — deferred to Nikita,"{""https://i-seo.su/"": {""page_contains"": {""city_spb"": false, ""city_kazan"": false, ""city_ekb"": false, ""niche_pitomnika"": false, ""niche_smi"": false, ""usa"": false, ""uae"": false, ""webinar"": false, ""b_regionakh"": true}, ""nav_contains"": {""city_spb"": false, ""city_kazan"": false, ""city_ekb"": false, ""niche_pitomnika"": false, ""niche_smi"": false, ""usa"": false, ""uae"": false, ""webinar"": false, ""b_regionakh"": true}, ""nav_chunk_len"": 10741}, ""https://i-seo.su/services/seo.html"": {""page_contains"": {""city_spb"": fa",OPERATOR_SEO_DECISION,Decide top/submenu/hub-only/footer/none — do not auto-add
MENU-NAV-DECISION,OPERATOR/SEO DECISION,NAVIGATION,https://i-seo.su/services/seo/prodvizhenie-v-krasnoyarske.html,city,200,True,https://i-seo.su/services/seo/prodvizhenie-v-krasnoyarske.html,SEO-продвижение сайта компании в Красноярске | i-seo.su,"SEO-продвижение сайтов в Красноярске под ключ. Бесплатный аудит, работа над позициями и трафиком, отчетность на каждом этапе сотрудничества.",SEO-продвижение сайта в Красноярске,5,True,New pages not in global menu — deferred to Nikita,"{""https://i-seo.su/"": {""page_contains"": {""city_spb"": false, ""city_kazan"": false, ""city_ekb"": false, ""niche_pitomnika"": false, ""niche_smi"": false, ""usa"": false, ""uae"": false, ""webinar"": false, ""b_regionakh"": true}, ""nav_contains"": {""city_spb"": false, ""city_kazan"": false, ""city_ekb"": false, ""niche_pitomnika"": false, ""niche_smi"": false, ""usa"": false, ""uae"": false, ""webinar"": false, ""b_regionakh"": true}, ""nav_chunk_len"": 10741}, ""https://i-seo.su/services/seo.html"": {""page_contains"": {""city_spb"": fa",OPERATOR_SEO_DECISION,Decide top/submenu/hub-only/footer/none — do not auto-add
MENU-NAV-DECISION,OPERATOR/SEO DECISION,NAVIGATION,https://i-seo.su/services/seo/prodvizhenie-v-ekaterinburge.html,city,200,True,https://i-seo.su/services/seo/prodvizhenie-v-ekaterinburge.html,SEO-продвижение сайта компании в Екатеринбурге | i-seo.su,"Комплексное SEO-продвижение сайтов в Екатеринбурге. Выводим бизнес в топ поисковой выдачи, увеличиваем трафик и заявки с сайта.",SEO-продвижение сайта в Екатеринбурге,5,True,New pages not in global menu — deferred to Nikita,"{""https://i-seo.su/"": {""page_contains"": {""city_spb"": false, ""city_kazan"": false, ""city_ekb"": false, ""niche_pitomnika"": false, ""niche_smi"": false, ""usa"": false, ""uae"": false, ""webinar"": false, ""b_regionakh"": true}, ""nav_contains"": {""city_spb"": false, ""city_kazan"": false, ""city_ekb"": false, ""niche_pitomnika"": false, ""niche_smi"": false, ""usa"": false, ""uae"": false, ""webinar"": false, ""b_regionakh"": true}, ""nav_chunk_len"": 10741}, ""https://i-seo.su/services/seo.html"": {""page_contains"": {""city_spb"": fa",OPERATOR_SEO_DECISION,Decide top/submenu/hub-only/footer/none — do not auto-add
MENU-NAV-DECISION,OPERATOR/SEO DECISION,NAVIGATION,https://i-seo.su/services/seo/prodvizhenie-v-sankt-peterburge.html,city,200,True,https://i-seo.su/services/seo/prodvizhenie-v-sankt-peterburge.html,SEO-продвижение сайта компании в Санкт-Петербурге | i-seo.su,"Продвигаем сайты компаний Санкт-Петербурга в топ Яндекса и Google. Бесплатный аудит, прозрачные тарифы, рост позиций и трафика за 3 месяца.",SEO-продвижение сайта в Санкт-Петербурге,5,True,New pages not in global menu — deferred to Nikita,"{""https://i-seo.su/"": {""page_contains"": {""city_spb"": false, ""city_kazan"": false, ""city_ekb"": false, ""niche_pitomnika"": false, ""niche_smi"": false, ""usa"": false, ""uae"": false, ""webinar"": false, ""b_regionakh"": true}, ""nav_contains"": {""city_spb"": false, ""city_kazan"": false, ""city_ekb"": false, ""niche_pitomnika"": false, ""niche_smi"": false, ""usa"": false, ""uae"": false, ""webinar"": false, ""b_regionakh"": true}, ""nav_chunk_len"": 10741}, ""https://i-seo.su/services/seo.html"": {""page_contains"": {""city_spb"": fa",OPERATOR_SEO_DECISION,Decide top/submenu/hub-only/footer/none — do not auto-add
MENU-NAV-DECISION,OPERATOR/SEO DECISION,NAVIGATION,https://i-seo.su/services/seo/prodvizhenie-v-oae.html,usa_uae,200,True,https://i-seo.su/services/seo/prodvizhenie-v-oae.html,Заказать SEO-продвижение сайта компании в ОАЭ | INTLSEO,Продвигаем сайты в ОАЭ на арабском и английском языках. Учитываем конкуренцию Дубая и других эмиратов. Бесплатный аудит и понятная стратегия работы.,SEO-продвижение сайта в ОАЭ,0,False,New pages not in global menu — deferred to Nikita,"{""https://i-seo.su/"": {""page_contains"": {""city_spb"": false, ""city_kazan"": false, ""city_ekb"": false, ""niche_pitomnika"": false, ""niche_smi"": false, ""usa"": false, ""uae"": false, ""webinar"": false, ""b_regionakh"": true}, ""nav_contains"": {""city_spb"": false, ""city_kazan"": false, ""city_ekb"": false, ""niche_pitomnika"": false, ""niche_smi"": false, ""usa"": false, ""uae"": false, ""webinar"": false, ""b_regionakh"": true}, ""nav_chunk_len"": 10741}, ""https://i-seo.su/services/seo.html"": {""page_contains"": {""city_spb"": fa",OPERATOR_SEO_DECISION,Decide top/submenu/hub-only/footer/none — do not auto-add
MENU-NAV-DECISION,OPERATOR/SEO DECISION,NAVIGATION,https://i-seo.su/services/seo/prodvizhenie-sajta-pitomnika.html,niche,200,True,https://i-seo.su/services/seo/prodvizhenie-sajta-pitomnika.html,Заказать SEO продвижение сайта питомника | i-seo.su,Продвигаем сайты питомников собак и кошек в топ Яндекса и Google. Рост заявок от заводчиков и покупателей щенков. Бесплатный аудит и стратегия.,SEO продвижение сайта питомника,1,True,New pages not in global menu — deferred to Nikita,"{""https://i-seo.su/"": {""page_contains"": {""city_spb"": false, ""city_kazan"": false, ""city_ekb"": false, ""niche_pitomnika"": false, ""niche_smi"": false, ""usa"": false, ""uae"": false, ""webinar"": false, ""b_regionakh"": true}, ""nav_contains"": {""city_spb"": false, ""city_kazan"": false, ""city_ekb"": false, ""niche_pitomnika"": false, ""niche_smi"": false, ""usa"": false, ""uae"": false, ""webinar"": false, ""b_regionakh"": true}, ""nav_chunk_len"": 10741}, ""https://i-seo.su/services/seo.html"": {""page_contains"": {""city_spb"": fa",OPERATOR_SEO_DECISION,Decide top/submenu/hub-only/footer/none — do not auto-add
MENU-NAV-DECISION,OPERATOR/SEO DECISION,NAVIGATION,https://i-seo.su/services/seo/prodvizhenie-v-kazani.html,city,200,True,https://i-seo.su/services/seo/prodvizhenie-v-kazani.html,SEO-продвижение сайта компании в Казани | i-seo.su,"Продвижение сайтов в Казани под ключ. Аудит, оптимизация и рост позиций в Яндексе и Google. Работаем с бизнесом Татарстана любого масштаба.",SEO-продвижение сайта в Казани,5,True,New pages not in global menu — deferred to Nikita,"{""https://i-seo.su/"": {""page_contains"": {""city_spb"": false, ""city_kazan"": false, ""city_ekb"": false, ""niche_pitomnika"": false, ""niche_smi"": false, ""usa"": false, ""uae"": false, ""webinar"": false, ""b_regionakh"": true}, ""nav_contains"": {""city_spb"": false, ""city_kazan"": false, ""city_ekb"": false, ""niche_pitomnika"": false, ""niche_smi"": false, ""usa"": false, ""uae"": false, ""webinar"": false, ""b_regionakh"": true}, ""nav_chunk_len"": 10741}, ""https://i-seo.su/services/seo.html"": {""page_contains"": {""city_spb"": fa",OPERATOR_SEO_DECISION,Decide top/submenu/hub-only/footer/none — do not auto-add
MENU-NAV-DECISION,OPERATOR/SEO DECISION,NAVIGATION,https://i-seo.su/services/seo/prodvizhenie-v-novosibirske.html,city,200,True,https://i-seo.su/services/seo/prodvizhenie-v-novosibirske.html,SEO-продвижение сайта компании в Новосибирске | i-seo.su,"Продвигаем сайты бизнеса в Новосибирске. Аудит, стратегия, рост позиций и трафика. Опыт в разных нишах, прозрачная отчетность на каждом этапе.",SEO-продвижение сайта в Новосибирске,5,True,New pages not in global menu — deferred to Nikita,"{""https://i-seo.su/"": {""page_contains"": {""city_spb"": false, ""city_kazan"": false, ""city_ekb"": false, ""niche_pitomnika"": false, ""niche_smi"": false, ""usa"": false, ""uae"": false, ""webinar"": false, ""b_regionakh"": true}, ""nav_contains"": {""city_spb"": false, ""city_kazan"": false, ""city_ekb"": false, ""niche_pitomnika"": false, ""niche_smi"": false, ""usa"": false, ""uae"": false, ""webinar"": false, ""b_regionakh"": true}, ""nav_chunk_len"": 10741}, ""https://i-seo.su/services/seo.html"": {""page_contains"": {""city_spb"": fa",OPERATOR_SEO_DECISION,Decide top/submenu/hub-only/footer/none — do not auto-add
MENU-NAV-DECISION,OPERATOR/SEO DECISION,NAVIGATION,https://i-seo.su/services/seo/prodvizhenie-sajta-internet-provajdera.html,niche,200,True,https://i-seo.su/services/seo/prodvizhenie-sajta-internet-provajdera.html,SEO продвижение сайта интернет-провайдера | i-seo.su,Продвигаем сайты интернет-провайдеров в топ Яндекса и Google. Рост заявок на подключение по конкретным районам и адресам. Бесплатный аудит и стратегия.,SEO продвижение сайта интернет-провайдера,1,True,New pages not in global menu — deferred to Nikita,"{""https://i-seo.su/"": {""page_contains"": {""city_spb"": false, ""city_kazan"": false, ""city_ekb"": false, ""niche_pitomnika"": false, ""niche_smi"": false, ""usa"": false, ""uae"": false, ""webinar"": false, ""b_regionakh"": true}, ""nav_contains"": {""city_spb"": false, ""city_kazan"": false, ""city_ekb"": false, ""niche_pitomnika"": false, ""niche_smi"": false, ""usa"": false, ""uae"": false, ""webinar"": false, ""b_regionakh"": true}, ""nav_chunk_len"": 10741}, ""https://i-seo.su/services/seo.html"": {""page_contains"": {""city_spb"": fa",OPERATOR_SEO_DECISION,Decide top/submenu/hub-only/footer/none — do not auto-add
MENU-NAV-DECISION,OPERATOR/SEO DECISION,NAVIGATION,https://i-seo.su/services/seo/prodvizhenie-internet-magazina-czvetov.html,niche,200,True,https://i-seo.su/services/seo/prodvizhenie-internet-magazina-czvetov.html,Заказать SEO продвижение интернет-магазина цветов | i-seo.su,Продвигаем интернет-магазины цветов и доставки букетов в топ поиска. Рост заказов на срочную доставку по городу. Бесплатный аудит и стратегия работы.,SEO продвижение интернет-магазина цветов,1,True,New pages not in global menu — deferred to Nikita,"{""https://i-seo.su/"": {""page_contains"": {""city_spb"": false, ""city_kazan"": false, ""city_ekb"": false, ""niche_pitomnika"": false, ""niche_smi"": false, ""usa"": false, ""uae"": false, ""webinar"": false, ""b_regionakh"": true}, ""nav_contains"": {""city_spb"": false, ""city_kazan"": false, ""city_ekb"": false, ""niche_pitomnika"": false, ""niche_smi"": false, ""usa"": false, ""uae"": false, ""webinar"": false, ""b_regionakh"": true}, ""nav_chunk_len"": 10741}, ""https://i-seo.su/services/seo.html"": {""page_contains"": {""city_spb"": fa",OPERATOR_SEO_DECISION,Decide top/submenu/hub-only/footer/none — do not auto-add
MENU-NAV-DECISION,OPERATOR/SEO DECISION,NAVIGATION,https://i-seo.su/services/seo/prodvizhenie-sajta-restorana.html,niche,200,True,https://i-seo.su/services/seo/prodvizhenie-sajta-restorana.html,Заказать SEO продвижение сайта ресторана | i-seo.su,Продвигаем сайты ресторанов и кафе в топ Яндекса и Google. Рост бронирований столиков и посетителей зала. Бесплатный аудит и понятная стратегия.,SEO продвижение сайта ресторана,1,True,New pages not in global menu — deferred to Nikita,"{""https://i-seo.su/"": {""page_contains"": {""city_spb"": false, ""city_kazan"": false, ""city_ekb"": false, ""niche_pitomnika"": false, ""niche_smi"": false, ""usa"": false, ""uae"": false, ""webinar"": false, ""b_regionakh"": true}, ""nav_contains"": {""city_spb"": false, ""city_kazan"": false, ""city_ekb"": false, ""niche_pitomnika"": false, ""niche_smi"": false, ""usa"": false, ""uae"": false, ""webinar"": false, ""b_regionakh"": true}, ""nav_chunk_len"": 10741}, ""https://i-seo.su/services/seo.html"": {""page_contains"": {""city_spb"": fa",OPERATOR_SEO_DECISION,Decide top/submenu/hub-only/footer/none — do not auto-add
MENU-NAV-DECISION,OPERATOR/SEO DECISION,NAVIGATION,https://i-seo.su/webinar-seo-podryadchik.html,webinar,200,True,https://i-seo.su/webinar-seo-podryadchik.html,Вебинар «Как выбрать подрядчика в SEO и не ошибиться?» | INTLSEO,"Бесплатный вебинар Никиты Швакова о выборе SEO-подрядчика. 10 сентября 2026 в 19:00 МСК. Разберем критерии выбора агентства, риски и реальные результаты SEO.",Как выбрать подрядчика в SEO и не ошибиться?,0,False,New pages not in global menu — deferred to Nikita,"{""https://i-seo.su/"": {""page_contains"": {""city_spb"": false, ""city_kazan"": false, ""city_ekb"": false, ""niche_pitomnika"": false, ""niche_smi"": false, ""usa"": false, ""uae"": false, ""webinar"": false, ""b_regionakh"": true}, ""nav_contains"": {""city_spb"": false, ""city_kazan"": false, ""city_ekb"": false, ""niche_pitomnika"": false, ""niche_smi"": false, ""usa"": false, ""uae"": false, ""webinar"": false, ""b_regionakh"": true}, ""nav_chunk_len"": 10741}, ""https://i-seo.su/services/seo.html"": {""page_contains"": {""city_spb"": fa",OPERATOR_SEO_DECISION,Decide top/submenu/hub-only/footer/none — do not auto-add
MENU-NAV-DECISION,OPERATOR/SEO DECISION,NAVIGATION,https://i-seo.su/services/seo/prodvizhenie-internet-magazina-kosmetiki.html,niche,200,True,https://i-seo.su/services/seo/prodvizhenie-internet-magazina-kosmetiki.html,SEO продвижение интернет-магазина косметики | i-seo.su,"Продвигаем интернет-магазины косметики и парфюмерии в топ поиска. Рост трафика, заявок и продаж по бьюти-тематике. Бесплатный аудит и стратегия.",SEO продвижение интернет-магазина косметики,1,True,New pages not in global menu — deferred to Nikita,"{""https://i-seo.su/"": {""page_contains"": {""city_spb"": false, ""city_kazan"": false, ""city_ekb"": false, ""niche_pitomnika"": false, ""niche_smi"": false, ""usa"": false, ""uae"": false, ""webinar"": false, ""b_regionakh"": true}, ""nav_contains"": {""city_spb"": false, ""city_kazan"": false, ""city_ekb"": false, ""niche_pitomnika"": false, ""niche_smi"": false, ""usa"": false, ""uae"": false, ""webinar"": false, ""b_regionakh"": true}, ""nav_chunk_len"": 10741}, ""https://i-seo.su/services/seo.html"": {""page_contains"": {""city_spb"": fa",OPERATOR_SEO_DECISION,Decide top/submenu/hub-only/footer/none — do not auto-add
MENU-NAV-DECISION,OPERATOR/SEO DECISION,NAVIGATION,https://i-seo.su/services/seo/prodvizhenie-v-ssha.html,usa_uae,200,True,https://i-seo.su/services/seo/prodvizhenie-v-ssha.html,Заказать SEO-продвижение сайта компании в США | INTLSEO,"Продвигаем сайты в США в топ Google. Работа с англоязычной семантикой, локальными справочниками и учетом конкуренции ниши. Бесплатный аудит и стратегия.",SEO-продвижение сайта в США,0,False,New pages not in global menu — deferred to Nikita,"{""https://i-seo.su/"": {""page_contains"": {""city_spb"": false, ""city_kazan"": false, ""city_ekb"": false, ""niche_pitomnika"": false, ""niche_smi"": false, ""usa"": false, ""uae"": false, ""webinar"": false, ""b_regionakh"": true}, ""nav_contains"": {""city_spb"": false, ""city_kazan"": false, ""city_ekb"": false, ""niche_pitomnika"": false, ""niche_smi"": false, ""usa"": false, ""uae"": false, ""webinar"": false, ""b_regionakh"": true}, ""nav_chunk_len"": 10741}, ""https://i-seo.su/services/seo.html"": {""page_contains"": {""city_spb"": fa",OPERATOR_SEO_DECISION,Decide top/submenu/hub-only/footer/none — do not auto-add
MENU-NAV-DECISION,OPERATOR/SEO DECISION,NAVIGATION,https://i-seo.su/services/seo/prodvizhenie-internet-magazina-zapchastej.html,niche,200,True,https://i-seo.su/services/seo/prodvizhenie-internet-magazina-zapchastej.html,SEO продвижение интернет-магазина запчастей | i-seo.su,"Продвигаем интернет-магазины автозапчастей в топ поиска. Оптимизация каталога по маркам и моделям, рост заявок и продаж. Бесплатный аудит и стратегия.",SEO продвижение интернет-магазина запчастей,1,True,New pages not in global menu — deferred to Nikita,"{""https://i-seo.su/"": {""page_contains"": {""city_spb"": false, ""city_kazan"": false, ""city_ekb"": false, ""niche_pitomnika"": false, ""niche_smi"": false, ""usa"": false, ""uae"": false, ""webinar"": false, ""b_regionakh"": true}, ""nav_contains"": {""city_spb"": false, ""city_kazan"": false, ""city_ekb"": false, ""niche_pitomnika"": false, ""niche_smi"": false, ""usa"": false, ""uae"": false, ""webinar"": false, ""b_regionakh"": true}, ""nav_chunk_len"": 10741}, ""https://i-seo.su/services/seo.html"": {""page_contains"": {""city_spb"": fa",OPERATOR_SEO_DECISION,Decide top/submenu/hub-only/footer/none — do not auto-add
LAYOUT-LOWHEIGHT,INFORMATIONAL,LAYOUT,https://i-seo.su/services/seo/prodvizhenie-v-sankt-peterburge.html,city,200,True,https://i-seo.su/services/seo/prodvizhenie-v-sankt-peterburge.html,SEO-продвижение сайта компании в Санкт-Петербурге | i-seo.su,"Продвигаем сайты компаний Санкт-Петербурга в топ Яндекса и Google. Бесплатный аудит, прозрачные тарифы, рост позиций и трафика за 3 месяца.",SEO-продвижение сайта в Санкт-Петербурге,5,True,Low-height first-screen overlap regression check,overlap_regression=0,EXPECTED,No action
LAYOUT-LOWHEIGHT,INFORMATIONAL,LAYOUT,https://i-seo.su/services/seo/prodvizhenie-v-kazani.html,city,200,True,https://i-seo.su/services/seo/prodvizhenie-v-kazani.html,SEO-продвижение сайта компании в Казани | i-seo.su,"Продвижение сайтов в Казани под ключ. Аудит, оптимизация и рост позиций в Яндексе и Google. Работаем с бизнесом Татарстана любого масштаба.",SEO-продвижение сайта в Казани,5,True,Low-height first-screen overlap regression check,overlap_regression=0,EXPECTED,No action
LAYOUT-LOWHEIGHT,INFORMATIONAL,LAYOUT,https://i-seo.su/services/seo/prodvizhenie-v-ekaterinburge.html,city,200,True,https://i-seo.su/services/seo/prodvizhenie-v-ekaterinburge.html,SEO-продвижение сайта компании в Екатеринбурге | i-seo.su,"Комплексное SEO-продвижение сайтов в Екатеринбурге. Выводим бизнес в топ поисковой выдачи, увеличиваем трафик и заявки с сайта.",SEO-продвижение сайта в Екатеринбурге,5,True,Low-height first-screen overlap regression check,overlap_regression=0,EXPECTED,No action
LAYOUT-LOWHEIGHT,INFORMATIONAL,LAYOUT,https://i-seo.su/services/seo/prodvizhenie-v-novosibirske.html,city,200,True,https://i-seo.su/services/seo/prodvizhenie-v-novosibirske.html,SEO-продвижение сайта компании в Новосибирске | i-seo.su,"Продвигаем сайты бизнеса в Новосибирске. Аудит, стратегия, рост позиций и трафика. Опыт в разных нишах, прозрачная отчетность на каждом этапе.",SEO-продвижение сайта в Новосибирске,5,True,Low-height first-screen overlap regression check,overlap_regression=0,EXPECTED,No action
LAYOUT-LOWHEIGHT,INFORMATIONAL,LAYOUT,https://i-seo.su/services/seo/prodvizhenie-v-krasnoyarske.html,city,200,True,https://i-seo.su/services/seo/prodvizhenie-v-krasnoyarske.html,SEO-продвижение сайта компании в Красноярске | i-seo.su,"SEO-продвижение сайтов в Красноярске под ключ. Бесплатный аудит, работа над позициями и трафиком, отчетность на каждом этапе сотрудничества.",SEO-продвижение сайта в Красноярске,5,True,Low-height first-screen overlap regression check,overlap_regression=0,EXPECTED,No action
LAYOUT-LOWHEIGHT,INFORMATIONAL,LAYOUT,https://i-seo.su/services/seo/prodvizhenie-sajta-pitomnika.html,niche,200,True,https://i-seo.su/services/seo/prodvizhenie-sajta-pitomnika.html,Заказать SEO продвижение сайта питомника | i-seo.su,Продвигаем сайты питомников собак и кошек в топ Яндекса и Google. Рост заявок от заводчиков и покупателей щенков. Бесплатный аудит и стратегия.,SEO продвижение сайта питомника,1,True,Low-height first-screen overlap regression check,overlap_regression=0,EXPECTED,No action
LAYOUT-LOWHEIGHT,INFORMATIONAL,LAYOUT,https://i-seo.su/services/seo/prodvizhenie-sajta-smi.html,niche,200,True,https://i-seo.su/services/seo/prodvizhenie-sajta-smi.html,Заказать SEO продвижение сайта СМИ под ключ | i-seo.su,"Продвигаем сайты изданий и новостных проектов в топ поиска. Рост охвата, посещаемости и доверия читателей. Бесплатный аудит и стратегия продвижения.",SEO продвижение сайта СМИ,1,True,Low-height first-screen overlap regression check,overlap_regression=0,EXPECTED,No action
LAYOUT-LOWHEIGHT,INFORMATIONAL,LAYOUT,https://i-seo.su/services/seo/prodvizhenie-sajta-restorana.html,niche,200,True,https://i-seo.su/services/seo/prodvizhenie-sajta-restorana.html,Заказать SEO продвижение сайта ресторана | i-seo.su,Продвигаем сайты ресторанов и кафе в топ Яндекса и Google. Рост бронирований столиков и посетителей зала. Бесплатный аудит и понятная стратегия.,SEO продвижение сайта ресторана,1,True,Low-height first-screen overlap regression check,overlap_regression=0,EXPECTED,No action
LAYOUT-LOWHEIGHT,INFORMATIONAL,LAYOUT,https://i-seo.su/services/seo/prodvizhenie-internet-magazina-zapchastej.html,niche,200,True,https://i-seo.su/services/seo/prodvizhenie-internet-magazina-zapchastej.html,SEO продвижение интернет-магазина запчастей | i-seo.su,"Продвигаем интернет-магазины автозапчастей в топ поиска. Оптимизация каталога по маркам и моделям, рост заявок и продаж. Бесплатный аудит и стратегия.",SEO продвижение интернет-магазина запчастей,1,True,Low-height first-screen overlap regression check,overlap_regression=0,EXPECTED,No action
LAYOUT-LOWHEIGHT,INFORMATIONAL,LAYOUT,https://i-seo.su/services/seo/prodvizhenie-sajta-internet-provajdera.html,niche,200,True,https://i-seo.su/services/seo/prodvizhenie-sajta-internet-provajdera.html,SEO продвижение сайта интернет-провайдера | i-seo.su,Продвигаем сайты интернет-провайдеров в топ Яндекса и Google. Рост заявок на подключение по конкретным районам и адресам. Бесплатный аудит и стратегия.,SEO продвижение сайта интернет-провайдера,1,True,Low-height first-screen overlap regression check,overlap_regression=0,EXPECTED,No action
LAYOUT-LOWHEIGHT,INFORMATIONAL,LAYOUT,https://i-seo.su/services/seo/prodvizhenie-internet-magazina-kosmetiki.html,niche,200,True,https://i-seo.su/services/seo/prodvizhenie-internet-magazina-kosmetiki.html,SEO продвижение интернет-магазина косметики | i-seo.su,"Продвигаем интернет-магазины косметики и парфюмерии в топ поиска. Рост трафика, заявок и продаж по бьюти-тематике. Бесплатный аудит и стратегия.",SEO продвижение интернет-магазина косметики,1,True,Low-height first-screen overlap regression check,overlap_regression=0,EXPECTED,No action
LAYOUT-LOWHEIGHT,INFORMATIONAL,LAYOUT,https://i-seo.su/services/seo/prodvizhenie-internet-magazina-czvetov.html,niche,200,True,https://i-seo.su/services/seo/prodvizhenie-internet-magazina-czvetov.html,Заказать SEO продвижение интернет-магазина цветов | i-seo.su,Продвигаем интернет-магазины цветов и доставки букетов в топ поиска. Рост заказов на срочную доставку по городу. Бесплатный аудит и стратегия работы.,SEO продвижение интернет-магазина цветов,1,True,Low-height first-screen overlap regression check,overlap_regression=0,EXPECTED,No action
