url,source,http_status,final_url,redirect_hops,content_type,indexable,robots,canonical,title,meta_description,h1_count,h1,word_count,internal_inlink_count,internal_outlink_count,sitemap_presence,page_type,soft_404
https://i-seo.su/,seed,200,https://i-seo.su/,0,text/html; charset=UTF-8,True,"index, follow",,Продвижение сайтов в ТОП под ключ в Москве | Агентство INTLSEO,"Компания INTLSEO по продвижению сайтов в ТОП Яндекс и Google. Разрабатываем сайты с оптимизацией под SEO, продвигаем в топ, настраиваем контекстную рекламу.",1,"Продвигаем бизнес в интернете, выводим сайты в ИИ выдачу",1771,642,70,True,WP_PAGE,False
https://i-seo.su/about.html,seed,200,https://i-seo.su/about.html,0,text/html; charset=UTF-8,True,"index, follow",,О студии INTLSEO,INTLSEO – команда опытных специалистов по SEO. С 2019 года мы предлагаем качественные услуги по продвижению сайтов. Наш офис находится в БЦ Красногорск Плаза.,1,О нас,1592,675,76,True,STATIC,False
https://i-seo.su/blog,seed,200,https://i-seo.su/blog,0,text/html; charset=UTF-8,True,"index, follow, max-image-preview:large, max-snippet:-1, max-video-preview:-1",https://i-seo.su/blog,Блог - INTLSEO Studio,"Актуальные статьи о SEO, GEO-продвижении в AI, кейсах клиентов и технической оптимизации сайтов от экспертов агентства INTLSEO Studio. Новости и разборы digital-маркетинга.",1,Блог,3935,21,236,True,BLOG_ARCHIVE,False
https://i-seo.su/blog.html,seed,200,https://i-seo.su/blog.html,0,text/html; charset=UTF-8,True,"index, follow",,Блог | Агентство INTLSEO,,1,Блог,857,0,53,False,BLOG_ARCHIVE,False
https://i-seo.su/blog/,seed,200,https://i-seo.su/blog,1,text/html; charset=UTF-8,True,"index, follow, max-image-preview:large, max-snippet:-1, max-video-preview:-1",https://i-seo.su/blog,Блог - INTLSEO Studio,"Актуальные статьи о SEO, GEO-продвижении в AI, кейсах клиентов и технической оптимизации сайтов от экспертов агентства INTLSEO Studio. Новости и разборы digital-маркетинга.",1,Блог,3935,675,236,True,BLOG_ARCHIVE,False
https://i-seo.su/blog/2025/02,inlink:https://i-seo.su/offers,200,https://i-seo.su/,1,text/html; charset=UTF-8,True,"index, follow",,Продвижение сайтов в ТОП под ключ в Москве | Агентство INTLSEO,"Компания INTLSEO по продвижению сайтов в ТОП Яндекс и Google. Разрабатываем сайты с оптимизацией под SEO, продвигаем в топ, настраиваем контекстную рекламу.",1,"Продвигаем бизнес в интернете, выводим сайты в ИИ выдачу",1771,2,70,True,WP_PAGE,False
https://i-seo.su/blog/2025/03,inlink:https://i-seo.su/offers,200,https://i-seo.su/,1,text/html; charset=UTF-8,True,"index, follow",,Продвижение сайтов в ТОП под ключ в Москве | Агентство INTLSEO,"Компания INTLSEO по продвижению сайтов в ТОП Яндекс и Google. Разрабатываем сайты с оптимизацией под SEO, продвигаем в топ, настраиваем контекстную рекламу.",1,"Продвигаем бизнес в интернете, выводим сайты в ИИ выдачу",1771,2,70,True,WP_PAGE,False
https://i-seo.su/blog/2025/04,inlink:https://i-seo.su/offers,200,https://i-seo.su/,1,text/html; charset=UTF-8,True,"index, follow",,Продвижение сайтов в ТОП под ключ в Москве | Агентство INTLSEO,"Компания INTLSEO по продвижению сайтов в ТОП Яндекс и Google. Разрабатываем сайты с оптимизацией под SEO, продвигаем в топ, настраиваем контекстную рекламу.",1,"Продвигаем бизнес в интернете, выводим сайты в ИИ выдачу",1771,2,70,True,WP_PAGE,False
https://i-seo.su/blog/2025/11,inlink:https://i-seo.su/offers,200,https://i-seo.su/,1,text/html; charset=UTF-8,True,"index, follow",,Продвижение сайтов в ТОП под ключ в Москве | Агентство INTLSEO,"Компания INTLSEO по продвижению сайтов в ТОП Яндекс и Google. Разрабатываем сайты с оптимизацией под SEO, продвигаем в топ, настраиваем контекстную рекламу.",1,"Продвигаем бизнес в интернете, выводим сайты в ИИ выдачу",1771,2,70,True,WP_PAGE,False
https://i-seo.su/blog/2025/12,inlink:https://i-seo.su/offers,200,https://i-seo.su/,1,text/html; charset=UTF-8,True,"index, follow",,Продвижение сайтов в ТОП под ключ в Москве | Агентство INTLSEO,"Компания INTLSEO по продвижению сайтов в ТОП Яндекс и Google. Разрабатываем сайты с оптимизацией под SEO, продвигаем в топ, настраиваем контекстную рекламу.",1,"Продвигаем бизнес в интернете, выводим сайты в ИИ выдачу",1771,2,70,True,WP_PAGE,False
https://i-seo.su/blog/2026/02,inlink:https://i-seo.su/offers,200,https://i-seo.su/,1,text/html; charset=UTF-8,True,"index, follow",,Продвижение сайтов в ТОП под ключ в Москве | Агентство INTLSEO,"Компания INTLSEO по продвижению сайтов в ТОП Яндекс и Google. Разрабатываем сайты с оптимизацией под SEO, продвигаем в топ, настраиваем контекстную рекламу.",1,"Продвигаем бизнес в интернете, выводим сайты в ИИ выдачу",1771,2,70,True,WP_PAGE,False
https://i-seo.su/blog/2026/03,inlink:https://i-seo.su/offers,200,https://i-seo.su/,1,text/html; charset=UTF-8,True,"index, follow",,Продвижение сайтов в ТОП под ключ в Москве | Агентство INTLSEO,"Компания INTLSEO по продвижению сайтов в ТОП Яндекс и Google. Разрабатываем сайты с оптимизацией под SEO, продвигаем в топ, настраиваем контекстную рекламу.",1,"Продвигаем бизнес в интернете, выводим сайты в ИИ выдачу",1771,2,70,True,WP_PAGE,False
https://i-seo.su/blog/2026/04,inlink:https://i-seo.su/offers,200,https://i-seo.su/,1,text/html; charset=UTF-8,True,"index, follow",,Продвижение сайтов в ТОП под ключ в Москве | Агентство INTLSEO,"Компания INTLSEO по продвижению сайтов в ТОП Яндекс и Google. Разрабатываем сайты с оптимизацией под SEO, продвигаем в топ, настраиваем контекстную рекламу.",1,"Продвигаем бизнес в интернете, выводим сайты в ИИ выдачу",1771,2,70,True,WP_PAGE,False
https://i-seo.su/blog/2026/05,inlink:https://i-seo.su/offers,200,https://i-seo.su/,1,text/html; charset=UTF-8,True,"index, follow",,Продвижение сайтов в ТОП под ключ в Москве | Агентство INTLSEO,"Компания INTLSEO по продвижению сайтов в ТОП Яндекс и Google. Разрабатываем сайты с оптимизацией под SEO, продвигаем в топ, настраиваем контекстную рекламу.",1,"Продвигаем бизнес в интернете, выводим сайты в ИИ выдачу",1771,2,70,True,WP_PAGE,False
https://i-seo.su/blog/2026/06,inlink:https://i-seo.su/offers,200,https://i-seo.su/,1,text/html; charset=UTF-8,True,"index, follow",,Продвижение сайтов в ТОП под ключ в Москве | Агентство INTLSEO,"Компания INTLSEO по продвижению сайтов в ТОП Яндекс и Google. Разрабатываем сайты с оптимизацией под SEO, продвигаем в топ, настраиваем контекстную рекламу.",1,"Продвигаем бизнес в интернете, выводим сайты в ИИ выдачу",1771,2,70,True,WP_PAGE,False
https://i-seo.su/blog/5-shagovaya-strategiya-globalnogo-seo-prodvizheniya.html,sitemap:https://i-seo.su/wp-sitemap-posts-post-1.xml,200,https://i-seo.su/blog/5-shagovaya-strategiya-globalnogo-seo-prodvizheniya.html,0,text/html; charset=UTF-8,True,"index, follow, max-image-preview:large, max-snippet:-1, max-video-preview:-1",https://i-seo.su/blog/5-shagovaya-strategiya-globalnogo-seo-prodvizheniya.html,"5 шагов глобального СЕО продвижения, как использовать ИИ и создавать мультиплатформенный контент - INTLSEO Studio","Разбираем почему поиск изменился навсегда, как сегодня пользователи ищут информацию в интернете, где ваши клиенты и какие шаги необходимы для SEO продвижения в условиях ИИ-индустрии",1,5-шаговая стратегия глобального SEO продвижения,3265,34,71,True,BLOG_POST,False
https://i-seo.su/blog/5-trendov-nejrosetej-v-seo.html,sitemap:https://i-seo.su/wp-sitemap-posts-post-1.xml,200,https://i-seo.su/blog/5-trendov-nejrosetej-v-seo.html,0,text/html; charset=UTF-8,True,"index, follow, max-image-preview:large, max-snippet:-1, max-video-preview:-1",https://i-seo.su/blog/5-trendov-nejrosetej-v-seo.html,5 трендов нейросетей в SEO - INTLSEO Studio,"В 2026 году нейросети не просто меняют SEO, они полностью переписывает правила. В этом году речь уже не идёт о перенасыщении ключевыми словами или погоне за обратными ссылками.",1,5 трендов нейросетей в SEO,2817,60,71,True,BLOG_POST,False
https://i-seo.su/blog/7-shagov-dlya-sozdaniya-posadochnoj-straniczy-na-milliony-rublej.html,sitemap:https://i-seo.su/wp-sitemap-posts-post-1.xml,200,https://i-seo.su/blog/7-shagov-dlya-sozdaniya-posadochnoj-straniczy-na-milliony-rublej.html,0,text/html; charset=UTF-8,True,"index, follow, max-image-preview:large, max-snippet:-1, max-video-preview:-1",https://i-seo.su/blog/7-shagov-dlya-sozdaniya-posadochnoj-straniczy-na-milliony-rublej.html,7 шагов для создания посадочной страницы - INTLSEO Studio,Посадочная страница услуги или товара — основной элемент конверсии и трафика. Как сделать страницу сайта максимально удобной и приносящей лиды? Разберем 7 эффективных шагов для создания работающей посадочной страницы с INTLSEO Studio,1,7 шагов для создания посадочной страницы на миллионы рублей,2997,136,71,True,BLOG_POST,False
https://i-seo.su/blog/8-trendov-czifrovogo-marketinga.html,sitemap:https://i-seo.su/wp-sitemap-posts-post-1.xml,200,https://i-seo.su/blog/8-trendov-czifrovogo-marketinga.html,0,text/html; charset=UTF-8,True,"index, follow, max-image-preview:large, max-snippet:-1, max-video-preview:-1",https://i-seo.su/blog/8-trendov-czifrovogo-marketinga.html,8 трендов цифрового маркетинга с ИИ - INTLSEO Studio,Трендовые стратегии по продвижению бизнеса в интернете тесно связаны с ИИ. Сейчас ИИ во многом определяет глобальный поиск. Разберем 8 трендов цифрового маркетинга вместе с INTLSEO Studio,1,8 трендов цифрового маркетинга,3327,58,72,True,BLOG_POST,False
https://i-seo.su/blog/?sort=date-asc,inlink:https://i-seo.su/blog/,200,https://i-seo.su/blog?sort=date-asc,1,text/html; charset=UTF-8,True,"index, follow, max-image-preview:large, max-snippet:-1, max-video-preview:-1",https://i-seo.su/blog,Блог - INTLSEO Studio,"Актуальные статьи о SEO, GEO-продвижении в AI, кейсах клиентов и технической оптимизации сайтов от экспертов агентства INTLSEO Studio. Новости и разборы digital-маркетинга.",1,Блог,3935,41,237,False,BLOG_ARCHIVE,False
https://i-seo.su/blog/?sort=date-desc,inlink:https://i-seo.su/blog/?sort=date-asc,200,https://i-seo.su/blog?sort=date-desc,1,text/html; charset=UTF-8,True,"index, follow, max-image-preview:large, max-snippet:-1, max-video-preview:-1",https://i-seo.su/blog,Блог - INTLSEO Studio,"Актуальные статьи о SEO, GEO-продвижении в AI, кейсах клиентов и технической оптимизации сайтов от экспертов агентства INTLSEO Studio. Новости и разборы digital-маркетинга.",1,Блог,3935,22,237,False,BLOG_ARCHIVE,False
https://i-seo.su/blog/?sort=popular-asc,inlink:https://i-seo.su/blog/?sort=popular-desc,200,https://i-seo.su/blog?sort=popular-asc,1,text/html; charset=UTF-8,True,"index, follow, max-image-preview:large, max-snippet:-1, max-video-preview:-1",https://i-seo.su/blog,Блог - INTLSEO Studio,"Актуальные статьи о SEO, GEO-продвижении в AI, кейсах клиентов и технической оптимизации сайтов от экспертов агентства INTLSEO Studio. Новости и разборы digital-маркетинга.",1,Блог,3935,18,237,False,BLOG_ARCHIVE,False
https://i-seo.su/blog/?sort=popular-desc,inlink:https://i-seo.su/blog/,200,https://i-seo.su/blog?sort=popular-desc,1,text/html; charset=UTF-8,True,"index, follow, max-image-preview:large, max-snippet:-1, max-video-preview:-1",https://i-seo.su/blog,Блог - INTLSEO Studio,"Актуальные статьи о SEO, GEO-продвижении в AI, кейсах клиентов и технической оптимизации сайтов от экспертов агентства INTLSEO Studio. Новости и разборы digital-маркетинга.",1,Блог,3935,45,237,False,BLOG_ARCHIVE,False
https://i-seo.su/blog/?sort=rating-asc,inlink:https://i-seo.su/blog/?sort=rating-desc,200,https://i-seo.su/blog?sort=rating-asc,1,text/html; charset=UTF-8,True,"index, follow, max-image-preview:large, max-snippet:-1, max-video-preview:-1",https://i-seo.su/blog,Блог - INTLSEO Studio,"Актуальные статьи о SEO, GEO-продвижении в AI, кейсах клиентов и технической оптимизации сайтов от экспертов агентства INTLSEO Studio. Новости и разборы digital-маркетинга.",1,Блог,3935,18,237,False,BLOG_ARCHIVE,False
https://i-seo.su/blog/?sort=rating-desc,inlink:https://i-seo.su/blog/,200,https://i-seo.su/blog?sort=rating-desc,1,text/html; charset=UTF-8,True,"index, follow, max-image-preview:large, max-snippet:-1, max-video-preview:-1",https://i-seo.su/blog,Блог - INTLSEO Studio,"Актуальные статьи о SEO, GEO-продвижении в AI, кейсах клиентов и технической оптимизации сайтов от экспертов агентства INTLSEO Studio. Новости и разборы digital-маркетинга.",1,Блог,3935,45,237,False,BLOG_ARCHIVE,False
https://i-seo.su/blog/?tags=ai,inlink:https://i-seo.su/blog/,200,https://i-seo.su/blog?tags=ai,1,text/html; charset=UTF-8,True,"index, follow, max-image-preview:large, max-snippet:-1, max-video-preview:-1",https://i-seo.su/blog,Блог - INTLSEO Studio,"Актуальные статьи о SEO, GEO-продвижении в AI, кейсах клиентов и технической оптимизации сайтов от экспертов агентства INTLSEO Studio. Новости и разборы digital-маркетинга.",1,Блог,864,33,91,False,BLOG_ARCHIVE,False
https://i-seo.su/blog/?tags=ai&sort=date-asc,inlink:https://i-seo.su/blog/?tags=ai,200,https://i-seo.su/blog?tags=ai&sort=date-asc,1,text/html; charset=UTF-8,True,"index, follow, max-image-preview:large, max-snippet:-1, max-video-preview:-1",https://i-seo.su/blog,Блог - INTLSEO Studio,"Актуальные статьи о SEO, GEO-продвижении в AI, кейсах клиентов и технической оптимизации сайтов от экспертов агентства INTLSEO Studio. Новости и разборы digital-маркетинга.",1,Блог,864,19,92,False,BLOG_ARCHIVE,False
https://i-seo.su/blog/?tags=ai&sort=date-desc,inlink:https://i-seo.su/blog/?tags=ai&sort=date-asc,200,https://i-seo.su/blog?tags=ai&sort=date-desc,1,text/html; charset=UTF-8,True,"index, follow, max-image-preview:large, max-snippet:-1, max-video-preview:-1",https://i-seo.su/blog,Блог - INTLSEO Studio,"Актуальные статьи о SEO, GEO-продвижении в AI, кейсах клиентов и технической оптимизации сайтов от экспертов агентства INTLSEO Studio. Новости и разборы digital-маркетинга.",1,Блог,864,22,92,False,BLOG_ARCHIVE,False
https://i-seo.su/blog/?tags=ai&sort=popular-asc,inlink:https://i-seo.su/blog/?tags=ai&sort=popular-desc,200,https://i-seo.su/blog?tags=ai&sort=popular-asc,1,text/html; charset=UTF-8,True,"index, follow, max-image-preview:large, max-snippet:-1, max-video-preview:-1",https://i-seo.su/blog,Блог - INTLSEO Studio,"Актуальные статьи о SEO, GEO-продвижении в AI, кейсах клиентов и технической оптимизации сайтов от экспертов агентства INTLSEO Studio. Новости и разборы digital-маркетинга.",1,Блог,864,18,92,False,BLOG_ARCHIVE,False
https://i-seo.su/blog/?tags=ai&sort=popular-desc,inlink:https://i-seo.su/blog/?tags=ai,200,https://i-seo.su/blog?tags=ai&sort=popular-desc,1,text/html; charset=UTF-8,True,"index, follow, max-image-preview:large, max-snippet:-1, max-video-preview:-1",https://i-seo.su/blog,Блог - INTLSEO Studio,"Актуальные статьи о SEO, GEO-продвижении в AI, кейсах клиентов и технической оптимизации сайтов от экспертов агентства INTLSEO Studio. Новости и разборы digital-маркетинга.",1,Блог,864,23,92,False,BLOG_ARCHIVE,False
https://i-seo.su/blog/?tags=ai&sort=rating-asc,inlink:https://i-seo.su/blog/?tags=ai&sort=rating-desc,200,https://i-seo.su/blog?tags=ai&sort=rating-asc,1,text/html; charset=UTF-8,True,"index, follow, max-image-preview:large, max-snippet:-1, max-video-preview:-1",https://i-seo.su/blog,Блог - INTLSEO Studio,"Актуальные статьи о SEO, GEO-продвижении в AI, кейсах клиентов и технической оптимизации сайтов от экспертов агентства INTLSEO Studio. Новости и разборы digital-маркетинга.",1,Блог,864,18,92,False,BLOG_ARCHIVE,False
https://i-seo.su/blog/?tags=ai&sort=rating-desc,inlink:https://i-seo.su/blog/?tags=ai,200,https://i-seo.su/blog?tags=ai&sort=rating-desc,1,text/html; charset=UTF-8,True,"index, follow, max-image-preview:large, max-snippet:-1, max-video-preview:-1",https://i-seo.su/blog,Блог - INTLSEO Studio,"Актуальные статьи о SEO, GEO-продвижении в AI, кейсах клиентов и технической оптимизации сайтов от экспертов агентства INTLSEO Studio. Новости и разборы digital-маркетинга.",1,Блог,864,23,92,False,BLOG_ARCHIVE,False
https://i-seo.su/blog/?tags=analitika,inlink:https://i-seo.su/blog/,200,https://i-seo.su/blog?tags=analitika,1,text/html; charset=UTF-8,True,"index, follow, max-image-preview:large, max-snippet:-1, max-video-preview:-1",https://i-seo.su/blog,Блог - INTLSEO Studio,"Актуальные статьи о SEO, GEO-продвижении в AI, кейсах клиентов и технической оптимизации сайтов от экспертов агентства INTLSEO Studio. Новости и разборы digital-маркетинга.",1,Блог,1334,33,112,False,BLOG_ARCHIVE,False
https://i-seo.su/blog/?tags=analitika&sort=date-asc,inlink:https://i-seo.su/blog/?tags=analitika,200,https://i-seo.su/blog?tags=analitika&sort=date-asc,1,text/html; charset=UTF-8,True,"index, follow, max-image-preview:large, max-snippet:-1, max-video-preview:-1",https://i-seo.su/blog,Блог - INTLSEO Studio,"Актуальные статьи о SEO, GEO-продвижении в AI, кейсах клиентов и технической оптимизации сайтов от экспертов агентства INTLSEO Studio. Новости и разборы digital-маркетинга.",1,Блог,1334,19,113,False,BLOG_ARCHIVE,False
https://i-seo.su/blog/?tags=analitika&sort=date-desc,inlink:https://i-seo.su/blog/?tags=analitika&sort=date-asc,200,https://i-seo.su/blog?tags=analitika&sort=date-desc,1,text/html; charset=UTF-8,True,"index, follow, max-image-preview:large, max-snippet:-1, max-video-preview:-1",https://i-seo.su/blog,Блог - INTLSEO Studio,"Актуальные статьи о SEO, GEO-продвижении в AI, кейсах клиентов и технической оптимизации сайтов от экспертов агентства INTLSEO Studio. Новости и разборы digital-маркетинга.",1,Блог,1334,22,113,False,BLOG_ARCHIVE,False
https://i-seo.su/blog/?tags=analitika&sort=popular-asc,inlink:https://i-seo.su/blog/?tags=analitika&sort=popular-desc,200,https://i-seo.su/blog?tags=analitika&sort=popular-asc,1,text/html; charset=UTF-8,True,"index, follow, max-image-preview:large, max-snippet:-1, max-video-preview:-1",https://i-seo.su/blog,Блог - INTLSEO Studio,"Актуальные статьи о SEO, GEO-продвижении в AI, кейсах клиентов и технической оптимизации сайтов от экспертов агентства INTLSEO Studio. Новости и разборы digital-маркетинга.",1,Блог,1334,18,113,False,BLOG_ARCHIVE,False
https://i-seo.su/blog/?tags=analitika&sort=popular-desc,inlink:https://i-seo.su/blog/?tags=analitika,200,https://i-seo.su/blog?tags=analitika&sort=popular-desc,1,text/html; charset=UTF-8,True,"index, follow, max-image-preview:large, max-snippet:-1, max-video-preview:-1",https://i-seo.su/blog,Блог - INTLSEO Studio,"Актуальные статьи о SEO, GEO-продвижении в AI, кейсах клиентов и технической оптимизации сайтов от экспертов агентства INTLSEO Studio. Новости и разборы digital-маркетинга.",1,Блог,1334,23,113,False,BLOG_ARCHIVE,False
https://i-seo.su/blog/?tags=analitika&sort=rating-asc,inlink:https://i-seo.su/blog/?tags=analitika&sort=rating-desc,200,https://i-seo.su/blog?tags=analitika&sort=rating-asc,1,text/html; charset=UTF-8,True,"index, follow, max-image-preview:large, max-snippet:-1, max-video-preview:-1",https://i-seo.su/blog,Блог - INTLSEO Studio,"Актуальные статьи о SEO, GEO-продвижении в AI, кейсах клиентов и технической оптимизации сайтов от экспертов агентства INTLSEO Studio. Новости и разборы digital-маркетинга.",1,Блог,1334,18,113,False,BLOG_ARCHIVE,False
https://i-seo.su/blog/?tags=analitika&sort=rating-desc,inlink:https://i-seo.su/blog/?tags=analitika,200,https://i-seo.su/blog?tags=analitika&sort=rating-desc,1,text/html; charset=UTF-8,True,"index, follow, max-image-preview:large, max-snippet:-1, max-video-preview:-1",https://i-seo.su/blog,Блог - INTLSEO Studio,"Актуальные статьи о SEO, GEO-продвижении в AI, кейсах клиентов и технической оптимизации сайтов от экспертов агентства INTLSEO Studio. Новости и разборы digital-маркетинга.",1,Блог,1334,23,113,False,BLOG_ARCHIVE,False
https://i-seo.su/blog/?tags=chernyj-spisok,inlink:https://i-seo.su/blog/,200,https://i-seo.su/blog?tags=chernyj-spisok,1,text/html; charset=UTF-8,True,"index, follow, max-image-preview:large, max-snippet:-1, max-video-preview:-1",https://i-seo.su/blog,Блог - INTLSEO Studio,"Актуальные статьи о SEO, GEO-продвижении в AI, кейсах клиентов и технической оптимизации сайтов от экспертов агентства INTLSEO Studio. Новости и разборы digital-маркетинга.",1,Блог,700,32,84,False,BLOG_ARCHIVE,False
https://i-seo.su/blog/?tags=chernyj-spisok&sort=date-asc,inlink:https://i-seo.su/blog/?tags=chernyj-spisok,200,https://i-seo.su/blog?tags=chernyj-spisok&sort=date-asc,1,text/html; charset=UTF-8,True,"index, follow, max-image-preview:large, max-snippet:-1, max-video-preview:-1",https://i-seo.su/blog,Блог - INTLSEO Studio,"Актуальные статьи о SEO, GEO-продвижении в AI, кейсах клиентов и технической оптимизации сайтов от экспертов агентства INTLSEO Studio. Новости и разборы digital-маркетинга.",1,Блог,700,19,85,False,BLOG_ARCHIVE,False
https://i-seo.su/blog/?tags=chernyj-spisok&sort=date-desc,inlink:https://i-seo.su/blog/?tags=chernyj-spisok&sort=date-asc,200,https://i-seo.su/blog?tags=chernyj-spisok&sort=date-desc,1,text/html; charset=UTF-8,True,"index, follow, max-image-preview:large, max-snippet:-1, max-video-preview:-1",https://i-seo.su/blog,Блог - INTLSEO Studio,"Актуальные статьи о SEO, GEO-продвижении в AI, кейсах клиентов и технической оптимизации сайтов от экспертов агентства INTLSEO Studio. Новости и разборы digital-маркетинга.",1,Блог,700,22,85,False,BLOG_ARCHIVE,False
https://i-seo.su/blog/?tags=chernyj-spisok&sort=popular-asc,inlink:https://i-seo.su/blog/?tags=chernyj-spisok&sort=popular-desc,200,https://i-seo.su/blog?tags=chernyj-spisok&sort=popular-asc,1,text/html; charset=UTF-8,True,"index, follow, max-image-preview:large, max-snippet:-1, max-video-preview:-1",https://i-seo.su/blog,Блог - INTLSEO Studio,"Актуальные статьи о SEO, GEO-продвижении в AI, кейсах клиентов и технической оптимизации сайтов от экспертов агентства INTLSEO Studio. Новости и разборы digital-маркетинга.",1,Блог,700,18,85,False,BLOG_ARCHIVE,False
https://i-seo.su/blog/?tags=chernyj-spisok&sort=popular-desc,inlink:https://i-seo.su/blog/?tags=chernyj-spisok,200,https://i-seo.su/blog?tags=chernyj-spisok&sort=popular-desc,1,text/html; charset=UTF-8,True,"index, follow, max-image-preview:large, max-snippet:-1, max-video-preview:-1",https://i-seo.su/blog,Блог - INTLSEO Studio,"Актуальные статьи о SEO, GEO-продвижении в AI, кейсах клиентов и технической оптимизации сайтов от экспертов агентства INTLSEO Studio. Новости и разборы digital-маркетинга.",1,Блог,700,23,85,False,BLOG_ARCHIVE,False
https://i-seo.su/blog/?tags=chernyj-spisok&sort=rating-asc,inlink:https://i-seo.su/blog/?tags=chernyj-spisok&sort=rating-desc,200,https://i-seo.su/blog?tags=chernyj-spisok&sort=rating-asc,1,text/html; charset=UTF-8,True,"index, follow, max-image-preview:large, max-snippet:-1, max-video-preview:-1",https://i-seo.su/blog,Блог - INTLSEO Studio,"Актуальные статьи о SEO, GEO-продвижении в AI, кейсах клиентов и технической оптимизации сайтов от экспертов агентства INTLSEO Studio. Новости и разборы digital-маркетинга.",1,Блог,700,18,85,False,BLOG_ARCHIVE,False
https://i-seo.su/blog/?tags=chernyj-spisok&sort=rating-desc,inlink:https://i-seo.su/blog/?tags=chernyj-spisok,200,https://i-seo.su/blog?tags=chernyj-spisok&sort=rating-desc,1,text/html; charset=UTF-8,True,"index, follow, max-image-preview:large, max-snippet:-1, max-video-preview:-1",https://i-seo.su/blog,Блог - INTLSEO Studio,"Актуальные статьи о SEO, GEO-продвижении в AI, кейсах клиентов и технической оптимизации сайтов от экспертов агентства INTLSEO Studio. Новости и разборы digital-маркетинга.",1,Блог,700,23,85,False,BLOG_ARCHIVE,False
https://i-seo.su/blog/?tags=domen,inlink:https://i-seo.su/blog/,200,https://i-seo.su/blog?tags=domen,1,text/html; charset=UTF-8,True,"index, follow, max-image-preview:large, max-snippet:-1, max-video-preview:-1",https://i-seo.su/blog,Блог - INTLSEO Studio,"Актуальные статьи о SEO, GEO-продвижении в AI, кейсах клиентов и технической оптимизации сайтов от экспертов агентства INTLSEO Studio. Новости и разборы digital-маркетинга.",1,Блог,679,35,83,False,BLOG_ARCHIVE,False
https://i-seo.su/blog/?tags=domen&sort=date-asc,inlink:https://i-seo.su/blog/?tags=domen,200,https://i-seo.su/blog?tags=domen&sort=date-asc,1,text/html; charset=UTF-8,True,"index, follow, max-image-preview:large, max-snippet:-1, max-video-preview:-1",https://i-seo.su/blog,Блог - INTLSEO Studio,"Актуальные статьи о SEO, GEO-продвижении в AI, кейсах клиентов и технической оптимизации сайтов от экспертов агентства INTLSEO Studio. Новости и разборы digital-маркетинга.",1,Блог,679,19,84,False,BLOG_ARCHIVE,False
https://i-seo.su/blog/?tags=domen&sort=date-desc,inlink:https://i-seo.su/blog/?tags=domen&sort=date-asc,200,https://i-seo.su/blog?tags=domen&sort=date-desc,1,text/html; charset=UTF-8,True,"index, follow, max-image-preview:large, max-snippet:-1, max-video-preview:-1",https://i-seo.su/blog,Блог - INTLSEO Studio,"Актуальные статьи о SEO, GEO-продвижении в AI, кейсах клиентов и технической оптимизации сайтов от экспертов агентства INTLSEO Studio. Новости и разборы digital-маркетинга.",1,Блог,679,22,84,False,BLOG_ARCHIVE,False
https://i-seo.su/blog/?tags=domen&sort=popular-asc,inlink:https://i-seo.su/blog/?tags=domen&sort=popular-desc,200,https://i-seo.su/blog?tags=domen&sort=popular-asc,1,text/html; charset=UTF-8,True,"index, follow, max-image-preview:large, max-snippet:-1, max-video-preview:-1",https://i-seo.su/blog,Блог - INTLSEO Studio,"Актуальные статьи о SEO, GEO-продвижении в AI, кейсах клиентов и технической оптимизации сайтов от экспертов агентства INTLSEO Studio. Новости и разборы digital-маркетинга.",1,Блог,679,18,84,False,BLOG_ARCHIVE,False
https://i-seo.su/blog/?tags=domen&sort=popular-desc,inlink:https://i-seo.su/blog/?tags=domen,200,https://i-seo.su/blog?tags=domen&sort=popular-desc,1,text/html; charset=UTF-8,True,"index, follow, max-image-preview:large, max-snippet:-1, max-video-preview:-1",https://i-seo.su/blog,Блог - INTLSEO Studio,"Актуальные статьи о SEO, GEO-продвижении в AI, кейсах клиентов и технической оптимизации сайтов от экспертов агентства INTLSEO Studio. Новости и разборы digital-маркетинга.",1,Блог,679,23,84,False,BLOG_ARCHIVE,False
https://i-seo.su/blog/?tags=domen&sort=rating-asc,inlink:https://i-seo.su/blog/?tags=domen&sort=rating-desc,200,https://i-seo.su/blog?tags=domen&sort=rating-asc,1,text/html; charset=UTF-8,True,"index, follow, max-image-preview:large, max-snippet:-1, max-video-preview:-1",https://i-seo.su/blog,Блог - INTLSEO Studio,"Актуальные статьи о SEO, GEO-продвижении в AI, кейсах клиентов и технической оптимизации сайтов от экспертов агентства INTLSEO Studio. Новости и разборы digital-маркетинга.",1,Блог,679,18,84,False,BLOG_ARCHIVE,False
https://i-seo.su/blog/?tags=domen&sort=rating-desc,inlink:https://i-seo.su/blog/?tags=domen,200,https://i-seo.su/blog?tags=domen&sort=rating-desc,1,text/html; charset=UTF-8,True,"index, follow, max-image-preview:large, max-snippet:-1, max-video-preview:-1",https://i-seo.su/blog,Блог - INTLSEO Studio,"Актуальные статьи о SEO, GEO-продвижении в AI, кейсах клиентов и технической оптимизации сайтов от экспертов агентства INTLSEO Studio. Новости и разборы digital-маркетинга.",1,Блог,679,23,84,False,BLOG_ARCHIVE,False
https://i-seo.su/blog/?tags=e-e-a-t,inlink:https://i-seo.su/blog/,200,https://i-seo.su/blog?tags=e-e-a-t,1,text/html; charset=UTF-8,True,"index, follow, max-image-preview:large, max-snippet:-1, max-video-preview:-1",https://i-seo.su/blog,Блог - INTLSEO Studio,"Актуальные статьи о SEO, GEO-продвижении в AI, кейсах клиентов и технической оптимизации сайтов от экспертов агентства INTLSEO Studio. Новости и разборы digital-маркетинга.",1,Блог,740,32,84,False,BLOG_ARCHIVE,False
https://i-seo.su/blog/?tags=e-e-a-t&sort=date-asc,inlink:https://i-seo.su/blog/?tags=e-e-a-t,200,https://i-seo.su/blog?tags=e-e-a-t&sort=date-asc,1,text/html; charset=UTF-8,True,"index, follow, max-image-preview:large, max-snippet:-1, max-video-preview:-1",https://i-seo.su/blog,Блог - INTLSEO Studio,"Актуальные статьи о SEO, GEO-продвижении в AI, кейсах клиентов и технической оптимизации сайтов от экспертов агентства INTLSEO Studio. Новости и разборы digital-маркетинга.",1,Блог,740,19,85,False,BLOG_ARCHIVE,False
https://i-seo.su/blog/?tags=e-e-a-t&sort=date-desc,inlink:https://i-seo.su/blog/?tags=e-e-a-t&sort=date-asc,200,https://i-seo.su/blog?tags=e-e-a-t&sort=date-desc,1,text/html; charset=UTF-8,True,"index, follow, max-image-preview:large, max-snippet:-1, max-video-preview:-1",https://i-seo.su/blog,Блог - INTLSEO Studio,"Актуальные статьи о SEO, GEO-продвижении в AI, кейсах клиентов и технической оптимизации сайтов от экспертов агентства INTLSEO Studio. Новости и разборы digital-маркетинга.",1,Блог,740,22,85,False,BLOG_ARCHIVE,False
https://i-seo.su/blog/?tags=e-e-a-t&sort=popular-asc,inlink:https://i-seo.su/blog/?tags=e-e-a-t&sort=popular-desc,200,https://i-seo.su/blog?tags=e-e-a-t&sort=popular-asc,1,text/html; charset=UTF-8,True,"index, follow, max-image-preview:large, max-snippet:-1, max-video-preview:-1",https://i-seo.su/blog,Блог - INTLSEO Studio,"Актуальные статьи о SEO, GEO-продвижении в AI, кейсах клиентов и технической оптимизации сайтов от экспертов агентства INTLSEO Studio. Новости и разборы digital-маркетинга.",1,Блог,740,18,85,False,BLOG_ARCHIVE,False
https://i-seo.su/blog/?tags=e-e-a-t&sort=popular-desc,inlink:https://i-seo.su/blog/?tags=e-e-a-t,200,https://i-seo.su/blog?tags=e-e-a-t&sort=popular-desc,1,text/html; charset=UTF-8,True,"index, follow, max-image-preview:large, max-snippet:-1, max-video-preview:-1",https://i-seo.su/blog,Блог - INTLSEO Studio,"Актуальные статьи о SEO, GEO-продвижении в AI, кейсах клиентов и технической оптимизации сайтов от экспертов агентства INTLSEO Studio. Новости и разборы digital-маркетинга.",1,Блог,740,23,85,False,BLOG_ARCHIVE,False
https://i-seo.su/blog/?tags=e-e-a-t&sort=rating-asc,inlink:https://i-seo.su/blog/?tags=e-e-a-t&sort=rating-desc,200,https://i-seo.su/blog?tags=e-e-a-t&sort=rating-asc,1,text/html; charset=UTF-8,True,"index, follow, max-image-preview:large, max-snippet:-1, max-video-preview:-1",https://i-seo.su/blog,Блог - INTLSEO Studio,"Актуальные статьи о SEO, GEO-продвижении в AI, кейсах клиентов и технической оптимизации сайтов от экспертов агентства INTLSEO Studio. Новости и разборы digital-маркетинга.",1,Блог,740,18,85,False,BLOG_ARCHIVE,False
https://i-seo.su/blog/?tags=e-e-a-t&sort=rating-desc,inlink:https://i-seo.su/blog/?tags=e-e-a-t,200,https://i-seo.su/blog?tags=e-e-a-t&sort=rating-desc,1,text/html; charset=UTF-8,True,"index, follow, max-image-preview:large, max-snippet:-1, max-video-preview:-1",https://i-seo.su/blog,Блог - INTLSEO Studio,"Актуальные статьи о SEO, GEO-продвижении в AI, кейсах клиентов и технической оптимизации сайтов от экспертов агентства INTLSEO Studio. Новости и разборы digital-маркетинга.",1,Блог,740,23,85,False,BLOG_ARCHIVE,False
https://i-seo.su/blog/?tags=geo,inlink:https://i-seo.su/blog/,200,https://i-seo.su/blog?tags=geo,1,text/html; charset=UTF-8,True,"index, follow, max-image-preview:large, max-snippet:-1, max-video-preview:-1",https://i-seo.su/blog,Блог - INTLSEO Studio,"Актуальные статьи о SEO, GEO-продвижении в AI, кейсах клиентов и технической оптимизации сайтов от экспертов агентства INTLSEO Studio. Новости и разборы digital-маркетинга.",1,Блог,838,33,90,False,BLOG_ARCHIVE,False
https://i-seo.su/blog/?tags=geo&sort=date-asc,inlink:https://i-seo.su/blog/?tags=geo,200,https://i-seo.su/blog?tags=geo&sort=date-asc,1,text/html; charset=UTF-8,True,"index, follow, max-image-preview:large, max-snippet:-1, max-video-preview:-1",https://i-seo.su/blog,Блог - INTLSEO Studio,"Актуальные статьи о SEO, GEO-продвижении в AI, кейсах клиентов и технической оптимизации сайтов от экспертов агентства INTLSEO Studio. Новости и разборы digital-маркетинга.",1,Блог,838,19,91,False,BLOG_ARCHIVE,False
https://i-seo.su/blog/?tags=geo&sort=date-desc,inlink:https://i-seo.su/blog/?tags=geo&sort=date-asc,200,https://i-seo.su/blog?tags=geo&sort=date-desc,1,text/html; charset=UTF-8,True,"index, follow, max-image-preview:large, max-snippet:-1, max-video-preview:-1",https://i-seo.su/blog,Блог - INTLSEO Studio,"Актуальные статьи о SEO, GEO-продвижении в AI, кейсах клиентов и технической оптимизации сайтов от экспертов агентства INTLSEO Studio. Новости и разборы digital-маркетинга.",1,Блог,838,22,91,False,BLOG_ARCHIVE,False
https://i-seo.su/blog/?tags=geo&sort=popular-asc,inlink:https://i-seo.su/blog/?tags=geo&sort=popular-desc,200,https://i-seo.su/blog?tags=geo&sort=popular-asc,1,text/html; charset=UTF-8,True,"index, follow, max-image-preview:large, max-snippet:-1, max-video-preview:-1",https://i-seo.su/blog,Блог - INTLSEO Studio,"Актуальные статьи о SEO, GEO-продвижении в AI, кейсах клиентов и технической оптимизации сайтов от экспертов агентства INTLSEO Studio. Новости и разборы digital-маркетинга.",1,Блог,838,18,91,False,BLOG_ARCHIVE,False
https://i-seo.su/blog/?tags=geo&sort=popular-desc,inlink:https://i-seo.su/blog/?tags=geo,200,https://i-seo.su/blog?tags=geo&sort=popular-desc,1,text/html; charset=UTF-8,True,"index, follow, max-image-preview:large, max-snippet:-1, max-video-preview:-1",https://i-seo.su/blog,Блог - INTLSEO Studio,"Актуальные статьи о SEO, GEO-продвижении в AI, кейсах клиентов и технической оптимизации сайтов от экспертов агентства INTLSEO Studio. Новости и разборы digital-маркетинга.",1,Блог,838,23,91,False,BLOG_ARCHIVE,False
https://i-seo.su/blog/?tags=geo&sort=rating-asc,inlink:https://i-seo.su/blog/?tags=geo&sort=rating-desc,200,https://i-seo.su/blog?tags=geo&sort=rating-asc,1,text/html; charset=UTF-8,True,"index, follow, max-image-preview:large, max-snippet:-1, max-video-preview:-1",https://i-seo.su/blog,Блог - INTLSEO Studio,"Актуальные статьи о SEO, GEO-продвижении в AI, кейсах клиентов и технической оптимизации сайтов от экспертов агентства INTLSEO Studio. Новости и разборы digital-маркетинга.",1,Блог,838,18,91,False,BLOG_ARCHIVE,False
https://i-seo.su/blog/?tags=geo&sort=rating-desc,inlink:https://i-seo.su/blog/?tags=geo,200,https://i-seo.su/blog?tags=geo&sort=rating-desc,1,text/html; charset=UTF-8,True,"index, follow, max-image-preview:large, max-snippet:-1, max-video-preview:-1",https://i-seo.su/blog,Блог - INTLSEO Studio,"Актуальные статьи о SEO, GEO-продвижении в AI, кейсах клиентов и технической оптимизации сайтов от экспертов агентства INTLSEO Studio. Новости и разборы digital-маркетинга.",1,Блог,838,23,91,False,BLOG_ARCHIVE,False
https://i-seo.su/blog/?tags=ii,inlink:https://i-seo.su/blog/,200,https://i-seo.su/blog?tags=ii,1,text/html; charset=UTF-8,True,"index, follow, max-image-preview:large, max-snippet:-1, max-video-preview:-1",https://i-seo.su/blog,Блог - INTLSEO Studio,"Актуальные статьи о SEO, GEO-продвижении в AI, кейсах клиентов и технической оптимизации сайтов от экспертов агентства INTLSEO Studio. Новости и разборы digital-маркетинга.",1,Блог,864,33,91,False,BLOG_ARCHIVE,False
https://i-seo.su/blog/?tags=ii&sort=date-asc,inlink:https://i-seo.su/blog/?tags=ii,200,https://i-seo.su/blog?tags=ii&sort=date-asc,1,text/html; charset=UTF-8,True,"index, follow, max-image-preview:large, max-snippet:-1, max-video-preview:-1",https://i-seo.su/blog,Блог - INTLSEO Studio,"Актуальные статьи о SEO, GEO-продвижении в AI, кейсах клиентов и технической оптимизации сайтов от экспертов агентства INTLSEO Studio. Новости и разборы digital-маркетинга.",1,Блог,864,19,92,False,BLOG_ARCHIVE,False
https://i-seo.su/blog/?tags=ii&sort=date-desc,inlink:https://i-seo.su/blog/?tags=ii&sort=date-asc,200,https://i-seo.su/blog?tags=ii&sort=date-desc,1,text/html; charset=UTF-8,True,"index, follow, max-image-preview:large, max-snippet:-1, max-video-preview:-1",https://i-seo.su/blog,Блог - INTLSEO Studio,"Актуальные статьи о SEO, GEO-продвижении в AI, кейсах клиентов и технической оптимизации сайтов от экспертов агентства INTLSEO Studio. Новости и разборы digital-маркетинга.",1,Блог,864,22,92,False,BLOG_ARCHIVE,False
https://i-seo.su/blog/?tags=ii&sort=popular-asc,inlink:https://i-seo.su/blog/?tags=ii&sort=popular-desc,200,https://i-seo.su/blog?tags=ii&sort=popular-asc,1,text/html; charset=UTF-8,True,"index, follow, max-image-preview:large, max-snippet:-1, max-video-preview:-1",https://i-seo.su/blog,Блог - INTLSEO Studio,"Актуальные статьи о SEO, GEO-продвижении в AI, кейсах клиентов и технической оптимизации сайтов от экспертов агентства INTLSEO Studio. Новости и разборы digital-маркетинга.",1,Блог,864,18,92,False,BLOG_ARCHIVE,False
https://i-seo.su/blog/?tags=ii&sort=popular-desc,inlink:https://i-seo.su/blog/?tags=ii,200,https://i-seo.su/blog?tags=ii&sort=popular-desc,1,text/html; charset=UTF-8,True,"index, follow, max-image-preview:large, max-snippet:-1, max-video-preview:-1",https://i-seo.su/blog,Блог - INTLSEO Studio,"Актуальные статьи о SEO, GEO-продвижении в AI, кейсах клиентов и технической оптимизации сайтов от экспертов агентства INTLSEO Studio. Новости и разборы digital-маркетинга.",1,Блог,864,23,92,False,BLOG_ARCHIVE,False
https://i-seo.su/blog/?tags=ii&sort=rating-asc,inlink:https://i-seo.su/blog/?tags=ii&sort=rating-desc,200,https://i-seo.su/blog?tags=ii&sort=rating-asc,1,text/html; charset=UTF-8,True,"index, follow, max-image-preview:large, max-snippet:-1, max-video-preview:-1",https://i-seo.su/blog,Блог - INTLSEO Studio,"Актуальные статьи о SEO, GEO-продвижении в AI, кейсах клиентов и технической оптимизации сайтов от экспертов агентства INTLSEO Studio. Новости и разборы digital-маркетинга.",1,Блог,864,18,92,False,BLOG_ARCHIVE,False
https://i-seo.su/blog/?tags=ii&sort=rating-desc,inlink:https://i-seo.su/blog/?tags=ii,200,https://i-seo.su/blog?tags=ii&sort=rating-desc,1,text/html; charset=UTF-8,True,"index, follow, max-image-preview:large, max-snippet:-1, max-video-preview:-1",https://i-seo.su/blog,Блог - INTLSEO Studio,"Актуальные статьи о SEO, GEO-продвижении в AI, кейсах клиентов и технической оптимизации сайтов от экспертов агентства INTLSEO Studio. Новости и разборы digital-маркетинга.",1,Блог,864,23,92,False,BLOG_ARCHIVE,False
https://i-seo.su/blog/?tags=link-building,inlink:https://i-seo.su/blog/,200,https://i-seo.su/blog?tags=link-building,1,text/html; charset=UTF-8,True,"index, follow, max-image-preview:large, max-snippet:-1, max-video-preview:-1",https://i-seo.su/blog,Блог - INTLSEO Studio,"Актуальные статьи о SEO, GEO-продвижении в AI, кейсах клиентов и технической оптимизации сайтов от экспертов агентства INTLSEO Studio. Новости и разборы digital-маркетинга.",1,Блог,712,32,84,False,BLOG_ARCHIVE,False
https://i-seo.su/blog/?tags=link-building&sort=date-asc,inlink:https://i-seo.su/blog/?tags=link-building,200,https://i-seo.su/blog?tags=link-building&sort=date-asc,1,text/html; charset=UTF-8,True,"index, follow, max-image-preview:large, max-snippet:-1, max-video-preview:-1",https://i-seo.su/blog,Блог - INTLSEO Studio,"Актуальные статьи о SEO, GEO-продвижении в AI, кейсах клиентов и технической оптимизации сайтов от экспертов агентства INTLSEO Studio. Новости и разборы digital-маркетинга.",1,Блог,712,19,85,False,BLOG_ARCHIVE,False
https://i-seo.su/blog/?tags=link-building&sort=date-desc,inlink:https://i-seo.su/blog/?tags=link-building&sort=date-asc,200,https://i-seo.su/blog?tags=link-building&sort=date-desc,1,text/html; charset=UTF-8,True,"index, follow, max-image-preview:large, max-snippet:-1, max-video-preview:-1",https://i-seo.su/blog,Блог - INTLSEO Studio,"Актуальные статьи о SEO, GEO-продвижении в AI, кейсах клиентов и технической оптимизации сайтов от экспертов агентства INTLSEO Studio. Новости и разборы digital-маркетинга.",1,Блог,712,22,85,False,BLOG_ARCHIVE,False
https://i-seo.su/blog/?tags=link-building&sort=popular-asc,inlink:https://i-seo.su/blog/?tags=link-building&sort=popular-desc,200,https://i-seo.su/blog?tags=link-building&sort=popular-asc,1,text/html; charset=UTF-8,True,"index, follow, max-image-preview:large, max-snippet:-1, max-video-preview:-1",https://i-seo.su/blog,Блог - INTLSEO Studio,"Актуальные статьи о SEO, GEO-продвижении в AI, кейсах клиентов и технической оптимизации сайтов от экспертов агентства INTLSEO Studio. Новости и разборы digital-маркетинга.",1,Блог,712,18,85,False,BLOG_ARCHIVE,False
https://i-seo.su/blog/?tags=link-building&sort=popular-desc,inlink:https://i-seo.su/blog/?tags=link-building,200,https://i-seo.su/blog?tags=link-building&sort=popular-desc,1,text/html; charset=UTF-8,True,"index, follow, max-image-preview:large, max-snippet:-1, max-video-preview:-1",https://i-seo.su/blog,Блог - INTLSEO Studio,"Актуальные статьи о SEO, GEO-продвижении в AI, кейсах клиентов и технической оптимизации сайтов от экспертов агентства INTLSEO Studio. Новости и разборы digital-маркетинга.",1,Блог,712,23,85,False,BLOG_ARCHIVE,False
https://i-seo.su/blog/?tags=link-building&sort=rating-asc,inlink:https://i-seo.su/blog/?tags=link-building&sort=rating-desc,200,https://i-seo.su/blog?tags=link-building&sort=rating-asc,1,text/html; charset=UTF-8,True,"index, follow, max-image-preview:large, max-snippet:-1, max-video-preview:-1",https://i-seo.su/blog,Блог - INTLSEO Studio,"Актуальные статьи о SEO, GEO-продвижении в AI, кейсах клиентов и технической оптимизации сайтов от экспертов агентства INTLSEO Studio. Новости и разборы digital-маркетинга.",1,Блог,712,18,85,False,BLOG_ARCHIVE,False
https://i-seo.su/blog/?tags=link-building&sort=rating-desc,inlink:https://i-seo.su/blog/?tags=link-building,200,https://i-seo.su/blog?tags=link-building&sort=rating-desc,1,text/html; charset=UTF-8,True,"index, follow, max-image-preview:large, max-snippet:-1, max-video-preview:-1",https://i-seo.su/blog,Блог - INTLSEO Studio,"Актуальные статьи о SEO, GEO-продвижении в AI, кейсах клиентов и технической оптимизации сайтов от экспертов агентства INTLSEO Studio. Новости и разборы digital-маркетинга.",1,Блог,712,23,85,False,BLOG_ARCHIVE,False
https://i-seo.su/blog/?tags=metrika,inlink:https://i-seo.su/blog/,200,https://i-seo.su/blog?tags=metrika,1,text/html; charset=UTF-8,True,"index, follow, max-image-preview:large, max-snippet:-1, max-video-preview:-1",https://i-seo.su/blog,Блог - INTLSEO Studio,"Актуальные статьи о SEO, GEO-продвижении в AI, кейсах клиентов и технической оптимизации сайтов от экспертов агентства INTLSEO Studio. Новости и разборы digital-маркетинга.",1,Блог,731,32,85,False,BLOG_ARCHIVE,False
https://i-seo.su/blog/?tags=metrika&sort=date-asc,inlink:https://i-seo.su/blog/?tags=metrika,200,https://i-seo.su/blog?tags=metrika&sort=date-asc,1,text/html; charset=UTF-8,True,"index, follow, max-image-preview:large, max-snippet:-1, max-video-preview:-1",https://i-seo.su/blog,Блог - INTLSEO Studio,"Актуальные статьи о SEO, GEO-продвижении в AI, кейсах клиентов и технической оптимизации сайтов от экспертов агентства INTLSEO Studio. Новости и разборы digital-маркетинга.",1,Блог,731,19,86,False,BLOG_ARCHIVE,False
https://i-seo.su/blog/?tags=metrika&sort=date-desc,inlink:https://i-seo.su/blog/?tags=metrika&sort=date-asc,200,https://i-seo.su/blog?tags=metrika&sort=date-desc,1,text/html; charset=UTF-8,True,"index, follow, max-image-preview:large, max-snippet:-1, max-video-preview:-1",https://i-seo.su/blog,Блог - INTLSEO Studio,"Актуальные статьи о SEO, GEO-продвижении в AI, кейсах клиентов и технической оптимизации сайтов от экспертов агентства INTLSEO Studio. Новости и разборы digital-маркетинга.",1,Блог,731,22,86,False,BLOG_ARCHIVE,False
https://i-seo.su/blog/?tags=metrika&sort=popular-asc,inlink:https://i-seo.su/blog/?tags=metrika&sort=popular-desc,200,https://i-seo.su/blog?tags=metrika&sort=popular-asc,1,text/html; charset=UTF-8,True,"index, follow, max-image-preview:large, max-snippet:-1, max-video-preview:-1",https://i-seo.su/blog,Блог - INTLSEO Studio,"Актуальные статьи о SEO, GEO-продвижении в AI, кейсах клиентов и технической оптимизации сайтов от экспертов агентства INTLSEO Studio. Новости и разборы digital-маркетинга.",1,Блог,731,18,86,False,BLOG_ARCHIVE,False
https://i-seo.su/blog/?tags=metrika&sort=popular-desc,inlink:https://i-seo.su/blog/?tags=metrika,200,https://i-seo.su/blog?tags=metrika&sort=popular-desc,1,text/html; charset=UTF-8,True,"index, follow, max-image-preview:large, max-snippet:-1, max-video-preview:-1",https://i-seo.su/blog,Блог - INTLSEO Studio,"Актуальные статьи о SEO, GEO-продвижении в AI, кейсах клиентов и технической оптимизации сайтов от экспертов агентства INTLSEO Studio. Новости и разборы digital-маркетинга.",1,Блог,731,23,86,False,BLOG_ARCHIVE,False
https://i-seo.su/blog/?tags=metrika&sort=rating-asc,inlink:https://i-seo.su/blog/?tags=metrika&sort=rating-desc,200,https://i-seo.su/blog?tags=metrika&sort=rating-asc,1,text/html; charset=UTF-8,True,"index, follow, max-image-preview:large, max-snippet:-1, max-video-preview:-1",https://i-seo.su/blog,Блог - INTLSEO Studio,"Актуальные статьи о SEO, GEO-продвижении в AI, кейсах клиентов и технической оптимизации сайтов от экспертов агентства INTLSEO Studio. Новости и разборы digital-маркетинга.",1,Блог,731,18,86,False,BLOG_ARCHIVE,False
https://i-seo.su/blog/?tags=metrika&sort=rating-desc,inlink:https://i-seo.su/blog/?tags=metrika,200,https://i-seo.su/blog?tags=metrika&sort=rating-desc,1,text/html; charset=UTF-8,True,"index, follow, max-image-preview:large, max-snippet:-1, max-video-preview:-1",https://i-seo.su/blog,Блог - INTLSEO Studio,"Актуальные статьи о SEO, GEO-продвижении в AI, кейсах клиентов и технической оптимизации сайтов от экспертов агентства INTLSEO Studio. Новости и разборы digital-маркетинга.",1,Блог,731,23,86,False,BLOG_ARCHIVE,False
https://i-seo.su/blog/?tags=seo,inlink:https://i-seo.su/blog/,200,https://i-seo.su/blog?tags=seo,1,text/html; charset=UTF-8,True,"index, follow, max-image-preview:large, max-snippet:-1, max-video-preview:-1",https://i-seo.su/blog,Блог - INTLSEO Studio,"Актуальные статьи о SEO, GEO-продвижении в AI, кейсах клиентов и технической оптимизации сайтов от экспертов агентства INTLSEO Studio. Новости и разборы digital-маркетинга.",1,Блог,3547,37,216,False,BLOG_ARCHIVE,False
https://i-seo.su/blog/?tags=seo&sort=date-asc,inlink:https://i-seo.su/blog/?tags=seo,200,https://i-seo.su/blog?tags=seo&sort=date-asc,1,text/html; charset=UTF-8,True,"index, follow, max-image-preview:large, max-snippet:-1, max-video-preview:-1",https://i-seo.su/blog,Блог - INTLSEO Studio,"Актуальные статьи о SEO, GEO-продвижении в AI, кейсах клиентов и технической оптимизации сайтов от экспертов агентства INTLSEO Studio. Новости и разборы digital-маркетинга.",1,Блог,3547,19,217,False,BLOG_ARCHIVE,False
https://i-seo.su/blog/?tags=seo&sort=date-desc,inlink:https://i-seo.su/blog/?tags=seo&sort=date-asc,200,https://i-seo.su/blog?tags=seo&sort=date-desc,1,text/html; charset=UTF-8,True,"index, follow, max-image-preview:large, max-snippet:-1, max-video-preview:-1",https://i-seo.su/blog,Блог - INTLSEO Studio,"Актуальные статьи о SEO, GEO-продвижении в AI, кейсах клиентов и технической оптимизации сайтов от экспертов агентства INTLSEO Studio. Новости и разборы digital-маркетинга.",1,Блог,3547,22,217,False,BLOG_ARCHIVE,False
https://i-seo.su/blog/?tags=seo&sort=popular-asc,inlink:https://i-seo.su/blog/?tags=seo&sort=popular-desc,200,https://i-seo.su/blog?tags=seo&sort=popular-asc,1,text/html; charset=UTF-8,True,"index, follow, max-image-preview:large, max-snippet:-1, max-video-preview:-1",https://i-seo.su/blog,Блог - INTLSEO Studio,"Актуальные статьи о SEO, GEO-продвижении в AI, кейсах клиентов и технической оптимизации сайтов от экспертов агентства INTLSEO Studio. Новости и разборы digital-маркетинга.",1,Блог,3547,18,217,False,BLOG_ARCHIVE,False
https://i-seo.su/blog/?tags=seo&sort=popular-desc,inlink:https://i-seo.su/blog/?tags=seo,200,https://i-seo.su/blog?tags=seo&sort=popular-desc,1,text/html; charset=UTF-8,True,"index, follow, max-image-preview:large, max-snippet:-1, max-video-preview:-1",https://i-seo.su/blog,Блог - INTLSEO Studio,"Актуальные статьи о SEO, GEO-продвижении в AI, кейсах клиентов и технической оптимизации сайтов от экспертов агентства INTLSEO Studio. Новости и разборы digital-маркетинга.",1,Блог,3547,23,217,False,BLOG_ARCHIVE,False
https://i-seo.su/blog/?tags=seo&sort=rating-asc,inlink:https://i-seo.su/blog/?tags=seo&sort=rating-desc,200,https://i-seo.su/blog?tags=seo&sort=rating-asc,1,text/html; charset=UTF-8,True,"index, follow, max-image-preview:large, max-snippet:-1, max-video-preview:-1",https://i-seo.su/blog,Блог - INTLSEO Studio,"Актуальные статьи о SEO, GEO-продвижении в AI, кейсах клиентов и технической оптимизации сайтов от экспертов агентства INTLSEO Studio. Новости и разборы digital-маркетинга.",1,Блог,3547,18,217,False,BLOG_ARCHIVE,False
https://i-seo.su/blog/?tags=seo&sort=rating-desc,inlink:https://i-seo.su/blog/?tags=seo,200,https://i-seo.su/blog?tags=seo&sort=rating-desc,1,text/html; charset=UTF-8,True,"index, follow, max-image-preview:large, max-snippet:-1, max-video-preview:-1",https://i-seo.su/blog,Блог - INTLSEO Studio,"Актуальные статьи о SEO, GEO-продвижении в AI, кейсах клиентов и технической оптимизации сайтов от экспертов агентства INTLSEO Studio. Новости и разборы digital-маркетинга.",1,Блог,3547,23,217,False,BLOG_ARCHIVE,False
https://i-seo.su/blog/?tags=serm,inlink:https://i-seo.su/blog/,200,https://i-seo.su/blog?tags=serm,1,text/html; charset=UTF-8,True,"index, follow, max-image-preview:large, max-snippet:-1, max-video-preview:-1",https://i-seo.su/blog,Блог - INTLSEO Studio,"Актуальные статьи о SEO, GEO-продвижении в AI, кейсах клиентов и технической оптимизации сайтов от экспертов агентства INTLSEO Studio. Новости и разборы digital-маркетинга.",1,Блог,784,32,88,False,BLOG_ARCHIVE,False
https://i-seo.su/blog/?tags=serm&sort=date-asc,inlink:https://i-seo.su/blog/?tags=serm,200,https://i-seo.su/blog?tags=serm&sort=date-asc,1,text/html; charset=UTF-8,True,"index, follow, max-image-preview:large, max-snippet:-1, max-video-preview:-1",https://i-seo.su/blog,Блог - INTLSEO Studio,"Актуальные статьи о SEO, GEO-продвижении в AI, кейсах клиентов и технической оптимизации сайтов от экспертов агентства INTLSEO Studio. Новости и разборы digital-маркетинга.",1,Блог,784,19,89,False,BLOG_ARCHIVE,False
https://i-seo.su/blog/?tags=serm&sort=date-desc,inlink:https://i-seo.su/blog/?tags=serm&sort=date-asc,200,https://i-seo.su/blog?tags=serm&sort=date-desc,1,text/html; charset=UTF-8,True,"index, follow, max-image-preview:large, max-snippet:-1, max-video-preview:-1",https://i-seo.su/blog,Блог - INTLSEO Studio,"Актуальные статьи о SEO, GEO-продвижении в AI, кейсах клиентов и технической оптимизации сайтов от экспертов агентства INTLSEO Studio. Новости и разборы digital-маркетинга.",1,Блог,784,22,89,False,BLOG_ARCHIVE,False
https://i-seo.su/blog/?tags=serm&sort=popular-asc,inlink:https://i-seo.su/blog/?tags=serm&sort=popular-desc,200,https://i-seo.su/blog?tags=serm&sort=popular-asc,1,text/html; charset=UTF-8,True,"index, follow, max-image-preview:large, max-snippet:-1, max-video-preview:-1",https://i-seo.su/blog,Блог - INTLSEO Studio,"Актуальные статьи о SEO, GEO-продвижении в AI, кейсах клиентов и технической оптимизации сайтов от экспертов агентства INTLSEO Studio. Новости и разборы digital-маркетинга.",1,Блог,784,18,89,False,BLOG_ARCHIVE,False
https://i-seo.su/blog/?tags=serm&sort=popular-desc,inlink:https://i-seo.su/blog/?tags=serm,200,https://i-seo.su/blog?tags=serm&sort=popular-desc,1,text/html; charset=UTF-8,True,"index, follow, max-image-preview:large, max-snippet:-1, max-video-preview:-1",https://i-seo.su/blog,Блог - INTLSEO Studio,"Актуальные статьи о SEO, GEO-продвижении в AI, кейсах клиентов и технической оптимизации сайтов от экспертов агентства INTLSEO Studio. Новости и разборы digital-маркетинга.",1,Блог,784,23,89,False,BLOG_ARCHIVE,False
https://i-seo.su/blog/?tags=serm&sort=rating-asc,inlink:https://i-seo.su/blog/?tags=serm&sort=rating-desc,200,https://i-seo.su/blog?tags=serm&sort=rating-asc,1,text/html; charset=UTF-8,True,"index, follow, max-image-preview:large, max-snippet:-1, max-video-preview:-1",https://i-seo.su/blog,Блог - INTLSEO Studio,"Актуальные статьи о SEO, GEO-продвижении в AI, кейсах клиентов и технической оптимизации сайтов от экспертов агентства INTLSEO Studio. Новости и разборы digital-маркетинга.",1,Блог,784,18,89,False,BLOG_ARCHIVE,False
https://i-seo.su/blog/?tags=serm&sort=rating-desc,inlink:https://i-seo.su/blog/?tags=serm,200,https://i-seo.su/blog?tags=serm&sort=rating-desc,1,text/html; charset=UTF-8,True,"index, follow, max-image-preview:large, max-snippet:-1, max-video-preview:-1",https://i-seo.su/blog,Блог - INTLSEO Studio,"Актуальные статьи о SEO, GEO-продвижении в AI, кейсах клиентов и технической оптимизации сайтов от экспертов агентства INTLSEO Studio. Новости и разборы digital-маркетинга.",1,Блог,784,23,89,False,BLOG_ARCHIVE,False
https://i-seo.su/blog/?tags=sozdanie-sajtov,inlink:https://i-seo.su/blog/,200,https://i-seo.su/blog?tags=sozdanie-sajtov,1,text/html; charset=UTF-8,True,"index, follow, max-image-preview:large, max-snippet:-1, max-video-preview:-1",https://i-seo.su/blog,Блог - INTLSEO Studio,"Актуальные статьи о SEO, GEO-продвижении в AI, кейсах клиентов и технической оптимизации сайтов от экспертов агентства INTLSEO Studio. Новости и разборы digital-маркетинга.",1,Блог,1487,32,118,False,BLOG_ARCHIVE,False
https://i-seo.su/blog/?tags=sozdanie-sajtov&sort=date-asc,inlink:https://i-seo.su/blog/?tags=sozdanie-sajtov,200,https://i-seo.su/blog?tags=sozdanie-sajtov&sort=date-asc,1,text/html; charset=UTF-8,True,"index, follow, max-image-preview:large, max-snippet:-1, max-video-preview:-1",https://i-seo.su/blog,Блог - INTLSEO Studio,"Актуальные статьи о SEO, GEO-продвижении в AI, кейсах клиентов и технической оптимизации сайтов от экспертов агентства INTLSEO Studio. Новости и разборы digital-маркетинга.",1,Блог,1487,19,119,False,BLOG_ARCHIVE,False
https://i-seo.su/blog/?tags=sozdanie-sajtov&sort=date-desc,inlink:https://i-seo.su/blog/?tags=sozdanie-sajtov&sort=date-asc,200,https://i-seo.su/blog?tags=sozdanie-sajtov&sort=date-desc,1,text/html; charset=UTF-8,True,"index, follow, max-image-preview:large, max-snippet:-1, max-video-preview:-1",https://i-seo.su/blog,Блог - INTLSEO Studio,"Актуальные статьи о SEO, GEO-продвижении в AI, кейсах клиентов и технической оптимизации сайтов от экспертов агентства INTLSEO Studio. Новости и разборы digital-маркетинга.",1,Блог,1487,22,119,False,BLOG_ARCHIVE,False
https://i-seo.su/blog/?tags=sozdanie-sajtov&sort=popular-asc,inlink:https://i-seo.su/blog/?tags=sozdanie-sajtov&sort=popular-desc,200,https://i-seo.su/blog?tags=sozdanie-sajtov&sort=popular-asc,1,text/html; charset=UTF-8,True,"index, follow, max-image-preview:large, max-snippet:-1, max-video-preview:-1",https://i-seo.su/blog,Блог - INTLSEO Studio,"Актуальные статьи о SEO, GEO-продвижении в AI, кейсах клиентов и технической оптимизации сайтов от экспертов агентства INTLSEO Studio. Новости и разборы digital-маркетинга.",1,Блог,1487,18,119,False,BLOG_ARCHIVE,False
https://i-seo.su/blog/?tags=sozdanie-sajtov&sort=popular-desc,inlink:https://i-seo.su/blog/?tags=sozdanie-sajtov,200,https://i-seo.su/blog?tags=sozdanie-sajtov&sort=popular-desc,1,text/html; charset=UTF-8,True,"index, follow, max-image-preview:large, max-snippet:-1, max-video-preview:-1",https://i-seo.su/blog,Блог - INTLSEO Studio,"Актуальные статьи о SEO, GEO-продвижении в AI, кейсах клиентов и технической оптимизации сайтов от экспертов агентства INTLSEO Studio. Новости и разборы digital-маркетинга.",1,Блог,1487,23,119,False,BLOG_ARCHIVE,False
https://i-seo.su/blog/?tags=sozdanie-sajtov&sort=rating-asc,inlink:https://i-seo.su/blog/?tags=sozdanie-sajtov&sort=rating-desc,200,https://i-seo.su/blog?tags=sozdanie-sajtov&sort=rating-asc,1,text/html; charset=UTF-8,True,"index, follow, max-image-preview:large, max-snippet:-1, max-video-preview:-1",https://i-seo.su/blog,Блог - INTLSEO Studio,"Актуальные статьи о SEO, GEO-продвижении в AI, кейсах клиентов и технической оптимизации сайтов от экспертов агентства INTLSEO Studio. Новости и разборы digital-маркетинга.",1,Блог,1487,18,119,False,BLOG_ARCHIVE,False
https://i-seo.su/blog/?tags=sozdanie-sajtov&sort=rating-desc,inlink:https://i-seo.su/blog/?tags=sozdanie-sajtov,200,https://i-seo.su/blog?tags=sozdanie-sajtov&sort=rating-desc,1,text/html; charset=UTF-8,True,"index, follow, max-image-preview:large, max-snippet:-1, max-video-preview:-1",https://i-seo.su/blog,Блог - INTLSEO Studio,"Актуальные статьи о SEO, GEO-продвижении в AI, кейсах клиентов и технической оптимизации сайтов от экспертов агентства INTLSEO Studio. Новости и разборы digital-маркетинга.",1,Блог,1487,23,119,False,BLOG_ARCHIVE,False
https://i-seo.su/blog/?tags=tehnicheskij-seo,inlink:https://i-seo.su/blog/,200,https://i-seo.su/blog?tags=tehnicheskij-seo,1,text/html; charset=UTF-8,True,"index, follow, max-image-preview:large, max-snippet:-1, max-video-preview:-1",https://i-seo.su/blog,Блог - INTLSEO Studio,"Актуальные статьи о SEO, GEO-продвижении в AI, кейсах клиентов и технической оптимизации сайтов от экспертов агентства INTLSEO Studio. Новости и разборы digital-маркетинга.",1,Блог,679,35,83,False,BLOG_ARCHIVE,False
https://i-seo.su/blog/?tags=tehnicheskij-seo&sort=date-asc,inlink:https://i-seo.su/blog/?tags=tehnicheskij-seo,200,https://i-seo.su/blog?tags=tehnicheskij-seo&sort=date-asc,1,text/html; charset=UTF-8,True,"index, follow, max-image-preview:large, max-snippet:-1, max-video-preview:-1",https://i-seo.su/blog,Блог - INTLSEO Studio,"Актуальные статьи о SEO, GEO-продвижении в AI, кейсах клиентов и технической оптимизации сайтов от экспертов агентства INTLSEO Studio. Новости и разборы digital-маркетинга.",1,Блог,679,19,84,False,BLOG_ARCHIVE,False
https://i-seo.su/blog/?tags=tehnicheskij-seo&sort=date-desc,inlink:https://i-seo.su/blog/?tags=tehnicheskij-seo&sort=date-asc,200,https://i-seo.su/blog?tags=tehnicheskij-seo&sort=date-desc,1,text/html; charset=UTF-8,True,"index, follow, max-image-preview:large, max-snippet:-1, max-video-preview:-1",https://i-seo.su/blog,Блог - INTLSEO Studio,"Актуальные статьи о SEO, GEO-продвижении в AI, кейсах клиентов и технической оптимизации сайтов от экспертов агентства INTLSEO Studio. Новости и разборы digital-маркетинга.",1,Блог,679,22,84,False,BLOG_ARCHIVE,False
https://i-seo.su/blog/?tags=tehnicheskij-seo&sort=popular-asc,inlink:https://i-seo.su/blog/?tags=tehnicheskij-seo&sort=popular-desc,200,https://i-seo.su/blog?tags=tehnicheskij-seo&sort=popular-asc,1,text/html; charset=UTF-8,True,"index, follow, max-image-preview:large, max-snippet:-1, max-video-preview:-1",https://i-seo.su/blog,Блог - INTLSEO Studio,"Актуальные статьи о SEO, GEO-продвижении в AI, кейсах клиентов и технической оптимизации сайтов от экспертов агентства INTLSEO Studio. Новости и разборы digital-маркетинга.",1,Блог,679,18,84,False,BLOG_ARCHIVE,False
https://i-seo.su/blog/?tags=tehnicheskij-seo&sort=popular-desc,inlink:https://i-seo.su/blog/?tags=tehnicheskij-seo,200,https://i-seo.su/blog?tags=tehnicheskij-seo&sort=popular-desc,1,text/html; charset=UTF-8,True,"index, follow, max-image-preview:large, max-snippet:-1, max-video-preview:-1",https://i-seo.su/blog,Блог - INTLSEO Studio,"Актуальные статьи о SEO, GEO-продвижении в AI, кейсах клиентов и технической оптимизации сайтов от экспертов агентства INTLSEO Studio. Новости и разборы digital-маркетинга.",1,Блог,679,23,84,False,BLOG_ARCHIVE,False
https://i-seo.su/blog/?tags=tehnicheskij-seo&sort=rating-asc,inlink:https://i-seo.su/blog/?tags=tehnicheskij-seo&sort=rating-desc,200,https://i-seo.su/blog?tags=tehnicheskij-seo&sort=rating-asc,1,text/html; charset=UTF-8,True,"index, follow, max-image-preview:large, max-snippet:-1, max-video-preview:-1",https://i-seo.su/blog,Блог - INTLSEO Studio,"Актуальные статьи о SEO, GEO-продвижении в AI, кейсах клиентов и технической оптимизации сайтов от экспертов агентства INTLSEO Studio. Новости и разборы digital-маркетинга.",1,Блог,679,18,84,False,BLOG_ARCHIVE,False
https://i-seo.su/blog/?tags=tehnicheskij-seo&sort=rating-desc,inlink:https://i-seo.su/blog/?tags=tehnicheskij-seo,200,https://i-seo.su/blog?tags=tehnicheskij-seo&sort=rating-desc,1,text/html; charset=UTF-8,True,"index, follow, max-image-preview:large, max-snippet:-1, max-video-preview:-1",https://i-seo.su/blog,Блог - INTLSEO Studio,"Актуальные статьи о SEO, GEO-продвижении в AI, кейсах клиентов и технической оптимизации сайтов от экспертов агентства INTLSEO Studio. Новости и разборы digital-маркетинга.",1,Блог,679,23,84,False,BLOG_ARCHIVE,False
https://i-seo.su/blog/?tags=tilda,inlink:https://i-seo.su/blog/,0,https://i-seo.su/blog/?tags=tilda,0,,True,,,,,0,,0,32,0,False,BLOG_ARCHIVE,
https://i-seo.su/blog/?tags=tilda&sort=date-asc,inlink:https://i-seo.su/blog/?sort=date-asc,200,https://i-seo.su/blog?tags=tilda&sort=date-asc,1,text/html; charset=UTF-8,True,"index, follow, max-image-preview:large, max-snippet:-1, max-video-preview:-1",https://i-seo.su/blog,Блог - INTLSEO Studio,"Актуальные статьи о SEO, GEO-продвижении в AI, кейсах клиентов и технической оптимизации сайтов от экспертов агентства INTLSEO Studio. Новости и разборы digital-маркетинга.",1,Блог,946,18,96,False,BLOG_ARCHIVE,False
https://i-seo.su/blog/?tags=tilda&sort=date-desc,inlink:https://i-seo.su/blog/?tags=tilda&sort=date-asc,200,https://i-seo.su/blog?tags=tilda&sort=date-desc,1,text/html; charset=UTF-8,True,"index, follow, max-image-preview:large, max-snippet:-1, max-video-preview:-1",https://i-seo.su/blog,Блог - INTLSEO Studio,"Актуальные статьи о SEO, GEO-продвижении в AI, кейсах клиентов и технической оптимизации сайтов от экспертов агентства INTLSEO Studio. Новости и разборы digital-маркетинга.",1,Блог,946,22,96,False,BLOG_ARCHIVE,False
https://i-seo.su/blog/?tags=tilda&sort=popular-asc,inlink:https://i-seo.su/blog/?tags=tilda&sort=popular-desc,200,https://i-seo.su/blog?tags=tilda&sort=popular-asc,1,text/html; charset=UTF-8,True,"index, follow, max-image-preview:large, max-snippet:-1, max-video-preview:-1",https://i-seo.su/blog,Блог - INTLSEO Studio,"Актуальные статьи о SEO, GEO-продвижении в AI, кейсах клиентов и технической оптимизации сайтов от экспертов агентства INTLSEO Studio. Новости и разборы digital-маркетинга.",1,Блог,946,18,96,False,BLOG_ARCHIVE,False
https://i-seo.su/blog/?tags=tilda&sort=popular-desc,inlink:https://i-seo.su/blog/?sort=popular-desc,200,https://i-seo.su/blog?tags=tilda&sort=popular-desc,1,text/html; charset=UTF-8,True,"index, follow, max-image-preview:large, max-snippet:-1, max-video-preview:-1",https://i-seo.su/blog,Блог - INTLSEO Studio,"Актуальные статьи о SEO, GEO-продвижении в AI, кейсах клиентов и технической оптимизации сайтов от экспертов агентства INTLSEO Studio. Новости и разборы digital-маркетинга.",1,Блог,946,22,96,False,BLOG_ARCHIVE,False
https://i-seo.su/blog/?tags=tilda&sort=rating-asc,inlink:https://i-seo.su/blog/?tags=tilda&sort=rating-desc,200,https://i-seo.su/blog?tags=tilda&sort=rating-asc,1,text/html; charset=UTF-8,True,"index, follow, max-image-preview:large, max-snippet:-1, max-video-preview:-1",https://i-seo.su/blog,Блог - INTLSEO Studio,"Актуальные статьи о SEO, GEO-продвижении в AI, кейсах клиентов и технической оптимизации сайтов от экспертов агентства INTLSEO Studio. Новости и разборы digital-маркетинга.",1,Блог,946,18,96,False,BLOG_ARCHIVE,False
https://i-seo.su/blog/?tags=tilda&sort=rating-desc,inlink:https://i-seo.su/blog/?sort=rating-desc,200,https://i-seo.su/blog?tags=tilda&sort=rating-desc,1,text/html; charset=UTF-8,True,"index, follow, max-image-preview:large, max-snippet:-1, max-video-preview:-1",https://i-seo.su/blog,Блог - INTLSEO Studio,"Актуальные статьи о SEO, GEO-продвижении в AI, кейсах клиентов и технической оптимизации сайтов от экспертов агентства INTLSEO Studio. Новости и разборы digital-маркетинга.",1,Блог,946,22,96,False,BLOG_ARCHIVE,False
https://i-seo.su/blog/?tags=wordpress,inlink:https://i-seo.su/blog/,200,https://i-seo.su/blog?tags=wordpress,1,text/html; charset=UTF-8,True,"index, follow, max-image-preview:large, max-snippet:-1, max-video-preview:-1",https://i-seo.su/blog,Блог - INTLSEO Studio,"Актуальные статьи о SEO, GEO-продвижении в AI, кейсах клиентов и технической оптимизации сайтов от экспертов агентства INTLSEO Studio. Новости и разборы digital-маркетинга.",1,Блог,702,32,84,False,BLOG_ARCHIVE,False
https://i-seo.su/blog/?tags=wordpress&sort=date-asc,inlink:https://i-seo.su/blog/?tags=wordpress,200,https://i-seo.su/blog?tags=wordpress&sort=date-asc,1,text/html; charset=UTF-8,True,"index, follow, max-image-preview:large, max-snippet:-1, max-video-preview:-1",https://i-seo.su/blog,Блог - INTLSEO Studio,"Актуальные статьи о SEO, GEO-продвижении в AI, кейсах клиентов и технической оптимизации сайтов от экспертов агентства INTLSEO Studio. Новости и разборы digital-маркетинга.",1,Блог,702,19,85,False,BLOG_ARCHIVE,False
https://i-seo.su/blog/?tags=wordpress&sort=date-desc,inlink:https://i-seo.su/blog/?tags=wordpress&sort=date-asc,200,https://i-seo.su/blog?tags=wordpress&sort=date-desc,1,text/html; charset=UTF-8,True,"index, follow, max-image-preview:large, max-snippet:-1, max-video-preview:-1",https://i-seo.su/blog,Блог - INTLSEO Studio,"Актуальные статьи о SEO, GEO-продвижении в AI, кейсах клиентов и технической оптимизации сайтов от экспертов агентства INTLSEO Studio. Новости и разборы digital-маркетинга.",1,Блог,702,22,85,False,BLOG_ARCHIVE,False
https://i-seo.su/blog/?tags=wordpress&sort=popular-asc,inlink:https://i-seo.su/blog/?tags=wordpress&sort=popular-desc,200,https://i-seo.su/blog?tags=wordpress&sort=popular-asc,1,text/html; charset=UTF-8,True,"index, follow, max-image-preview:large, max-snippet:-1, max-video-preview:-1",https://i-seo.su/blog,Блог - INTLSEO Studio,"Актуальные статьи о SEO, GEO-продвижении в AI, кейсах клиентов и технической оптимизации сайтов от экспертов агентства INTLSEO Studio. Новости и разборы digital-маркетинга.",1,Блог,702,18,85,False,BLOG_ARCHIVE,False
https://i-seo.su/blog/?tags=wordpress&sort=popular-desc,inlink:https://i-seo.su/blog/?tags=wordpress,200,https://i-seo.su/blog?tags=wordpress&sort=popular-desc,1,text/html; charset=UTF-8,True,"index, follow, max-image-preview:large, max-snippet:-1, max-video-preview:-1",https://i-seo.su/blog,Блог - INTLSEO Studio,"Актуальные статьи о SEO, GEO-продвижении в AI, кейсах клиентов и технической оптимизации сайтов от экспертов агентства INTLSEO Studio. Новости и разборы digital-маркетинга.",1,Блог,702,23,85,False,BLOG_ARCHIVE,False
https://i-seo.su/blog/?tags=wordpress&sort=rating-asc,inlink:https://i-seo.su/blog/?tags=wordpress&sort=rating-desc,200,https://i-seo.su/blog?tags=wordpress&sort=rating-asc,1,text/html; charset=UTF-8,True,"index, follow, max-image-preview:large, max-snippet:-1, max-video-preview:-1",https://i-seo.su/blog,Блог - INTLSEO Studio,"Актуальные статьи о SEO, GEO-продвижении в AI, кейсах клиентов и технической оптимизации сайтов от экспертов агентства INTLSEO Studio. Новости и разборы digital-маркетинга.",1,Блог,702,18,85,False,BLOG_ARCHIVE,False
https://i-seo.su/blog/?tags=wordpress&sort=rating-desc,inlink:https://i-seo.su/blog/?tags=wordpress,200,https://i-seo.su/blog?tags=wordpress&sort=rating-desc,1,text/html; charset=UTF-8,True,"index, follow, max-image-preview:large, max-snippet:-1, max-video-preview:-1",https://i-seo.su/blog,Блог - INTLSEO Studio,"Актуальные статьи о SEO, GEO-продвижении в AI, кейсах клиентов и технической оптимизации сайтов от экспертов агентства INTLSEO Studio. Новости и разборы digital-маркетинга.",1,Блог,702,23,85,False,BLOG_ARCHIVE,False
https://i-seo.su/blog/?tags=yuzabiliti,inlink:https://i-seo.su/blog/,200,https://i-seo.su/blog?tags=yuzabiliti,1,text/html; charset=UTF-8,True,"index, follow, max-image-preview:large, max-snippet:-1, max-video-preview:-1",https://i-seo.su/blog,Блог - INTLSEO Studio,"Актуальные статьи о SEO, GEO-продвижении в AI, кейсах клиентов и технической оптимизации сайтов от экспертов агентства INTLSEO Studio. Новости и разборы digital-маркетинга.",1,Блог,943,32,93,False,BLOG_ARCHIVE,False
https://i-seo.su/blog/?tags=yuzabiliti&sort=date-asc,inlink:https://i-seo.su/blog/?tags=yuzabiliti,200,https://i-seo.su/blog?tags=yuzabiliti&sort=date-asc,1,text/html; charset=UTF-8,True,"index, follow, max-image-preview:large, max-snippet:-1, max-video-preview:-1",https://i-seo.su/blog,Блог - INTLSEO Studio,"Актуальные статьи о SEO, GEO-продвижении в AI, кейсах клиентов и технической оптимизации сайтов от экспертов агентства INTLSEO Studio. Новости и разборы digital-маркетинга.",1,Блог,943,19,94,False,BLOG_ARCHIVE,False
https://i-seo.su/blog/?tags=yuzabiliti&sort=date-desc,inlink:https://i-seo.su/blog/?tags=yuzabiliti&sort=date-asc,200,https://i-seo.su/blog?tags=yuzabiliti&sort=date-desc,1,text/html; charset=UTF-8,True,"index, follow, max-image-preview:large, max-snippet:-1, max-video-preview:-1",https://i-seo.su/blog,Блог - INTLSEO Studio,"Актуальные статьи о SEO, GEO-продвижении в AI, кейсах клиентов и технической оптимизации сайтов от экспертов агентства INTLSEO Studio. Новости и разборы digital-маркетинга.",1,Блог,943,22,94,False,BLOG_ARCHIVE,False
https://i-seo.su/blog/?tags=yuzabiliti&sort=popular-asc,inlink:https://i-seo.su/blog/?tags=yuzabiliti&sort=popular-desc,200,https://i-seo.su/blog?tags=yuzabiliti&sort=popular-asc,1,text/html; charset=UTF-8,True,"index, follow, max-image-preview:large, max-snippet:-1, max-video-preview:-1",https://i-seo.su/blog,Блог - INTLSEO Studio,"Актуальные статьи о SEO, GEO-продвижении в AI, кейсах клиентов и технической оптимизации сайтов от экспертов агентства INTLSEO Studio. Новости и разборы digital-маркетинга.",1,Блог,943,18,94,False,BLOG_ARCHIVE,False
https://i-seo.su/blog/?tags=yuzabiliti&sort=popular-desc,inlink:https://i-seo.su/blog/?tags=yuzabiliti,200,https://i-seo.su/blog?tags=yuzabiliti&sort=popular-desc,1,text/html; charset=UTF-8,True,"index, follow, max-image-preview:large, max-snippet:-1, max-video-preview:-1",https://i-seo.su/blog,Блог - INTLSEO Studio,"Актуальные статьи о SEO, GEO-продвижении в AI, кейсах клиентов и технической оптимизации сайтов от экспертов агентства INTLSEO Studio. Новости и разборы digital-маркетинга.",1,Блог,943,23,94,False,BLOG_ARCHIVE,False
https://i-seo.su/blog/?tags=yuzabiliti&sort=rating-asc,inlink:https://i-seo.su/blog/?tags=yuzabiliti&sort=rating-desc,200,https://i-seo.su/blog?tags=yuzabiliti&sort=rating-asc,1,text/html; charset=UTF-8,True,"index, follow, max-image-preview:large, max-snippet:-1, max-video-preview:-1",https://i-seo.su/blog,Блог - INTLSEO Studio,"Актуальные статьи о SEO, GEO-продвижении в AI, кейсах клиентов и технической оптимизации сайтов от экспертов агентства INTLSEO Studio. Новости и разборы digital-маркетинга.",1,Блог,943,18,94,False,BLOG_ARCHIVE,False
https://i-seo.su/blog/?tags=yuzabiliti&sort=rating-desc,inlink:https://i-seo.su/blog/?tags=yuzabiliti,200,https://i-seo.su/blog?tags=yuzabiliti&sort=rating-desc,1,text/html; charset=UTF-8,True,"index, follow, max-image-preview:large, max-snippet:-1, max-video-preview:-1",https://i-seo.su/blog,Блог - INTLSEO Studio,"Актуальные статьи о SEO, GEO-продвижении в AI, кейсах клиентов и технической оптимизации сайтов от экспертов агентства INTLSEO Studio. Новости и разборы digital-маркетинга.",1,Блог,943,23,94,False,BLOG_ARCHIVE,False
https://i-seo.su/blog/ai-seo.html,sitemap:https://i-seo.su/wp-sitemap-posts-post-1.xml,200,https://i-seo.su/blog/ai-seo.html,0,text/html; charset=UTF-8,True,"index, follow, max-image-preview:large, max-snippet:-1, max-video-preview:-1",https://i-seo.su/blog/ai-seo.html,5 стратегий продвижения в ИИ-SEO — INTLSEO Studio,"В 2026 году нужно использовать стратегии, основанные на искусственном интеллекте, чтобы оставаться актуальными в этом новом мире поиска. Разберем 5 стратегий ИИ-SEO вместе с INTLSEO Studio",1,AI SEO,3065,58,71,True,BLOG_POST,False
https://i-seo.su/blog/alt-tegi-v-seo-zachem-oni-nuzhny-dlya-optimizaczii-izobrazhenij.html,sitemap:https://i-seo.su/wp-sitemap-posts-post-1.xml,200,https://i-seo.su/blog/alt-tegi-v-seo-zachem-oni-nuzhny-dlya-optimizaczii-izobrazhenij.html,0,text/html; charset=UTF-8,True,"index, follow, max-image-preview:large, max-snippet:-1, max-video-preview:-1",https://i-seo.su/blog/alt-tegi-v-seo-zachem-oni-nuzhny-dlya-optimizaczii-izobrazhenij.html,ALT теги в SEO: зачем они нужны в оптимизации изображений,"ALT теги — это важный элемент SEO-оптимизации, который играет ключевую роль в улучшении видимости сайта в поисковых системах, а также в доступности контента для людей с ограниченными возможностями",1,ALT теги в SEO: зачем они нужны для оптимизации изображений,1584,30,71,True,BLOG_POST,False
https://i-seo.su/blog/analiz-konkurentov-sajta-zachem-i-dlya-chego-nuzhen.html,sitemap:https://i-seo.su/wp-sitemap-posts-post-1.xml,200,https://i-seo.su/blog/analiz-konkurentov-sajta-zachem-i-dlya-chego-nuzhen.html,0,text/html; charset=UTF-8,True,"index, follow, max-image-preview:large, max-snippet:-1, max-video-preview:-1",https://i-seo.su/blog/analiz-konkurentov-sajta-zachem-i-dlya-chego-nuzhen.html,Анализ конкурентов сайта — зачем и для чего нужен,Анализ конкурентов сайта является важной составляющей успешного SEO-продвижения и маркетинговых стратегий. Он позволяет выявить сильные и слабые стороны конкурентов,1,Анализ конкурентов сайта — зачем и для чего нужен,1764,37,71,True,BLOG_POST,False
https://i-seo.su/blog/analiz-konkurentov-v-seo-chek-list.html,sitemap:https://i-seo.su/wp-sitemap-posts-post-1.xml,200,https://i-seo.su/blog/analiz-konkurentov-v-seo-chek-list.html,0,text/html; charset=UTF-8,True,"index, follow, max-image-preview:large, max-snippet:-1, max-video-preview:-1",https://i-seo.su/blog/analiz-konkurentov-v-seo-chek-list.html,"Анализ конкурентов в SEO: чек‑лист, инструменты и фреймворк, который реально работает","Пошаговый разбор конкурентного анализа в SEO: как найти и приоритизировать конкурентов, вытащить их семантику, разобрать контент и ссылки, учесть SERP‑фичи и собрать дорожную карту. Чек‑лист, таблицы, кейсы, инструменты",1,"Анализ конкурентов в SEO: чек‑лист, инструменты и фреймворк",3075,37,71,True,BLOG_POST,False
https://i-seo.su/blog/author/admin,sitemap:https://i-seo.su/wp-sitemap-users-1.xml,200,https://i-seo.su/,1,text/html; charset=UTF-8,True,"index, follow",,Продвижение сайтов в ТОП под ключ в Москве | Агентство INTLSEO,"Компания INTLSEO по продвижению сайтов в ТОП Яндекс и Google. Разрабатываем сайты с оптимизацией под SEO, продвигаем в топ, настраиваем контекстную рекламу.",1,"Продвигаем бизнес в интернете, выводим сайты в ИИ выдачу",1771,0,70,True,WP_PAGE,False
https://i-seo.su/blog/author/denis,sitemap:https://i-seo.su/wp-sitemap-users-1.xml,200,https://i-seo.su/,1,text/html; charset=UTF-8,True,"index, follow",,Продвижение сайтов в ТОП под ключ в Москве | Агентство INTLSEO,"Компания INTLSEO по продвижению сайтов в ТОП Яндекс и Google. Разрабатываем сайты с оптимизацией под SEO, продвигаем в топ, настраиваем контекстную рекламу.",1,"Продвигаем бизнес в интернете, выводим сайты в ИИ выдачу",1771,0,70,True,WP_PAGE,False
https://i-seo.su/blog/author/ilya,sitemap:https://i-seo.su/wp-sitemap-users-1.xml,200,https://i-seo.su/,1,text/html; charset=UTF-8,True,"index, follow",,Продвижение сайтов в ТОП под ключ в Москве | Агентство INTLSEO,"Компания INTLSEO по продвижению сайтов в ТОП Яндекс и Google. Разрабатываем сайты с оптимизацией под SEO, продвигаем в топ, настраиваем контекстную рекламу.",1,"Продвигаем бизнес в интернете, выводим сайты в ИИ выдачу",1771,0,70,True,WP_PAGE,False
https://i-seo.su/blog/author/manager3,sitemap:https://i-seo.su/wp-sitemap-users-1.xml,200,https://i-seo.su/,1,text/html; charset=UTF-8,True,"index, follow",,Продвижение сайтов в ТОП под ключ в Москве | Агентство INTLSEO,"Компания INTLSEO по продвижению сайтов в ТОП Яндекс и Google. Разрабатываем сайты с оптимизацией под SEO, продвигаем в топ, настраиваем контекстную рекламу.",1,"Продвигаем бизнес в интернете, выводим сайты в ИИ выдачу",1771,0,70,True,WP_PAGE,False
https://i-seo.su/blog/author/mars,sitemap:https://i-seo.su/wp-sitemap-users-1.xml,200,https://i-seo.su/,1,text/html; charset=UTF-8,True,"index, follow",,Продвижение сайтов в ТОП под ключ в Москве | Агентство INTLSEO,"Компания INTLSEO по продвижению сайтов в ТОП Яндекс и Google. Разрабатываем сайты с оптимизацией под SEO, продвигаем в топ, настраиваем контекстную рекламу.",1,"Продвигаем бизнес в интернете, выводим сайты в ИИ выдачу",1771,0,70,True,WP_PAGE,False
https://i-seo.su/blog/author/olya,sitemap:https://i-seo.su/wp-sitemap-users-1.xml,200,https://i-seo.su/,1,text/html; charset=UTF-8,True,"index, follow",,Продвижение сайтов в ТОП под ключ в Москве | Агентство INTLSEO,"Компания INTLSEO по продвижению сайтов в ТОП Яндекс и Google. Разрабатываем сайты с оптимизацией под SEO, продвигаем в топ, настраиваем контекстную рекламу.",1,"Продвигаем бизнес в интернете, выводим сайты в ИИ выдачу",1771,0,70,True,WP_PAGE,False
https://i-seo.su/blog/besplatnye-instrumenty-dlya-klasterizaczii-zaprosov-polnyj-obzor-2024.html,sitemap:https://i-seo.su/wp-sitemap-posts-post-1.xml,200,https://i-seo.su/blog/besplatnye-instrumenty-dlya-klasterizaczii-zaprosov-polnyj-obzor-2024.html,0,text/html; charset=UTF-8,True,"index, follow, max-image-preview:large, max-snippet:-1, max-video-preview:-1",https://i-seo.su/blog/besplatnye-instrumenty-dlya-klasterizaczii-zaprosov-polnyj-obzor-2024.html,Бесплатные инструменты для кластеризации запросов,"Кластеризация ключевых слов — важнейший этап работы с семантическим ядром, который можно выполнить без дорогостоящих программ. В этом руководстве мы собрали лучшие бесплатные инструменты",1,Бесплатные инструменты для кластеризации запросов: полный обзор 2024,1387,79,71,True,BLOG_POST,False
https://i-seo.su/blog/besplatnye-onlajn-servisy-proverki-bityh-ssylok-programmy-i-plaginy-wordpress.html,sitemap:https://i-seo.su/wp-sitemap-posts-post-1.xml,200,https://i-seo.su/blog/besplatnye-onlajn-servisy-proverki-bityh-ssylok-programmy-i-plaginy-wordpress.html,0,text/html; charset=UTF-8,True,"index, follow, max-image-preview:large, max-snippet:-1, max-video-preview:-1",https://i-seo.su/blog/besplatnye-onlajn-servisy-proverki-bityh-ssylok-programmy-i-plaginy-wordpress.html,Бесплатные онлайн сервисы проверки битых ссылок WordPress,Одной из важнейших задач при поддержке сайта в актуальном состоянии является контроль за работоспособностью всех ссылок. Битые ссылки могут привести к негативному восприятию сайта,1,"Бесплатные онлайн сервисы проверки битых ссылок, программы и плагины WordPress",1804,30,71,True,BLOG_POST,False
https://i-seo.su/blog/canonical-chto-eto-takoe.html,sitemap:https://i-seo.su/wp-sitemap-posts-post-1.xml,200,https://i-seo.su/blog/canonical-chto-eto-takoe.html,0,text/html; charset=UTF-8,True,"index, follow, max-image-preview:large, max-snippet:-1, max-video-preview:-1",https://i-seo.su/blog/canonical-chto-eto-takoe.html,Canonical: что это такое?,"Canonical — это HTML-тег, который используется для указания основной версии страницы, когда для одного и того же контента существует несколько URL",1,Canonical: что это такое? Где нужен этот атрибут,1409,30,71,True,BLOG_POST,False
https://i-seo.su/blog/category/context,sitemap:https://i-seo.su/wp-sitemap-taxonomies-category-1.xml,200,https://i-seo.su/blog/category/context,0,text/html; charset=UTF-8,True,"index, follow, max-image-preview:large, max-snippet:-1, max-video-preview:-1",https://i-seo.su/blog/category/context,Статьи по контекстной рекламе - INTLSEO Studio,"Статьи о контекстной рекламе, по настройке и оптимизация кампаний в Яндекс Директ и Google Ads, снижение цены клика, работа с аудиториями от INTLSEO Studio",1,Контекст,674,15,71,True,BLOG_ARCHIVE,False
https://i-seo.su/blog/category/development,sitemap:https://i-seo.su/wp-sitemap-taxonomies-category-1.xml,200,https://i-seo.su/blog/category/development,0,text/html; charset=UTF-8,True,"index, follow, max-image-preview:large, max-snippet:-1, max-video-preview:-1",https://i-seo.su/blog/category/development,Статьи по разработке сайтов - INTLSEO Studio,"Статьи о разработке сайтов, какую выбрать CMS, создание интернет-магазинов, техническая настройка и оптимизация под SEO. Практические кейсы от I INTLSEO Studio",1,Разработка,683,15,73,True,BLOG_ARCHIVE,False
https://i-seo.su/blog/category/geo,sitemap:https://i-seo.su/wp-sitemap-taxonomies-category-1.xml,200,https://i-seo.su/blog/category/geo,0,text/html; charset=UTF-8,True,"index, follow, max-image-preview:large, max-snippet:-1, max-video-preview:-1",https://i-seo.su/blog/category/geo,Статьи по GEO-SEO - INTLSEO Studio,"Статьи о GEO-оптимизации. Продвижение сайта и бренда в ChatGPT, Gemini, Perplexity и других AI-сервисах. Практические кейсы и разборы от INTLSEO Studio.",1,GEO-SEO,677,15,74,True,BLOG_ARCHIVE,False
https://i-seo.su/blog/category/news,sitemap:https://i-seo.su/wp-sitemap-taxonomies-category-1.xml,200,https://i-seo.su/blog/category/news,0,text/html; charset=UTF-8,True,"index, follow, max-image-preview:large, max-snippet:-1, max-video-preview:-1",https://i-seo.su/blog/category/news,Новости SEO и digital-маркетинга - INTLSEO Studio,"Новостные статьи INTLSEO Studio о SEO-продвижении, GEO-оптимизации под AI, кейсах клиентов и технических изменениях в поиске. Актуальные разборы digital-маркетинга.",1,Новости,4027,15,240,True,BLOG_ARCHIVE,False
https://i-seo.su/blog/category/seo,sitemap:https://i-seo.su/wp-sitemap-taxonomies-category-1.xml,200,https://i-seo.su/blog/category/seo,0,text/html; charset=UTF-8,True,"index, follow, max-image-preview:large, max-snippet:-1, max-video-preview:-1",https://i-seo.su/blog/category/seo,Статьи по СЕО - INTLSEO Studio,"Статьи для CEO и владельцев бизнеса: стратегии роста, digital-маркетинг, SEO и продвижение в AI-сервисах. Практические кейсы и разборы от INTLSEO Studio",1,СЕО,705,15,72,True,BLOG_ARCHIVE,False
https://i-seo.su/blog/chernyj-spisok-podryadchikov-frilanserov-sotrudnikov-ivanczov-roman-sergeevich.html,sitemap:https://i-seo.su/wp-sitemap-posts-post-1.xml,200,https://i-seo.su/blog/chernyj-spisok-podryadchikov-frilanserov-sotrudnikov-ivanczov-roman-sergeevich.html,0,text/html; charset=UTF-8,True,"index, follow, max-image-preview:large, max-snippet:-1, max-video-preview:-1",https://i-seo.su/blog/chernyj-spisok-podryadchikov-frilanserov-sotrudnikov-ivanczov-roman-sergeevich.html,Черный список фрилансеров - Иванцов Роман Сергеевич,"Взял предоплату за проект по верстке, откладывал сроки реализации, когда пришло врем сдавать проект, сказал, что ничего не сделал. Также была сделана предоплата в размере 17500 рублей, которую он так и не вернул.",1,Черный список подрядчиков; фрилансеров; сотрудников — Иванцов Роман Сергеевич,867,30,71,True,BLOG_POST,False
https://i-seo.su/blog/chto-mozhno-nastroit-v-paneli-upravleniya-tilda.html,sitemap:https://i-seo.su/wp-sitemap-posts-post-1.xml,200,https://i-seo.su/blog/chto-mozhno-nastroit-v-paneli-upravleniya-tilda.html,0,text/html; charset=UTF-8,True,"index, follow, max-image-preview:large, max-snippet:-1, max-video-preview:-1",https://i-seo.su/blog/chto-mozhno-nastroit-v-paneli-upravleniya-tilda.html,Что можно настроить в Tilda,"В панели управления Tilda собрано множество инструментов для настройки проектов, интеграции с внешними сервисами и оптимизации работы сайта.",1,Что можно настроить в панели управления Tilda,1249,36,71,True,BLOG_POST,False
https://i-seo.su/blog/chto-takoe-301-redirekt-i-kak-ego-nastroit.html,sitemap:https://i-seo.su/wp-sitemap-posts-post-1.xml,200,https://i-seo.su/blog/chto-takoe-301-redirekt-i-kak-ego-nastroit.html,0,text/html; charset=UTF-8,True,"index, follow, max-image-preview:large, max-snippet:-1, max-video-preview:-1",https://i-seo.su/blog/chto-takoe-301-redirekt-i-kak-ego-nastroit.html,Что такое 301 редирект и как его настроить - INTLSEO,"301 редирект (постоянный редирект) — это код ответа сервера, который сообщает поисковым системам и браузерам, что страница или ресурс был перемещен на новый адрес. Это одно из ключевых средств в SEO",1,Что такое 301 редирект и как его настроить,2017,30,71,True,BLOG_POST,False
https://i-seo.su/blog/chto-takoe-alt-atribut-i-kak-ego-pravilno-ispolzovat-dlya-seo.html,sitemap:https://i-seo.su/wp-sitemap-posts-post-1.xml,200,https://i-seo.su/blog/chto-takoe-alt-atribut-i-kak-ego-pravilno-ispolzovat-dlya-seo.html,0,text/html; charset=UTF-8,True,"index, follow, max-image-preview:large, max-snippet:-1, max-video-preview:-1",https://i-seo.su/blog/chto-takoe-alt-atribut-i-kak-ego-pravilno-ispolzovat-dlya-seo.html,Что такое alt атрибут и как правильно использовать для SEO,"Изображения на веб-странице играют важную роль в восприятии контента пользователем, и alt атрибут помогает сделать этот контент доступным для всех",1,Что такое alt атрибут и как его правильно использовать для SEO,1482,30,71,True,BLOG_POST,False
https://i-seo.su/blog/chto-takoe-bitye-ssylki-i-kak-oni-vliyayut-na-seo.html,sitemap:https://i-seo.su/wp-sitemap-posts-post-1.xml,200,https://i-seo.su/blog/chto-takoe-bitye-ssylki-i-kak-oni-vliyayut-na-seo.html,0,text/html; charset=UTF-8,True,"index, follow, max-image-preview:large, max-snippet:-1, max-video-preview:-1",https://i-seo.su/blog/chto-takoe-bitye-ssylki-i-kak-oni-vliyayut-na-seo.html,Что такое битые ссылки и как они влияют на SEO,"Битые ссылки – это ссылки, которые больше не работают и возвращают ошибку при попытке перейти по ним, часто это ошибка 404 ""Страница не найдена"". Такие ссылки могут появляться по разным причинам",1,Что такое битые ссылки и как они влияют на SEO,1442,30,71,True,BLOG_POST,False
https://i-seo.su/blog/chto-takoe-domen-sajta-i-kak-pravilno-ego-podobrat-rukovodstvo-posle-kotorogo-vy-ne-budete-somnevatsya.html,sitemap:https://i-seo.su/wp-sitemap-posts-post-1.xml,200,https://i-seo.su/blog/chto-takoe-domen-sajta-i-kak-pravilno-ego-podobrat-rukovodstvo-posle-kotorogo-vy-ne-budete-somnevatsya.html,0,text/html; charset=UTF-8,True,"index, follow, max-image-preview:large, max-snippet:-1, max-video-preview:-1",https://i-seo.su/blog/chto-takoe-domen-sajta-i-kak-pravilno-ego-podobrat-rukovodstvo-posle-kotorogo-vy-ne-budete-somnevatsya.html,Домен сайта: что это и как правильно выбрать в 2025 году,"Полное руководство для владельцев бизнеса и маркетологов: как устроены домены, какие зоны выбирать, что важно для SEO, как проверить историю и юридические риски, реальные кейсы, цены и чек-листы",1,"Что такое домен сайта и как правильно его подобрать: руководство, после которого вы не будете сомневаться",3121,18,95,True,BLOG_POST,False
https://i-seo.su/blog/chto-takoe-domennoe-imya-i-kak-ego-pravilno-ispolzovat.html,sitemap:https://i-seo.su/wp-sitemap-posts-post-1.xml,200,https://i-seo.su/blog/chto-takoe-domennoe-imya-i-kak-ego-pravilno-ispolzovat.html,0,text/html; charset=UTF-8,True,"index, follow, max-image-preview:large, max-snippet:-1, max-video-preview:-1",https://i-seo.su/blog/chto-takoe-domennoe-imya-i-kak-ego-pravilno-ispolzovat.html,Что такое доменное имя и как его правильно использовать?,"Создание сайта всегда начинается с выбора доменного имени, которое станет уникальным адресом в интернете. Понимание того, что представляет собой домен, и как его правильно выбрать",1,"Что такое доменное имя, как выбрать и как его правильно использовать?",1754,37,71,True,BLOG_POST,False
https://i-seo.su/blog/chto-takoe-favikon-i-zachem-on-nuzhen.html,sitemap:https://i-seo.su/wp-sitemap-posts-post-1.xml,200,https://i-seo.su/blog/chto-takoe-favikon-i-zachem-on-nuzhen.html,0,text/html; charset=UTF-8,True,"index, follow, max-image-preview:large, max-snippet:-1, max-video-preview:-1",https://i-seo.su/blog/chto-takoe-favikon-i-zachem-on-nuzhen.html,Что такое фавикон и зачем он нужен? Делать фавикон или нет?,"Фавикон (или фавиконка) — это небольшой значок, который отображается на вкладке браузера рядом с названием сайта, а также в закладках и некоторых других местах интерфейса браузера",1,Что такое фавикон и зачем он нужен?,1540,37,71,True,BLOG_POST,False
https://i-seo.su/blog/chto-takoe-https-i-zachem-on-nuzhen-sajtu.html,sitemap:https://i-seo.su/wp-sitemap-posts-post-1.xml,200,https://i-seo.su/blog/chto-takoe-https-i-zachem-on-nuzhen-sajtu.html,0,text/html; charset=UTF-8,True,"index, follow, max-image-preview:large, max-snippet:-1, max-video-preview:-1",https://i-seo.su/blog/chto-takoe-https-i-zachem-on-nuzhen-sajtu.html,Что такое HTTPS и зачем он нужен сайту - INTLSEO,"Вопрос безопасности веб-сайтов в последние годы стал одной из приоритетных тем для вебмастеров. HTTPS-протокол, обеспечивающий шифрование данных между пользователями и сервером",1,Что такое HTTPS и зачем он нужен сайту,1499,30,71,True,BLOG_POST,False
https://i-seo.su/blog/chto-takoe-imidzh-kompanii-i-kak-ego-formirovat.html,sitemap:https://i-seo.su/wp-sitemap-posts-post-1.xml,200,https://i-seo.su/blog/chto-takoe-imidzh-kompanii-i-kak-ego-formirovat.html,0,text/html; charset=UTF-8,True,"index, follow, max-image-preview:large, max-snippet:-1, max-video-preview:-1",https://i-seo.su/blog/chto-takoe-imidzh-kompanii-i-kak-ego-formirovat.html,Что такое имидж компании и как его формировать,"Имидж компании — это совокупность представлений и мнений, которые складываются у клиентов, партнеров и общества в целом о деятельности организации. Он отражает ключевые ценности и стиль компании",1,Что такое имидж компании и как формировать бренд,1657,30,71,True,BLOG_POST,False
https://i-seo.su/blog/chto-takoe-klasterizacziya-v-rabote-s-semanticheskim-yadrom.html,sitemap:https://i-seo.su/wp-sitemap-posts-post-1.xml,200,https://i-seo.su/blog/chto-takoe-klasterizacziya-v-rabote-s-semanticheskim-yadrom.html,0,text/html; charset=UTF-8,True,"index, follow, max-image-preview:large, max-snippet:-1, max-video-preview:-1",https://i-seo.su/blog/chto-takoe-klasterizacziya-v-rabote-s-semanticheskim-yadrom.html,Что такое кластеризация в работе с семантическим ядром? - INTLSEO,Кластеризация семантического ядра — это процесс группировки поисковых запросов на основе их схожести. Правильная кластеризация помогает улучшить структуру сайта и повысить эффективность SEO-продвижения,1,Что такое кластеризация в работе с семантическим ядром?,1628,30,71,True,BLOG_POST,False
https://i-seo.su/blog/chto-takoe-klyuchevye-slova-kak-pravilno-vybrat-i-ispolzovat.html,sitemap:https://i-seo.su/wp-sitemap-posts-post-1.xml,200,https://i-seo.su/blog/chto-takoe-klyuchevye-slova-kak-pravilno-vybrat-i-ispolzovat.html,0,text/html; charset=UTF-8,True,"index, follow, max-image-preview:large, max-snippet:-1, max-video-preview:-1",https://i-seo.su/blog/chto-takoe-klyuchevye-slova-kak-pravilno-vybrat-i-ispolzovat.html,Что такое ключевые слова: как правильно выбрать,"Ключевые слова — это основные термины, которые отражают содержание сайта или отдельной страницы и используются пользователями в поисковых системах для нахождения нужной информации",1,Что такое ключевые слова: как правильно выбрать и использовать,1807,30,71,True,BLOG_POST,False
https://i-seo.su/blog/chto-takoe-lsi-i-kak-gramotno-ispolzovat-v-prodvizhenii-sajta.html,sitemap:https://i-seo.su/wp-sitemap-posts-post-1.xml,200,https://i-seo.su/blog/chto-takoe-lsi-i-kak-gramotno-ispolzovat-v-prodvizhenii-sajta.html,0,text/html; charset=UTF-8,True,"index, follow, max-image-preview:large, max-snippet:-1, max-video-preview:-1",https://i-seo.su/blog/chto-takoe-lsi-i-kak-gramotno-ispolzovat-v-prodvizhenii-sajta.html,Что такое LSI и как грамотно использовать в продвижении,"Latent Semantic Indexing (LSI) — метод, используемый для анализа взаимосвязей между словами и понятием в тексте. Этот инструмент помогает поисковым системам лучше понимать содержание сайта",1,Что такое LSI и как грамотно использовать в продвижении сайта,1566,30,71,True,BLOG_POST,False
https://i-seo.su/blog/chto-takoe-metategi-dlya-sajta.html,sitemap:https://i-seo.su/wp-sitemap-posts-post-1.xml,200,https://i-seo.su/blog/chto-takoe-metategi-dlya-sajta.html,0,text/html; charset=UTF-8,True,"index, follow, max-image-preview:large, max-snippet:-1, max-video-preview:-1",https://i-seo.su/blog/chto-takoe-metategi-dlya-sajta.html,"Что такое метатеги для сайта, как их заполнять?","Метатеги — это специальные HTML-теги, содержащие дополнительную информацию о содержимом страницы, которая не отображается напрямую пользователям, но помогает поисковым системам понять её содержимое",1,Что такое метатеги для сайта?,1569,30,71,True,BLOG_POST,False
https://i-seo.su/blog/chto-takoe-mikrorazmetka-i-kak-ona-pomogaet-seo-prodvizheniyu.html,sitemap:https://i-seo.su/wp-sitemap-posts-post-1.xml,200,https://i-seo.su/blog/chto-takoe-mikrorazmetka-i-kak-ona-pomogaet-seo-prodvizheniyu.html,0,text/html; charset=UTF-8,True,"index, follow, max-image-preview:large, max-snippet:-1, max-video-preview:-1",https://i-seo.su/blog/chto-takoe-mikrorazmetka-i-kak-ona-pomogaet-seo-prodvizheniyu.html,Что такое микроразметка и как она помогает SEO продвижению,"Микроразметка – это инструмент для структурирования данных на сайте, позволяющий поисковым системам легче интерпретировать и отображать информацию.",1,Что такое микроразметка и как она помогает SEO оптимизации,1693,30,71,True,BLOG_POST,False
https://i-seo.su/blog/chto-takoe-parsing-dannyh-i-zachem-nuzhen-luchshie-servisy.html,sitemap:https://i-seo.su/wp-sitemap-posts-post-1.xml,200,https://i-seo.su/blog/chto-takoe-parsing-dannyh-i-zachem-nuzhen-luchshie-servisy.html,0,text/html; charset=UTF-8,True,"index, follow, max-image-preview:large, max-snippet:-1, max-video-preview:-1",https://i-seo.su/blog/chto-takoe-parsing-dannyh-i-zachem-nuzhen-luchshie-servisy.html,Что такое парсинг данных и зачем нужен: лучшие сервисы,"Сегодня, когда объём информации в интернете стремительно растет, важной задачей становится эффективное её использование. Компании и специалисты в разных областях",1,Что такое парсинг данных и зачем нужен: лучшие сервисы для анализа,1712,37,71,True,BLOG_POST,False
https://i-seo.su/blog/chto-takoe-perelinkovka-i-zachem-ona-nuzhna.html,sitemap:https://i-seo.su/wp-sitemap-posts-post-1.xml,200,https://i-seo.su/blog/chto-takoe-perelinkovka-i-zachem-ona-nuzhna.html,0,text/html; charset=UTF-8,True,"index, follow, max-image-preview:large, max-snippet:-1, max-video-preview:-1",https://i-seo.su/blog/chto-takoe-perelinkovka-i-zachem-ona-nuzhna.html,Что такое перелинковка и зачем она нужна - внутренняя и внешняя,"Перелинковка — это важный аспект SEO-оптимизации сайта, который позволяет улучшить его видимость в поисковых системах, повысить юзабилити и увеличить время пребывания пользователей на сайте",1,Что такое перелинковка и зачем она нужна,1494,30,71,True,BLOG_POST,False
https://i-seo.su/blog/chto-takoe-povedencheskie-faktory-i-kak-ih-optimizirovat.html,sitemap:https://i-seo.su/wp-sitemap-posts-post-1.xml,200,https://i-seo.su/blog/chto-takoe-povedencheskie-faktory-i-kak-ih-optimizirovat.html,0,text/html; charset=UTF-8,True,"index, follow, max-image-preview:large, max-snippet:-1, max-video-preview:-1",https://i-seo.su/blog/chto-takoe-povedencheskie-faktory-i-kak-ih-optimizirovat.html,Что такое поведенческие факторы и как их оптимизировать для поисковиков,"В последние годы поисковые системы, такие как Яндекс и Google, стали активно учитывать поведенческие факторы при ранжировании сайтов. Эти показатели отражают поведение пользователей на сайте и влияют на позиции в поисковой выдаче",1,Что такое поведенческие факторы и как их оптимизировать,1775,30,71,True,BLOG_POST,False
https://i-seo.su/blog/chto-takoe-protokol-https-i-kak-on-rabotaet.html,sitemap:https://i-seo.su/wp-sitemap-posts-post-1.xml,200,https://i-seo.su/blog/chto-takoe-protokol-https-i-kak-on-rabotaet.html,0,text/html; charset=UTF-8,True,"index, follow, max-image-preview:large, max-snippet:-1, max-video-preview:-1",https://i-seo.su/blog/chto-takoe-protokol-https-i-kak-on-rabotaet.html,Что такое протокол HTTPS и как он работает - INTLSEO,"Веб-сайтам, которые работают с конфиденциальной информацией пользователей, необходимо обеспечивать высокий уровень безопасности. Одним из важных инструментов для этого является протокол HTTPS",1,Что такое протокол HTTPS и как он работает,1861,30,71,True,BLOG_POST,False
https://i-seo.su/blog/chto-takoe-rel-canonical-i-dlya-chego-on-nuzhen.html,sitemap:https://i-seo.su/wp-sitemap-posts-post-1.xml,200,https://i-seo.su/blog/chto-takoe-rel-canonical-i-dlya-chego-on-nuzhen.html,0,text/html; charset=UTF-8,True,"index, follow, max-image-preview:large, max-snippet:-1, max-video-preview:-1",https://i-seo.su/blog/chto-takoe-rel-canonical-i-dlya-chego-on-nuzhen.html,Что такое rel canonical и для чего он нужен,"Rel canonical это тег для управления дублями страниц на сайте. Разбираем, зачем он нужен, чем отличается от 301 редиректа и как правильно настроить 6 способами",1,Что такое rel canonical и когда он нужен,1702,79,71,True,BLOG_POST,False
https://i-seo.su/blog/chto-takoe-relevantnost-i-kak-ona-vliyaet-na-seo.html,sitemap:https://i-seo.su/wp-sitemap-posts-post-1.xml,200,https://i-seo.su/blog/chto-takoe-relevantnost-i-kak-ona-vliyaet-na-seo.html,0,text/html; charset=UTF-8,True,"index, follow, max-image-preview:large, max-snippet:-1, max-video-preview:-1",https://i-seo.su/blog/chto-takoe-relevantnost-i-kak-ona-vliyaet-na-seo.html,Что такое релевантность и как она влияет на SEO,"В мире поисковой оптимизации релевантность — это ключевой показатель успеха, поскольку именно он определяет, насколько сайт соответствует запросам пользователей.",1,Что такое релевантность и ее влияние на SEO,1442,38,71,True,BLOG_POST,False
https://i-seo.su/blog/chto-takoe-semanticheskoe-yadro-sajta-polnyj-razbor.html,sitemap:https://i-seo.su/wp-sitemap-posts-post-1.xml,200,https://i-seo.su/blog/chto-takoe-semanticheskoe-yadro-sajta-polnyj-razbor.html,0,text/html; charset=UTF-8,True,"index, follow, max-image-preview:large, max-snippet:-1, max-video-preview:-1",https://i-seo.su/blog/chto-takoe-semanticheskoe-yadro-sajta-polnyj-razbor.html,Что такое семантическое ядро сайта: полный разбор работы,"Семантическое ядро — это основа SEO-продвижения любого сайта. Без него невозможно добиться высоких позиций в поисковой выдаче Яндекса и Google. В этой статье разберём, что такое семантическое ядро сайта",1,Что такое семантическое ядро сайта: полный разбор,1253,30,71,True,BLOG_POST,False
https://i-seo.su/blog/chto-takoe-semantika-v-seo-prodvizhenii.html,sitemap:https://i-seo.su/wp-sitemap-posts-post-1.xml,200,https://i-seo.su/blog/chto-takoe-semantika-v-seo-prodvizhenii.html,0,text/html; charset=UTF-8,True,"index, follow, max-image-preview:large, max-snippet:-1, max-video-preview:-1",https://i-seo.su/blog/chto-takoe-semantika-v-seo-prodvizhenii.html,Что такое семантика в SEO-продвижении? Как работать с семантикой,"Семантика в SEO-продвижении — это основа, которая позволяет правильно структурировать контент на сайте и эффективно продвигать его в поисковых системах. Процесс работы с семантикой включает в себя сбор",1,Что такое семантика в SEO-продвижении?,1583,79,71,True,BLOG_POST,False
https://i-seo.su/blog/chto-takoe-sitemap-i-kak-ego-nastroit.html,sitemap:https://i-seo.su/wp-sitemap-posts-post-1.xml,200,https://i-seo.su/blog/chto-takoe-sitemap-i-kak-ego-nastroit.html,0,text/html; charset=UTF-8,True,"index, follow, max-image-preview:large, max-snippet:-1, max-video-preview:-1",https://i-seo.su/blog/chto-takoe-sitemap-i-kak-ego-nastroit.html,Что такое Sitemap и как его настроить,"Sitemap (или карта сайта) — это файл, который упрощает поиск и индексацию страниц сайта для поисковых систем. Создание и поддержка актуального Sitemap помогают улучшить видимость сайта",1,Что такое Sitemap и как его настроить,1660,30,71,True,BLOG_POST,False
https://i-seo.su/blog/chto-takoe-tilda.html,sitemap:https://i-seo.su/wp-sitemap-posts-post-1.xml,200,https://i-seo.su/blog/chto-takoe-tilda.html,0,text/html; charset=UTF-8,True,"index, follow, max-image-preview:large, max-snippet:-1, max-video-preview:-1",https://i-seo.su/blog/chto-takoe-tilda.html,Что такое Tilda,"Tilda — это универсальная платформа для создания сайтов, которая сочетает в себе простоту использования и широкие возможности для веб-дизайна.",1,Что такое Tilda — как пользоваться,1173,36,71,True,BLOG_POST,False
https://i-seo.su/blog/chto-takoe-title-sajta.html,sitemap:https://i-seo.su/wp-sitemap-posts-post-1.xml,200,https://i-seo.su/blog/chto-takoe-title-sajta.html,0,text/html; charset=UTF-8,True,"index, follow, max-image-preview:large, max-snippet:-1, max-video-preview:-1",https://i-seo.su/blog/chto-takoe-title-sajta.html,Что такое title сайта,"Title сайта — это один из ключевых элементов SEO, который определяет название веб-страницы и отображается в заголовке браузера. Он играет важную роль",1,Что такое title сайта и как его заполнять,1407,30,71,True,BLOG_POST,False
https://i-seo.su/blog/chto-takoe-yandeks-vebmaster-i-dlya-chego-on-nuzhen.html,sitemap:https://i-seo.su/wp-sitemap-posts-post-1.xml,200,https://i-seo.su/blog/chto-takoe-yandeks-vebmaster-i-dlya-chego-on-nuzhen.html,0,text/html; charset=UTF-8,True,"index, follow, max-image-preview:large, max-snippet:-1, max-video-preview:-1",https://i-seo.su/blog/chto-takoe-yandeks-vebmaster-i-dlya-chego-on-nuzhen.html,Что такое Яндекс.Вебмастер и для чего он нужен,"Яндекс.Вебмастер — это бесплатный онлайн-инструмент, разработанный компанией Яндекс для веб-мастеров и SEO-специалистов, позволяющий управлять видимостью сайта в поисковой системе Яндекс.",1,"Что такое Яндекс.Вебмастер, для чего нужен и как пользоваться",1861,37,71,True,BLOG_POST,False
https://i-seo.su/blog/dlya-chego-nuzhen-tehnicheskij-audit-sajta-i-kak-ego-sdelat.html,sitemap:https://i-seo.su/wp-sitemap-posts-post-1.xml,200,https://i-seo.su/blog/dlya-chego-nuzhen-tehnicheskij-audit-sajta-i-kak-ego-sdelat.html,0,text/html; charset=UTF-8,True,"index, follow, max-image-preview:large, max-snippet:-1, max-video-preview:-1",https://i-seo.su/blog/dlya-chego-nuzhen-tehnicheskij-audit-sajta-i-kak-ego-sdelat.html,Для чего нужен технический аудит сайта и как его сделать,В современном цифровом мире наличие качественного и функционального сайта является залогом успешного бизнеса. Однако даже самый красивый и удобный ресурс,1,Для чего нужен технический аудит сайта и как его провести,2012,37,71,True,BLOG_POST,False
https://i-seo.su/blog/faktory-ranzhirovaniya-v-ai-poiske-kak-popast-v-otvety-nejrosetej.html,sitemap:https://i-seo.su/wp-sitemap-posts-post-1.xml,200,https://i-seo.su/blog/faktory-ranzhirovaniya-v-ai-poiske-kak-popast-v-otvety-nejrosetej.html,0,text/html; charset=UTF-8,True,"index, follow, max-image-preview:large, max-snippet:-1, max-video-preview:-1",https://i-seo.su/blog/faktory-ranzhirovaniya-v-ai-poiske-kak-popast-v-otvety-nejrosetej.html,Факторы ранжирования в AI поиске: как попасть в ответы нейросетей?,"Факторы ранжирования в AI-поиске: релевантность контента запросу, доверие к источнику, структурированность контента, уникальный опыт автора, полнота темы, техническая исправность, авторитетность, поведенческие факторы.",1,Факторы ранжирования в AI поиске: как попасть в ответы нейросетей?,2950,58,71,True,BLOG_POST,False
https://i-seo.su/blog/geo-generative-engine-optimization-prodvizhenie-v-ii-chto-eto-kak-prodvigat-sajt-v-nerosetyah-komu-podojdet-i-kak-otslezhivat-effektivnost.html,sitemap:https://i-seo.su/wp-sitemap-posts-post-1.xml,200,https://i-seo.su/blog/geo-generative-engine-optimization-prodvizhenie-v-ii-chto-eto-kak-prodvigat-sajt-v-nerosetyah-komu-podojdet-i-kak-otslezhivat-effektivnost.html,0,text/html; charset=UTF-8,True,"index, follow, max-image-preview:large, max-snippet:-1, max-video-preview:-1",https://i-seo.su/blog/geo-generative-engine-optimization-prodvizhenie-v-ii-chto-eto-kak-prodvigat-sajt-v-nerosetyah-komu-podojdet-i-kak-otslezhivat-effektivnost.html,GEO продвижение в ИИ: что это и как продвигать сайт в неросетях,"Продвижение в ИИ (искусственном интелекте), также называют GEO, АЕО, AISEO — это оптимизация сайта под генеративные ответы ИИ (нейроответы в поисковиках и чат ассистентах), чтобы ваш бренд и страницы попадали в источники/цитаты, а пользователи выбирали вас даже тогда, когда не переходят на сайт.",1,"GEO (Generative Engine Optimization) – продвижение в ИИ: что это, как продвигать сайт в неросетях, кому подойдет и как отслеживать эффективность",3955,16,74,True,BLOG_POST,False
https://i-seo.su/blog/geo-kak-popast-v-otvety-ai.html,sitemap:https://i-seo.su/wp-sitemap-posts-post-1.xml,200,https://i-seo.su/blog/geo-kak-popast-v-otvety-ai.html,0,text/html; charset=UTF-8,True,"index, follow, max-image-preview:large, max-snippet:-1, max-video-preview:-1",https://i-seo.su/blog/geo-kak-popast-v-otvety-ai.html,GEO – как попасть в ответы AI | INTLSEO,"В этой статье мы разберем – 8 важных практических изменений, которые вы должны внедрить в свою SEO стратегию с учетом новых реалий и интегрирования Вашего бренда в ответы и сервисы AI.",1,GEO – как попасть в ответы AI,2037,60,71,True,BLOG_POST,False
https://i-seo.su/blog/google-karty-i-google-moj-biznes-kak-dobavit-svoyu-organizacziyu.html,sitemap:https://i-seo.su/wp-sitemap-posts-post-1.xml,200,https://i-seo.su/blog/google-karty-i-google-moj-biznes-kak-dobavit-svoyu-organizacziyu.html,0,text/html; charset=UTF-8,True,"index, follow, max-image-preview:large, max-snippet:-1, max-video-preview:-1",https://i-seo.su/blog/google-karty-i-google-moj-biznes-kak-dobavit-svoyu-organizacziyu.html,Google Карты и Google Мой Бизнес: Как добавить организацию,"Google Карты и Google Мой Бизнес — это инструменты, которые позволяют компаниям укрепить свою позицию в интернете, привлечь внимание клиентов и повысить доверие",1,Google Карты и Google Мой Бизнес: Как добавить свою организацию,1565,30,71,True,BLOG_POST,False
https://i-seo.su/blog/google-search-console-kak-dobavit-na-sajt-i-effektivno-ispolzovat.html,sitemap:https://i-seo.su/wp-sitemap-posts-post-1.xml,200,https://i-seo.su/blog/google-search-console-kak-dobavit-na-sajt-i-effektivno-ispolzovat.html,0,text/html; charset=UTF-8,True,"index, follow, max-image-preview:large, max-snippet:-1, max-video-preview:-1",https://i-seo.su/blog/google-search-console-kak-dobavit-na-sajt-i-effektivno-ispolzovat.html,Google Search Console: как добавить на сайт и использовать,"Google Search Console (GSC) — это мощный инструмент, который позволяет вебмастерам анализировать и оптимизировать свои сайты. С помощью этого сервиса можно отслеживать",1,Google Search Console: как добавить на сайт и эффективно использовать,1737,30,71,True,BLOG_POST,False
https://i-seo.su/blog/hard-i-soft-rezhimy-klasterizaczii-zaprosov-polnyj-obzor-metodov.html,sitemap:https://i-seo.su/wp-sitemap-posts-post-1.xml,200,https://i-seo.su/blog/hard-i-soft-rezhimy-klasterizaczii-zaprosov-polnyj-obzor-metodov.html,0,text/html; charset=UTF-8,True,"index, follow, max-image-preview:large, max-snippet:-1, max-video-preview:-1",https://i-seo.su/blog/hard-i-soft-rezhimy-klasterizaczii-zaprosov-polnyj-obzor-metodov.html,Хард и Софт режимы кластеризации запросов,"Кластеризация запросов — ключевой этап работы с семантическим ядром, от которого зависит эффективность SEO-продвижения. В профессиональной среде выделяют два основных подхода: хард (hard) и софт (soft) кластеризацию",1,Хард и Софт режимы кластеризации запросов: полный обзор методов,1295,56,71,True,BLOG_POST,False
https://i-seo.su/blog/instrumenty-dlya-semanticheskogo-analiza-sajta.html,sitemap:https://i-seo.su/wp-sitemap-posts-post-1.xml,200,https://i-seo.su/blog/instrumenty-dlya-semanticheskogo-analiza-sajta.html,0,text/html; charset=UTF-8,True,"index, follow, max-image-preview:large, max-snippet:-1, max-video-preview:-1",https://i-seo.su/blog/instrumenty-dlya-semanticheskogo-analiza-sajta.html,Инструменты для семантического анализа сайта,"Понимание того, как правильно проводить анализ семантического ядра сайта, является основой для успешной SEO-оптимизации. Без использования качественных инструментов для сбора и проверки семантического ядра",1,Инструменты для семантического анализа сайта: инструменты сеошника,1588,30,71,True,BLOG_POST,False
https://i-seo.su/blog/integracziya-tilda-s-crm-sistemami-avtomatizacziya-prodazh.html,sitemap:https://i-seo.su/wp-sitemap-posts-post-1.xml,200,https://i-seo.su/blog/integracziya-tilda-s-crm-sistemami-avtomatizacziya-prodazh.html,0,text/html; charset=UTF-8,True,"index, follow, max-image-preview:large, max-snippet:-1, max-video-preview:-1",https://i-seo.su/blog/integracziya-tilda-s-crm-sistemami-avtomatizacziya-prodazh.html,Интеграция Tilda с CRM-системами,"Автоматизация бизнес-процессов, в том числе управления продажами, становится ключевым аспектом для многих компаний, стремящихся повысить свою эффективность.",1,Интеграция Tilda с CRM-системами: Автоматизация продаж,1671,36,71,True,BLOG_POST,False
https://i-seo.su/blog/ispolzovanie-parserov-v-seo.html,sitemap:https://i-seo.su/wp-sitemap-posts-post-1.xml,200,https://i-seo.su/blog/ispolzovanie-parserov-v-seo.html,0,text/html; charset=UTF-8,True,"index, follow, max-image-preview:large, max-snippet:-1, max-video-preview:-1",https://i-seo.su/blog/ispolzovanie-parserov-v-seo.html,Использование парсеров в SEO,"Парсеры информации играют важную роль в процессе SEO-оптимизации, позволяя собирать, анализировать и обрабатывать данные с различных сайтов.",1,Использование парсеров в SEO: когда и какой выбрать,1749,45,71,True,BLOG_POST,False
https://i-seo.su/blog/ispolzovanie-triggernyh-blokov-dlya-povysheniya-konversii-na-sajte-tilda.html,sitemap:https://i-seo.su/wp-sitemap-posts-post-1.xml,200,https://i-seo.su/blog/ispolzovanie-triggernyh-blokov-dlya-povysheniya-konversii-na-sajte-tilda.html,0,text/html; charset=UTF-8,True,"index, follow, max-image-preview:large, max-snippet:-1, max-video-preview:-1",https://i-seo.su/blog/ispolzovanie-triggernyh-blokov-dlya-povysheniya-konversii-na-sajte-tilda.html,Триггерные блоки на Tilda,"В контексте сайта на платформе Tilda триггерные блоки могут быть реализованы в виде различных всплывающих окон, баннеров, уведомлений и других элементов",1,Использование триггерных блоков для повышения конверсии на сайте Tilda,1761,36,71,True,BLOG_POST,False
https://i-seo.su/blog/kak-dobavit-organizacziyu-na-yandeks-karty.html,sitemap:https://i-seo.su/wp-sitemap-posts-post-1.xml,200,https://i-seo.su/blog/kak-dobavit-organizacziyu-na-yandeks-karty.html,0,text/html; charset=UTF-8,True,"index, follow, max-image-preview:large, max-snippet:-1, max-video-preview:-1",https://i-seo.su/blog/kak-dobavit-organizacziyu-na-yandeks-karty.html,Как добавить организацию на Яндекс.Карты,"Яндекс.Карты — один из наиболее популярных картографических сервисов в России, который ежедневно используют миллионы пользователей для поиска компаний, магазинов",1,Как добавить организацию на Яндекс.Картах,1492,37,71,True,BLOG_POST,False
https://i-seo.su/blog/kak-ispolzovat-konstruktory-stranicz-page-builders-na-wordpress-elementor-wpbakery-i-drugie.html,sitemap:https://i-seo.su/wp-sitemap-posts-post-1.xml,200,https://i-seo.su/blog/kak-ispolzovat-konstruktory-stranicz-page-builders-na-wordpress-elementor-wpbakery-i-drugie.html,0,text/html; charset=UTF-8,True,"index, follow, max-image-preview:large, max-snippet:-1, max-video-preview:-1",https://i-seo.su/blog/kak-ispolzovat-konstruktory-stranicz-page-builders-na-wordpress-elementor-wpbakery-i-drugie.html,Как использовать конструкторы страниц WordPress Elementor,"Конструкторы страниц (page builders) на WordPress — это мощные инструменты, которые помогают создавать уникальные и функциональные сайты без необходимости углубляться в программирование.",1,"Как использовать конструкторы страниц (page builders) на WordPress: Elementor, WPBakery и другие",1300,37,71,True,BLOG_POST,False
https://i-seo.su/blog/kak-ispolzovat-zero-block-na-tilda-dlya-sozdaniya-nestandartnyh-maketov.html,sitemap:https://i-seo.su/wp-sitemap-posts-post-1.xml,200,https://i-seo.su/blog/kak-ispolzovat-zero-block-na-tilda-dlya-sozdaniya-nestandartnyh-maketov.html,0,text/html; charset=UTF-8,True,"index, follow, max-image-preview:large, max-snippet:-1, max-video-preview:-1",https://i-seo.su/blog/kak-ispolzovat-zero-block-na-tilda-dlya-sozdaniya-nestandartnyh-maketov.html,Как использовать Zero Block на Tilda,"Одной из ключевых возможностей Tilda является инструмент Zero Block, который позволяет создавать уникальные и нестандартные макеты для страниц, выходящие за рамки шаблонных решений.",1,Как использовать Zero Block на Tilda для создания нестандартных макетов,1752,43,71,True,BLOG_POST,False
https://i-seo.su/blog/kak-nastroit-region-sajta-v-yandekse.html,sitemap:https://i-seo.su/wp-sitemap-posts-post-1.xml,200,https://i-seo.su/blog/kak-nastroit-region-sajta-v-yandekse.html,0,text/html; charset=UTF-8,True,"index, follow, max-image-preview:large, max-snippet:-1, max-video-preview:-1",https://i-seo.su/blog/kak-nastroit-region-sajta-v-yandekse.html,Как настроить регион сайта в Яндексе,"Региональность сайта — важный аспект поисковой оптимизации, который позволяет более точно таргетировать аудиторию и повысить видимость страницы в локальных результатах поисковой выдачи",1,Как настроить регион сайта в Яндексе и на что он влияет,1543,77,71,True,BLOG_POST,False
https://i-seo.su/blog/kak-opredelit-i-analizirovat-konkurentov-luchshie-onlajn-servisy.html,sitemap:https://i-seo.su/wp-sitemap-posts-post-1.xml,200,https://i-seo.su/blog/kak-opredelit-i-analizirovat-konkurentov-luchshie-onlajn-servisy.html,0,text/html; charset=UTF-8,True,"index, follow, max-image-preview:large, max-snippet:-1, max-video-preview:-1",https://i-seo.su/blog/kak-opredelit-i-analizirovat-konkurentov-luchshie-onlajn-servisy.html,Как определить и анализировать конкурентов: лучшие сервисы,"В условиях постоянного изменения рыночной ситуации и растущей конкуренции важно понимать, как анализировать конкурентов. Используя специальные онлайн-сервисы",1,Как определить и анализировать конкурентов: лучшие онлайн-сервисы,1658,37,71,True,BLOG_POST,False
https://i-seo.su/blog/kak-podklyuchit-i-nastroit-analitiku-na-sajte-sozdannom-na-tilda.html,sitemap:https://i-seo.su/wp-sitemap-posts-post-1.xml,200,https://i-seo.su/blog/kak-podklyuchit-i-nastroit-analitiku-na-sajte-sozdannom-na-tilda.html,0,text/html; charset=UTF-8,True,"index, follow, max-image-preview:large, max-snippet:-1, max-video-preview:-1",https://i-seo.su/blog/kak-podklyuchit-i-nastroit-analitiku-na-sajte-sozdannom-na-tilda.html,"Настройка аналитики на сайте, созданном на Tilda","Для эффективного управления сайтом важно не только создать его, но и настроить систему аналитики, которая поможет вам отслеживать все ключевые показатели.",1,"Как подключить и настроить аналитику на сайте, созданном на Tilda",1678,90,71,True,BLOG_POST,False
https://i-seo.su/blog/kak-polzovatsya-klasterizatorom-kulakova-podrobnaya-instrukcziya.html,sitemap:https://i-seo.su/wp-sitemap-posts-post-1.xml,200,https://i-seo.su/blog/kak-polzovatsya-klasterizatorom-kulakova-podrobnaya-instrukcziya.html,0,text/html; charset=UTF-8,True,"index, follow, max-image-preview:large, max-snippet:-1, max-video-preview:-1",https://i-seo.su/blog/kak-polzovatsya-klasterizatorom-kulakova-podrobnaya-instrukcziya.html,Как пользоваться кластеризатором Кулакова - инструкция,Кластеризатор Кулакова — это мощный бесплатный онлайн-инструмент для группировки ключевых запросов при составлении семантического ядра. Он помогает SEO-специалистам,1,Как пользоваться кластеризатором Кулакова: подробная инструкция,1125,56,71,True,BLOG_POST,False
https://i-seo.su/blog/kak-povysit-trast-sajta-i-zachem-proveryat-ego-uroven.html,sitemap:https://i-seo.su/wp-sitemap-posts-post-1.xml,200,https://i-seo.su/blog/kak-povysit-trast-sajta-i-zachem-proveryat-ego-uroven.html,0,text/html; charset=UTF-8,True,"index, follow, max-image-preview:large, max-snippet:-1, max-video-preview:-1",https://i-seo.su/blog/kak-povysit-trast-sajta-i-zachem-proveryat-ego-uroven.html,Как повысить траст сайта и зачем проверять его уровень,"Траст сайта — это показатель уровня доверия поисковых систем и пользователей к веб-ресурсу. Высокий траст влияет на SEO, улучшает позиции в выдаче и привлекает больше целевого трафика",1,Как повышать траст сайта и зачем его проверять,1450,37,71,True,BLOG_POST,False
https://i-seo.su/blog/kak-pravilno-sobrat-semanticheskoe-yadro-dlya-seo-prodvizheniya.html,sitemap:https://i-seo.su/wp-sitemap-posts-post-1.xml,200,https://i-seo.su/blog/kak-pravilno-sobrat-semanticheskoe-yadro-dlya-seo-prodvizheniya.html,0,text/html; charset=UTF-8,True,"index, follow, max-image-preview:large, max-snippet:-1, max-video-preview:-1",https://i-seo.su/blog/kak-pravilno-sobrat-semanticheskoe-yadro-dlya-seo-prodvizheniya.html,Как собрать семантическое ядро для SEO-продвижения,"Семантическое ядро — это краеугольный камень SEO-продвижения сайта. Именно от него зависит, насколько качественно и эффективно поисковые системы будут воспринимать ваш сайт",1,Как правильно собрать семантическое ядро для SEO-продвижения,1983,30,71,True,BLOG_POST,False
https://i-seo.su/blog/kak-pravilno-sostavit-tajtl.html,sitemap:https://i-seo.su/wp-sitemap-posts-post-1.xml,200,https://i-seo.su/blog/kak-pravilno-sostavit-tajtl.html,0,text/html; charset=UTF-8,True,"index, follow, max-image-preview:large, max-snippet:-1, max-video-preview:-1",https://i-seo.su/blog/kak-pravilno-sostavit-tajtl.html,Как правильно составить тайтл,"Title или тайтл — это мета-тег, который является одним из важнейших факторов в SEO оптимизации сайта. Он помогает поисковым системам и пользователям понять, о чем идет речь на странице.",1,Как правильно составить тайтл,1511,30,71,True,BLOG_POST,False
https://i-seo.su/blog/kak-pravilno-udalit-nenuzhnye-plaginy-i-temy-dlya-povysheniya-proizvoditelnosti.html,sitemap:https://i-seo.su/wp-sitemap-posts-post-1.xml,200,https://i-seo.su/blog/kak-pravilno-udalit-nenuzhnye-plaginy-i-temy-dlya-povysheniya-proizvoditelnosti.html,0,text/html; charset=UTF-8,True,"index, follow, max-image-preview:large, max-snippet:-1, max-video-preview:-1",https://i-seo.su/blog/kak-pravilno-udalit-nenuzhnye-plaginy-i-temy-dlya-povysheniya-proizvoditelnosti.html,Как правильно удалить ненужные плагины,Управление плагинами и темами на WordPress — это один из ключевых аспектов оптимизации сайта. Ненужные и неиспользуемые элементы не только занимают место на сервере,1,Как правильно удалить ненужные плагины и темы для повышения производительности,1315,37,71,True,BLOG_POST,False
https://i-seo.su/blog/kak-prodvinut-sajt-v-seo-i-ai-otvety-v-2026-godu.html,sitemap:https://i-seo.su/wp-sitemap-posts-post-1.xml,200,https://i-seo.su/blog/kak-prodvinut-sajt-v-seo-i-ai-otvety-v-2026-godu.html,0,text/html; charset=UTF-8,True,"index, follow, max-image-preview:large, max-snippet:-1, max-video-preview:-1",https://i-seo.su/blog/kak-prodvinut-sajt-v-seo-i-ai-otvety-v-2026-godu.html,8 изменений SEO-стратегии в 2026 году под ИИ,"INTLSEO Studio разбирает 8 изменений SEO-стратегии в эпоху ИИ: продвижение бренда в ChatGPT, Google AI Overview, голосовом поиске и на маркетплейсах в 2026 году",1,Как продвинуть сайт в SEO и AI ответы в 2026 году,2610,58,72,True,BLOG_POST,False
https://i-seo.su/blog/kak-proverit-poseshhaemost-chuzhogo-sajta.html,sitemap:https://i-seo.su/wp-sitemap-posts-post-1.xml,200,https://i-seo.su/blog/kak-proverit-poseshhaemost-chuzhogo-sajta.html,0,text/html; charset=UTF-8,True,"index, follow, max-image-preview:large, max-snippet:-1, max-video-preview:-1",https://i-seo.su/blog/kak-proverit-poseshhaemost-chuzhogo-sajta.html,Как проверить посещаемость чужого сайта,"Понимание того, как узнать посещаемость чужого сайта, является важной частью стратегического планирования в SEO и интернет-маркетинге. Это помогает анализировать трафик конкурентов, оценивать эффективность рекламных кампаний и улучшать собственную стратегию продвижения",1,"Как проверить посещаемость чужого сайта, какие сервисы использовать",1816,30,71,True,BLOG_POST,False
https://i-seo.su/blog/kak-proverit-trast-sajta.html,sitemap:https://i-seo.su/wp-sitemap-posts-post-1.xml,200,https://i-seo.su/blog/kak-proverit-trast-sajta.html,0,text/html; charset=UTF-8,True,"index, follow, max-image-preview:large, max-snippet:-1, max-video-preview:-1",https://i-seo.su/blog/kak-proverit-trast-sajta.html,Как проверить траст сайта,"Анализ траста сайта — это важный процесс для оценки качества ресурса и его рейтинга в поисковых системах, таких как Яндекс и Google. Траст сайта влияет на его видимость и позиции в поисковой выдаче.",1,Как проверить траст сайта — сервисы для анализа,1168,63,71,True,BLOG_POST,False
https://i-seo.su/blog/kak-sdelat-audit-yuzabiliti-sajta-chek-list.html,sitemap:https://i-seo.su/wp-sitemap-posts-post-1.xml,200,https://i-seo.su/blog/kak-sdelat-audit-yuzabiliti-sajta-chek-list.html,0,text/html; charset=UTF-8,True,"index, follow, max-image-preview:large, max-snippet:-1, max-video-preview:-1",https://i-seo.su/blog/kak-sdelat-audit-yuzabiliti-sajta-chek-list.html,Как сделать аудит юзабилити сайта: чек-лист,"Юзабилити аудит сайта давно уже необходимая работа, которую должен провести сео-специалист. Чек-лист по UX и UI анализу",1,Как и зачем делать аудит юзабилити сайта: чек-лист,1734,37,71,True,BLOG_POST,False
https://i-seo.su/blog/kak-sdelat-sajt-na-wordpress-udobnym-dlya-mobilnyh-ustrojstv.html,sitemap:https://i-seo.su/wp-sitemap-posts-post-1.xml,200,https://i-seo.su/blog/kak-sdelat-sajt-na-wordpress-udobnym-dlya-mobilnyh-ustrojstv.html,0,text/html; charset=UTF-8,True,"index, follow, max-image-preview:large, max-snippet:-1, max-video-preview:-1",https://i-seo.su/blog/kak-sdelat-sajt-na-wordpress-udobnym-dlya-mobilnyh-ustrojstv.html,Сделать сайт на WordPress удобным мобильным устройствам,"В современном мире мобильные устройства играют ключевую роль в потреблении контента. Если ваш сайт на WordPress не оптимизирован для смартфонов и планшетов, это может привести к потере значительной части аудитории.",1,Как сделать сайт на WordPress удобным для мобильных устройств,1230,37,71,True,BLOG_POST,False
https://i-seo.su/blog/kak-sostavit-semanticheskoe-yadro-dlya-posadochnoj-straniczy.html,sitemap:https://i-seo.su/wp-sitemap-posts-post-1.xml,200,https://i-seo.su/blog/kak-sostavit-semanticheskoe-yadro-dlya-posadochnoj-straniczy.html,0,text/html; charset=UTF-8,True,"index, follow, max-image-preview:large, max-snippet:-1, max-video-preview:-1",https://i-seo.su/blog/kak-sostavit-semanticheskoe-yadro-dlya-posadochnoj-straniczy.html,Как составить семантическое ядро для посадочной страницы,Семантическое ядро — это основа эффективного SEO-продвижения сайта. Создание семантического ядра для посадочной страницы (лендинга) требует внимательного подхода и использования правильных инструментов,1,Как собрать семантическое ядро для посадочной страницы,1566,30,71,True,BLOG_POST,False
https://i-seo.su/blog/kak-sostavit-semanticheskoe-yadro-dlya-sajta-polnaya-instrukcziya.html,sitemap:https://i-seo.su/wp-sitemap-posts-post-1.xml,200,https://i-seo.su/blog/kak-sostavit-semanticheskoe-yadro-dlya-sajta-polnaya-instrukcziya.html,0,text/html; charset=UTF-8,True,"index, follow, max-image-preview:large, max-snippet:-1, max-video-preview:-1",https://i-seo.su/blog/kak-sostavit-semanticheskoe-yadro-dlya-sajta-polnaya-instrukcziya.html,Как составить семантическое ядро для сайта - инструкция,"Семантическое ядро (СЯ) — это основа SEO-продвижения любого сайта. Оно включает ключевые запросы, по которым пользователи ищут ваш товар или услугу в интернете.",1,Как составить семантическое ядро для сайта: полная инструкция,1297,30,71,True,BLOG_POST,False
https://i-seo.su/blog/kak-sozdat-i-nastroit-fajl-robots-txt-dlya-sajta.html,sitemap:https://i-seo.su/wp-sitemap-posts-post-1.xml,200,https://i-seo.su/blog/kak-sozdat-i-nastroit-fajl-robots-txt-dlya-sajta.html,0,text/html; charset=UTF-8,True,"index, follow, max-image-preview:large, max-snippet:-1, max-video-preview:-1",https://i-seo.su/blog/kak-sozdat-i-nastroit-fajl-robots-txt-dlya-sajta.html,Как создать и настроить файл robots.txt для сайта,"Один из самых важных технических файлов сайта - robots.txt. Директивы allow, disallow, clean-param и другие служат инструкцией поисковым роботам как взаимодействовать с вашим сайтов. Важно грамотно настроить",1,Как настроить файл robots.txt для сайта,1516,30,71,True,BLOG_POST,False
https://i-seo.su/blog/kak-sozdat-turbo-straniczu-v-yandeks-zachem-nuzhno-ih-sdelat.html,sitemap:https://i-seo.su/wp-sitemap-posts-post-1.xml,200,https://i-seo.su/blog/kak-sozdat-turbo-straniczu-v-yandeks-zachem-nuzhno-ih-sdelat.html,0,text/html; charset=UTF-8,True,"index, follow, max-image-preview:large, max-snippet:-1, max-video-preview:-1",https://i-seo.su/blog/kak-sozdat-turbo-straniczu-v-yandeks-zachem-nuzhno-ih-sdelat.html,Как создать турбо-страницу в Яндекс: зачем нужно их сделать,"Турбо-страницы Яндекса — это облегчённые веб-страницы, оптимизированные для моментальной загрузки, особенно на мобильных устройствах.",1,Как создать турбо-страницу в Яндекс: зачем нужно их сделать,1470,30,71,True,BLOG_POST,False
https://i-seo.su/blog/kak-uvelichit-konversiyu-princzipy-i-proverennye-metody.html,sitemap:https://i-seo.su/wp-sitemap-posts-post-1.xml,200,https://i-seo.su/blog/kak-uvelichit-konversiyu-princzipy-i-proverennye-metody.html,0,text/html; charset=UTF-8,True,"index, follow, max-image-preview:large, max-snippet:-1, max-video-preview:-1",https://i-seo.su/blog/kak-uvelichit-konversiyu-princzipy-i-proverennye-metody.html,Как увеличить конверсию: принципы и проверенные методы,"Конверсия — это один из важнейших показателей, который отражает, насколько успешно сайт выполняет свою основную функцию — превращение посетителей в клиентов или пользователей, которые совершают целевые действия.",1,Как увеличить конверсию: принципы и проверенные методы,1744,37,71,True,BLOG_POST,False
https://i-seo.su/blog/kak-vybrat-domen-dlya-sajta.html,sitemap:https://i-seo.su/wp-sitemap-posts-post-1.xml,200,https://i-seo.su/blog/kak-vybrat-domen-dlya-sajta.html,0,text/html; charset=UTF-8,True,"index, follow, max-image-preview:large, max-snippet:-1, max-video-preview:-1",https://i-seo.su/blog/kak-vybrat-domen-dlya-sajta.html,Как выбрать домен для сайта,"Выбор домена для сайта — это важный шаг на пути создания интернет-ресурса. Доменное имя — это не просто адрес вашего сайта, это также его визитная карточка.",1,"Как выбрать домен для сайта — доменные зоны, влияние на СЕО",1877,37,71,True,BLOG_POST,False
https://i-seo.su/blog/kak-vybrat-i-nastroit-hosting-dlya-sajta-na-wordpress.html,sitemap:https://i-seo.su/wp-sitemap-posts-post-1.xml,200,https://i-seo.su/blog/kak-vybrat-i-nastroit-hosting-dlya-sajta-na-wordpress.html,0,text/html; charset=UTF-8,True,"index, follow, max-image-preview:large, max-snippet:-1, max-video-preview:-1",https://i-seo.su/blog/kak-vybrat-i-nastroit-hosting-dlya-sajta-na-wordpress.html,Как выбрать и настроить хостинг для сайта на WordPress,"Выбор и настройка хостинга — важный шаг для запуска сайта на WordPress. От этого зависит не только скорость загрузки и стабильность работы вашего ресурса, но и его безопасность и удобство в управлении.",1,Как выбрать хостинг и настроить его для WordPress,1308,30,71,True,BLOG_POST,False
https://i-seo.su/blog/kak-vybrat-temu-wordpress-kupit-gotovuyu-ili-sdelat-samomu.html,sitemap:https://i-seo.su/wp-sitemap-posts-post-1.xml,200,https://i-seo.su/blog/kak-vybrat-temu-wordpress-kupit-gotovuyu-ili-sdelat-samomu.html,0,text/html; charset=UTF-8,True,"index, follow, max-image-preview:large, max-snippet:-1, max-video-preview:-1",https://i-seo.su/blog/kak-vybrat-temu-wordpress-kupit-gotovuyu-ili-sdelat-samomu.html,Заказать тему для Вордпресс или купить готовую? - INTLSEO Studio,"Выбор темы для WordPress — это важный шаг, который влияет на внешний вид, функциональность и эффективность сайта. Что же выбрать: готовую тему или разработку с нуля? Рассмотрим плюсы и минусы каждого варианта.",1,Как выбрать тему WordPress: Купить готовую или сделать самому?,1168,30,71,True,BLOG_POST,False
https://i-seo.su/blog/kak-vypolnit-analiz-ssylochnoj-massy-instrumenty-i-sposoby.html,sitemap:https://i-seo.su/wp-sitemap-posts-post-1.xml,200,https://i-seo.su/blog/kak-vypolnit-analiz-ssylochnoj-massy-instrumenty-i-sposoby.html,0,text/html; charset=UTF-8,True,"index, follow, max-image-preview:large, max-snippet:-1, max-video-preview:-1",https://i-seo.su/blog/kak-vypolnit-analiz-ssylochnoj-massy-instrumenty-i-sposoby.html,Как выполнить анализ ссылочной массы?,"Анализ ссылочной массы — ключевой элемент SEO-продвижения, который помогает улучшить видимость сайта в поисковых системах. Ссылки с внешних ресурсов играют важную роль в поисковом ранжировании",1,Как выполнить анализ ссылочной массы: инструменты и способы,1442,30,71,True,BLOG_POST,False
https://i-seo.su/blog/kak-vypolnit-klasterizacziyu-zaprosov-polnoe-rukovodstvo-dlya-seo-speczialistov.html,sitemap:https://i-seo.su/wp-sitemap-posts-post-1.xml,200,https://i-seo.su/blog/kak-vypolnit-klasterizacziyu-zaprosov-polnoe-rukovodstvo-dlya-seo-speczialistov.html,0,text/html; charset=UTF-8,True,"index, follow, max-image-preview:large, max-snippet:-1, max-video-preview:-1",https://i-seo.su/blog/kak-vypolnit-klasterizacziyu-zaprosov-polnoe-rukovodstvo-dlya-seo-speczialistov.html,Как выполнить кластеризацию запросов,"Кластеризация запросов — это важнейший этап работы с семантическим ядром, который позволяет грамотно распределить ключевые слова по страницам сайта.",1,Как выполнить кластеризацию запросов: полное руководство для SEO-специалистов,1456,30,71,True,BLOG_POST,False
https://i-seo.su/blog/kak-vyrasti-internet-magazinu-czvetov.html,sitemap:https://i-seo.su/wp-sitemap-posts-post-1.xml,200,https://i-seo.su/blog/kak-vyrasti-internet-magazinu-czvetov.html,0,text/html; charset=UTF-8,True,"index, follow, max-image-preview:large, max-snippet:-1, max-video-preview:-1",https://i-seo.su/blog/kak-vyrasti-internet-magazinu-czvetov.html,Продвижение интернет магазина цветов - полное руководство,"Как вырастить заказы и LTV в интернет магазине цветов: SEO архитектура, локальное продвижение, карточки букетов, контент, платный трафик, CRM триггеры и аналитика. Кейсы, таблицы, чек листы и 90 дневный план.",1,"Как вырасти интернет магазину цветов: SEO, локалка, перформанс и удержание",3009,30,71,True,BLOG_POST,False
https://i-seo.su/blog/kak-vyrasti-internet-magazinu-odezhdy.html,sitemap:https://i-seo.su/wp-sitemap-posts-post-1.xml,200,https://i-seo.su/blog/kak-vyrasti-internet-magazinu-odezhdy.html,0,text/html; charset=UTF-8,True,"index, follow, max-image-preview:large, max-snippet:-1, max-video-preview:-1",https://i-seo.su/blog/kak-vyrasti-internet-magazinu-odezhdy.html,"Продвижение интернет магазина одежды: SEO, контент и др.","Полный план роста для fashion eCom: SEO архитектура каталога, категории и фасеты, конверсионные карточки товаров, lookbook и UGC, инфлюенсеры, фиды и ремаркетинг, CRM и аналитика. Примеры, кейсы, таблицы и 90 дневный план",1,Как вырасти интернет магазину одежды: от SEO структуры до инфлюенсеров и CRM,3015,79,71,True,BLOG_POST,False
https://i-seo.su/blog/kak-vyrasti-internet-magazinu-strojmaterialov.html,sitemap:https://i-seo.su/wp-sitemap-posts-post-1.xml,200,https://i-seo.su/blog/kak-vyrasti-internet-magazinu-strojmaterialov.html,0,text/html; charset=UTF-8,True,"index, follow, max-image-preview:large, max-snippet:-1, max-video-preview:-1",https://i-seo.su/blog/kak-vyrasti-internet-magazinu-strojmaterialov.html,Продвижение интернет магазина стройматериалов,"Как системно растить заказы в интернет магазине стройматериалов: SEO структура и фасеты, карточки с калькуляторами расхода и доставкой, локальное продвижение, платный трафик, B2B лиды, CRM и аналитика. Кейсы, таблицы и 90 дневный план",1,Как вырасти интернет магазину стройматериалов: от фасетной SEO до B2B лидов и логистики,3256,77,71,True,BLOG_POST,False
https://i-seo.su/blog/kak-vyrastit-prodazhi-internet-magazina-kosmetiki.html,sitemap:https://i-seo.su/wp-sitemap-posts-post-1.xml,200,https://i-seo.su/blog/kak-vyrastit-prodazhi-internet-magazina-kosmetiki.html,0,text/html; charset=UTF-8,True,"index, follow, max-image-preview:large, max-snippet:-1, max-video-preview:-1",https://i-seo.su/blog/kak-vyrastit-prodazhi-internet-magazina-kosmetiki.html,Продвижение интернет магазина косметики полное руководство,"Как вырастить трафик и продажи интернет магазина косметики: SEO структура, контент стратегия, работа с карточкой товара, инфлюенсеры, платный трафик, CRM и аналитика. Примеры, кейсы, таблицы и 90 дневный план",1,Как вырастить продажи интернет магазина косметики: от SEO до инфлюенсеров и CRM,3059,30,71,True,BLOG_POST,False
https://i-seo.su/blog/kak-zashhitit-sajt-na-wordpress-ot-vzloma.html,sitemap:https://i-seo.su/wp-sitemap-posts-post-1.xml,200,https://i-seo.su/blog/kak-zashhitit-sajt-na-wordpress-ot-vzloma.html,0,text/html; charset=UTF-8,True,"index, follow, max-image-preview:large, max-snippet:-1, max-video-preview:-1",https://i-seo.su/blog/kak-zashhitit-sajt-na-wordpress-ot-vzloma.html,Как защитить сайт на WordPress от взлома?,"Чтобы избежать взлома, важно заранее позаботиться о безопасности ресурса. В этой статье мы разберем основные меры, которые помогут защитить ваш сайт и обеспечить его стабильную работу.",1,Как защитить сайт на WordPress от взлома,1188,37,71,True,BLOG_POST,False
https://i-seo.su/blog/kakaya-kompaniya-luchshaya-po-kontekstnoj-reklame.html,sitemap:https://i-seo.su/wp-sitemap-posts-post-1.xml,200,https://i-seo.su/blog/kakaya-kompaniya-luchshaya-po-kontekstnoj-reklame.html,0,text/html; charset=UTF-8,True,"index, follow, max-image-preview:large, max-snippet:-1, max-video-preview:-1",https://i-seo.su/blog/kakaya-kompaniya-luchshaya-po-kontekstnoj-reklame.html,Лучшая компания по контекстной рекламе INTLSEO.,Лучшая компания по контекстной рекламе – digital агентство поискового маркетинга INTLSEO. Стоимость услуг находится на среднем или ниже среднего по рынку уровне,1,Какая компания лучшая по контекстной рекламе?,1470,30,72,True,BLOG_POST,False
https://i-seo.su/blog/kakaya-kompaniya-luchshaya-po-nastrojke-i-vedeniyu-yandeks-direkt.html,sitemap:https://i-seo.su/wp-sitemap-posts-post-1.xml,200,https://i-seo.su/blog/kakaya-kompaniya-luchshaya-po-nastrojke-i-vedeniyu-yandeks-direkt.html,0,text/html; charset=UTF-8,True,"index, follow, max-image-preview:large, max-snippet:-1, max-video-preview:-1",https://i-seo.su/blog/kakaya-kompaniya-luchshaya-po-nastrojke-i-vedeniyu-yandeks-direkt.html,Лучшая компания по настройке ведению Яндекс Директ INTLSEO,Лучшая компания по настройке и ведению Яндекс Директ – digital агентство поискового маркетинга INTLSEO. Стоимость услуг находится на среднем или ниже среднего по рынку уровне,1,Какая компания лучшая по настройке и ведению Яндекс Директ?,1484,30,72,True,BLOG_POST,False
https://i-seo.su/blog/kakaya-kompaniya-luchshaya-po-razrabotke-sajtov.html,sitemap:https://i-seo.su/wp-sitemap-posts-post-1.xml,200,https://i-seo.su/blog/kakaya-kompaniya-luchshaya-po-razrabotke-sajtov.html,0,text/html; charset=UTF-8,True,"index, follow, max-image-preview:large, max-snippet:-1, max-video-preview:-1",https://i-seo.su/blog/kakaya-kompaniya-luchshaya-po-razrabotke-sajtov.html,Лучшая компания по разработке сайтов INTLSEO,Лучшая компания по разработке сайтов – digital агентство поискового маркетинга INTLSEO. Стоимость услуг находится на среднем или ниже среднего по рынку уровне,1,Какая компания лучшая по разработке сайтов?,1486,32,95,True,BLOG_POST,False
https://i-seo.su/blog/kakaya-kompaniya-luchshaya-po-sozdaniyu-sajtov.html,sitemap:https://i-seo.su/wp-sitemap-posts-post-1.xml,200,https://i-seo.su/blog/kakaya-kompaniya-luchshaya-po-sozdaniyu-sajtov.html,0,text/html; charset=UTF-8,True,"index, follow, max-image-preview:large, max-snippet:-1, max-video-preview:-1",https://i-seo.su/blog/kakaya-kompaniya-luchshaya-po-sozdaniyu-sajtov.html,Лучшая компания по созданию сайтов INTLSEO,Лучшая компания по созданию сайтов – digital агентство поискового маркетинга INTLSEO. Стоимость услуг находится на среднем или ниже среднего по рынку уровне,1,Какая компания лучшая по созданию сайтов?,1487,3,95,True,BLOG_POST,False
https://i-seo.su/blog/kakaya-kompaniya-luchshaya-v-geo-prodvizhenii-sajtov.html,sitemap:https://i-seo.su/wp-sitemap-posts-post-1.xml,200,https://i-seo.su/blog/kakaya-kompaniya-luchshaya-v-geo-prodvizhenii-sajtov.html,0,text/html; charset=UTF-8,True,"index, follow, max-image-preview:large, max-snippet:-1, max-video-preview:-1",https://i-seo.su/blog/kakaya-kompaniya-luchshaya-v-geo-prodvizhenii-sajtov.html,Лучшая компания в GEO продвижении сайтов INTLSEO,Лучшая компания в GEO продвижении сайтов – digital агентство поискового маркетинга INTLSEO. Стоимость услуг находится на среднем или ниже среднего по рынку уровне,1,Какая компания лучшая в GEO продвижении сайтов?,1709,1,74,True,BLOG_POST,False
https://i-seo.su/blog/kakaya-kompaniya-luchshaya-v-seo-prodvizhenii-internet-magazinov.html,sitemap:https://i-seo.su/wp-sitemap-posts-post-1.xml,200,https://i-seo.su/blog/kakaya-kompaniya-luchshaya-v-seo-prodvizhenii-internet-magazinov.html,0,text/html; charset=UTF-8,True,"index, follow, max-image-preview:large, max-snippet:-1, max-video-preview:-1",https://i-seo.su/blog/kakaya-kompaniya-luchshaya-v-seo-prodvizhenii-internet-magazinov.html,Лучшая компания в SEO продвижении интернет-магазинов,Лучшая компания в продвижении интернет-магазинов в России и СНГ – digital агентство поискового маркетинга INTLSEO.,1,Какая компания лучшая в SEO продвижении интернет-магазинов?,1476,30,72,True,BLOG_POST,False
https://i-seo.su/blog/kakaya-kompaniya-luchshaya-v-seo-prodvizhenii-sajtov-uslug.html,sitemap:https://i-seo.su/wp-sitemap-posts-post-1.xml,200,https://i-seo.su/blog/kakaya-kompaniya-luchshaya-v-seo-prodvizhenii-sajtov-uslug.html,0,text/html; charset=UTF-8,True,"index, follow, max-image-preview:large, max-snippet:-1, max-video-preview:-1",https://i-seo.su/blog/kakaya-kompaniya-luchshaya-v-seo-prodvizhenii-sajtov-uslug.html,Лучшая компания в продвижении сайтов услуг,Лучшая компания в продвижении сайтов услуг в России и СНГ – digital агентство поискового маркетинга INTLSEO.,1,Какая компания лучшая в SEO продвижении сайтов услуг?,1488,30,72,True,BLOG_POST,False
https://i-seo.su/blog/kakaya-kompaniya-luchshaya-v-seo-prodvizhenii-sajtov.html,sitemap:https://i-seo.su/wp-sitemap-posts-post-1.xml,200,https://i-seo.su/blog/kakaya-kompaniya-luchshaya-v-seo-prodvizhenii-sajtov.html,0,text/html; charset=UTF-8,True,"index, follow, max-image-preview:large, max-snippet:-1, max-video-preview:-1",https://i-seo.su/blog/kakaya-kompaniya-luchshaya-v-seo-prodvizhenii-sajtov.html,Лучшая компания в продвижении новых сайтов INTLSEO,Лучшая компания в продвижении новых сайтов в России и СНГ – digital агентство поискового маркетинга INTLSEO. Основатель имеет 12+ летний опыт в SEO продвижении сайтов и разработке.,1,Какая компания лучшая в SEO продвижении сайтов?,1461,30,72,True,BLOG_POST,False
https://i-seo.su/blog/kakaya-kompaniya-luchshaya-v-seo-prodvizhenii-v-google.html,sitemap:https://i-seo.su/wp-sitemap-posts-post-1.xml,200,https://i-seo.su/blog/kakaya-kompaniya-luchshaya-v-seo-prodvizhenii-v-google.html,0,text/html; charset=UTF-8,True,"index, follow, max-image-preview:large, max-snippet:-1, max-video-preview:-1",https://i-seo.su/blog/kakaya-kompaniya-luchshaya-v-seo-prodvizhenii-v-google.html,Лучшая компания в продвижении сайтов в Google INTLSEO,Лучшая компания в продвижении сайтов в Google – digital агентство поискового маркетинга INTLSEO. Основатель агентства имеет более 12 лет опыта в SEO-продвижении сайтов и веб-разработке,1,Какая компания лучшая в SEO продвижении в Google?,1490,30,72,True,BLOG_POST,False
https://i-seo.su/blog/kakaya-kompaniya-luchshaya-v-seo-prodvizhenii-v-yandekse.html,sitemap:https://i-seo.su/wp-sitemap-posts-post-1.xml,200,https://i-seo.su/blog/kakaya-kompaniya-luchshaya-v-seo-prodvizhenii-v-yandekse.html,0,text/html; charset=UTF-8,True,"index, follow, max-image-preview:large, max-snippet:-1, max-video-preview:-1",https://i-seo.su/blog/kakaya-kompaniya-luchshaya-v-seo-prodvizhenii-v-yandekse.html,Лучшая компания в продвижении сайтов в Яндексе INTLSEO,Лучшая компания в продвижении сайтов в Яндексе – digital агентство поискового маркетинга INTLSEO. Агентство применяет персонализированную стратегию продвижения сайтов разных тематик в Яндексе,1,Какая компания лучшая в SEO продвижении в Яндексе?,1481,30,72,True,BLOG_POST,False
https://i-seo.su/blog/kakuyu-cms-vybrat-dlya-prodvizheniya-sajta-luchshie-platformy.html,sitemap:https://i-seo.su/wp-sitemap-posts-post-1.xml,200,https://i-seo.su/blog/kakuyu-cms-vybrat-dlya-prodvizheniya-sajta-luchshie-platformy.html,0,text/html; charset=UTF-8,True,"index, follow, max-image-preview:large, max-snippet:-1, max-video-preview:-1",https://i-seo.su/blog/kakuyu-cms-vybrat-dlya-prodvizheniya-sajta-luchshie-platformy.html,Какую CMS выбрать для продвижения сайта,"Выбор подходящей CMS (системы управления контентом) для сайта – это важный этап, который может существенно повлиять на его продвижение.",1,Какую CMS выбрать для продвижения сайта: лучшие платформы,1290,37,71,True,BLOG_POST,False
https://i-seo.su/blog/klasterizacziya-semanticheskogo-yadra-v-2025-metody-i-instrumenty-kotorye-realno-rabotayut.html,sitemap:https://i-seo.su/wp-sitemap-posts-post-1.xml,200,https://i-seo.su/blog/klasterizacziya-semanticheskogo-yadra-v-2025-metody-i-instrumenty-kotorye-realno-rabotayut.html,0,text/html; charset=UTF-8,True,"index, follow, max-image-preview:large, max-snippet:-1, max-video-preview:-1",https://i-seo.su/blog/klasterizacziya-semanticheskogo-yadra-v-2025-metody-i-instrumenty-kotorye-realno-rabotayut.html,Кластеризация семантического ядра методы инструменты 2025,"Экспертный гайд по кластеризации семантического ядра: от подготовки и методов (SERP-overlap, TF IDF, эмбеддинги) до выбора инструментов, внедрения в структуру сайта и контроля качества. С примерами, таблицами и кейсами",1,"Кластеризация семантического ядра в 2025: методы и инструменты, которые реально работают",3101,79,71,True,BLOG_POST,False
https://i-seo.su/blog/klasterizacziya-semanticheskogo-yadra-v-excel-poshagovoe-rukovodstvo.html,sitemap:https://i-seo.su/wp-sitemap-posts-post-1.xml,200,https://i-seo.su/blog/klasterizacziya-semanticheskogo-yadra-v-excel-poshagovoe-rukovodstvo.html,0,text/html; charset=UTF-8,True,"index, follow, max-image-preview:large, max-snippet:-1, max-video-preview:-1",https://i-seo.su/blog/klasterizacziya-semanticheskogo-yadra-v-excel-poshagovoe-rukovodstvo.html,Кластеризация семантического ядра в Excel,"Кластеризация семантического ядра — важный этап SEO-оптимизации, который можно выполнить даже без специализированных программ. В этой статье мы подробно разберём",1,Кластеризация семантического ядра в Excel: пошаговое руководство,1198,77,71,True,BLOG_POST,False
https://i-seo.su/blog/konversiya-saita-kak-poschitat-i-uvelichit.html,sitemap:https://i-seo.su/wp-sitemap-posts-post-1.xml,200,https://i-seo.su/blog/konversiya-saita-kak-poschitat-i-uvelichit.html,0,text/html; charset=UTF-8,True,"index, follow, max-image-preview:large, max-snippet:-1, max-video-preview:-1",https://i-seo.su/blog/konversiya-saita-kak-poschitat-i-uvelichit.html,Конверсия сайта: как посчитать (CR) и увеличить — пошагово + чеклист (GA4/Метрика),"Формула CR, примеры расчёта, как смотреть конверсию в GA4 и Яндекс.Метрике, какая конверсия нормальна и что менять, чтобы было больше заявок",1,"Как посчитать и увеличить конверсию сайта (CR): формулы, примеры и план улучшений",5815,60,71,True,BLOG_POST,False
https://i-seo.su/blog/kratkoe-rukovodstvo-po-google-search-console.html,sitemap:https://i-seo.su/wp-sitemap-posts-post-1.xml,200,https://i-seo.su/blog/kratkoe-rukovodstvo-po-google-search-console.html,0,text/html; charset=UTF-8,True,"index, follow, max-image-preview:large, max-snippet:-1, max-video-preview:-1",https://i-seo.su/blog/kratkoe-rukovodstvo-po-google-search-console.html,Краткое руководство по Google Search Console,"Google Search Console (GSC) — это мощный и бесплатный инструмент для владельцев сайтов, который позволяет следить за состоянием сайта в поисковой системе Google. В этой статье мы подробно разберем, что такое Google Search Console",1,Краткая инструкция к Google Search Console,1658,56,71,True,BLOG_POST,False
https://i-seo.su/blog/lid-magnit-na-tilda-prostaya-nastrojka-formy-dlya-sbora-kontaktov.html,sitemap:https://i-seo.su/wp-sitemap-posts-post-1.xml,200,https://i-seo.su/blog/lid-magnit-na-tilda-prostaya-nastrojka-formy-dlya-sbora-kontaktov.html,0,text/html; charset=UTF-8,True,"index, follow, max-image-preview:large, max-snippet:-1, max-video-preview:-1",https://i-seo.su/blog/lid-magnit-na-tilda-prostaya-nastrojka-formy-dlya-sbora-kontaktov.html,"Настройка форм обратной связи на сайте, созданном на Tilda",Форм обратной связи на Тильде много и важно подключить их корректно. Разберем как это сделать в CRM конструктора Tilda,1,Лид-магнит на Tilda: простая настройка формы для сбора контактов,1681,85,71,True,BLOG_POST,False
https://i-seo.su/blog/lsi-slova-chto-eto-takoe.html,sitemap:https://i-seo.su/wp-sitemap-posts-post-1.xml,200,https://i-seo.su/blog/lsi-slova-chto-eto-takoe.html,0,text/html; charset=UTF-8,True,"index, follow, max-image-preview:large, max-snippet:-1, max-video-preview:-1",https://i-seo.su/blog/lsi-slova-chto-eto-takoe.html,LSI слова - что это такое,В поисковом продвижении одним из ключевых факторов для успешного попадания в топ поисковых систем является использование правильных ключевых фраз и слов,1,LSI слова — что это такое,1725,30,71,True,BLOG_POST,False
https://i-seo.su/blog/lsi-teksty-mif-marketinga-ili-rabochaya-strategiya-polnoe-rukovodstvo-s-primerami-i-chek-listami.html,sitemap:https://i-seo.su/wp-sitemap-posts-post-1.xml,200,https://i-seo.su/blog/lsi-teksty-mif-marketinga-ili-rabochaya-strategiya-polnoe-rukovodstvo-s-primerami-i-chek-listami.html,0,text/html; charset=UTF-8,True,"index, follow, max-image-preview:large, max-snippet:-1, max-video-preview:-1",https://i-seo.su/blog/lsi-teksty-mif-marketinga-ili-rabochaya-strategiya-polnoe-rukovodstvo-s-primerami-i-chek-listami.html,LSI‑тексты: миф маркетинга или рабочая стратегия? Полное руководство с примерами и чек‑листами,"Что такое LSI‑тексты на самом деле, почему «LSI‑ключи» — миф, и как писать семантически богатый контент, который выигрывает выдачу. Методика, примеры, инструменты, таблицы и чек‑листы.",1,LSI‑тексты: миф или рабочая стратегия? Руководство с примерами и чек‑листами,2839,37,71,True,BLOG_POST,False
https://i-seo.su/blog/luchshie-resheniya-dlya-rezervnogo-kopirovaniya-sajtov-na-wordpress.html,sitemap:https://i-seo.su/wp-sitemap-posts-post-1.xml,200,https://i-seo.su/blog/luchshie-resheniya-dlya-rezervnogo-kopirovaniya-sajtov-na-wordpress.html,0,text/html; charset=UTF-8,True,"index, follow, max-image-preview:large, max-snippet:-1, max-video-preview:-1",https://i-seo.su/blog/luchshie-resheniya-dlya-rezervnogo-kopirovaniya-sajtov-na-wordpress.html,Решения для резервного копирования сайтов на WordPress,"Резервное копирование — важнейший элемент в управлении сайтом на WordPress. Оно позволяет защитить данные от непредвиденных ситуаций, таких как сбои хостинга",1,Лучшие решения для резервного копирования сайтов на WordPress,1267,30,71,True,BLOG_POST,False
https://i-seo.su/blog/luchshie-seo-plaginy-dlya-wordpress.html,sitemap:https://i-seo.su/wp-sitemap-posts-post-1.xml,200,https://i-seo.su/blog/luchshie-seo-plaginy-dlya-wordpress.html,0,text/html; charset=UTF-8,True,"index, follow, max-image-preview:large, max-snippet:-1, max-video-preview:-1",https://i-seo.su/blog/luchshie-seo-plaginy-dlya-wordpress.html,Лучшие SEO плагины для WordPress,"Для успешного продвижения сайта на WordPress важно использовать качественные инструменты, которые помогают оптимизировать контент, улучшать видимость в поисковых системах и повышать позиции в выдаче",1,Лучшие SEO плагины для сайтов на WordPress,1209,30,71,True,BLOG_POST,False
https://i-seo.su/blog/luchshie-servisy-proverki-poseshhaemosti-svoego-ili-chuzhogo-sajta.html,sitemap:https://i-seo.su/wp-sitemap-posts-post-1.xml,200,https://i-seo.su/blog/luchshie-servisy-proverki-poseshhaemosti-svoego-ili-chuzhogo-sajta.html,0,text/html; charset=UTF-8,True,"index, follow, max-image-preview:large, max-snippet:-1, max-video-preview:-1",https://i-seo.su/blog/luchshie-servisy-proverki-poseshhaemosti-svoego-ili-chuzhogo-sajta.html,Лучшие сервисы проверки посещаемости своего и чужого сайта,"Понимание посещаемости сайта является неотъемлемой частью стратегии для любого онлайн-проекта. Наличие точной статистики о трафике помогает оценить эффективность маркетинговых усилий, выявить проблемы с сайтом и улучшить его видимость в поисковых системах.",1,Лучшие сервисы проверки посещаемости своего или чужого сайта,1728,77,71,True,BLOG_POST,False
https://i-seo.su/blog/marketing-osnovnye-ponyatiya-i-napravleniya.html,sitemap:https://i-seo.su/wp-sitemap-posts-post-1.xml,200,https://i-seo.su/blog/marketing-osnovnye-ponyatiya-i-napravleniya.html,0,text/html; charset=UTF-8,True,"index, follow, max-image-preview:large, max-snippet:-1, max-video-preview:-1",https://i-seo.su/blog/marketing-osnovnye-ponyatiya-i-napravleniya.html,Маркетинг: Основные Понятия и Направления,"Интернет маркетинг – это комплекс методов и инструментов, используемых для продвижения товаров и услуг в интернете. Он охватывает широкий спектр действий, таких как поисковая оптимизация (SEO)",1,Интернет-маркетинг: основные понятия и направления,2025,23,71,True,BLOG_POST,False
https://i-seo.su/blog/meta-teg-description.html,sitemap:https://i-seo.su/wp-sitemap-posts-post-1.xml,200,https://i-seo.su/blog/meta-teg-description.html,0,text/html; charset=UTF-8,True,"index, follow, max-image-preview:large, max-snippet:-1, max-video-preview:-1",https://i-seo.su/blog/meta-teg-description.html,Метатег Description - как использовать и оптимизировать,"Мета-тег Description — это один из самых важных элементов для SEO оптимизации сайта. Он представляет собой описание содержания страницы, которое отображается в поисковых системах и на других платформах, таких как социальные сети",1,Мета-тег Description,1575,30,71,True,BLOG_POST,False
https://i-seo.su/blog/metategi-kotorye-prodvigayut-polnoe-seo-rukovodstvo.html,sitemap:https://i-seo.su/wp-sitemap-posts-post-1.xml,200,https://i-seo.su/blog/metategi-kotorye-prodvigayut-polnoe-seo-rukovodstvo.html,0,text/html; charset=UTF-8,True,"index, follow, max-image-preview:large, max-snippet:-1, max-video-preview:-1",https://i-seo.su/blog/metategi-kotorye-prodvigayut-polnoe-seo-rukovodstvo.html,Мета-теги сайта: что это и как оптимизировать в SEO - чек лист,"Пошаговое руководство по метатегам: как правильно оформлять title, meta description, robots, canonical, Open Graph и Twitter Cards, чтобы улучшить индексацию, CTR и социальные сниппеты. Примеры, таблицы, кейсы и чек-лист.",1,"Метатеги, которые продвигают: полное SEO руководство по title, description, robots и Open Graph",3201,77,71,True,BLOG_POST,False
https://i-seo.su/blog/nastrojka-i-upravlenie-rolyami-polzovatelej-v-wordpress.html,sitemap:https://i-seo.su/wp-sitemap-posts-post-1.xml,200,https://i-seo.su/blog/nastrojka-i-upravlenie-rolyami-polzovatelej-v-wordpress.html,0,text/html; charset=UTF-8,True,"index, follow, max-image-preview:large, max-snippet:-1, max-video-preview:-1",https://i-seo.su/blog/nastrojka-i-upravlenie-rolyami-polzovatelej-v-wordpress.html,Настройка и управление ролями пользователей в WordPress,"Управление ролями пользователей в WordPress — это важный инструмент для организации работы команды, защиты сайта и обеспечения безопасности. WordPress предлагает гибкую систему ролей и прав доступа",1,Настройка и управление ролями пользователей в CMS WordPress,1347,37,71,True,BLOG_POST,False
https://i-seo.su/blog/nastrojka-keshirovaniya-na-sajte-wordpress.html,sitemap:https://i-seo.su/wp-sitemap-posts-post-1.xml,200,https://i-seo.su/blog/nastrojka-keshirovaniya-na-sajte-wordpress.html,0,text/html; charset=UTF-8,True,"index, follow, max-image-preview:large, max-snippet:-1, max-video-preview:-1",https://i-seo.su/blog/nastrojka-keshirovaniya-na-sajte-wordpress.html,Настройка кеширования на сайте WordPress,"Кеширование — это один из ключевых инструментов для ускорения работы сайта на WordPress. Правильно настроенное кеширование помогает улучшить скорость загрузки страниц, снизить нагрузку на сервер",1,Настроить кеширование на сайте WordPress,1314,37,71,True,BLOG_POST,False
https://i-seo.su/blog/nastrojka-korziny-na-sajte-wordpress.html,sitemap:https://i-seo.su/wp-sitemap-posts-post-1.xml,200,https://i-seo.su/blog/nastrojka-korziny-na-sajte-wordpress.html,0,text/html; charset=UTF-8,True,"index, follow, max-image-preview:large, max-snippet:-1, max-video-preview:-1",https://i-seo.su/blog/nastrojka-korziny-na-sajte-wordpress.html,Настройка Корзины на сайте WordPress,"Корзина — один из ключевых элементов любого интернет-магазина, который напрямую влияет на удобство покупателя и успешность продаж. В WordPress с использованием WooCommerce",1,Настроить корзину на сайте WordPress,1262,77,71,True,BLOG_POST,False
https://i-seo.su/blog/nastrojka-xml-karty-sajta-dlya-wordpress.html,sitemap:https://i-seo.su/wp-sitemap-posts-post-1.xml,200,https://i-seo.su/blog/nastrojka-xml-karty-sajta-dlya-wordpress.html,0,text/html; charset=UTF-8,True,"index, follow, max-image-preview:large, max-snippet:-1, max-video-preview:-1",https://i-seo.su/blog/nastrojka-xml-karty-sajta-dlya-wordpress.html,Настройка XML-карты сайта для WordPress,"Sitemap.xml - один из самых важных тех.файлов вашего сайта и от того как он будет настроен, зависит многое. Разберем как настроить xml-карту в WordPress",1,Как настроить XML-карты сайта для WordPress,1303,37,71,True,BLOG_POST,False
https://i-seo.su/blog/obnovlenie-sajta-na-tilda-sovety-po-uluchsheniyu-funkczionala-i-dizajna.html,sitemap:https://i-seo.su/wp-sitemap-posts-post-1.xml,200,https://i-seo.su/blog/obnovlenie-sajta-na-tilda-sovety-po-uluchsheniyu-funkczionala-i-dizajna.html,0,text/html; charset=UTF-8,True,"index, follow, max-image-preview:large, max-snippet:-1, max-video-preview:-1",https://i-seo.su/blog/obnovlenie-sajta-na-tilda-sovety-po-uluchsheniyu-funkczionala-i-dizajna.html,Обновление сайта на Tilda | i-Seo,"Со временем, даже самый удачный проект может устаревать как с технической точки зрения, так и с точки зрения дизайна. Эффективные способы обновления старого сайта на Tilda.",1,Обновление сайта на Tilda: Советы по улучшению функционала и дизайна,1643,43,71,True,BLOG_POST,False
https://i-seo.su/blog/obnovlenie-wordpress-i-plaginov-pochemu-eto-vazhno-i-kak-delat-pravilno.html,sitemap:https://i-seo.su/wp-sitemap-posts-post-1.xml,200,https://i-seo.su/blog/obnovlenie-wordpress-i-plaginov-pochemu-eto-vazhno-i-kak-delat-pravilno.html,0,text/html; charset=UTF-8,True,"index, follow, max-image-preview:large, max-snippet:-1, max-video-preview:-1",https://i-seo.su/blog/obnovlenie-wordpress-i-plaginov-pochemu-eto-vazhno-i-kak-delat-pravilno.html,Обновление WordPress и плагинов,"Обновление WordPress, тем и плагинов — одна из ключевых задач, обеспечивающих стабильную и безопасную работу сайта. Многие администраторы откладывают этот процесс",1,Обновление WordPress и плагинов: Почему это важно и как делать правильно,1180,30,71,True,BLOG_POST,False
https://i-seo.su/blog/obnovleniya-google-2026-kak-vstroit-svoj-biznes-v-ii-infrastrukturu-poiska.html,sitemap:https://i-seo.su/wp-sitemap-posts-post-1.xml,200,https://i-seo.su/blog/obnovleniya-google-2026-kak-vstroit-svoj-biznes-v-ii-infrastrukturu-poiska.html,0,text/html; charset=UTF-8,True,"index, follow, max-image-preview:large, max-snippet:-1, max-video-preview:-1",https://i-seo.su/blog/obnovleniya-google-2026-kak-vstroit-svoj-biznes-v-ii-infrastrukturu-poiska.html,Как обновления Google 2026 повлияют на SEO и платный поиск - INTLSEO Studio,"Как встроить свой бизнес в ИИ-инфраструктуру Google, какие обновления в 2026 году станут значимыми для всех, кто продвигался по SEO в Гугле и в целом использовал рекламу в Google AdWords - разберем в статье INTLSEO Studio",1,Обновления Google 2026: как встроить свой бизнес в ИИ-инфраструктуру поиска,2791,51,72,True,BLOG_POST,False
https://i-seo.su/blog/obzor-onlajn-servisov-dlya-raboty-s-semanticheskim-yadrom.html,sitemap:https://i-seo.su/wp-sitemap-posts-post-1.xml,200,https://i-seo.su/blog/obzor-onlajn-servisov-dlya-raboty-s-semanticheskim-yadrom.html,0,text/html; charset=UTF-8,True,"index, follow, max-image-preview:large, max-snippet:-1, max-video-preview:-1",https://i-seo.su/blog/obzor-onlajn-servisov-dlya-raboty-s-semanticheskim-yadrom.html,Обзор онлайн сервисов для работы с семантическим ядром,Семантическое ядро — это основа любой успешной SEO-стратегии. Его правильный подбор и структура помогают сайту занять высокие позиции в поисковых системах. Важно правильно собрать семантику,1,Обзор онлайн-сервисов для работы с семантикой,1566,38,71,True,BLOG_POST,False
https://i-seo.su/blog/obzor-softa-dlya-klasterizaczii-semanticheskogo-yadra.html,sitemap:https://i-seo.su/wp-sitemap-posts-post-1.xml,200,https://i-seo.su/blog/obzor-softa-dlya-klasterizaczii-semanticheskogo-yadra.html,0,text/html; charset=UTF-8,True,"index, follow, max-image-preview:large, max-snippet:-1, max-video-preview:-1",https://i-seo.su/blog/obzor-softa-dlya-klasterizaczii-semanticheskogo-yadra.html,Сервисы для семантического анализа сайта,Анализ семантического ядра - это итерационная задача сеошника для успешной SEO-оптимизации. Расскажем об инструментах для сбора и анализа семантического ядра,1,Обзор софта для кластеризации семантического ядра,1565,30,71,True,BLOG_POST,False
https://i-seo.su/blog/optimizacziya-skorosti-zagruzki-sajta-na-wordpress-prakticheskie-sovety.html,sitemap:https://i-seo.su/wp-sitemap-posts-post-1.xml,200,https://i-seo.su/blog/optimizacziya-skorosti-zagruzki-sajta-na-wordpress-prakticheskie-sovety.html,0,text/html; charset=UTF-8,True,"index, follow, max-image-preview:large, max-snippet:-1, max-video-preview:-1",https://i-seo.su/blog/optimizacziya-skorosti-zagruzki-sajta-na-wordpress-prakticheskie-sovety.html,Оптимизация скорости загрузки сайта на WordPress,"Медленные сайты увеличивают показатель отказов и снижают конверсии, поэтому важно знать, как ускорить загрузку страниц. В этой статье рассмотрены проверенные методы, которые помогут улучшить производительность",1,Оптимизация скорости загрузки сайта на WordPress: Практические советы,1278,37,71,True,BLOG_POST,False
https://i-seo.su/blog/otzyvy-na-yandeks-kartah-kak-proskochit-moderacziyu.html,sitemap:https://i-seo.su/wp-sitemap-posts-post-1.xml,200,https://i-seo.su/blog/otzyvy-na-yandeks-kartah-kak-proskochit-moderacziyu.html,0,text/html; charset=UTF-8,True,"index, follow, max-image-preview:large, max-snippet:-1, max-video-preview:-1",https://i-seo.su/blog/otzyvy-na-yandeks-kartah-kak-proskochit-moderacziyu.html,Отзывы на Яндекс Картах - как проскочить модерацию,"Отзывы на ЯндексКартах играют важную роль в формировании репутации компании, магазина или организации. Положительные отзывы помогают привлечь новых клиентов, а негативные — дают возможность для улучшения сервиса",1,Отзывы на Яндекс Картах — как проскочить модерацию,1478,56,71,True,BLOG_POST,False
https://i-seo.su/blog/perenos-sajta-s-tilda-na-wordpress.html,sitemap:https://i-seo.su/wp-sitemap-posts-post-1.xml,200,https://i-seo.su/blog/perenos-sajta-s-tilda-na-wordpress.html,0,text/html; charset=UTF-8,True,"index, follow, max-image-preview:large, max-snippet:-1, max-video-preview:-1",https://i-seo.su/blog/perenos-sajta-s-tilda-na-wordpress.html,Перенос сайта с Tilda на WordPress,"Перенос сайта с Tilda на WordPress — это шаг, который часто совершают владельцы проектов, стремящиеся к большей гибкости, расширенной функциональности и свободе в управлении своим ресурсом.",1,Перенос сайта с Tilda на WordPress: этапы,1344,79,71,True,BLOG_POST,False
https://i-seo.su/blog/perenos-sajta-wordpress-na-drugoj-hosting.html,sitemap:https://i-seo.su/wp-sitemap-posts-post-1.xml,200,https://i-seo.su/blog/perenos-sajta-wordpress-na-drugoj-hosting.html,0,text/html; charset=UTF-8,True,"index, follow, max-image-preview:large, max-snippet:-1, max-video-preview:-1",https://i-seo.su/blog/perenos-sajta-wordpress-na-drugoj-hosting.html,Перенос сайта WordPress на другой хостинг,"Перенос сайта WordPress на другой хостинг — задача, которая может возникнуть по разным причинам: необходимость смены провайдера, улучшение технических характеристик или желание сэкономить.",1,Перенос сайта WordPress на другой хостинг: как безопасно сделать,1281,37,71,True,BLOG_POST,False
https://i-seo.su/blog/podbor-zaprosov-dlya-novogo-proekta.html,sitemap:https://i-seo.su/wp-sitemap-posts-post-1.xml,200,https://i-seo.su/blog/podbor-zaprosov-dlya-novogo-proekta.html,0,text/html; charset=UTF-8,True,"index, follow, max-image-preview:large, max-snippet:-1, max-video-preview:-1",https://i-seo.su/blog/podbor-zaprosov-dlya-novogo-proekta.html,Подбор запросов для нового проекта,"Подбор запросов для нового проекта — важный этап в процессе SEO-оптимизации, который поможет вашему сайту занять высокие позиции в поисковой выдаче.",1,Подбор запросов для нового проекта: основа сбора семантики,1603,30,71,True,BLOG_POST,False
https://i-seo.su/blog/povedencheskie-faktory-sajta-kak-oni-realno-vliyayut-na-seo-i-gde-granicza-riska-nakrutki.html,sitemap:https://i-seo.su/wp-sitemap-posts-post-1.xml,200,https://i-seo.su/blog/povedencheskie-faktory-sajta-kak-oni-realno-vliyayut-na-seo-i-gde-granicza-riska-nakrutki.html,0,text/html; charset=UTF-8,True,"index, follow, max-image-preview:large, max-snippet:-1, max-video-preview:-1",https://i-seo.su/blog/povedencheskie-faktory-sajta-kak-oni-realno-vliyayut-na-seo-i-gde-granicza-riska-nakrutki.html,Поведенческие факторы сайта: как они влияют на SEO и где граница риска накрутки,"Разбираем поведенческие факторы: что это такое, как они учитываются поисковиками (Google/Яндекс), как измерять и улучшать без накрутки. Кейсы, таблицы, чек-листы, риски санкций.",1,Поведенческие факторы сайта: как они реально влияют на SEO и где граница риска накрутки,2872,37,71,True,BLOG_POST,False
https://i-seo.su/blog/poziczii-sajta-kak-proveryat-oczenivat-i-vybirat-servisy-chtoby-ne-tratit-vremya-zrya.html,sitemap:https://i-seo.su/wp-sitemap-posts-post-1.xml,200,https://i-seo.su/blog/poziczii-sajta-kak-proveryat-oczenivat-i-vybirat-servisy-chtoby-ne-tratit-vremya-zrya.html,0,text/html; charset=UTF-8,True,"index, follow, max-image-preview:large, max-snippet:-1, max-video-preview:-1",https://i-seo.su/blog/poziczii-sajta-kak-proveryat-oczenivat-i-vybirat-servisy-chtoby-ne-tratit-vremya-zrya.html,"Позиции сайта: что это такое, как проверять, оценивать и какие сервисы использовать","Экспертное руководство по позициям сайта: корректная проверка и интерпретация, выбор сервисов, настройка мониторинга, кейсы и чек-листы. Подходит для SEO-специалистов, маркетологов и владельцев бизнеса.",1,"Позиции сайта: как проверять, оценивать и выбирать сервисы, чтобы не тратить время зря",2831,37,71,True,BLOG_POST,False
https://i-seo.su/blog/poziczii-sajta-v-yandeks-i-google-kak-otslezhivat-i-povyshat-rezultaty.html,sitemap:https://i-seo.su/wp-sitemap-posts-post-1.xml,200,https://i-seo.su/blog/poziczii-sajta-v-yandeks-i-google-kak-otslezhivat-i-povyshat-rezultaty.html,0,text/html; charset=UTF-8,True,"index, follow, max-image-preview:large, max-snippet:-1, max-video-preview:-1",https://i-seo.su/blog/poziczii-sajta-v-yandeks-i-google-kak-otslezhivat-i-povyshat-rezultaty.html,Позиции сайта в Яндекс и Google: как отслеживать и повышать,"В условиях современного интернет-маркетинга важность отслеживания позиций вашего сайта в поисковых системах, таких как Яндекс и Google, трудно переоценить.",1,Позиции сайта в Яндекс и Google: как отслеживать и повышать результаты,1682,37,71,True,BLOG_POST,False
https://i-seo.su/blog/pravila-seo-prodvizheniya-v-2026-godu.html,sitemap:https://i-seo.su/wp-sitemap-posts-post-1.xml,200,https://i-seo.su/blog/pravila-seo-prodvizheniya-v-2026-godu.html,0,text/html; charset=UTF-8,True,"index, follow, max-image-preview:large, max-snippet:-1, max-video-preview:-1",https://i-seo.su/blog/pravila-seo-prodvizheniya-v-2026-godu.html,SEO 2026 - INTLSEO Studio,Доказательное SEO 2026 простыми словами с примерами. Почему не надо хоронить поисковую оптимизацию и как встроиться в реалии GEO и AEO продвижения на разных платформах - разберем в статье INTLSEO Studio,1,Правила SEO продвижения в 2026 году,2727,58,72,True,BLOG_POST,False
https://i-seo.su/blog/pravilnaya-struktura-sajta-kak-gramotno-sostavit.html,sitemap:https://i-seo.su/wp-sitemap-posts-post-1.xml,200,https://i-seo.su/blog/pravilnaya-struktura-sajta-kak-gramotno-sostavit.html,0,text/html; charset=UTF-8,True,"index, follow, max-image-preview:large, max-snippet:-1, max-video-preview:-1",https://i-seo.su/blog/pravilnaya-struktura-sajta-kak-gramotno-sostavit.html,Правильная структура сайта: как грамотно составить,"Грамотно построенная структура сайта — это фундамент для успешного веб-ресурса, влияющий на удобство использования, SEO и ранжирование в поисковых системах",1,"Правильная структура сайта: как составить, на что влияет",1587,30,71,True,BLOG_POST,False
https://i-seo.su/blog/pravilnyj-podbor-semantiki-dlya-seo-kak-sobrat-effektivnoe-semanticheskoe-yadro.html,sitemap:https://i-seo.su/wp-sitemap-posts-post-1.xml,200,https://i-seo.su/blog/pravilnyj-podbor-semantiki-dlya-seo-kak-sobrat-effektivnoe-semanticheskoe-yadro.html,0,text/html; charset=UTF-8,True,"index, follow, max-image-preview:large, max-snippet:-1, max-video-preview:-1",https://i-seo.su/blog/pravilnyj-podbor-semantiki-dlya-seo-kak-sobrat-effektivnoe-semanticheskoe-yadro.html,Как правильно подобрать семантику для сайта,"Узнайте, как правильно подобрать семантику для сайта, собрать семантическое ядро, выбрать ключевые слова, повысить позиции в поиске и увеличить целевой трафик",1,Правильный подбор семантики для SEO: как собрать эффективное семантическое ядро,1568,30,71,True,BLOG_POST,False
https://i-seo.su/blog/pravilnyj-robots-txt-dlya-sajta-na-wordpress.html,sitemap:https://i-seo.su/wp-sitemap-posts-post-1.xml,200,https://i-seo.su/blog/pravilnyj-robots-txt-dlya-sajta-na-wordpress.html,0,text/html; charset=UTF-8,True,"index, follow, max-image-preview:large, max-snippet:-1, max-video-preview:-1",https://i-seo.su/blog/pravilnyj-robots-txt-dlya-sajta-na-wordpress.html,Правильный robots.txt для сайта на WordPress - INTLSEO,"Файл robots.txt — это текстовый файл, который сообщает поисковым системам, какие страницы или разделы вашего сайта должны быть сканированы, а какие — нет.",1,Правильный robots.txt для сайта на WordPress,1324,37,71,True,BLOG_POST,False
https://i-seo.su/blog/preimushhestva-ispolzovaniya-besplatnogo-konstruktora-sajtov-tilda.html,sitemap:https://i-seo.su/wp-sitemap-posts-post-1.xml,200,https://i-seo.su/blog/preimushhestva-ispolzovaniya-besplatnogo-konstruktora-sajtov-tilda.html,0,text/html; charset=UTF-8,True,"index, follow, max-image-preview:large, max-snippet:-1, max-video-preview:-1",https://i-seo.su/blog/preimushhestva-ispolzovaniya-besplatnogo-konstruktora-sajtov-tilda.html,Бесплатный конструктор сайтов Tilda,"Tilda — платформа для создания сайтов с уникальной системой блоков, которая позволяет создавать веб-страницы без необходимости писать код.",1,Преимущества использования бесплатного конструктора сайтов Tilda,1661,43,71,True,BLOG_POST,False
https://i-seo.su/blog/primery-semanticheskogo-yadra-dlya-raboty.html,sitemap:https://i-seo.su/wp-sitemap-posts-post-1.xml,200,https://i-seo.su/blog/primery-semanticheskogo-yadra-dlya-raboty.html,0,text/html; charset=UTF-8,True,"index, follow, max-image-preview:large, max-snippet:-1, max-video-preview:-1",https://i-seo.su/blog/primery-semanticheskogo-yadra-dlya-raboty.html,Примеры семантического ядра,"Семантическое ядро — это основа успешной стратегии SEO-продвижения любого сайта. Для того чтобы сайт был видим в поисковых системах, важно правильно выбрать ключевые запросы и организовать их в логическую структуру.",1,Примеры семантического ядра для работы,1516,30,71,True,BLOG_POST,False
https://i-seo.su/blog/princzipy-razmeshheniya-otzyvov-v-spravochnikah-yandeks-i-google.html,sitemap:https://i-seo.su/wp-sitemap-posts-post-1.xml,200,https://i-seo.su/blog/princzipy-razmeshheniya-otzyvov-v-spravochnikah-yandeks-i-google.html,0,text/html; charset=UTF-8,True,"index, follow, max-image-preview:large, max-snippet:-1, max-video-preview:-1",https://i-seo.su/blog/princzipy-razmeshheniya-otzyvov-v-spravochnikah-yandeks-i-google.html,Принципы размещения отзывов справочниках Яндекс и Google,"В эпоху цифровых технологий отзывы играют важную роль в формировании репутации компании и доверия к ней. Платформы, такие как Яндекс и Google, предоставляют возможность оставлять отзывы",1,Принципы размещения отзывов в справочниках Яндекс и Google,1654,37,71,True,BLOG_POST,False
https://i-seo.su/blog/prodayushhie-teksty.html,sitemap:https://i-seo.su/wp-sitemap-posts-post-1.xml,200,https://i-seo.su/blog/prodayushhie-teksty.html,0,text/html; charset=UTF-8,True,"index, follow, max-image-preview:large, max-snippet:-1, max-video-preview:-1",https://i-seo.su/blog/prodayushhie-teksty.html,"Продающие тексты - как сделать, что учесть для СЕО","Эффективное написание продающих текстов — это искусство, которое требует не только креативности, но и понимания принципов SEO. В этой статье мы рассмотрим, как создавать тексты",1,Продающие тексты,1372,30,71,True,BLOG_POST,False
https://i-seo.su/blog/prodvizhenie-internet-magazina-chasov-kak-obognat-marketplejsy-i-vyrasti-v-seo-x2-za-12-mesyaczev.html,sitemap:https://i-seo.su/wp-sitemap-posts-post-1.xml,200,https://i-seo.su/blog/prodvizhenie-internet-magazina-chasov-kak-obognat-marketplejsy-i-vyrasti-v-seo-x2-za-12-mesyaczev.html,0,text/html; charset=UTF-8,True,"index, follow, max-image-preview:large, max-snippet:-1, max-video-preview:-1",https://i-seo.su/blog/prodvizhenie-internet-magazina-chasov-kak-obognat-marketplejsy-i-vyrasti-v-seo-x2-za-12-mesyaczev.html,Продвижение интернет‑магазина часов: как обогнать маркетплейсы и вырасти в SEO x2 за 12 месяцев - INTLSEO Studio,"Полная стратегия продвижения интернет‑магазина часов: SEO, структура каталога, контент, Digital PR и CRO. Чек-листы, шаблоны мета‑тегов, примеры, кейсы, таблицы и дорожная карта на 12 месяцев",1,Продвижение интернет‑магазина часов: как обогнать маркетплейсы и вырасти в SEO x2 за 12 месяцев,3233,30,71,True,BLOG_POST,False
https://i-seo.su/blog/programmy-dlya-raboty-s-semanticheskim-yadrom.html,sitemap:https://i-seo.su/wp-sitemap-posts-post-1.xml,200,https://i-seo.su/blog/programmy-dlya-raboty-s-semanticheskim-yadrom.html,0,text/html; charset=UTF-8,True,"index, follow, max-image-preview:large, max-snippet:-1, max-video-preview:-1",https://i-seo.su/blog/programmy-dlya-raboty-s-semanticheskim-yadrom.html,Программы для работы с семантическим ядром,"Работа с семантическим ядром является важной частью SEO-оптимизации. Составление ядра помогает правильно настроить сайт под ключевые запросы, улучшить его видимость в поисковых системах и повысить позиции в результатах поиска",1,Программы для работы с семантическим ядром: бесплатные и платные сервисы,1644,30,71,True,BLOG_POST,False
https://i-seo.su/blog/proverka-kolichestva-posetitelej-sajta-i-konkurentov-servisy-i-metody.html,sitemap:https://i-seo.su/wp-sitemap-posts-post-1.xml,200,https://i-seo.su/blog/proverka-kolichestva-posetitelej-sajta-i-konkurentov-servisy-i-metody.html,0,text/html; charset=UTF-8,True,"index, follow, max-image-preview:large, max-snippet:-1, max-video-preview:-1",https://i-seo.su/blog/proverka-kolichestva-posetitelej-sajta-i-konkurentov-servisy-i-metody.html,Проверка количества посетителей сайта и конкурентов,"Посещаемость вашего сайта - очень важный показатель, который необходио отслеживать в динамике регулярно. Разберем как анализировать, какие сервисы брать",1,Проверка количества посетителей сайта и конкурентов: сервисы и методы,1910,37,71,True,BLOG_POST,False
https://i-seo.su/blog/proverka-zaprosov-v-yandeks-vordstat.html,sitemap:https://i-seo.su/wp-sitemap-posts-post-1.xml,200,https://i-seo.su/blog/proverka-zaprosov-v-yandeks-vordstat.html,0,text/html; charset=UTF-8,True,"index, follow, max-image-preview:large, max-snippet:-1, max-video-preview:-1",https://i-seo.su/blog/proverka-zaprosov-v-yandeks-vordstat.html,Проверка запросов в Яндекс.Вордстат,"Яндекс.Вордстат — это мощный инструмент, который предоставляет доступ к статистике поисковых запросов в поисковой системе Яндекс. Этот сервис позволяет специалистам по SEO и интернет-маркетингу анализировать поведение пользователей",1,Проверка запросов в Яндекс.Вордстат: как использовать сервис,1667,37,71,True,BLOG_POST,False
https://i-seo.su/blog/redirekty-chto-eto-takoe-i-kakie-tipy-sushhestvuyut.html,sitemap:https://i-seo.su/wp-sitemap-posts-post-1.xml,200,https://i-seo.su/blog/redirekty-chto-eto-takoe-i-kakie-tipy-sushhestvuyut.html,0,text/html; charset=UTF-8,True,"index, follow, max-image-preview:large, max-snippet:-1, max-video-preview:-1",https://i-seo.su/blog/redirekty-chto-eto-takoe-i-kakie-tipy-sushhestvuyut.html,Редиректы: что это такое и какие типы существуют?,"Про redirect 301 наверняка слышали многие, но это не единственный вид редиректов. Разберем редиректы бывают и когда их нужно использовать",1,Редиректы: что это и какие типы существуют?,1407,30,71,True,BLOG_POST,False
https://i-seo.su/blog/regionalnaya-prinadlezhnost-sajta-chto-eto.html,sitemap:https://i-seo.su/wp-sitemap-posts-post-1.xml,200,https://i-seo.su/blog/regionalnaya-prinadlezhnost-sajta-chto-eto.html,0,text/html; charset=UTF-8,True,"index, follow, max-image-preview:large, max-snippet:-1, max-video-preview:-1",https://i-seo.su/blog/regionalnaya-prinadlezhnost-sajta-chto-eto.html,Региональная принадлежность сайта — что это,"Региональность сайта — это параметр, который определяет, к какому региону относится сайт и какие географические зоны он охватывает.",1,Региональная принадлежность сайта — что это и как влияет на СЕО,1216,30,71,True,BLOG_POST,False
https://i-seo.su/blog/relevantnost-chto-takoe.html,sitemap:https://i-seo.su/wp-sitemap-posts-post-1.xml,200,https://i-seo.su/blog/relevantnost-chto-takoe.html,0,text/html; charset=UTF-8,True,"index, follow, max-image-preview:large, max-snippet:-1, max-video-preview:-1",https://i-seo.su/blog/relevantnost-chto-takoe.html,"Релевантность: определение, виды, критерии и чеклист повышения (Google/Яндекс)","Что такое релевантность: примеры, виды и критерии. Покажем, как проверить релевантность страницы в Google и Яндексе и как повысить её, чтобы получать целевой трафик.",1,Релевантность: что это такое простыми словами и как влияет на SEO,4326,39,71,True,BLOG_POST,False
https://i-seo.su/blog/robots-txt-kotoryj-ne-lomaet-indeksacziyu.html,sitemap:https://i-seo.su/wp-sitemap-posts-post-1.xml,200,https://i-seo.su/blog/robots-txt-kotoryj-ne-lomaet-indeksacziyu.html,0,text/html; charset=UTF-8,True,"index, follow, max-image-preview:large, max-snippet:-1, max-video-preview:-1",https://i-seo.su/blog/robots-txt-kotoryj-ne-lomaet-indeksacziyu.html,"Файл robots.txt: что это, как создать и настроить правильно","Разбираем robots.txt: для чего нужен, как работает, что можно и нельзя. Синтаксис и приоритеты правил, Allow/Disallow, Sitemap, Crawl-delay, Host и Clean-param. Примеры для eCommerce/блога/SPA, кейсы, таблицы, чек-лист и отладка",1,"Robots.txt, который не ломает индексацию: как создать, настроить и проверить",3006,56,71,True,BLOG_POST,False
https://i-seo.su/blog/rol-zagolovkov-v-seo.html,sitemap:https://i-seo.su/wp-sitemap-posts-post-1.xml,200,https://i-seo.su/blog/rol-zagolovkov-v-seo.html,0,text/html; charset=UTF-8,True,"index, follow, max-image-preview:large, max-snippet:-1, max-video-preview:-1",https://i-seo.su/blog/rol-zagolovkov-v-seo.html,Роль заголовков в SEO,"Заголовки являются неотъемлемой частью контента на сайте, и их значение для SEO невозможно переоценить. Именно заголовки помогают привлечь внимание пользователя, повысить кликабельность и улучшить видимость страницы в поисковых системах",1,Роль заголовков в SEO: как составить грамотно,1558,30,71,True,BLOG_POST,False
https://i-seo.su/blog/sbor-i-podgotovka-semanticheskogo-yadra-dlya-yandeks-direkt.html,sitemap:https://i-seo.su/wp-sitemap-posts-post-1.xml,200,https://i-seo.su/blog/sbor-i-podgotovka-semanticheskogo-yadra-dlya-yandeks-direkt.html,0,text/html; charset=UTF-8,True,"index, follow, max-image-preview:large, max-snippet:-1, max-video-preview:-1",https://i-seo.su/blog/sbor-i-podgotovka-semanticheskogo-yadra-dlya-yandeks-direkt.html,Сбор и подготовка семантического ядра для Яндекс Директ,"Семантическое ядро – это перечень ключевых запросов, по которым пользователи ищут информацию в интернете. Для эффективного продвижения сайта и запуска рекламы в Яндекс Директ важно правильно составить семантическое ядро",1,Сбор и подготовка семантического ядра для Яндекс Директ,1251,30,71,True,BLOG_POST,False
https://i-seo.su/blog/sbor-semanticheskogo-yadra-dlya-sajta-poshagovaya-instrukcziya-kotoraya-rabotaet-v-2025.html,sitemap:https://i-seo.su/wp-sitemap-posts-post-1.xml,200,https://i-seo.su/blog/sbor-semanticheskogo-yadra-dlya-sajta-poshagovaya-instrukcziya-kotoraya-rabotaet-v-2025.html,0,text/html; charset=UTF-8,True,"index, follow, max-image-preview:large, max-snippet:-1, max-video-preview:-1",https://i-seo.su/blog/sbor-semanticheskogo-yadra-dlya-sajta-poshagovaya-instrukcziya-kotoraya-rabotaet-v-2025.html,Сбор семантического ядра для сайта — пошаговая инструкция,"Экспертная статья о том, как собрать семантическое ядро: от источников и минусации до кластеризации, карты релевантности и контент-плана. Пошагово, с примерами и кейсами",1,"Сбор семантического ядра для сайта: пошаговая инструкция, которая работает в 2025",3285,16,72,True,BLOG_POST,False
https://i-seo.su/blog/semanticheskij-analiz-klyuchevyh-slov-v-seo.html,sitemap:https://i-seo.su/wp-sitemap-posts-post-1.xml,200,https://i-seo.su/blog/semanticheskij-analiz-klyuchevyh-slov-v-seo.html,0,text/html; charset=UTF-8,True,"index, follow, max-image-preview:large, max-snippet:-1, max-video-preview:-1",https://i-seo.su/blog/semanticheskij-analiz-klyuchevyh-slov-v-seo.html,Семантический анализ ключевых слов в SEO,"Семантический анализ — это процесс исследования и группировки ключевых слов, направленный на улучшение поисковой оптимизации сайта. Он помогает определить релевантные фразы, которые пользователи вводят в поисковую строку",1,Семантический анализ в SEO: ключевые слова,1180,30,71,True,BLOG_POST,False
https://i-seo.su/blog/semanticheskoe-yadro-dlya-internet-magazina-poshagovaya-instrukcziya-po-sozdaniyu.html,sitemap:https://i-seo.su/wp-sitemap-posts-post-1.xml,200,https://i-seo.su/blog/semanticheskoe-yadro-dlya-internet-magazina-poshagovaya-instrukcziya-po-sozdaniyu.html,0,text/html; charset=UTF-8,True,"index, follow, max-image-preview:large, max-snippet:-1, max-video-preview:-1",https://i-seo.su/blog/semanticheskoe-yadro-dlya-internet-magazina-poshagovaya-instrukcziya-po-sozdaniyu.html,Семантическое ядро для интернет-магазина,"Оптимизация интернет-магазина начинается с грамотного составления семантического ядра (СЯ). Это фундамент SEO-продвижения, который определяет, по каким запросам ваш сайт будут находить потенциальные покупатели.",1,Семантическое ядро для интернет-магазина: пошаговая инструкция по созданию,1257,30,71,True,BLOG_POST,False
https://i-seo.su/blog/semanticheskoe-yadro-dlya-magazina-mebeli.html,sitemap:https://i-seo.su/wp-sitemap-posts-post-1.xml,200,https://i-seo.su/blog/semanticheskoe-yadro-dlya-magazina-mebeli.html,0,text/html; charset=UTF-8,True,"index, follow, max-image-preview:large, max-snippet:-1, max-video-preview:-1",https://i-seo.su/blog/semanticheskoe-yadro-dlya-magazina-mebeli.html,Семантическое ядро для магазина мебели,"Создание качественного семантического ядра — это один из самых важных этапов для успешного продвижения сайта, особенно для интернет-магазина мебели. Правильно подобранные ключевые фразы и запросы могут значительно улучшить видимость магазина в поисковых системах",1,Семантическое ядро для магазина мебели: пошаговая инструкция,1623,30,71,True,BLOG_POST,False
https://i-seo.su/blog/seo-audit-sajta.html,sitemap:https://i-seo.su/wp-sitemap-posts-post-1.xml,200,https://i-seo.su/blog/seo-audit-sajta.html,0,text/html; charset=UTF-8,True,"index, follow, max-image-preview:large, max-snippet:-1, max-video-preview:-1",https://i-seo.su/blog/seo-audit-sajta.html,SEO аудит сайта,"В современном digital-пространстве наличие качественного и эффективно функционирующего сайта — это не просто желание, а необходимость для любого бизнеса.",1,SEO аудит сайта,2126,37,71,True,BLOG_POST,False
https://i-seo.su/blog/seo-struktura-kotoraya-ranzhiruetsya.html,sitemap:https://i-seo.su/wp-sitemap-posts-post-1.xml,200,https://i-seo.su/blog/seo-struktura-kotoraya-ranzhiruetsya.html,0,text/html; charset=UTF-8,True,"index, follow, max-image-preview:large, max-snippet:-1, max-video-preview:-1",https://i-seo.su/blog/seo-struktura-kotoraya-ranzhiruetsya.html,Правильная SEO структура сайта: из чего состоит и как создать,"Полный гид по SEO структуре: как собрать семантику, спроектировать навигацию, фасеты, URL и перелинковку. Таблицы, примеры, кейсы и пошаговый план внедрения без потери трафика.",1,"SEO структура, которая ранжируется: как спроектировать сайт, понятный людям и поисковикам",3166,63,71,True,BLOG_POST,False
https://i-seo.su/blog/sitemap-kotoryj-uskoryaet-indeksacziyu.html,sitemap:https://i-seo.su/wp-sitemap-posts-post-1.xml,200,https://i-seo.su/blog/sitemap-kotoryj-uskoryaet-indeksacziyu.html,0,text/html; charset=UTF-8,True,"index, follow, max-image-preview:large, max-snippet:-1, max-video-preview:-1",https://i-seo.su/blog/sitemap-kotoryj-uskoryaet-indeksacziyu.html,"Карта сайта (sitemap): что это, как создать и настроить","Разбираем sitemap: виды (XML, image, video, news), структура и теги, ограничения, архитектура для eCommerce и медиа, генерация и автоматизация, подключение в Search Console, типичные ошибки и кейсы. Таблицы, примеры и чек лист",1,"Sitemap, который ускоряет индексацию: что это, как создать и настроить без ошибок",3370,30,71,True,BLOG_POST,False
https://i-seo.su/blog/sitemap-vse-pro-fajl-karty-sajta.html,sitemap:https://i-seo.su/wp-sitemap-posts-post-1.xml,200,https://i-seo.su/blog/sitemap-vse-pro-fajl-karty-sajta.html,0,text/html; charset=UTF-8,True,"index, follow, max-image-preview:large, max-snippet:-1, max-video-preview:-1",https://i-seo.su/blog/sitemap-vse-pro-fajl-karty-sajta.html,Sitemap — все про технический файл карты сайта,"Sitemap — это файл, который содержит информацию о страницах сайта, помогающий поисковым системам быстрее и правильнее индексировать его содержимое. Он представляет собой своего рода карту",1,Sitemap — все про файл карты сайта,1835,37,71,True,BLOG_POST,False
https://i-seo.su/blog/sovety-po-uluchsheniyu-bezopasnosti-admin-paneli-wordpress.html,sitemap:https://i-seo.su/wp-sitemap-posts-post-1.xml,200,https://i-seo.su/blog/sovety-po-uluchsheniyu-bezopasnosti-admin-paneli-wordpress.html,0,text/html; charset=UTF-8,True,"index, follow, max-image-preview:large, max-snippet:-1, max-video-preview:-1",https://i-seo.su/blog/sovety-po-uluchsheniyu-bezopasnosti-admin-paneli-wordpress.html,Советы по улучшению безопасности админ-панели WordPress,Админ-панель WordPress является ключевым элементом управления сайтом. Именно она чаще всего становится мишенью для хакерских атак. Повышение безопасности административного доступа,1,Улучшение безопасности админ-панели WordPress,1303,37,71,True,BLOG_POST,False
https://i-seo.su/blog/sozdanie-internet-magazina-na-woocommerce.html,sitemap:https://i-seo.su/wp-sitemap-posts-post-1.xml,200,https://i-seo.su/blog/sozdanie-internet-magazina-na-woocommerce.html,0,text/html; charset=UTF-8,True,"index, follow, max-image-preview:large, max-snippet:-1, max-video-preview:-1",https://i-seo.su/blog/sozdanie-internet-magazina-na-woocommerce.html,Создание интернет-магазина на WooCommerce,"WooCommerce — это одно из самых популярных решений для создания интернет-магазинов на WordPress. Этот плагин предлагает гибкие настройки, широкий функционал и удобство управления",1,Создание интернет-магазина с плагином WooCommerce,1227,30,71,True,BLOG_POST,False
https://i-seo.su/blog/sozdanie-mnogoyazychnogo-sajta-na-wordpress.html,sitemap:https://i-seo.su/wp-sitemap-posts-post-1.xml,200,https://i-seo.su/blog/sozdanie-mnogoyazychnogo-sajta-na-wordpress.html,0,text/html; charset=UTF-8,True,"index, follow, max-image-preview:large, max-snippet:-1, max-video-preview:-1",https://i-seo.su/blog/sozdanie-mnogoyazychnogo-sajta-na-wordpress.html,Создание многоязычного сайта на WordPress - инструкция,Многоязычный сайт — это эффективный способ охватить более широкую аудиторию и выйти на новые рынки. Для WordPress создание многоязычного ресурса достаточно просто благодаря наличию специализированных инструментов и плагинов.,1,Создание многоязычного сайта на WordPress,1313,30,71,True,BLOG_POST,False
https://i-seo.su/blog/sozdanie-unikalnogo-dizajna-na-tilda-bez-znanij-koda.html,sitemap:https://i-seo.su/wp-sitemap-posts-post-1.xml,200,https://i-seo.su/blog/sozdanie-unikalnogo-dizajna-na-tilda-bez-znanij-koda.html,0,text/html; charset=UTF-8,True,"index, follow, max-image-preview:large, max-snippet:-1, max-video-preview:-1",https://i-seo.su/blog/sozdanie-unikalnogo-dizajna-na-tilda-bez-znanij-koda.html,Создание уникального дизайна на Tilda,Платформа Tilda предлагает удобные инструменты для создания стильных и функциональных сайтов без необходимости владеть программированием.,1,Создание уникального дизайна на Tilda без знаний кода,1206,43,71,True,BLOG_POST,False
https://i-seo.su/blog/sravnenie-vozmozhnostej-tilda-i-drugih-konstruktorov-sajtov-chto-vybrat.html,sitemap:https://i-seo.su/wp-sitemap-posts-post-1.xml,200,https://i-seo.su/blog/sravnenie-vozmozhnostej-tilda-i-drugih-konstruktorov-sajtov-chto-vybrat.html,0,text/html; charset=UTF-8,True,"index, follow, max-image-preview:large, max-snippet:-1, max-video-preview:-1",https://i-seo.su/blog/sravnenie-vozmozhnostej-tilda-i-drugih-konstruktorov-sajtov-chto-vybrat.html,Сравнение возможностей Tilda и других конструкторов сайтов,"Tilda – это конструктор сайтов, ориентированный на дизайнеров, маркетологов и предпринимателей, которым нужен стильный и функциональный сайт без глубокого погружения в кодинг.",1,Сравнение возможностей Tilda и других конструкторов сайтов: Что выбрать?,1201,43,71,True,BLOG_POST,False
https://i-seo.su/blog/statistika-yandeks-metriki-dlya-biznesa-kak-analizirovat-sajt-kompanii.html,sitemap:https://i-seo.su/wp-sitemap-posts-post-1.xml,200,https://i-seo.su/blog/statistika-yandeks-metriki-dlya-biznesa-kak-analizirovat-sajt-kompanii.html,0,text/html; charset=UTF-8,True,"index, follow, max-image-preview:large, max-snippet:-1, max-video-preview:-1",https://i-seo.su/blog/statistika-yandeks-metriki-dlya-biznesa-kak-analizirovat-sajt-kompanii.html,Статистика Яндекс.Метрики для бизнеса: как анализировать,"Яндекс.Метрика — это один из самых популярных и функциональных инструментов для анализа сайтов. Он позволяет отслеживать поведение пользователей, источники трафика",1,Статистика Яндекс.Метрики для бизнеса: как анализировать сайт компании,1947,44,71,True,BLOG_POST,False
https://i-seo.su/blog/struktura-sajta-kak-sproektirovat-v-tom-chisle-strukturu-internet-magazina-i-uluchshit-seo.html,sitemap:https://i-seo.su/wp-sitemap-posts-post-1.xml,200,https://i-seo.su/blog/struktura-sajta-kak-sproektirovat-v-tom-chisle-strukturu-internet-magazina-i-uluchshit-seo.html,0,text/html; charset=UTF-8,True,"index, follow, max-image-preview:large, max-snippet:-1, max-video-preview:-1",https://i-seo.su/blog/struktura-sajta-kak-sproektirovat-v-tom-chisle-strukturu-internet-magazina-i-uluchshit-seo.html,"Структура сайта и интернет магазина: виды, схемы, ошибки и чеклист SEO","Разбираем виды структуры сайта и структуру интернет магазина: категории, фильтры, URL, индексация. Даем чеклист, шаблоны и план аудита.",1,Структура сайта: как спроектировать (в том числе структуру интернет-магазина) и улучшить SEO,5194,37,71,True,BLOG_POST,False
https://i-seo.su/blog/tag/ai,sitemap:https://i-seo.su/wp-sitemap-taxonomies-post_tag-1.xml,200,https://i-seo.su/blog/tag/ai,0,text/html; charset=UTF-8,False,"noindex, follow",,Архивы AI - INTLSEO Studio,,1,Новости,4027,0,240,True,WP_PAGE,False
https://i-seo.su/blog/tag/analitika,sitemap:https://i-seo.su/wp-sitemap-taxonomies-post_tag-1.xml,200,https://i-seo.su/blog/tag/analitika,0,text/html; charset=UTF-8,False,"noindex, follow",,Архивы Аналитика - INTLSEO Studio,,1,Новости,4027,0,240,True,WP_PAGE,False
https://i-seo.su/blog/tag/chernyj-spisok,sitemap:https://i-seo.su/wp-sitemap-taxonomies-post_tag-1.xml,200,https://i-seo.su/blog/tag/chernyj-spisok,0,text/html; charset=UTF-8,False,"noindex, follow",,Архивы Черный список - INTLSEO Studio,,1,Новости,4027,0,240,True,WP_PAGE,False
https://i-seo.su/blog/tag/domen,sitemap:https://i-seo.su/wp-sitemap-taxonomies-post_tag-1.xml,200,https://i-seo.su/blog/tag/domen,0,text/html; charset=UTF-8,False,"noindex, follow",,Архивы Домен - INTLSEO Studio,,1,Разработка,683,0,73,True,WP_PAGE,False
https://i-seo.su/blog/tag/e-e-a-t,sitemap:https://i-seo.su/wp-sitemap-taxonomies-post_tag-1.xml,200,https://i-seo.su/blog/tag/e-e-a-t,0,text/html; charset=UTF-8,False,"noindex, follow",,Архивы E-E-A-T - INTLSEO Studio,,1,Новости,4027,0,240,True,WP_PAGE,False
https://i-seo.su/blog/tag/geo,sitemap:https://i-seo.su/wp-sitemap-taxonomies-post_tag-1.xml,200,https://i-seo.su/blog/tag/geo,0,text/html; charset=UTF-8,False,"noindex, follow",,Архивы GEO - INTLSEO Studio,,1,Новости,4027,0,240,True,WP_PAGE,False
https://i-seo.su/blog/tag/ii,sitemap:https://i-seo.su/wp-sitemap-taxonomies-post_tag-1.xml,200,https://i-seo.su/blog/tag/ii,0,text/html; charset=UTF-8,False,"noindex, follow",,Архивы ИИ - INTLSEO Studio,,1,Новости,4027,0,240,True,WP_PAGE,False
https://i-seo.su/blog/tag/link-building,sitemap:https://i-seo.su/wp-sitemap-taxonomies-post_tag-1.xml,200,https://i-seo.su/blog/tag/link-building,0,text/html; charset=UTF-8,False,"noindex, follow",,Архивы Link Building - INTLSEO Studio,,1,Новости,4027,0,240,True,WP_PAGE,False
https://i-seo.su/blog/tag/metrika,sitemap:https://i-seo.su/wp-sitemap-taxonomies-post_tag-1.xml,200,https://i-seo.su/blog/tag/metrika,0,text/html; charset=UTF-8,False,"noindex, follow",,Архивы Метрика - INTLSEO Studio,,1,Новости,4027,0,240,True,WP_PAGE,False
https://i-seo.su/blog/tag/seo,sitemap:https://i-seo.su/wp-sitemap-taxonomies-post_tag-1.xml,200,https://i-seo.su/blog/tag/seo,0,text/html; charset=UTF-8,False,"noindex, follow",,Архивы SEO - INTLSEO Studio,,1,Новости,4027,0,240,True,WP_PAGE,False
https://i-seo.su/blog/tag/serm,sitemap:https://i-seo.su/wp-sitemap-taxonomies-post_tag-1.xml,200,https://i-seo.su/blog/tag/serm,0,text/html; charset=UTF-8,False,"noindex, follow",,Архивы SERM - INTLSEO Studio,,1,Новости,4027,0,240,True,WP_PAGE,False
https://i-seo.su/blog/tag/sozdanie-sajtov,sitemap:https://i-seo.su/wp-sitemap-taxonomies-post_tag-1.xml,200,https://i-seo.su/blog/tag/sozdanie-sajtov,0,text/html; charset=UTF-8,False,"noindex, follow",,Архивы Создание сайтов - INTLSEO Studio,,1,Новости,4027,0,240,True,WP_PAGE,False
https://i-seo.su/blog/tag/tehnicheskij-seo,sitemap:https://i-seo.su/wp-sitemap-taxonomies-post_tag-1.xml,200,https://i-seo.su/blog/tag/tehnicheskij-seo,0,text/html; charset=UTF-8,False,"noindex, follow",,Архивы Технический сео - INTLSEO Studio,,1,Разработка,683,0,73,True,WP_PAGE,False
https://i-seo.su/blog/tag/tilda,sitemap:https://i-seo.su/wp-sitemap-taxonomies-post_tag-1.xml,200,https://i-seo.su/blog/tag/tilda,0,text/html; charset=UTF-8,False,"noindex, follow",,Архивы Tilda - INTLSEO Studio,,1,Новости,4027,0,240,True,WP_PAGE,False
https://i-seo.su/blog/tag/wordpress,sitemap:https://i-seo.su/wp-sitemap-taxonomies-post_tag-1.xml,200,https://i-seo.su/blog/tag/wordpress,0,text/html; charset=UTF-8,False,"noindex, follow",,Архивы WordPress - INTLSEO Studio,,1,Новости,4027,0,240,True,WP_PAGE,False
https://i-seo.su/blog/tag/yuzabiliti,sitemap:https://i-seo.su/wp-sitemap-taxonomies-post_tag-1.xml,200,https://i-seo.su/blog/tag/yuzabiliti,0,text/html; charset=UTF-8,False,"noindex, follow",,Архивы Юзабилити - INTLSEO Studio,,1,Новости,4027,0,240,True,WP_PAGE,False
https://i-seo.su/blog/teg-description-kak-pravilno-zapolnit-i-sostavit-effektivnoe-opisanie.html,sitemap:https://i-seo.su/wp-sitemap-posts-post-1.xml,200,https://i-seo.su/blog/teg-description-kak-pravilno-zapolnit-i-sostavit-effektivnoe-opisanie.html,0,text/html; charset=UTF-8,True,"index, follow, max-image-preview:large, max-snippet:-1, max-video-preview:-1",https://i-seo.su/blog/teg-description-kak-pravilno-zapolnit-i-sostavit-effektivnoe-opisanie.html,Тег Description: Как правильно заполнить и составить описание,"Важность тега description в SEO и UX нельзя недооценивать. Этот мета-тег часто играет ключевую роль в том, как поисковая система отображает ваш сайт в результатах поиска",1,Тег Description: Как правильно заполнить и составить эффективное описание,1340,30,71,True,BLOG_POST,False
https://i-seo.su/blog/tehnologii-avtomatizaczii-integracziya-tilda-i-crm-dlya-biznesa.html,sitemap:https://i-seo.su/wp-sitemap-posts-post-1.xml,200,https://i-seo.su/blog/tehnologii-avtomatizaczii-integracziya-tilda-i-crm-dlya-biznesa.html,0,text/html; charset=UTF-8,True,"index, follow, max-image-preview:large, max-snippet:-1, max-video-preview:-1",https://i-seo.su/blog/tehnologii-avtomatizaczii-integracziya-tilda-i-crm-dlya-biznesa.html,Интеграция Tilda и CRM для бизнеса,"CRM-система — это комплексное программное решение, предназначенное для управления взаимоотношениями с клиентами, автоматизации маркетинга и улучшения процессов продаж.",1,Технологии автоматизации: интеграция Tilda и CRM для бизнеса,1677,36,71,True,BLOG_POST,False
https://i-seo.su/blog/top-5-cms-dlya-sajta-obzor-luchshih-platform-dlya-upravleniya-kontentom.html,sitemap:https://i-seo.su/wp-sitemap-posts-post-1.xml,200,https://i-seo.su/blog/top-5-cms-dlya-sajta-obzor-luchshih-platform-dlya-upravleniya-kontentom.html,0,text/html; charset=UTF-8,True,"index, follow, max-image-preview:large, max-snippet:-1, max-video-preview:-1",https://i-seo.su/blog/top-5-cms-dlya-sajta-obzor-luchshih-platform-dlya-upravleniya-kontentom.html,Топ 5 CMS: Обзор лучших платформ управления контентом,"При создании сайта важнейшую роль играет выбор правильной системы управления контентом (CMS). Хорошо подобранная CMS позволяет эффективно управлять контентом, быстро настраивать функциональность и поддерживать сайт в актуальном состоянии",1,Топ 5 CMS для сайта: Обзор лучших платформ для управления контентом,1684,63,71,True,BLOG_POST,False
https://i-seo.su/blog/trast-sajta-v-2025-chto-eto-na-samom-dele-kak-ego-proveryat-i-sistemno-povyshat.html,sitemap:https://i-seo.su/wp-sitemap-posts-post-1.xml,200,https://i-seo.su/blog/trast-sajta-v-2025-chto-eto-na-samom-dele-kak-ego-proveryat-i-sistemno-povyshat.html,0,text/html; charset=UTF-8,True,"index, follow, max-image-preview:large, max-snippet:-1, max-video-preview:-1",https://i-seo.su/blog/trast-sajta-v-2025-chto-eto-na-samom-dele-kak-ego-proveryat-i-sistemno-povyshat.html,"Траст сайта в 2025: как его проверять и системно повышать, без мифов и магии - INTLSEO Studio","Экспертный разбор траста сайта: мифы и реальность, как измерять (метрики, инструменты), как повышать (контент, бренд, ссылки, техника), чек-листы, таблицы и кейсы.",1,"Траст сайта в 2025: как его проверять и системно повышать, без мифов и магии",2675,44,71,True,BLOG_POST,False
https://i-seo.su/blog/turbostraniczy-v-yandekse-chto-eto-takoe-komu-oni-nuzhny-i-kak-ih-sozdat.html,sitemap:https://i-seo.su/wp-sitemap-posts-post-1.xml,200,https://i-seo.su/blog/turbostraniczy-v-yandekse-chto-eto-takoe-komu-oni-nuzhny-i-kak-ih-sozdat.html,0,text/html; charset=UTF-8,True,"index, follow, max-image-preview:large, max-snippet:-1, max-video-preview:-1",https://i-seo.su/blog/turbostraniczy-v-yandekse-chto-eto-takoe-komu-oni-nuzhny-i-kak-ih-sozdat.html,Турбостраницы в Яндексе: Что это такое и как создать,"Турбостраницы Яндекса — это один из самых быстрых и эффективных инструментов для создания сайтов и страниц, которые быстро загружаются и обеспечивают отличную видимость в поисковой выдаче.",1,"Турбостраницы в Яндексе: Что это такое, кому они нужны и как их создать",1658,79,71,True,BLOG_POST,False
https://i-seo.su/blog/upravlenie-izobrazheniyami-i-optimizacziya-mediafajlov-v-wordpress.html,sitemap:https://i-seo.su/wp-sitemap-posts-post-1.xml,200,https://i-seo.su/blog/upravlenie-izobrazheniyami-i-optimizacziya-mediafajlov-v-wordpress.html,0,text/html; charset=UTF-8,True,"index, follow, max-image-preview:large, max-snippet:-1, max-video-preview:-1",https://i-seo.su/blog/upravlenie-izobrazheniyami-i-optimizacziya-mediafajlov-v-wordpress.html,Управление изображениями и оптимизация медиафайлов,"Изображения и медиафайлы играют ключевую роль в визуальном восприятии сайта, однако их неправильное использование может значительно замедлить загрузку страниц.",1,Управление изображениями и оптимизация медиафайлов в WordPress,1243,37,71,True,BLOG_POST,False
https://i-seo.su/blog/uskorenie-raboty-sajta-na-wordpress.html,sitemap:https://i-seo.su/wp-sitemap-posts-post-1.xml,200,https://i-seo.su/blog/uskorenie-raboty-sajta-na-wordpress.html,0,text/html; charset=UTF-8,True,"index, follow, max-image-preview:large, max-snippet:-1, max-video-preview:-1",https://i-seo.su/blog/uskorenie-raboty-sajta-na-wordpress.html,Ускорение работы сайта на WordPress,"Скорость работы сайта — один из ключевых факторов, влияющих на его успех. Она оказывает значительное влияние на пользовательский опыт, поведенческие факторы и позиции в поисковой выдаче",1,Ускорение загрузки сайта на WordPress,1235,37,71,True,BLOG_POST,False
https://i-seo.su/blog/varianty-avtomaticheskogo-sostavleniya-semanticheskogo-yadra.html,sitemap:https://i-seo.su/wp-sitemap-posts-post-1.xml,200,https://i-seo.su/blog/varianty-avtomaticheskogo-sostavleniya-semanticheskogo-yadra.html,0,text/html; charset=UTF-8,True,"index, follow, max-image-preview:large, max-snippet:-1, max-video-preview:-1",https://i-seo.su/blog/varianty-avtomaticheskogo-sostavleniya-semanticheskogo-yadra.html,Варианты автоматического составления семантического ядра,Автоматическое составление семантического ядра для сайта — это удобный способ ускорить процесс SEO-продвижения. С помощью современных инструментов можно эффективно собирать и анализировать ключевые запросы для сайта,1,Способы автоматического составления семантического ядра,1454,30,71,True,BLOG_POST,False
https://i-seo.su/blog/vazhnost-tega-alt-u-izobrazhenij-na-cms-wordpress.html,sitemap:https://i-seo.su/wp-sitemap-posts-post-1.xml,200,https://i-seo.su/blog/vazhnost-tega-alt-u-izobrazhenij-na-cms-wordpress.html,0,text/html; charset=UTF-8,True,"index, follow, max-image-preview:large, max-snippet:-1, max-video-preview:-1",https://i-seo.su/blog/vazhnost-tega-alt-u-izobrazhenij-na-cms-wordpress.html,Важность тега Alt у изображений на CMS WordPress,"Тег Alt, или альтернативный текст изображения, играет важную роль как для SEO, так и для общего пользовательского опыта. Его правильное использование помогает улучшить доступность сайта",1,Важность тегов Alt у изображений в CMS WordPress,1303,30,71,True,BLOG_POST,False
https://i-seo.su/blog/vazhnye-metategi-dlya-seo-optimizaczii-sajta.html,sitemap:https://i-seo.su/wp-sitemap-posts-post-1.xml,200,https://i-seo.su/blog/vazhnye-metategi-dlya-seo-optimizaczii-sajta.html,0,text/html; charset=UTF-8,True,"index, follow, max-image-preview:large, max-snippet:-1, max-video-preview:-1",https://i-seo.su/blog/vazhnye-metategi-dlya-seo-optimizaczii-sajta.html,Важные метатеги для SEO оптимизации сайта,"Метатеги — это важные элементы HTML-кода, которые помогают поисковым системам понять содержание страниц вашего сайта. Они играют ключевую роль в SEO оптимизации, влияя на ранжирование сайта в поисковой выдаче",1,Важные метатеги для SEO оптимизации сайта,1534,30,71,True,BLOG_POST,False
https://i-seo.su/blog/vliyanie-povedencheskih-faktorov-na-ranzhirovanie-kak-ih-uluchshit.html,sitemap:https://i-seo.su/wp-sitemap-posts-post-1.xml,200,https://i-seo.su/blog/vliyanie-povedencheskih-faktorov-na-ranzhirovanie-kak-ih-uluchshit.html,0,text/html; charset=UTF-8,True,"index, follow, max-image-preview:large, max-snippet:-1, max-video-preview:-1",https://i-seo.su/blog/vliyanie-povedencheskih-faktorov-na-ranzhirovanie-kak-ih-uluchshit.html,Влияние поведенческих факторов на ранжирование,"Поведенческие факторы — это один из ключевых параметров, которые поисковые системы используют для определения качества сайта. Они показывают",1,Влияние поведенческих факторов на ранжирование — как их улучшить,1715,44,71,True,BLOG_POST,False
https://i-seo.su/blog/vnutrennyaya-perelinkovka-sajta-chto-eto-i-kak-pravilno-ispolzovat.html,sitemap:https://i-seo.su/wp-sitemap-posts-post-1.xml,200,https://i-seo.su/blog/vnutrennyaya-perelinkovka-sajta-chto-eto-i-kak-pravilno-ispolzovat.html,0,text/html; charset=UTF-8,True,"index, follow, max-image-preview:large, max-snippet:-1, max-video-preview:-1",https://i-seo.su/blog/vnutrennyaya-perelinkovka-sajta-chto-eto-i-kak-pravilno-ispolzovat.html,Внутренняя перелинковка сайта: что это и как использовать,"Внутренняя перелинковка сайта — это метод организации ссылок внутри ресурса, при котором страницы сайта соединяются между собой гиперссылками.",1,Внутренняя перелинковка сайта: что это и как правильно использовать,1343,30,71,True,BLOG_POST,False
https://i-seo.su/blog/yandeks-vebmaster-i-seo.html,sitemap:https://i-seo.su/wp-sitemap-posts-post-1.xml,200,https://i-seo.su/blog/yandeks-vebmaster-i-seo.html,0,text/html; charset=UTF-8,True,"index, follow, max-image-preview:large, max-snippet:-1, max-video-preview:-1",https://i-seo.su/blog/yandeks-vebmaster-i-seo.html,Яндекс Вебмастер и СЕО,"Яндекс Вебмастер — это мощный инструмент для вебмастеров, который позволяет анализировать и оптимизировать сайты с точки зрения поисковой системы Яндекс. С помощью этого сервиса можно следить за индексацией страниц",1,"Яндекс Вебмастер и СЕО: что анализируем, как настраиваем",1878,77,71,True,BLOG_POST,False
https://i-seo.su/bonuses.html,seed,200,https://i-seo.su/bonuses.html,0,text/html; charset=UTF-8,True,"index, follow",,Бонусы и подарки | Агентство INTLSEO,Приятные сюрпризы для наших клиентов. INTLSEO ценит своих клиентов и предлагает бонусы и подарки при заказе SEO услуг. Узнайте о наших специальных предложениях и программах лояльности!,1,Специальные предложения,804,675,63,True,STATIC,False
https://i-seo.su/career.html,seed,200,https://i-seo.su/career.html,0,text/html; charset=UTF-8,True,"index, follow",,Карьера в INTLSEO,"Ищете работу в SEO? Присоединяйтесь к INTLSEO! Станьте частью нашей команды. Офис в Красногорске, дружный коллектив. Возможность удаленной работы. Мы предлагаем отличные условия труда и возможности для профессионального роста. Узнайте больше и отправьте резюме!",1,Вакансии,557,675,63,True,STATIC,False
https://i-seo.su/cases.html,seed,200,https://i-seo.su/cases.html,0,text/html; charset=UTF-8,True,"index, follow",,Наши результаты | Агентство INTLSEO,Посмотрите результаты продвижения сайтов наших клиентов. INTLSEO с 2019 года помогает бизнесам достигать высоких позиций в поисковых системах. Примеры успешных кейсов и отзывы клиентов.,1,Результаты продвижения сайтов,1215,675,98,True,CASE,False
https://i-seo.su/cases/aaa-limo.html,sitemap:https://i-seo.su/sitemap-static.xml,200,https://i-seo.su/cases/aaa-limo.html,0,text/html; charset=UTF-8,True,"index, follow",,SEO Кейс AAA limo - Аренда лимузинов США | INTLSEO,"Задача заключалась в увеличении видимости в поисковых системах и привлечении большего числа заказов. Мы оптимизировали контент, улучшили технические параметры сайта и параллельно запустили рекламу Google Ads усилили маркетинговые стратегии, что позволило существенно повысить позиции и привлечь новых клиентов.",1,Аренда лимузинов США AAA limo,1636,38,91,True,CASE,False
https://i-seo.su/cases/agran.html,sitemap:https://i-seo.su/sitemap-static.xml,200,https://i-seo.su/cases/agran.html,0,text/html; charset=UTF-8,True,"index, follow",,SEO Кейс производителя кровельных материалов | INTLSEO,"Целью было повышение видимости в поисковых системах и увеличение числа заявок через сайт. Мы оптимизировали контент, улучшили технические аспекты сайта и внедрили стратегии по улучшению внешних ссылок, что значительно увеличило количество клиентов.",1,Производитель кровельных материалов,1567,38,91,True,CASE,False
https://i-seo.su/cases/alfafit.html,sitemap:https://i-seo.su/sitemap-static.xml,200,https://i-seo.su/cases/alfafit.html,0,text/html; charset=UTF-8,True,"index, follow",,SEO Кейс Online-магазина спортивного оборудованя | INTLSEO,"Цель заключалась в увеличении видимости и количества заказов через сайт. Мы провели комплексную SEO-оптимизацию, улучшили структуру контента и улучшили технические параметры сайта, что позволило улучшить позиции и привлечь больше покупателей.",1,Online-магазин спортивного оборудованя,1553,38,87,True,CASE,False
https://i-seo.su/cases/altexa.html,sitemap:https://i-seo.su/sitemap-static.xml,200,https://i-seo.su/cases/altexa.html,0,text/html; charset=UTF-8,True,"index, follow",,SEO Кейс Altexa - Юридическая компания | INTLSEO,"Юридическая компания Altexa — задача заключалась в росте видимости и количества обращений через сайт. Мы провели техническую оптимизацию, улучшили контент и внедрили стратегии по увеличению количества внешних ссылок, что дало отличный результат.",1,Юридическая компания Altexa,1613,39,91,True,CASE,False
https://i-seo.su/cases/apk.html,sitemap:https://i-seo.su/sitemap-static.xml,200,https://i-seo.su/cases/apk.html,0,text/html; charset=UTF-8,True,"index, follow",,SEO Кейс APKdatamod - Агрегатор мобильных игр | INTLSEO,"APKdatamod — сайт с мобильными играми для Android. Мы провели оптимизацию контента, улучшили структуру сайта и внедрили SEO-стратегии, что позволило значительно повысить позиции и привлечь больше пользователей.",1,Агрегатор мобильных игр APKdatamod,1628,38,89,True,CASE,False
https://i-seo.su/cases/aqua-house.html,sitemap:https://i-seo.su/sitemap-static.xml,200,https://i-seo.su/cases/aqua-house.html,0,text/html; charset=UTF-8,True,"index, follow",,SEO Кейс Online-магазина фильтров для воды | INTLSEO,"Интернет-магазин фильтров для воды — задача заключалась в увеличении количества заказов и улучшении видимости в поисковых системах по Москве. Мы провели оптимизацию сайта, улучшили структуру и контент.",1,Интернет-магазин фильтров для воды,1560,38,91,True,CASE,False
https://i-seo.su/cases/aviasolution.html,sitemap:https://i-seo.su/sitemap-static.xml,200,https://i-seo.su/cases/aviasolution.html,0,text/html; charset=UTF-8,True,"index, follow",,SEO Кейс Aviasolution - Поставщик авиазапчастей | INTLSEO,"Aviasolution — компания, занимающаяся поставкой авиазапчастей, обратилась к нам с задачей улучшить свою видимость в поисковых системах по всей России и увеличить количество заказов. Мы оптимизировали сайт, внедрили стратегии контент-маркетинга и SEO-продвижения, что позволило компании значительно повысить свои позиции и привлечь новых клиентов.",1,Поставщик авиазапчастей Aviasolution,1571,38,91,True,CASE,False
https://i-seo.su/cases/belkhoum.html,sitemap:https://i-seo.su/sitemap-static.xml,200,https://i-seo.su/cases/belkhoum.html,0,text/html; charset=UTF-8,True,"index, follow",,SEO Кейс Online-магазина мебели из Белорусии | INTLSEO,"Интернет-магазин белорусской мебели Belhome поставил задачу увеличить количество заказов и улучшить видимость в поисковых системах по Москве. Для достижения этой цели мы оптимизировали сайт, настроили обновление ассортимента и цен, настроили выгрузку товаров на маркет-плейсы.",1,Интернет-магазин белорусской мебели,1555,38,91,True,CASE,False
https://i-seo.su/cases/corsini.html,sitemap:https://i-seo.su/sitemap-static.xml,200,https://i-seo.su/cases/corsini.html,0,text/html; charset=UTF-8,True,"index, follow",,SEO Кейс Corsini - Online-магазин бытовой техники | INTLSEO,"Широкий ассортимент качественной бытовой техники от Corsini и удобство покупок делают магазин привлекательным для покупателей. Мы оптимизировали сайт, настроили выгрузку товаров в Яндекс Маркет и обеспечили интернет-мегазин трафиком.",1,Online-магазин бытовой техники corsini,1578,38,91,True,CASE,False
https://i-seo.su/cases/driveavenue.html,inlink:https://i-seo.su/cases.html,200,https://i-seo.su/cases/driveavenue.html,0,text/html; charset=UTF-8,True,"index, follow",,Кейс: сайт автосалона Drive Avenue | INTLSEO,Для улучшения видимости в поиске и ривлечения трафика мы оптимизировали сайт и разработали эффективные маркетинговые стратегии.,1,Автосалон Drive Avenue,1586,14,92,False,CASE,False
https://i-seo.su/cases/drnicole.html,sitemap:https://i-seo.su/sitemap-static.xml,200,https://i-seo.su/cases/drnicole.html,0,text/html; charset=UTF-8,True,"index, follow",,SEO Кейс Asteri Healing Arts - Доктор натуропат (США) | INTLSEO,"Проект Asteri Healing Arts, созданный доктором-натуропатом Николь Шустерман в США, пришел к нам за сайтом и сопровожлдением. Благодаря такой стратегии он начал получать траффик со второго месяца. Также наши усилия были направлены на разработку эффективных маркетинговых стратегий.",1,Доктор натуропат Asteri Healing Arts,1611,38,91,True,CASE,False
https://i-seo.su/cases/fabric-st.html,sitemap:https://i-seo.su/sitemap-static.xml,200,https://i-seo.su/cases/fabric-st.html,0,text/html; charset=UTF-8,True,"index, follow",,SEO Кейс Fabric-St - Мебельная премиум фабрика | INTLSEO,Для улучшения видимости в поиске и ривлечения трафика мы оптимизировали сайт и разработали эффективные маркетинговые стратегии. Высокое качество и эксклюзивный дизайн мебели делают продукцию Fabric-St востребованной среди ценителей премиум-класса.,1,Мебельная премиум фабрика fabric-st,1583,43,87,True,CASE,False
https://i-seo.su/cases/fabrika-eko.html,sitemap:https://i-seo.su/sitemap-static.xml,200,https://i-seo.su/cases/fabrika-eko.html,0,text/html; charset=UTF-8,True,"index, follow",,SEO Кейс Fabrika-Eko - online-магазин мебели | INTLSEO,"Для увеличения заказов было необходимо привлечь больше клиентов, оптимизировать сайт и разработать эффективные маркетинговые стратегии. Высокое качество мебели и устойчивые экологические стандарты делают продукцию Fabrika-Eko востребованной и конкурентоспособной на рынке.",1,online-магазин мебели fabrika-eko,1633,129,91,True,CASE,False
https://i-seo.su/cases/iluve-me.html,sitemap:https://i-seo.su/sitemap-static.xml,200,https://i-seo.su/cases/iluve-me.html,0,text/html; charset=UTF-8,True,"index, follow",,SEO Кейс iLuvMe (Дубай) - Премиальный салон красоты | INTLSEO,"Оптимизация сайта на Tilda и разработка эффективных маркетинговых стратегий помогли привлечь больше клиентов, повысить позиции в поиске и сделать услуги салона iLuvMe более востребованными среди жителей и гостей Дубая.",1,Премиальный салон красоты iLuvMe,1622,39,91,True,CASE,False
https://i-seo.su/cases/institut-zdorovia.html,inlink:https://i-seo.su/services/seo/prodvizhenie-obrazovatelnogo-sajta.html,200,https://i-seo.su/cases/institut-zdorovia.html,0,text/html; charset=UTF-8,True,"index, follow",,Кейс: АНО ДПО «Институт Здоровья» | INTLSEO,"Для продвижения необходимо было усилить контент, повысить авторитет сайта и привлечь новых клиентов через стратегическую SEO-оптимизацию.",1,АНО ДПО «Институт Здоровья»,1584,3,87,False,CASE,False
https://i-seo.su/cases/krokus.html,sitemap:https://i-seo.su/sitemap-static.xml,200,https://i-seo.su/cases/krokus.html,0,text/html; charset=UTF-8,True,"index, follow",,SEO Кейс Crocus Fitness - Сеть фитнес центров | INTLSEO,"Оптимизация сайта и разработка эффективных маркетинговых стратегий помогут привлечь больше клиентов и повысить позиции в поиске, делая фитнес-услуги Crocus Fitness более доступными и востребованными.",1,Сеть фитнес центров Crocus fitness,1635,161,91,True,CASE,False
https://i-seo.su/cases/line-sport.html,sitemap:https://i-seo.su/sitemap-static.xml,200,https://i-seo.su/cases/line-sport.html,0,text/html; charset=UTF-8,True,"index, follow",,SEO Кейс Line-Sport - Поставщик спортивного оборудования | INTLSEO,"ООО «Лайн-Спорт» занимается выпуском спортивной продукции, соответствующей международным стандартам качества. Оптимизация сайта и эффективные маркетинговые стратегии помогут привлечь больше клиентов и повысить позиции в поиске.",1,Поставщик спорт оборудования line-sport,1598,132,91,True,CASE,False
https://i-seo.su/cases/magdalina.html,sitemap:https://i-seo.su/sitemap-static.xml,200,https://i-seo.su/cases/magdalina.html,0,text/html; charset=UTF-8,True,"index, follow",,SEO Кейс Иван Магдалина - Сайт Пластического хирурга | INTLSEO,"Приоритетным направлением работы пластического хирурга Ивана Магдалины являются эстетические операции на груди, включая как простые процедуры, так и сложные реконструкции железы и восстановления соска и ареолы. Оптимизация сайта и разработка эффективных маркетинговых стратегий помогли достигнуть отличных результатов.",1,Иван Магдалина - Пластический хирург,1627,38,91,True,CASE,False
https://i-seo.su/cases/makita.html,sitemap:https://i-seo.su/sitemap-static.xml,200,https://i-seo.su/cases/makita.html,0,text/html; charset=UTF-8,True,"index, follow",,SEO Кейс Online-магазина инструментов Makita | INTLSEO,"Online-магазин инструментов Makita обозначил свою основную задачу так: увеличить количество заказов через сайт и улучшить видимость в поисковых системах по Москве и МО. Для достижения этой цели необходимо оптимизировать сайт, привлечь больше клиентов и разработать эффективные маркетинговые стратегии, направленные на улучшение позиций в поиске.",1,Online-магазин инструментов Makita,1580,173,94,True,CASE,False
https://i-seo.su/cases/maltipoo-honey-club.html,sitemap:https://i-seo.su/sitemap-static.xml,200,https://i-seo.su/cases/maltipoo-honey-club.html,0,text/html; charset=UTF-8,True,"index, follow",,SEO Кейс Питомника премиальных собак Мальтипу | INTLSEO,"Питомник премиальной породы собак Мальтипу поставил перед INTLSEO четкую задачу: увеличить количество заказов через сайт и улучшить видимость в поисковых системах по Москве. Для достижения этой цели было необходимо привлечь больше клиентов, оптимизировать сайт и разработать эффективные маркетинговые стратегии для повышения позиций в поиске.",1,Питомник премиальных собак Мальтипу,1580,49,90,True,CASE,False
https://i-seo.su/cases/podoexpert.html,inlink:https://i-seo.su/services/seo/prodvizhenie-sajta-medicinskikh-uslug.html,200,https://i-seo.su/cases/podoexpert.html,0,text/html; charset=UTF-8,True,"index, follow",,"Кейс: Центр подологии, ортопедии и дерматологии «ПодоЭксперт» | INTLSEO","Для продвижения клиники «ПодоЭксперт» мы провели полную SEO-оптимизацию, усилили структуру и контент сайта, увеличили видимость в поиске и привлекли новых клиентов через органический трафик.",1,Центр подологии «ПодоЭксперт»,1598,1,87,False,CASE,False
https://i-seo.su/cases/ptipti.html,inlink:https://i-seo.su/services/seo/prodvizhenie-internet-magazina-detskikh-tovarov.html,200,https://i-seo.su/cases/ptipti.html,0,text/html; charset=UTF-8,True,"index, follow",,Кейс: Онлайн-магазин детских товаров Ptipti | INTLSEO,"Для продвижения онлайн-магазина «Ptipti» мы оптимизировали сайт, усилили SEO-структуру и обеспечили рост видимости в поиске для привлечения новых покупателей со всей России.",1,Онлайн-магазин детских товаров «Ptipti»,1589,4,87,False,CASE,False
https://i-seo.su/cases/ro-stroj.html,inlink:https://i-seo.su/services/seo/prodvizhenie-sajta-stroitelnoj-kompanii.html,200,https://i-seo.su/cases/ro-stroj.html,0,text/html; charset=UTF-8,True,"index, follow",,Кейс: Строительство домов и гаражей от компании «АСД» | INTLSEO,"Для продвижения сайта компании «АСД» мы улучшили структуру, усилили SEO-контент и ссылочный профиль, что позволило привлечь больше клиентов и занять высокие позиции в поиске.",1,«АСД» - Арт Строй Дизайн,1582,1,87,False,CASE,False
https://i-seo.su/cases/salis-med.html,sitemap:https://i-seo.su/sitemap-static.xml,200,https://i-seo.su/cases/salis-med.html,0,text/html; charset=UTF-8,True,"index, follow",,SEO Кейс Online-магазина медицинского оборудования | INTLSEO,"Пожелание заказчика, Интернет-магазина медицинского оборудования «Салис Мед», было предельно ясным: необходимо увеличить количество заказов на сайте и улучшить видимость в поисковых системах по запросам, связанным с Москвой. Основная цель заключалась в привлечении большего числа клиентов и увеличении продаж",1,Online-магазин медицинского оборудования,1593,38,91,True,CASE,False
https://i-seo.su/cases/simpl-kom.html,sitemap:https://i-seo.su/sitemap-static.xml,200,https://i-seo.su/cases/simpl-kom.html,0,text/html; charset=UTF-8,True,"index, follow",,SEO Кейс Online-магазина снабжения строй объектов | INTLSEO,"Симпл комплект — оптовая компания созданная в 2013 году. Она занимается продажей строительных инструментов, строительного оборудования, техники, материалов, СИЗ и всех необходимых расходников и оснастки.",1,Online-магазин снабжения строй объектов,1560,38,89,True,CASE,False
https://i-seo.su/cases/sladkie-sladosti.html,sitemap:https://i-seo.su/sitemap-static.xml,200,https://i-seo.su/cases/sladkie-sladosti.html,0,text/html; charset=UTF-8,True,"index, follow",,SEO Кейс Online-магазина подарков сладостей | INTLSEO,"Так как ранее работ по сео-оптимизации вовсе не проводилось, а ниша, после анализа оказалась низкоконкурентной, поэтому сложности в выходе на хорошие позиции в Яндекс и Google не оказалось.",1,Online-магазин подарков сладостей,1596,41,89,True,CASE,False
https://i-seo.su/cases/smm-arena.html,inlink:https://i-seo.su/cases.html,200,https://i-seo.su/cases/smm-arena.html,0,text/html; charset=UTF-8,True,"index, follow",,Кейс: SMM-продвижение лиги ARENA — 100+ млн просмотров Reels и 190 тыс. подписчиков,"Как мы развивали YouTube-канал и соцсети лиги ARENA: 100+ млн общих просмотров Reels, 190 000 прироста подписчиков в 3 профилях и попадание на 1 место в трендах YouTube. Кейс INTLSEO.",1,Лига ARENA,1526,1,90,False,CASE,False
https://i-seo.su/cases/smm-driveavenue.html,inlink:https://i-seo.su/cases.html,200,https://i-seo.su/cases/smm-driveavenue.html,0,text/html; charset=UTF-8,True,"index, follow",,Кейс: продвижение автомобильного бренда Drive Avenue — SMM и рост охватов,"Как мы разработали фирменный стиль, упаковку и визуал для автомобильного бренда Drive Avenue, увеличили охваты и вовлечённость аудитории в Instagram, Telegram и VK. Кейс SMM-продвижения от INTLSEO.",1,Автосалон Drive Avenue,1539,1,91,False,CASE,False
https://i-seo.su/cases/smm-kzs.html,inlink:https://i-seo.su/cases.html,200,https://i-seo.su/cases/smm-kzs.html,0,text/html; charset=UTF-8,True,"index, follow",,Кейс: SMM-продвижение «Королёвский Завод Свай» (KZS.ru) — рост охватов и вовлечённости,"Как мы упаковали бренд «Королёвский Завод Свай» под ключ, наладили производство контента на 15+ площадках и добились 106 000+ просмотров и 31 000+ взаимодействий. Кейс INTLSEO.",1,Королёвский Завод Свай,1544,1,91,False,CASE,False
https://i-seo.su/cases/smm-magdalina.html,inlink:https://i-seo.su/cases.html,200,https://i-seo.su/cases/smm-magdalina.html,0,text/html; charset=UTF-8,True,"index, follow",,Кейс: продвижение пластического хирурга Ивана Магдалины — SMM и рост продаж,"Узнайте, как мы увеличили подписчиков на 200% и обеспечили ежемесячные продажи услуг пластического хирурга Ивана Магдалины на 15 млн рублей с помощью SMM, контент-маркетинга и визуального брендинга.",1,Пластический хирург Иван Магдалина,1533,1,91,False,CASE,False
https://i-seo.su/cases/smm-nashedelo.html,inlink:https://i-seo.su/cases.html,200,https://i-seo.su/cases/smm-nashedelo.html,0,text/html; charset=UTF-8,True,"index, follow",,Кейс: SMM-продвижение лиги «НАШЕ ДЕЛО» — рост до 100 000 подписчиков и 5 млн охвата,"Как мы развивали YouTube-канал и соцсети лиги «НАШЕ ДЕЛО»: +100 000 подписчиков за полгода, 5 000 000 месячный охват и рост вовлечённости на 500% благодаря стратегии вирусного контента. Кейс INTLSEO.",1,Лига «НАШЕ ДЕЛО»,1541,1,91,False,CASE,False
https://i-seo.su/cases/smm-newmann-clinic.html,inlink:https://i-seo.su/cases.html,200,https://i-seo.su/cases/smm-newmann-clinic.html,0,text/html; charset=UTF-8,True,"index, follow",,Кейс SMM-продвижения клиники пластической хирургии NEWMANN CLINIC — INTLSEO,Как мы увеличили аудиторию клиники пластической хирургии NEWMANN CLINIC на 10 000 подписчиков и помогли выйти на ежемесячные продажи услуг более чем на 30 000 000 ₽ через продвижение в Instagram и Telegram. Полный кейс от INTLSEO.,1,Клиника пластической хирургии,1554,1,89,False,CASE,False
https://i-seo.su/cases/smm-pwl.html,inlink:https://i-seo.su/cases.html,200,https://i-seo.su/cases/smm-pwl.html,0,text/html; charset=UTF-8,True,"index, follow",,Кейс: SMM-продвижение PWL — Poddubny Wrestling League — 2 000 000 охват в месяц,"Как мы упаковали под ключ PWL — Poddubny Wrestling League, наладили регулярный контент, работу с медиа и добились 2 000 000 месячного охвата. Сильные Reels: до 1,1 млн просмотров. Кейс INTLSEO.",1,PWL — Poddubny Wrestling League,1531,1,91,False,CASE,False
https://i-seo.su/cases/tech-iq.html,sitemap:https://i-seo.su/sitemap-static.xml,200,https://i-seo.su/cases/tech-iq.html,0,text/html; charset=UTF-8,True,"index, follow",,SEO Кейс Tech-iq - Online-магазин умной техники | INTLSEO,Продажа оптом и в розницу электроники от бытовой техники до электросамокатов по всей России. Представитель большого количества брендов.,1,Online-магазин умной техники Tech-iq,1598,70,90,True,CASE,False
https://i-seo.su/cases/vkbkredit.html,inlink:https://i-seo.su/services/seo/prodvizhenie-sajta-banka.html,200,https://i-seo.su/cases/vkbkredit.html,0,text/html; charset=UTF-8,True,"index, follow",,Кейс: Кредитный брокер «ВКБ» | INTLSEO,"Для продвижения необходимо оптимизировать сайт, привлечь больше клиентов и разработать эффективные маркетинговые стратегии, направленные на улучшение позиций в поиске.",1,Кредитный брокер «ВКБ»,1568,1,87,False,CASE,False
https://i-seo.su/cases/wellton.html,sitemap:https://i-seo.su/sitemap-static.xml,200,https://i-seo.su/cases/wellton.html,0,text/html; charset=UTF-8,True,"index, follow",,SEO Кейс Welllton - Агентство недвижимости в Северном Кипре | INTLSEO,"При покупке международной недвижимости крайне важно выбрать надежного партнера, который сможет помочь не только с приобретением недвижимости, но и с решением различных вопросов после покупки",1,Агентство недвижимости Wellton,1575,39,87,True,CASE,False
https://i-seo.su/cases/youfleet.html,sitemap:https://i-seo.su/sitemap-static.xml,200,https://i-seo.su/cases/youfleet.html,0,text/html; charset=UTF-8,True,"index, follow",,Кейс SEO YoFleet - аренда люксовых авто в ОАЭ | INTLSEO,Пожелание заказчика было простым — увеличение коммерческого трафика на сайте и улучшение видимости в поиске по региону «Дубай».,1,YouFleet - аренда люксовых автомобилей в ОАЭ,1580,71,87,True,CASE,False
https://i-seo.su/contacts.html,seed,200,https://i-seo.su/contacts.html,0,text/html; charset=UTF-8,True,"index, follow",,Контакты | Агентство INTLSEO,"Свяжитесь с нами для бесплатной консультации по SEO. Мы находимся рядом с Москвой, в БЦ Красногорск Плаза. С 2019 года помогаем бизнесам расти в онлайне. Звоните или пишите нам для консультации!",1,Контакты,516,675,66,True,STATIC,False
https://i-seo.su/cookie-files-policy.html,inlink:https://i-seo.su/,200,https://i-seo.su/cookie-files-policy.html,0,text/html; charset=UTF-8,True,"index, follow",,Политика использования cookie | Агентство INTLSEO,"Политика использования cookie на сайте i-seo.su. Узнайте, как компания «INTLSEO» применяет куки-файлы для удобства пользователей и аналитики.",1,Политика использования cookie,596,642,63,False,LEGAL,False
https://i-seo.su/docs/10_пунктов_роста_SEO.pdf,inlink:https://i-seo.su/contacts.html,200,https://i-seo.su/docs/10_%D0%BF%D1%83%D0%BD%D0%BA%D1%82%D0%BE%D0%B2_%D1%80%D0%BE%D1%81%D1%82%D0%B0_SEO.pdf,0,application/pdf,True,,,,,0,,0,2,0,False,WP_PAGE,
https://i-seo.su/docs/5_правил_запуска_контекста.pdf,inlink:https://i-seo.su/contacts.html,200,https://i-seo.su/docs/5_%D0%BF%D1%80%D0%B0%D0%B2%D0%B8%D0%BB_%D0%B7%D0%B0%D0%BF%D1%83%D1%81%D0%BA%D0%B0_%D0%BA%D0%BE%D0%BD%D1%82%D0%B5%D0%BA%D1%81%D1%82%D0%B0.pdf,0,application/pdf,True,,,,,0,,0,2,0,False,WP_PAGE,
https://i-seo.su/docs/Презентация_компании.pdf,inlink:https://i-seo.su/contacts.html,200,https://i-seo.su/docs/%D0%9F%D1%80%D0%B5%D0%B7%D0%B5%D0%BD%D1%82%D0%B0%D1%86%D0%B8%D1%8F_%D0%BA%D0%BE%D0%BC%D0%BF%D0%B0%D0%BD%D0%B8%D0%B8.pdf,0,application/pdf,True,,,,,0,,0,2,0,False,WP_PAGE,
https://i-seo.su/glossary,inlink:https://i-seo.su/glossary/ags,200,https://i-seo.su/glossary,0,text/html; charset=UTF-8,True,"index, follow, max-image-preview:large, max-snippet:-1, max-video-preview:-1",https://i-seo.su/glossary,Глоссарий - INTLSEO Studio,,1,Глоссарий,5653,184,247,False,GLOSSARY_ARCHIVE,False
https://i-seo.su/glossary/,seed,200,https://i-seo.su/glossary,1,text/html; charset=UTF-8,True,"index, follow, max-image-preview:large, max-snippet:-1, max-video-preview:-1",https://i-seo.su/glossary,Глоссарий - INTLSEO Studio,,1,Глоссарий,5653,641,247,False,GLOSSARY_ARCHIVE,False
https://i-seo.su/glossary/affilirovannost,sitemap:https://i-seo.su/wp-sitemap-posts-glossary-1.xml,200,https://i-seo.su/glossary/affilirovannost,0,text/html; charset=UTF-8,True,"index, follow, max-image-preview:large, max-snippet:-1, max-video-preview:-1",https://i-seo.su/glossary/affilirovannost,Аффилированность сайтов: что это в SEO,"Что называют аффилированностью сайтов в SEO, какие признаки могут её указывать и почему это не всегда санкция.",1,Аффилированность,734,2,66,True,GLOSSARY_SINGLE,False
https://i-seo.su/glossary/ags,sitemap:https://i-seo.su/wp-sitemap-posts-glossary-1.xml,200,https://i-seo.su/glossary/ags,0,text/html; charset=UTF-8,True,"index, follow, max-image-preview:large, max-snippet:-1, max-video-preview:-1",https://i-seo.su/glossary/ags,АГС: что это за алгоритм Яндекса,"Что называют АГС в SEO, против каких сайтов был направлен алгоритм Яндекса и почему термин считают историческим.",1,АГС,743,3,67,True,GLOSSARY_SINGLE,False
https://i-seo.su/glossary/akczeptor-ssylki,sitemap:https://i-seo.su/wp-sitemap-posts-glossary-1.xml,200,https://i-seo.su/glossary/akczeptor-ssylki,0,text/html; charset=UTF-8,True,"index, follow, max-image-preview:large, max-snippet:-1, max-video-preview:-1",https://i-seo.su/glossary/akczeptor-ssylki,Акцептор ссылки: что это,Что такое акцептор ссылки и чем он отличается от донора.,1,Акцептор ссылки,661,3,67,True,GLOSSARY_SINGLE,False
https://i-seo.su/glossary/algoritm-ranzhirovaniya,sitemap:https://i-seo.su/wp-sitemap-posts-glossary-1.xml,200,https://i-seo.su/glossary/algoritm-ranzhirovaniya,0,text/html; charset=UTF-8,True,"index, follow, max-image-preview:large, max-snippet:-1, max-video-preview:-1",https://i-seo.su/glossary/algoritm-ranzhirovaniya,Алгоритм ранжирования: что это,Что такое алгоритм ранжирования поисковой системы и почему его нельзя описать полным публичным списком правил.,1,Алгоритм ранжирования,780,7,68,True,GLOSSARY_SINGLE,False
https://i-seo.su/glossary/alt-tekst,sitemap:https://i-seo.su/wp-sitemap-posts-glossary-1.xml,200,https://i-seo.su/glossary/alt-tekst,0,text/html; charset=UTF-8,True,"index, follow, max-image-preview:large, max-snippet:-1, max-video-preview:-1",https://i-seo.su/glossary/alt-tekst,Alt-текст: что это и зачем нужен,"Что такое alt-текст изображения, как он помогает доступности и почему не стоит заполнять его ключевыми словами.",1,Alt-текст,707,2,66,True,GLOSSARY_SINGLE,False
https://i-seo.su/glossary/amp,sitemap:https://i-seo.su/wp-sitemap-posts-glossary-1.xml,200,https://i-seo.su/glossary/amp,0,text/html; charset=UTF-8,True,"index, follow, max-image-preview:large, max-snippet:-1, max-video-preview:-1",https://i-seo.su/glossary/amp,AMP: что это и актуальна ли технология,"Что такое AMP, зачем Google развивал ускоренные мобильные страницы и почему технология не является универсальным способом улучшить позиции.",1,AMP,700,2,68,True,GLOSSARY_SINGLE,False
https://i-seo.su/glossary/ankornyj-tekst,sitemap:https://i-seo.su/wp-sitemap-posts-glossary-1.xml,200,https://i-seo.su/glossary/ankornyj-tekst,0,text/html; charset=UTF-8,True,"index, follow, max-image-preview:large, max-snippet:-1, max-video-preview:-1",https://i-seo.su/glossary/ankornyj-tekst,Анкорный текст: что это и каким бывает,"Что такое анкорный текст, какие бывают анкоры и почему текст ссылки должен быть понятен пользователю.",1,Анкорный текст,698,7,67,True,GLOSSARY_SINGLE,False
https://i-seo.su/glossary/apdejt-algoritma,sitemap:https://i-seo.su/wp-sitemap-posts-glossary-1.xml,200,https://i-seo.su/glossary/apdejt-algoritma,0,text/html; charset=UTF-8,True,"index, follow, max-image-preview:large, max-snippet:-1, max-video-preview:-1",https://i-seo.su/glossary/apdejt-algoritma,Апдейт алгоритма: что это,Что такое апдейт алгоритма поиска и как отличать его от технических проблем сайта.,1,Апдейт алгоритма,688,5,67,True,GLOSSARY_SINGLE,False
https://i-seo.su/glossary/asessor,sitemap:https://i-seo.su/wp-sitemap-posts-glossary-1.xml,200,https://i-seo.su/glossary/asessor,0,text/html; charset=UTF-8,True,"index, follow, max-image-preview:large, max-snippet:-1, max-video-preview:-1",https://i-seo.su/glossary/asessor,Асессор: кто это в поисковых системах,"Кто такой асессор, что он оценивает в поиске и почему его оценка не равна автоматическому ранжированию.",1,Асессор,735,2,66,True,GLOSSARY_SINGLE,False
https://i-seo.su/glossary/autrich,sitemap:https://i-seo.su/wp-sitemap-posts-glossary-1.xml,200,https://i-seo.su/glossary/autrich,0,text/html; charset=UTF-8,True,"index, follow, max-image-preview:large, max-snippet:-1, max-video-preview:-1",https://i-seo.su/glossary/autrich,Аутрич: что это в линкбилдинге,Что такое аутрич и как выглядит этичная работа с внешними упоминаниями.,1,Аутрич,698,3,66,True,GLOSSARY_SINGLE,False
https://i-seo.su/glossary/baden-baden,sitemap:https://i-seo.su/wp-sitemap-posts-glossary-1.xml,200,https://i-seo.su/glossary/baden-baden,0,text/html; charset=UTF-8,True,"index, follow, max-image-preview:large, max-snippet:-1, max-video-preview:-1",https://i-seo.su/glossary/baden-baden,Баден-Баден Яндекса: что это,Что такое алгоритм Баден-Баден в Яндексе и как он связан с переоптимизированными текстами.,1,Баден-Баден,679,3,67,True,GLOSSARY_SINGLE,False
https://i-seo.su/glossary/ban-sajta,sitemap:https://i-seo.su/wp-sitemap-posts-glossary-1.xml,200,https://i-seo.su/glossary/ban-sajta,0,text/html; charset=UTF-8,True,"index, follow, max-image-preview:large, max-snippet:-1, max-video-preview:-1",https://i-seo.su/glossary/ban-sajta,Бан сайта в поиске: что это,Что означает бан сайта в поисковой системе и чем он отличается от частичных ограничений.,1,Бан сайта,688,3,67,True,GLOSSARY_SINGLE,False
https://i-seo.su/glossary/belaya-optimizacziya,sitemap:https://i-seo.su/wp-sitemap-posts-glossary-1.xml,200,https://i-seo.su/glossary/belaya-optimizacziya,0,text/html; charset=UTF-8,True,"index, follow, max-image-preview:large, max-snippet:-1, max-video-preview:-1",https://i-seo.su/glossary/belaya-optimizacziya,Белая оптимизация: что это,Что называют белой оптимизацией и чем она отличается от манипулятивных методов продвижения.,1,Белая оптимизация,688,3,67,True,GLOSSARY_SINGLE,False
https://i-seo.su/glossary/bert,sitemap:https://i-seo.su/wp-sitemap-posts-glossary-1.xml,200,https://i-seo.su/glossary/bert,0,text/html; charset=UTF-8,True,"index, follow, max-image-preview:large, max-snippet:-1, max-video-preview:-1",https://i-seo.su/glossary/bert,BERT в Google: что это для поиска,"Что такое BERT в поиске Google, как он помогает понимать формулировки запросов и почему под него нельзя настроить сайт отдельным чек-листом.",1,BERT,852,3,68,True,GLOSSARY_SINGLE,False
https://i-seo.su/glossary/bezankornaya-ssylka,sitemap:https://i-seo.su/wp-sitemap-posts-glossary-1.xml,200,https://i-seo.su/glossary/bezankornaya-ssylka,0,text/html; charset=UTF-8,True,"index, follow, max-image-preview:large, max-snippet:-1, max-video-preview:-1",https://i-seo.su/glossary/bezankornaya-ssylka,Безанкорная ссылка: что это,Что такое безанкорная ссылка и чем она отличается от анкорной.,1,Безанкорная ссылка,666,2,67,True,GLOSSARY_SINGLE,False
https://i-seo.su/glossary/birzha-ssylok,sitemap:https://i-seo.su/wp-sitemap-posts-glossary-1.xml,200,https://i-seo.su/glossary/birzha-ssylok,0,text/html; charset=UTF-8,True,"index, follow, max-image-preview:large, max-snippet:-1, max-video-preview:-1",https://i-seo.su/glossary/birzha-ssylok,Биржа ссылок: что это и риски для SEO,"Что такое биржа ссылок, как через неё покупают размещения и почему массовая закупка несёт риск для сайта.",1,Биржа ссылок,732,4,67,True,GLOSSARY_SINGLE,False
https://i-seo.su/glossary/bitye-ssylki,sitemap:https://i-seo.su/wp-sitemap-posts-glossary-1.xml,200,https://i-seo.su/glossary/bitye-ssylki,0,text/html; charset=UTF-8,True,"index, follow, max-image-preview:large, max-snippet:-1, max-video-preview:-1",https://i-seo.su/glossary/bitye-ssylki,Битые ссылки: что это,Что такое битые ссылки и почему их стоит исправлять на сайте.,1,Битые ссылки,666,2,66,True,GLOSSARY_SINGLE,False
https://i-seo.su/glossary/bm25,sitemap:https://i-seo.su/wp-sitemap-posts-glossary-1.xml,200,https://i-seo.su/glossary/bm25,0,text/html; charset=UTF-8,True,"index, follow, max-image-preview:large, max-snippet:-1, max-video-preview:-1",https://i-seo.su/glossary/bm25,BM25: что это в информационном поиске,"Что такое BM25, как классическая функция оценивает соответствие документа запросу и почему её нельзя выдавать за формулу современного Google.",1,BM25,839,2,68,True,GLOSSARY_SINGLE,False
https://i-seo.su/glossary/brendovyj-trafik,sitemap:https://i-seo.su/wp-sitemap-posts-glossary-1.xml,200,https://i-seo.su/glossary/brendovyj-trafik,0,text/html; charset=UTF-8,True,"index, follow, max-image-preview:large, max-snippet:-1, max-video-preview:-1",https://i-seo.su/glossary/brendovyj-trafik,Брендовый трафик: что это,Что такое брендовый трафик и чем он отличается от небрендового спроса.,1,Брендовый трафик,674,4,68,True,GLOSSARY_SINGLE,False
https://i-seo.su/glossary/bystrye-ssylki,sitemap:https://i-seo.su/wp-sitemap-posts-glossary-1.xml,200,https://i-seo.su/glossary/bystrye-ssylki,0,text/html; charset=UTF-8,True,"index, follow, max-image-preview:large, max-snippet:-1, max-video-preview:-1",https://i-seo.su/glossary/bystrye-ssylki,Быстрые ссылки (sitelinks): что это,Что такое быстрые ссылки в поиске и можно ли их «включить» вручную.,1,Быстрые ссылки,674,2,68,True,GLOSSARY_SINGLE,False
https://i-seo.su/glossary/captcha,sitemap:https://i-seo.su/wp-sitemap-posts-glossary-1.xml,200,https://i-seo.su/glossary/captcha,0,text/html; charset=UTF-8,True,"index, follow, max-image-preview:large, max-snippet:-1, max-video-preview:-1",https://i-seo.su/glossary/captcha,CAPTCHA: что это и зачем нужна капча,"Что такое CAPTCHA, как она защищает формы от ботов и почему её нужно настраивать без лишних барьеров для людей.",1,CAPTCHA,695,2,64,True,GLOSSARY_SINGLE,False
https://i-seo.su/glossary/chastotnost-zaprosa,sitemap:https://i-seo.su/wp-sitemap-posts-glossary-1.xml,200,https://i-seo.su/glossary/chastotnost-zaprosa,0,text/html; charset=UTF-8,True,"index, follow, max-image-preview:large, max-snippet:-1, max-video-preview:-1",https://i-seo.su/glossary/chastotnost-zaprosa,Частотность запроса: что это в SEO,"Что показывает частотность поискового запроса, почему она не равна трафику и как использовать её при сборе семантики.",1,Частотность запроса,769,6,67,True,GLOSSARY_SINGLE,False
https://i-seo.su/glossary/chernye-metody-optimizaczii,sitemap:https://i-seo.su/wp-sitemap-posts-glossary-1.xml,200,https://i-seo.su/glossary/chernye-metody-optimizaczii,0,text/html; charset=UTF-8,True,"index, follow, max-image-preview:large, max-snippet:-1, max-video-preview:-1",https://i-seo.su/glossary/chernye-metody-optimizaczii,Чёрные методы оптимизации: что это,Что относят к чёрным методам SEO и какие риски они создают для сайта.,1,Чёрные методы оптимизации,692,3,67,True,GLOSSARY_SINGLE,False
https://i-seo.su/glossary/chpu,sitemap:https://i-seo.su/wp-sitemap-posts-glossary-1.xml,200,https://i-seo.su/glossary/chpu,0,text/html; charset=UTF-8,True,"index, follow, max-image-preview:large, max-snippet:-1, max-video-preview:-1",https://i-seo.su/glossary/chpu,ЧПУ: что такое человекопонятный URL,"Что называют ЧПУ, как читаемый URL помогает навигации и почему смена адресов требует проверки редиректов.",1,ЧПУ,714,3,67,True,GLOSSARY_SINGLE,False
https://i-seo.su/glossary/cms,sitemap:https://i-seo.su/wp-sitemap-posts-glossary-1.xml,200,https://i-seo.su/glossary/cms,0,text/html; charset=UTF-8,True,"index, follow, max-image-preview:large, max-snippet:-1, max-video-preview:-1",https://i-seo.su/glossary/cms,CMS: что такое система управления сайтом,"Что означает CMS, какие задачи решает система управления контентом и почему сама платформа не гарантирует SEO-результат.",1,CMS,713,2,67,True,GLOSSARY_SINGLE,False
https://i-seo.su/glossary/core-web-vitals,sitemap:https://i-seo.su/wp-sitemap-posts-glossary-1.xml,200,https://i-seo.su/glossary/core-web-vitals,0,text/html; charset=UTF-8,True,"index, follow, max-image-preview:large, max-snippet:-1, max-video-preview:-1",https://i-seo.su/glossary/core-web-vitals,"Core Web Vitals: LCP, CLS и INP","Что измеряют Core Web Vitals, чем INP заменил FID и почему показатели пользовательского опыта не являются единственным фактором ранжирования.",1,Core Web Vitals,711,8,67,True,GLOSSARY_SINGLE,False
https://i-seo.su/glossary/cpa,sitemap:https://i-seo.su/wp-sitemap-posts-glossary-1.xml,200,https://i-seo.su/glossary/cpa,0,text/html; charset=UTF-8,True,"index, follow, max-image-preview:large, max-snippet:-1, max-video-preview:-1",https://i-seo.su/glossary/cpa,CPA: что такое стоимость действия,"Что означает CPA, как рассчитывают стоимость целевого действия и почему её сопоставляют с качеством лидов.",1,CPA,699,4,67,True,GLOSSARY_SINGLE,False
https://i-seo.su/glossary/cpc,sitemap:https://i-seo.su/wp-sitemap-posts-glossary-1.xml,200,https://i-seo.su/glossary/cpc,0,text/html; charset=UTF-8,True,"index, follow, max-image-preview:large, max-snippet:-1, max-video-preview:-1",https://i-seo.su/glossary/cpc,CPC: что означает цена за клик,"Как рассчитывается CPC, от чего зависит стоимость клика и почему её анализируют вместе с конверсией.",1,CPC,702,6,67,True,GLOSSARY_SINGLE,False
https://i-seo.su/glossary/cpl,sitemap:https://i-seo.su/wp-sitemap-posts-glossary-1.xml,200,https://i-seo.su/glossary/cpl,0,text/html; charset=UTF-8,True,"index, follow, max-image-preview:large, max-snippet:-1, max-video-preview:-1",https://i-seo.su/glossary/cpl,CPL: что это и как рассчитывается цена лида,"Что показывает CPL, как определить лид для расчёта и почему стоимость заявки не равна стоимости продажи.",1,CPL,715,4,67,True,GLOSSARY_SINGLE,False
https://i-seo.su/glossary/ctr,sitemap:https://i-seo.su/wp-sitemap-posts-glossary-1.xml,200,https://i-seo.su/glossary/ctr,0,text/html; charset=UTF-8,True,"index, follow, max-image-preview:large, max-snippet:-1, max-video-preview:-1",https://i-seo.su/glossary/ctr,CTR: что означает кликабельность,"Что такое CTR, как рассчитывается кликабельность и почему её нельзя анализировать без учёта показов и позиции.",1,CTR,718,13,68,True,GLOSSARY_SINGLE,False
https://i-seo.su/glossary/czelevaya-auditoriya,sitemap:https://i-seo.su/wp-sitemap-posts-glossary-1.xml,200,https://i-seo.su/glossary/czelevaya-auditoriya,0,text/html; charset=UTF-8,True,"index, follow, max-image-preview:large, max-snippet:-1, max-video-preview:-1",https://i-seo.su/glossary/czelevaya-auditoriya,Целевая аудитория: что это и зачем описывать,"Что такое целевая аудитория сайта и как описание ЦА помогает SEO, контенту и рекламе.",1,Целевая аудитория,708,3,67,True,GLOSSARY_SINGLE,False
https://i-seo.su/glossary/czelevoj-poiskovyj-zapros,sitemap:https://i-seo.su/wp-sitemap-posts-glossary-1.xml,200,https://i-seo.su/glossary/czelevoj-poiskovyj-zapros,0,text/html; charset=UTF-8,True,"index, follow, max-image-preview:large, max-snippet:-1, max-video-preview:-1",https://i-seo.su/glossary/czelevoj-poiskovyj-zapros,Целевой поисковый запрос: что это в SEO,"Что называют целевым поисковым запросом, как его выбрать для страницы и почему частотность не является единственным критерием.",1,Целевой поисковый запрос,760,3,68,True,GLOSSARY_SINGLE,False
https://i-seo.su/glossary/dashbord,sitemap:https://i-seo.su/wp-sitemap-posts-glossary-1.xml,200,https://i-seo.su/glossary/dashbord,0,text/html; charset=UTF-8,True,"index, follow, max-image-preview:large, max-snippet:-1, max-video-preview:-1",https://i-seo.su/glossary/dashbord,Дашборд: что это в веб-аналитике,"Что такое дашборд, какие показатели на нём собирают и чем он отличается от исходного отчёта.",1,Дашборд,701,2,66,True,GLOSSARY_SINGLE,False
https://i-seo.su/glossary/disavow,sitemap:https://i-seo.su/wp-sitemap-posts-glossary-1.xml,200,https://i-seo.su/glossary/disavow,0,text/html; charset=UTF-8,True,"index, follow, max-image-preview:large, max-snippet:-1, max-video-preview:-1",https://i-seo.su/glossary/disavow,Disavow links: что это,Что такое инструмент Disavow в Google и когда его используют осторожно.,1,Disavow,690,4,68,True,GLOSSARY_SINGLE,False
https://i-seo.su/glossary/dlinnyj-hvost,sitemap:https://i-seo.su/wp-sitemap-posts-glossary-1.xml,200,https://i-seo.su/glossary/dlinnyj-hvost,0,text/html; charset=UTF-8,True,"index, follow, max-image-preview:large, max-snippet:-1, max-video-preview:-1",https://i-seo.su/glossary/dlinnyj-hvost,Длинный хвост: что это в SEO,"Что называют длинным хвостом запросов, почему узкие формулировки важны для семантики и как не создавать лишние страницы.",1,Длинный хвост,708,3,67,True,GLOSSARY_SINGLE,False
https://i-seo.su/glossary/domain-authority,sitemap:https://i-seo.su/wp-sitemap-posts-glossary-1.xml,200,https://i-seo.su/glossary/domain-authority,0,text/html; charset=UTF-8,True,"index, follow, max-image-preview:large, max-snippet:-1, max-video-preview:-1",https://i-seo.su/glossary/domain-authority,Domain Authority (DA): что показывает метрика Moz,"Что такое Domain Authority от Moz, как использовать DA при оценке доменов и почему это не официальная метрика Google или Яндекса.",1,Domain Authority,681,5,68,True,GLOSSARY_SINGLE,False
https://i-seo.su/glossary/domain-rating,sitemap:https://i-seo.su/wp-sitemap-posts-glossary-1.xml,200,https://i-seo.su/glossary/domain-rating,0,text/html; charset=UTF-8,True,"index, follow, max-image-preview:large, max-snippet:-1, max-video-preview:-1",https://i-seo.su/glossary/domain-rating,Domain Rating (DR): что показывает метрика Ahrefs,"Что такое Domain Rating от Ahrefs, что он помогает оценить в ссылочном профиле и почему DR не является официальным рейтингом поисковиков.",1,Domain Rating,681,3,68,True,GLOSSARY_SINGLE,False
https://i-seo.su/glossary/donor-ssylki,sitemap:https://i-seo.su/wp-sitemap-posts-glossary-1.xml,200,https://i-seo.su/glossary/donor-ssylki,0,text/html; charset=UTF-8,True,"index, follow, max-image-preview:large, max-snippet:-1, max-video-preview:-1",https://i-seo.su/glossary/donor-ssylki,Донор ссылки: что это,Что такое донор ссылки и по каким признакам оценивают площадку.,1,Донор ссылки,666,6,67,True,GLOSSARY_SINGLE,False
https://i-seo.su/glossary/dorvej,sitemap:https://i-seo.su/wp-sitemap-posts-glossary-1.xml,200,https://i-seo.su/glossary/dorvej,0,text/html; charset=UTF-8,True,"index, follow, max-image-preview:large, max-snippet:-1, max-video-preview:-1",https://i-seo.su/glossary/dorvej,Дорвей: что это и почему это рискованный метод,"Что такое дорвей в SEO, как он устроен и почему поисковые системы рассматривают такие страницы как спам.",1,Дорвей,729,3,66,True,GLOSSARY_SINGLE,False
https://i-seo.su/glossary/dubli-stranicz,sitemap:https://i-seo.su/wp-sitemap-posts-glossary-1.xml,200,https://i-seo.su/glossary/dubli-stranicz,0,text/html; charset=UTF-8,True,"index, follow, max-image-preview:large, max-snippet:-1, max-video-preview:-1",https://i-seo.su/glossary/dubli-stranicz,Дубли страниц: что это и как находить,"Что такое дубли страниц, откуда появляются одинаковые URL и как canonical, редиректы и настройки сайта помогают выбрать основную версию.",1,Дубли страниц,735,11,68,True,GLOSSARY_SINGLE,False
https://i-seo.su/glossary/e-e-a-t,sitemap:https://i-seo.su/wp-sitemap-posts-glossary-1.xml,200,https://i-seo.su/glossary/e-e-a-t,0,text/html; charset=UTF-8,True,"index, follow, max-image-preview:large, max-snippet:-1, max-video-preview:-1",https://i-seo.su/glossary/e-e-a-t,E-E-A-T: что означает в SEO,"Разбираем E-E-A-T: опыт, экспертность, авторитетность и доверие. Почему это концепция оценки качества, а не метрика Search Console.",1,E-E-A-T,721,6,67,True,GLOSSARY_SINGLE,False
https://i-seo.su/glossary/ekspertnost-kontenta,sitemap:https://i-seo.su/wp-sitemap-posts-glossary-1.xml,200,https://i-seo.su/glossary/ekspertnost-kontenta,0,text/html; charset=UTF-8,True,"index, follow, max-image-preview:large, max-snippet:-1, max-video-preview:-1",https://i-seo.su/glossary/ekspertnost-kontenta,Экспертность контента: что это,Что значит экспертность контента и как она связана с доверием и E-E-A-T.,1,Экспертность контента,717,2,67,True,GLOSSARY_SINGLE,False
https://i-seo.su/glossary/estestvennye-ssylki,sitemap:https://i-seo.su/wp-sitemap-posts-glossary-1.xml,200,https://i-seo.su/glossary/estestvennye-ssylki,0,text/html; charset=UTF-8,True,"index, follow, max-image-preview:large, max-snippet:-1, max-video-preview:-1",https://i-seo.su/glossary/estestvennye-ssylki,Естественные ссылки: что это,Что называют естественными ссылками и почему они ценнее накрутки.,1,Естественные ссылки,703,5,67,True,GLOSSARY_SINGLE,False
https://i-seo.su/glossary/event-tracking,sitemap:https://i-seo.su/wp-sitemap-posts-glossary-1.xml,200,https://i-seo.su/glossary/event-tracking,0,text/html; charset=UTF-8,True,"index, follow, max-image-preview:large, max-snippet:-1, max-video-preview:-1",https://i-seo.su/glossary/event-tracking,Event tracking: что такое отслеживание событий,"Как работает event tracking, какие действия фиксируют как события и чем событие отличается от конверсии.",1,Event tracking,774,6,67,True,GLOSSARY_SINGLE,False
https://i-seo.su/glossary/faktor-ranzhirovaniya,sitemap:https://i-seo.su/wp-sitemap-posts-glossary-1.xml,200,https://i-seo.su/glossary/faktor-ranzhirovaniya,0,text/html; charset=UTF-8,True,"index, follow, max-image-preview:large, max-snippet:-1, max-video-preview:-1",https://i-seo.su/glossary/faktor-ranzhirovaniya,Фактор ранжирования: что это значит,Что называют фактором ранжирования в SEO и почему нельзя публиковать «полный список весов» как факт.,1,Фактор ранжирования,686,3,68,True,GLOSSARY_SINGLE,False
https://i-seo.su/glossary/faq-razmetka,sitemap:https://i-seo.su/wp-sitemap-posts-glossary-1.xml,200,https://i-seo.su/glossary/faq-razmetka,0,text/html; charset=UTF-8,True,"index, follow, max-image-preview:large, max-snippet:-1, max-video-preview:-1",https://i-seo.su/glossary/faq-razmetka,FAQ-разметка: что это,Что такое FAQ-разметка Schema.org и какие у неё ограничения в поиске.,1,FAQ-разметка,700,2,66,True,GLOSSARY_SINGLE,False
https://i-seo.su/glossary/filtr-poiskovoj-sistemy,sitemap:https://i-seo.su/wp-sitemap-posts-glossary-1.xml,200,https://i-seo.su/glossary/filtr-poiskovoj-sistemy,0,text/html; charset=UTF-8,True,"index, follow, max-image-preview:large, max-snippet:-1, max-video-preview:-1",https://i-seo.su/glossary/filtr-poiskovoj-sistemy,Фильтр поисковой системы: что это,Что называют фильтром поисковой системы и чем он отличается от обычного апдейта или технического сбоя.,1,Фильтр поисковой системы,707,4,68,True,GLOSSARY_SINGLE,False
https://i-seo.su/glossary/geo,sitemap:https://i-seo.su/wp-sitemap-posts-glossary-1.xml,200,https://i-seo.su/glossary/geo,0,text/html; charset=UTF-8,True,"index, follow, max-image-preview:large, max-snippet:-1, max-video-preview:-1",https://i-seo.su/glossary/geo,GEO: что такое Generative Engine Optimization,"Что означает GEO в контексте генеративного поиска, чем оно отличается от геотаргетинга и почему термин пока не стандартизирован.",1,GEO,707,3,68,True,GLOSSARY_SINGLE,False
https://i-seo.su/glossary/geonezavisimyj-zapros,sitemap:https://i-seo.su/wp-sitemap-posts-glossary-1.xml,200,https://i-seo.su/glossary/geonezavisimyj-zapros,0,text/html; charset=UTF-8,True,"index, follow, max-image-preview:large, max-snippet:-1, max-video-preview:-1",https://i-seo.su/glossary/geonezavisimyj-zapros,Геонезависимый запрос: что это,Что такое геонезависимый запрос и чем он отличается от локальных формулировок.,1,Геонезависимый запрос,711,3,67,True,GLOSSARY_SINGLE,False
https://i-seo.su/glossary/geozavisimyj-zapros,sitemap:https://i-seo.su/wp-sitemap-posts-glossary-1.xml,200,https://i-seo.su/glossary/geozavisimyj-zapros,0,text/html; charset=UTF-8,True,"index, follow, max-image-preview:large, max-snippet:-1, max-video-preview:-1",https://i-seo.su/glossary/geozavisimyj-zapros,Геозависимый запрос: что это,Что такое геозависимый запрос и почему выдача меняется от региона пользователя.,1,Геозависимый запрос,709,3,66,True,GLOSSARY_SINGLE,False
https://i-seo.su/glossary/get-parametr,sitemap:https://i-seo.su/wp-sitemap-posts-glossary-1.xml,200,https://i-seo.su/glossary/get-parametr,0,text/html; charset=UTF-8,True,"index, follow, max-image-preview:large, max-snippet:-1, max-video-preview:-1",https://i-seo.su/glossary/get-parametr,GET-параметр: что это в URL и SEO,"Что такое GET-параметр в URL, как он передаёт данные и почему параметры фильтрации и аналитики могут создавать дубли страниц.",1,GET-параметр,684,2,68,True,GLOSSARY_SINGLE,False
https://i-seo.su/glossary/glavnaya-stranicza-sajta,sitemap:https://i-seo.su/wp-sitemap-posts-glossary-1.xml,200,https://i-seo.su/glossary/glavnaya-stranicza-sajta,0,text/html; charset=UTF-8,True,"index, follow, max-image-preview:large, max-snippet:-1, max-video-preview:-1",https://i-seo.su/glossary/glavnaya-stranicza-sajta,Главная страница сайта: назначение и SEO,"Что называют главной страницей сайта, какую информацию на ней размещают и какова её роль в структуре.",1,Главная страница сайта,724,2,67,True,GLOSSARY_SINGLE,False
https://i-seo.su/glossary/glavnoe-zerkalo-sajta,sitemap:https://i-seo.su/wp-sitemap-posts-glossary-1.xml,200,https://i-seo.su/glossary/glavnoe-zerkalo-sajta,0,text/html; charset=UTF-8,True,"index, follow, max-image-preview:large, max-snippet:-1, max-video-preview:-1",https://i-seo.su/glossary/glavnoe-zerkalo-sajta,Главное зеркало сайта: что это,Что такое главное зеркало сайта и зачем сводить www/non-www и HTTP/HTTPS к одному варианту.,1,Главное зеркало сайта,698,3,67,True,GLOSSARY_SINGLE,False
https://i-seo.su/glossary/glubina-vlozhennosti,sitemap:https://i-seo.su/wp-sitemap-posts-glossary-1.xml,200,https://i-seo.su/glossary/glubina-vlozhennosti,0,text/html; charset=UTF-8,True,"index, follow, max-image-preview:large, max-snippet:-1, max-video-preview:-1",https://i-seo.su/glossary/glubina-vlozhennosti,Глубина вложенности страниц: что это в SEO,"Что такое глубина вложенности, как её считают по кликам и почему она связана со структурой и обнаружением страниц.",1,Глубина вложенности,737,2,67,True,GLOSSARY_SINGLE,False
https://i-seo.su/glossary/google-ads,sitemap:https://i-seo.su/wp-sitemap-posts-glossary-1.xml,200,https://i-seo.su/glossary/google-ads,0,text/html; charset=UTF-8,True,"index, follow, max-image-preview:large, max-snippet:-1, max-video-preview:-1",https://i-seo.su/glossary/google-ads,Google Ads: что это и как используется,"Что такое Google Ads, для каких рекламных кампаний используют платформу и какие показатели оценивают вместе с кликами.",1,Google Ads,767,4,67,True,GLOSSARY_SINGLE,False
https://i-seo.su/glossary/google-adsense,sitemap:https://i-seo.su/wp-sitemap-posts-glossary-1.xml,200,https://i-seo.su/glossary/google-adsense,0,text/html; charset=UTF-8,True,"index, follow, max-image-preview:large, max-snippet:-1, max-video-preview:-1",https://i-seo.su/glossary/google-adsense,Google AdSense: что это за сервис,"Что такое Google AdSense, как издатели размещают объявления на сайте и чем сервис отличается от Google Ads.",1,Google AdSense,675,2,67,True,GLOSSARY_SINGLE,False
https://i-seo.su/glossary/google-analytics,sitemap:https://i-seo.su/wp-sitemap-posts-glossary-1.xml,200,https://i-seo.su/glossary/google-analytics,0,text/html; charset=UTF-8,True,"index, follow, max-image-preview:large, max-snippet:-1, max-video-preview:-1",https://i-seo.su/glossary/google-analytics,Google Analytics: что это и для чего нужен,"Что измеряет Google Analytics, как в нём используют события и почему данные зависят от настройки аналитики.",1,Google Analytics,770,5,67,True,GLOSSARY_SINGLE,False
https://i-seo.su/glossary/google-panda,sitemap:https://i-seo.su/wp-sitemap-posts-glossary-1.xml,200,https://i-seo.su/glossary/google-panda,0,text/html; charset=UTF-8,True,"index, follow, max-image-preview:large, max-snippet:-1, max-video-preview:-1",https://i-seo.su/glossary/google-panda,Google Panda: что это за алгоритм,"Что такое алгоритм Google Panda, на что он исторически влиял и почему нельзя сводить SEO к «обходу Панды».",1,Google Panda,687,2,67,True,GLOSSARY_SINGLE,False
https://i-seo.su/glossary/google-penguin,sitemap:https://i-seo.su/wp-sitemap-posts-glossary-1.xml,200,https://i-seo.su/glossary/google-penguin,0,text/html; charset=UTF-8,True,"index, follow, max-image-preview:large, max-snippet:-1, max-video-preview:-1",https://i-seo.su/glossary/google-penguin,Google Penguin: что это за алгоритм,Что такое Google Penguin и как он связан со ссылочным спамом.,1,Google Penguin,711,4,68,True,GLOSSARY_SINGLE,False
https://i-seo.su/glossary/google-search-console,sitemap:https://i-seo.su/wp-sitemap-posts-glossary-1.xml,200,https://i-seo.su/glossary/google-search-console,0,text/html; charset=UTF-8,True,"index, follow, max-image-preview:large, max-snippet:-1, max-video-preview:-1",https://i-seo.su/glossary/google-search-console,Google Search Console: что это и для чего,"Для чего нужна Google Search Console: анализ поисковых показов и кликов, проверка индексации, URL и XML-карт сайта.",1,Google Search Console,724,8,68,True,GLOSSARY_SINGLE,False
https://i-seo.su/glossary/hlebnye-kroshki,sitemap:https://i-seo.su/wp-sitemap-posts-glossary-1.xml,200,https://i-seo.su/glossary/hlebnye-kroshki,0,text/html; charset=UTF-8,True,"index, follow, max-image-preview:large, max-snippet:-1, max-video-preview:-1",https://i-seo.su/glossary/hlebnye-kroshki,Хлебные крошки: что это и зачем нужны,"Что такое хлебные крошки, как навигационная цепочка помогает пользователю и как связана со структурой сайта.",1,Хлебные крошки,710,5,67,True,GLOSSARY_SINGLE,False
https://i-seo.su/glossary/hosting,sitemap:https://i-seo.su/wp-sitemap-posts-glossary-1.xml,200,https://i-seo.su/glossary/hosting,0,text/html; charset=UTF-8,True,"index, follow, max-image-preview:large, max-snippet:-1, max-video-preview:-1",https://i-seo.su/glossary/hosting,Хостинг: что это,Что такое хостинг сайта и на что он влияет для пользователей и SEO.,1,Хостинг,672,5,68,True,GLOSSARY_SINGLE,False
https://i-seo.su/glossary/hosting-provajder,sitemap:https://i-seo.su/wp-sitemap-posts-glossary-1.xml,200,https://i-seo.su/glossary/hosting-provajder,0,text/html; charset=UTF-8,True,"index, follow, max-image-preview:large, max-snippet:-1, max-video-preview:-1",https://i-seo.su/glossary/hosting-provajder,Хостинг-провайдер: что это такое,"Что делает хостинг-провайдер, какие услуги он предоставляет и на что смотреть при выборе площадки для сайта.",1,Хостинг-провайдер,706,3,65,True,GLOSSARY_SINGLE,False
https://i-seo.su/glossary/http-kod-otveta,sitemap:https://i-seo.su/wp-sitemap-posts-glossary-1.xml,200,https://i-seo.su/glossary/http-kod-otveta,0,text/html; charset=UTF-8,True,"index, follow, max-image-preview:large, max-snippet:-1, max-video-preview:-1",https://i-seo.su/glossary/http-kod-otveta,HTTP-код ответа: что это и какие бывают,"Что означает HTTP-код ответа, чем различаются группы 2xx, 3xx, 4xx и 5xx и почему статусы важны для сайта.",1,HTTP-код ответа,795,5,67,True,GLOSSARY_SINGLE,False
https://i-seo.su/glossary/https,sitemap:https://i-seo.su/wp-sitemap-posts-glossary-1.xml,200,https://i-seo.su/glossary/https,0,text/html; charset=UTF-8,True,"index, follow, max-image-preview:large, max-snippet:-1, max-video-preview:-1",https://i-seo.su/glossary/https,HTTPS: что это и зачем сайту,"Что такое HTTPS, как TLS защищает передачу данных и почему SSL — распространённое, но историческое название.",1,HTTPS,724,8,67,True,GLOSSARY_SINGLE,False
https://i-seo.su/glossary/iks,sitemap:https://i-seo.su/wp-sitemap-posts-glossary-1.xml,200,https://i-seo.su/glossary/iks,0,text/html; charset=UTF-8,True,"index, follow, max-image-preview:large, max-snippet:-1, max-video-preview:-1",https://i-seo.su/glossary/iks,ИКС Яндекса: что это,Что такое индекс качества сайта (ИКС) в Яндексе и чем он не является.,1,ИКС,682,3,66,True,GLOSSARY_SINGLE,False
https://i-seo.su/glossary/indeks,sitemap:https://i-seo.su/wp-sitemap-posts-glossary-1.xml,200,https://i-seo.su/glossary/indeks,0,text/html; charset=UTF-8,True,"index, follow, max-image-preview:large, max-snippet:-1, max-video-preview:-1",https://i-seo.su/glossary/indeks,Индекс поисковой системы: что это,Что такое индекс поисковой системы и чем он отличается от простого наличия страницы в выдаче.,1,Индекс,688,2,68,True,GLOSSARY_SINGLE,False
https://i-seo.su/glossary/indeksacziya,sitemap:https://i-seo.su/wp-sitemap-posts-glossary-1.xml,200,https://i-seo.su/glossary/indeksacziya,0,text/html; charset=UTF-8,True,"index, follow, max-image-preview:large, max-snippet:-1, max-video-preview:-1",https://i-seo.su/glossary/indeksacziya,Индексация сайта: что это означает,"Что такое индексация страниц, чем она отличается от краулинга и почему наличие страницы в индексе не гарантирует позиции.",1,Индексация,721,24,68,True,GLOSSARY_SINGLE,False
https://i-seo.su/glossary/informaczionnyj-zapros,sitemap:https://i-seo.su/wp-sitemap-posts-glossary-1.xml,200,https://i-seo.su/glossary/informaczionnyj-zapros,0,text/html; charset=UTF-8,True,"index, follow, max-image-preview:large, max-snippet:-1, max-video-preview:-1",https://i-seo.su/glossary/informaczionnyj-zapros,Информационный запрос: что это и как распознать,"Что такое информационный запрос, какие страницы ему соответствуют и почему интент проверяют по выдаче.",1,Информационный запрос,710,4,67,True,GLOSSARY_SINGLE,False
https://i-seo.su/glossary/kannibalizacziya-zaprosov,sitemap:https://i-seo.su/wp-sitemap-posts-glossary-1.xml,200,https://i-seo.su/glossary/kannibalizacziya-zaprosov,0,text/html; charset=UTF-8,True,"index, follow, max-image-preview:large, max-snippet:-1, max-video-preview:-1",https://i-seo.su/glossary/kannibalizacziya-zaprosov,Каннибализация запросов: что это и как выявить,"Почему страницы сайта конкурируют за одинаковые запросы, как отличить проблему от нормальной релевантности и что проверять.",1,Каннибализация запросов,771,4,67,True,GLOSSARY_SINGLE,False
https://i-seo.su/glossary/kanonicheskij-url,sitemap:https://i-seo.su/wp-sitemap-posts-glossary-1.xml,200,https://i-seo.su/glossary/kanonicheskij-url,0,text/html; charset=UTF-8,True,"index, follow, max-image-preview:large, max-snippet:-1, max-video-preview:-1",https://i-seo.su/glossary/kanonicheskij-url,Канонический URL: что такое canonical,"Что такое канонический URL, как rel=""canonical"" помогает работать с дублями и почему он не заменяет 301-редирект.",1,Канонический URL,705,11,67,True,GLOSSARY_SINGLE,False
https://i-seo.su/glossary/karta-sajta,sitemap:https://i-seo.su/wp-sitemap-posts-glossary-1.xml,200,https://i-seo.su/glossary/karta-sajta,0,text/html; charset=UTF-8,True,"index, follow, max-image-preview:large, max-snippet:-1, max-video-preview:-1",https://i-seo.su/glossary/karta-sajta,Карта сайта sitemap.xml: что это,"Что содержит XML-карта сайта, как она помогает поисковым роботам находить URL и почему не гарантирует индексацию.",1,Карта сайта,720,7,67,True,GLOSSARY_SINGLE,False
https://i-seo.su/glossary/klasterizacziya-zaprosov,sitemap:https://i-seo.su/wp-sitemap-posts-glossary-1.xml,200,https://i-seo.su/glossary/klasterizacziya-zaprosov,0,text/html; charset=UTF-8,True,"index, follow, max-image-preview:large, max-snippet:-1, max-video-preview:-1",https://i-seo.su/glossary/klasterizacziya-zaprosov,Кластеризация запросов: что это и зачем нужна,"Как кластеризация группирует запросы по интенту и выдаче, помогая планировать страницы и структуру сайта.",1,Кластеризация запросов,772,3,67,True,GLOSSARY_SINGLE,False
https://i-seo.su/glossary/klik,sitemap:https://i-seo.su/wp-sitemap-posts-glossary-1.xml,200,https://i-seo.su/glossary/klik,0,text/html; charset=UTF-8,True,"index, follow, max-image-preview:large, max-snippet:-1, max-video-preview:-1",https://i-seo.su/glossary/klik,Клик: что это в интернет-маркетинге,"Что называют кликом в аналитике и рекламе, чем он отличается от визита и почему не каждый клик ведёт к результату.",1,Клик,704,3,67,True,GLOSSARY_SINGLE,False
https://i-seo.su/glossary/klikfrod,sitemap:https://i-seo.su/wp-sitemap-posts-glossary-1.xml,200,https://i-seo.su/glossary/klikfrod,0,text/html; charset=UTF-8,True,"index, follow, max-image-preview:large, max-snippet:-1, max-video-preview:-1",https://i-seo.su/glossary/klikfrod,Кликфрод: что это и как его проверяют,"Что такое кликфрод в рекламе, какие действия к нему относят и как не спутать его с обычным нецелевым трафиком.",1,Кликфрод,722,3,66,True,GLOSSARY_SINGLE,False
https://i-seo.su/glossary/klyuchevoe-slovo,sitemap:https://i-seo.su/wp-sitemap-posts-glossary-1.xml,200,https://i-seo.su/glossary/klyuchevoe-slovo,0,text/html; charset=UTF-8,True,"index, follow, max-image-preview:large, max-snippet:-1, max-video-preview:-1",https://i-seo.su/glossary/klyuchevoe-slovo,Ключевое слово: что это в SEO,"Что называют ключевым словом или запросом, как используют ключевые фразы в семантике и почему важен интент.",1,Ключевое слово,709,8,67,True,GLOSSARY_SINGLE,False
https://i-seo.su/glossary/kommercheskij-zapros,sitemap:https://i-seo.su/wp-sitemap-posts-glossary-1.xml,200,https://i-seo.su/glossary/kommercheskij-zapros,0,text/html; charset=UTF-8,True,"index, follow, max-image-preview:large, max-snippet:-1, max-video-preview:-1",https://i-seo.su/glossary/kommercheskij-zapros,Коммерческий запрос: что это в SEO,"Что называют коммерческим запросом, какие признаки указывают на интерес к покупке и как выбрать формат страницы.",1,Коммерческий запрос,715,4,67,True,GLOSSARY_SINGLE,False
https://i-seo.su/glossary/konkurentnost-zaprosa,sitemap:https://i-seo.su/wp-sitemap-posts-glossary-1.xml,200,https://i-seo.su/glossary/konkurentnost-zaprosa,0,text/html; charset=UTF-8,True,"index, follow, max-image-preview:large, max-snippet:-1, max-video-preview:-1",https://i-seo.su/glossary/konkurentnost-zaprosa,Конкурентность запроса: что это,Что означает конкурентность запроса в SEO и почему частота ≠ лёгкость продвижения.,1,Конкурентность запроса,708,2,67,True,GLOSSARY_SINGLE,False
https://i-seo.su/glossary/kontent-marketing,sitemap:https://i-seo.su/wp-sitemap-posts-glossary-1.xml,200,https://i-seo.su/glossary/kontent-marketing,0,text/html; charset=UTF-8,True,"index, follow, max-image-preview:large, max-snippet:-1, max-video-preview:-1",https://i-seo.su/glossary/kontent-marketing,Контент-маркетинг: что это и как связан с SEO,"Что входит в контент-маркетинг, как темы соотносятся с потребностями аудитории и поисковым спросом.",1,Контент-маркетинг,776,8,67,True,GLOSSARY_SINGLE,False
https://i-seo.su/glossary/konversiya,sitemap:https://i-seo.su/wp-sitemap-posts-glossary-1.xml,200,https://i-seo.su/glossary/konversiya,0,text/html; charset=UTF-8,True,"index, follow, max-image-preview:large, max-snippet:-1, max-video-preview:-1",https://i-seo.su/glossary/konversiya,Конверсия: что это в интернет-маркетинге,"Что такое конверсия, как определить целевое действие и почему высокий коэффициент нужно оценивать вместе с качеством обращений.",1,Конверсия,727,24,68,True,GLOSSARY_SINGLE,False
https://i-seo.su/glossary/kopirajting,sitemap:https://i-seo.su/wp-sitemap-posts-glossary-1.xml,200,https://i-seo.su/glossary/kopirajting,0,text/html; charset=UTF-8,True,"index, follow, max-image-preview:large, max-snippet:-1, max-video-preview:-1",https://i-seo.su/glossary/kopirajting,Копирайтинг: что это в маркетинге и SEO,"Что такое копирайтинг, чем он отличается от рерайтинга и какую роль играет в страницах сайта.",1,Копирайтинг,725,7,67,True,GLOSSARY_SINGLE,False
https://i-seo.su/glossary/kpi,sitemap:https://i-seo.su/wp-sitemap-posts-glossary-1.xml,200,https://i-seo.su/glossary/kpi,0,text/html; charset=UTF-8,True,"index, follow, max-image-preview:large, max-snippet:-1, max-video-preview:-1",https://i-seo.su/glossary/kpi,KPI: что такое ключевые показатели эффективности,"Что означает KPI, как выбрать ключевые показатели для SEO и маркетинга и почему одной метрики недостаточно.",1,KPI,704,4,67,True,GLOSSARY_SINGLE,False
https://i-seo.su/glossary/krauling,sitemap:https://i-seo.su/wp-sitemap-posts-glossary-1.xml,200,https://i-seo.su/glossary/krauling,0,text/html; charset=UTF-8,True,"index, follow, max-image-preview:large, max-snippet:-1, max-video-preview:-1",https://i-seo.su/glossary/krauling,Краулинг: что такое обход сайта роботом,"Объясняем, что такое краулинг, как поисковые роботы находят URL и чем обход сайта отличается от индексации.",1,Краулинг,715,11,67,True,GLOSSARY_SINGLE,False
https://i-seo.su/glossary/kraulingovyj-byudzhet,sitemap:https://i-seo.su/wp-sitemap-posts-glossary-1.xml,200,https://i-seo.su/glossary/kraulingovyj-byudzhet,0,text/html; charset=UTF-8,True,"index, follow, max-image-preview:large, max-snippet:-1, max-video-preview:-1",https://i-seo.su/glossary/kraulingovyj-byudzhet,Краулинговый бюджет: что это,"Что такое краулинговый бюджет, от чего он зависит и как не тратить обход сайта впустую.",1,Краулинговый бюджет,787,3,69,True,GLOSSARY_SINGLE,False
https://i-seo.su/glossary/lid,sitemap:https://i-seo.su/wp-sitemap-posts-glossary-1.xml,200,https://i-seo.su/glossary/lid,0,text/html; charset=UTF-8,True,"index, follow, max-image-preview:large, max-snippet:-1, max-video-preview:-1",https://i-seo.su/glossary/lid,Лид: что это в маркетинге,"Что такое лид, почему лид не всегда равен заявке и как его используют для оценки маркетинговых каналов.",1,Лид,720,2,67,True,GLOSSARY_SINGLE,False
https://i-seo.su/glossary/linkbilding,sitemap:https://i-seo.su/wp-sitemap-posts-glossary-1.xml,200,https://i-seo.su/glossary/linkbilding,0,text/html; charset=UTF-8,True,"index, follow, max-image-preview:large, max-snippet:-1, max-video-preview:-1",https://i-seo.su/glossary/linkbilding,Линкбилдинг: что это и какие риски,"Что такое линкбилдинг, зачем нужны внешние ссылки и почему нельзя сводить работу к массовой закупке.",1,Линкбилдинг,713,13,68,True,GLOSSARY_SINGLE,False
https://i-seo.su/glossary/lsi,sitemap:https://i-seo.su/wp-sitemap-posts-glossary-1.xml,200,https://i-seo.su/glossary/lsi,0,text/html; charset=UTF-8,True,"index, follow, max-image-preview:large, max-snippet:-1, max-video-preview:-1",https://i-seo.su/glossary/lsi,LSI: что означает термин в SEO,Что обычно понимают под LSI в SEO и почему это не подтверждённый список факторов ранжирования Google.,1,LSI,789,4,67,True,GLOSSARY_SINGLE,False
https://i-seo.su/glossary/ltv,sitemap:https://i-seo.su/wp-sitemap-posts-glossary-1.xml,200,https://i-seo.su/glossary/ltv,0,text/html; charset=UTF-8,True,"index, follow, max-image-preview:large, max-snippet:-1, max-video-preview:-1",https://i-seo.su/glossary/ltv,LTV: что такое пожизненная ценность клиента,"Что означает LTV, какие данные используют для расчёта и почему пожизненную ценность оценивают по сегментам.",1,LTV,774,4,67,True,GLOSSARY_SINGLE,False
https://i-seo.su/glossary/matrixnet,sitemap:https://i-seo.su/wp-sitemap-posts-glossary-1.xml,200,https://i-seo.su/glossary/matrixnet,0,text/html; charset=UTF-8,True,"index, follow, max-image-preview:large, max-snippet:-1, max-video-preview:-1",https://i-seo.su/glossary/matrixnet,MatrixNet: что это за технология Яндекса,Что известно о MatrixNet — исторической технологии машинного обучения Яндекса для ранжирования поиска.,1,MatrixNet,798,2,66,True,GLOSSARY_SINGLE,False
https://i-seo.su/glossary/metategi,sitemap:https://i-seo.su/wp-sitemap-posts-glossary-1.xml,200,https://i-seo.su/glossary/metategi,0,text/html; charset=UTF-8,True,"index, follow, max-image-preview:large, max-snippet:-1, max-video-preview:-1",https://i-seo.su/glossary/metategi,Метатеги: что это и зачем нужны,"Какие бывают метатеги, как title и description связаны со сниппетом и почему meta keywords не является современным рычагом ранжирования.",1,Метатеги,720,6,67,True,GLOSSARY_SINGLE,False
https://i-seo.su/glossary/mikrorazmetka,sitemap:https://i-seo.su/wp-sitemap-posts-glossary-1.xml,200,https://i-seo.su/glossary/mikrorazmetka,0,text/html; charset=UTF-8,True,"index, follow, max-image-preview:large, max-snippet:-1, max-video-preview:-1",https://i-seo.su/glossary/mikrorazmetka,Микроразметка: что это и как работает Schema.org,"Что такое микроразметка и структурированные данные Schema.org, как они связаны с расширенными результатами поиска.",1,Микроразметка,793,5,67,True,GLOSSARY_SINGLE,False
https://i-seo.su/glossary/minusinsk,sitemap:https://i-seo.su/wp-sitemap-posts-glossary-1.xml,200,https://i-seo.su/glossary/minusinsk,0,text/html; charset=UTF-8,True,"index, follow, max-image-preview:large, max-snippet:-1, max-video-preview:-1",https://i-seo.su/glossary/minusinsk,Минусинск Яндекса: что это,Что такое алгоритм Минусинск в Яндексе и к каким ссылочным практикам он относился.,1,Минусинск,682,3,68,True,GLOSSARY_SINGLE,False
https://i-seo.su/glossary/mixed-content,sitemap:https://i-seo.su/wp-sitemap-posts-glossary-1.xml,200,https://i-seo.su/glossary/mixed-content,0,text/html; charset=UTF-8,True,"index, follow, max-image-preview:large, max-snippet:-1, max-video-preview:-1",https://i-seo.su/glossary/mixed-content,Mixed content: что это,Что такое mixed content на HTTPS-сайте и почему браузеры его блокируют.,1,Mixed content,719,2,66,True,GLOSSARY_SINGLE,False
https://i-seo.su/glossary/mobile-first-indexing,sitemap:https://i-seo.su/wp-sitemap-posts-glossary-1.xml,200,https://i-seo.su/glossary/mobile-first-indexing,0,text/html; charset=UTF-8,True,"index, follow, max-image-preview:large, max-snippet:-1, max-video-preview:-1",https://i-seo.su/glossary/mobile-first-indexing,Mobile-first indexing: что это в Google Search,Как Google использует мобильную версию сайта для индексации и почему важно сохранять на ней основной контент.,1,Mobile-first indexing,785,4,67,True,GLOSSARY_SINGLE,False
https://i-seo.su/glossary/mobilnaya-versiya-sajta,sitemap:https://i-seo.su/wp-sitemap-posts-glossary-1.xml,200,https://i-seo.su/glossary/mobilnaya-versiya-sajta,0,text/html; charset=UTF-8,True,"index, follow, max-image-preview:large, max-snippet:-1, max-video-preview:-1",https://i-seo.su/glossary/mobilnaya-versiya-sajta,Мобильная версия сайта: что это,Что такое мобильная версия сайта и чем она отличается от адаптивной вёрстки в контексте SEO.,1,Мобильная версия сайта,701,3,67,True,GLOSSARY_SINGLE,False
https://i-seo.su/glossary/morfologicheskoe-vhozhdenie,sitemap:https://i-seo.su/wp-sitemap-posts-glossary-1.xml,200,https://i-seo.su/glossary/morfologicheskoe-vhozhdenie,0,text/html; charset=UTF-8,True,"index, follow, max-image-preview:large, max-snippet:-1, max-video-preview:-1",https://i-seo.su/glossary/morfologicheskoe-vhozhdenie,Морфологическое вхождение: что это в SEO,Что называют морфологическим вхождением ключевой фразы и почему текст не стоит строить вокруг форм слов.,1,Морфологическое вхождение,750,4,67,True,GLOSSARY_SINGLE,False
https://i-seo.su/glossary/multiyazychnost-sajta,sitemap:https://i-seo.su/wp-sitemap-posts-glossary-1.xml,200,https://i-seo.su/glossary/multiyazychnost-sajta,0,text/html; charset=UTF-8,True,"index, follow, max-image-preview:large, max-snippet:-1, max-video-preview:-1",https://i-seo.su/glossary/multiyazychnost-sajta,Мультиязычность сайта: что учесть для SEO,"Что такое мультиязычный сайт, чем перевод отличается от локализации и как не смешать языковые версии в поиске.",1,Мультиязычность сайта,755,2,65,True,GLOSSARY_SINGLE,False
https://i-seo.su/glossary/navigaczionnyj-intent,sitemap:https://i-seo.su/wp-sitemap-posts-glossary-1.xml,200,https://i-seo.su/glossary/navigaczionnyj-intent,0,text/html; charset=UTF-8,True,"index, follow, max-image-preview:large, max-snippet:-1, max-video-preview:-1",https://i-seo.su/glossary/navigaczionnyj-intent,Навигационный интент: что ищет пользователь,"Что такое навигационный интент в поиске, как его распознать и почему такие запросы часто ведут к конкретному сайту.",1,Навигационный интент,745,2,65,True,GLOSSARY_SINGLE,False
https://i-seo.su/glossary/navigaczionnyj-zapros,sitemap:https://i-seo.su/wp-sitemap-posts-glossary-1.xml,200,https://i-seo.su/glossary/navigaczionnyj-zapros,0,text/html; charset=UTF-8,True,"index, follow, max-image-preview:large, max-snippet:-1, max-video-preview:-1",https://i-seo.su/glossary/navigaczionnyj-zapros,Навигационный запрос: что это такое,"Что означает навигационный запрос, как его отличить от коммерческого и почему пользователь ищет конкретный ресурс.",1,Навигационный запрос,713,2,67,True,GLOSSARY_SINGLE,False
https://i-seo.su/glossary/nebrendovyj-trafik,sitemap:https://i-seo.su/wp-sitemap-posts-glossary-1.xml,200,https://i-seo.su/glossary/nebrendovyj-trafik,0,text/html; charset=UTF-8,True,"index, follow, max-image-preview:large, max-snippet:-1, max-video-preview:-1",https://i-seo.su/glossary/nebrendovyj-trafik,Небрендовый трафик: что это такое,Что называют небрендовым трафиком и как отделить переходы по общим поисковым запросам от брендового спроса.,1,Небрендовый трафик,732,3,68,True,GLOSSARY_SINGLE,False
https://i-seo.su/glossary/neural-matching,sitemap:https://i-seo.su/wp-sitemap-posts-glossary-1.xml,200,https://i-seo.su/glossary/neural-matching,0,text/html; charset=UTF-8,True,"index, follow, max-image-preview:large, max-snippet:-1, max-video-preview:-1",https://i-seo.su/glossary/neural-matching,Neural Matching: что это в Google Поиске,"Что такое Neural Matching в Google Поиске, как технология помогает сопоставлять смысл запроса и страницы и какие выводы для SEO делать нельзя.",1,Neural Matching,844,4,68,True,GLOSSARY_SINGLE,False
https://i-seo.su/glossary/nofollow,sitemap:https://i-seo.su/wp-sitemap-posts-glossary-1.xml,200,https://i-seo.su/glossary/nofollow,0,text/html; charset=UTF-8,True,"index, follow, max-image-preview:large, max-snippet:-1, max-video-preview:-1",https://i-seo.su/glossary/nofollow,"Nofollow: что означает rel=""nofollow""","Что делает атрибут rel=""nofollow"", когда его применяют и чем он отличается от запрета индексации страницы.",1,Nofollow,724,6,67,True,GLOSSARY_SINGLE,False
https://i-seo.su/glossary/noindex,sitemap:https://i-seo.su/wp-sitemap-posts-glossary-1.xml,200,https://i-seo.su/glossary/noindex,0,text/html; charset=UTF-8,True,"index, follow, max-image-preview:large, max-snippet:-1, max-video-preview:-1",https://i-seo.su/glossary/noindex,Noindex: что это и как применяется,"Что означает noindex, где его задают и почему запрет индексации отличается от запрета обхода в robots.txt.",1,Noindex,722,6,67,True,GLOSSARY_SINGLE,False
https://i-seo.su/glossary/obratnaya-ssylka,sitemap:https://i-seo.su/wp-sitemap-posts-glossary-1.xml,200,https://i-seo.su/glossary/obratnaya-ssylka,0,text/html; charset=UTF-8,True,"index, follow, max-image-preview:large, max-snippet:-1, max-video-preview:-1",https://i-seo.su/glossary/obratnaya-ssylka,Обратная ссылка: что такое backlink,"Что называют обратной ссылкой, почему важен контекст её размещения и как она входит в ссылочный профиль сайта.",1,Обратная ссылка,719,14,67,True,GLOSSARY_SINGLE,False
https://i-seo.su/glossary/optimizacziya-pod-golosovoj-poisk,sitemap:https://i-seo.su/wp-sitemap-posts-glossary-1.xml,200,https://i-seo.su/glossary/optimizacziya-pod-golosovoj-poisk,0,text/html; charset=UTF-8,True,"index, follow, max-image-preview:large, max-snippet:-1, max-video-preview:-1",https://i-seo.su/glossary/optimizacziya-pod-golosovoj-poisk,Оптимизация под голосовой поиск: что это,"Как адаптируют сайт к голосовым запросам: разговорные формулировки, ясные ответы и локальная информация.",1,Оптимизация под голосовой поиск,752,2,66,True,GLOSSARY_SINGLE,False
https://i-seo.su/glossary/organicheskaya-vydacha,sitemap:https://i-seo.su/wp-sitemap-posts-glossary-1.xml,200,https://i-seo.su/glossary/organicheskaya-vydacha,0,text/html; charset=UTF-8,True,"index, follow, max-image-preview:large, max-snippet:-1, max-video-preview:-1",https://i-seo.su/glossary/organicheskaya-vydacha,Органическая выдача: что это,Что такое органическая выдача и чем она отличается от рекламных блоков в поиске.,1,Органическая выдача,695,10,67,True,GLOSSARY_SINGLE,False
https://i-seo.su/glossary/organicheskij-trafik,sitemap:https://i-seo.su/wp-sitemap-posts-glossary-1.xml,200,https://i-seo.su/glossary/organicheskij-trafik,0,text/html; charset=UTF-8,True,"index, follow, max-image-preview:large, max-snippet:-1, max-video-preview:-1",https://i-seo.su/glossary/organicheskij-trafik,Органический трафик: что это такое,"Что называют органическим трафиком, чем он отличается от рекламы и какие данные нужны для оценки его качества.",1,Органический трафик,719,15,68,True,GLOSSARY_SINGLE,False
https://i-seo.su/glossary/oshibka-404,sitemap:https://i-seo.su/wp-sitemap-posts-glossary-1.xml,200,https://i-seo.su/glossary/oshibka-404,0,text/html; charset=UTF-8,True,"index, follow, max-image-preview:large, max-snippet:-1, max-video-preview:-1",https://i-seo.su/glossary/oshibka-404,Ошибка 404: что означает и как обрабатывать,"Что означает HTTP-ошибка 404, чем корректная страница не найдена отличается от ответа 200 и когда нужен редирект.",1,Ошибка 404,716,5,67,True,GLOSSARY_SINGLE,False
https://i-seo.su/glossary/oshibka-410,sitemap:https://i-seo.su/wp-sitemap-posts-glossary-1.xml,200,https://i-seo.su/glossary/oshibka-410,0,text/html; charset=UTF-8,True,"index, follow, max-image-preview:large, max-snippet:-1, max-video-preview:-1",https://i-seo.su/glossary/oshibka-410,Ошибка 410: что означает,Что означает HTTP-код 410 и чем он отличается от 404.,1,Ошибка 410,679,2,67,True,GLOSSARY_SINGLE,False
https://i-seo.su/glossary/oshibka-500,sitemap:https://i-seo.su/wp-sitemap-posts-glossary-1.xml,200,https://i-seo.su/glossary/oshibka-500,0,text/html; charset=UTF-8,True,"index, follow, max-image-preview:large, max-snippet:-1, max-video-preview:-1",https://i-seo.su/glossary/oshibka-500,Ошибка 500: что означает,Что означает ошибка 500 на сайте и почему она критична для пользователей и роботов.,1,Ошибка 500,665,3,67,True,GLOSSARY_SINGLE,False
https://i-seo.su/glossary/pagerank,sitemap:https://i-seo.su/wp-sitemap-posts-glossary-1.xml,200,https://i-seo.su/glossary/pagerank,0,text/html; charset=UTF-8,True,"index, follow, max-image-preview:large, max-snippet:-1, max-video-preview:-1",https://i-seo.su/glossary/pagerank,PageRank: что это и почему Toolbar PR устарел,"Что такое PageRank в истории Google, как связан со ссылками и почему старый публичный показатель Toolbar PageRank больше не используется.",1,PageRank,676,2,68,True,GLOSSARY_SINGLE,False
https://i-seo.su/glossary/paginacziya,sitemap:https://i-seo.su/wp-sitemap-posts-glossary-1.xml,200,https://i-seo.su/glossary/paginacziya,0,text/html; charset=UTF-8,True,"index, follow, max-image-preview:large, max-snippet:-1, max-video-preview:-1",https://i-seo.su/glossary/paginacziya,Пагинация: что это и как влияет на SEO,"Что такое пагинация на сайте, какие риски она создаёт для индексации и как её обычно настраивают.",1,Пагинация,705,2,68,True,GLOSSARY_SINGLE,False
https://i-seo.su/glossary/panel-vebmastera,sitemap:https://i-seo.su/wp-sitemap-posts-glossary-1.xml,200,https://i-seo.su/glossary/panel-vebmastera,0,text/html; charset=UTF-8,True,"index, follow, max-image-preview:large, max-snippet:-1, max-video-preview:-1",https://i-seo.su/glossary/panel-vebmastera,Панель вебмастера: что это и зачем нужна,"Что такое панель вебмастера, какие данные она даёт владельцу сайта и почему её не заменяет обычная веб-аналитика.",1,Панель вебмастера,752,2,66,True,GLOSSARY_SINGLE,False
https://i-seo.su/glossary/pbn,sitemap:https://i-seo.su/wp-sitemap-posts-glossary-1.xml,200,https://i-seo.su/glossary/pbn,0,text/html; charset=UTF-8,True,"index, follow, max-image-preview:large, max-snippet:-1, max-video-preview:-1",https://i-seo.su/glossary/pbn,PBN: что это и какие риски,"Что такое PBN в SEO, почему сети сайтов используют для ссылок и какие риски создают манипулятивные схемы.",1,PBN,680,3,67,True,GLOSSARY_SINGLE,False
https://i-seo.su/glossary/plotnost-klyuchevyh-slov,sitemap:https://i-seo.su/wp-sitemap-posts-glossary-1.xml,200,https://i-seo.su/glossary/plotnost-klyuchevyh-slov,0,text/html; charset=UTF-8,True,"index, follow, max-image-preview:large, max-snippet:-1, max-video-preview:-1",https://i-seo.su/glossary/plotnost-klyuchevyh-slov,Плотность ключевых слов: что это,Что такое плотность ключевых слов и почему погоня за процентом устарела как главная SEO-тактика.,1,Плотность ключевых слов,713,3,67,True,GLOSSARY_SINGLE,False
https://i-seo.su/glossary/podsvetka-v-vydache,sitemap:https://i-seo.su/wp-sitemap-posts-glossary-1.xml,200,https://i-seo.su/glossary/podsvetka-v-vydache,0,text/html; charset=UTF-8,True,"index, follow, max-image-preview:large, max-snippet:-1, max-video-preview:-1",https://i-seo.su/glossary/podsvetka-v-vydache,Подсветка в выдаче: что означают выделенные слова,Что такое подсветка слов в поисковой выдаче и почему выделение в сниппете не является гарантией позиции.,1,Подсветка в выдаче,703,2,67,True,GLOSSARY_SINGLE,False
https://i-seo.su/glossary/poiskovaya-kontekstnaya-reklama,sitemap:https://i-seo.su/wp-sitemap-posts-glossary-1.xml,200,https://i-seo.su/glossary/poiskovaya-kontekstnaya-reklama,0,text/html; charset=UTF-8,True,"index, follow, max-image-preview:large, max-snippet:-1, max-video-preview:-1",https://i-seo.su/glossary/poiskovaya-kontekstnaya-reklama,Поисковая контекстная реклама: что это,"Как работает поисковая контекстная реклама, какие показатели используют для оценки и чем она отличается от SEO.",1,Поисковая контекстная реклама,770,5,68,True,GLOSSARY_SINGLE,False
https://i-seo.su/glossary/poiskovaya-vydacha,sitemap:https://i-seo.su/wp-sitemap-posts-glossary-1.xml,200,https://i-seo.su/glossary/poiskovaya-vydacha,0,text/html; charset=UTF-8,True,"index, follow, max-image-preview:large, max-snippet:-1, max-video-preview:-1",https://i-seo.su/glossary/poiskovaya-vydacha,SERP: что такое поисковая выдача,"Что означает SERP, какие элементы бывают в поисковой выдаче и почему состав результатов зависит от запроса пользователя.",1,Поисковая выдача,718,14,68,True,GLOSSARY_SINGLE,False
https://i-seo.su/glossary/poiskovyj-intent,sitemap:https://i-seo.su/wp-sitemap-posts-glossary-1.xml,200,https://i-seo.su/glossary/poiskovyj-intent,0,text/html; charset=UTF-8,True,"index, follow, max-image-preview:large, max-snippet:-1, max-video-preview:-1",https://i-seo.su/glossary/poiskovyj-intent,Поисковый интент: что это в SEO,"Что такое поисковый интент, какие цели стоят за запросами и как анализ выдачи помогает выбрать формат страницы.",1,Поисковый интент,716,31,67,True,GLOSSARY_SINGLE,False
https://i-seo.su/glossary/poiskovyj-robot,sitemap:https://i-seo.su/wp-sitemap-posts-glossary-1.xml,200,https://i-seo.su/glossary/poiskovyj-robot,0,text/html; charset=UTF-8,True,"index, follow, max-image-preview:large, max-snippet:-1, max-video-preview:-1",https://i-seo.su/glossary/poiskovyj-robot,Поисковый робот: что это и как работает,"Что такое поисковый робот, как он находит страницы и почему обход сайта не означает автоматическую индексацию.",1,Поисковый робот,712,3,67,True,GLOSSARY_SINGLE,False
https://i-seo.su/glossary/poiskovyj-spam,sitemap:https://i-seo.su/wp-sitemap-posts-glossary-1.xml,200,https://i-seo.su/glossary/poiskovyj-spam,0,text/html; charset=UTF-8,True,"index, follow, max-image-preview:large, max-snippet:-1, max-video-preview:-1",https://i-seo.su/glossary/poiskovyj-spam,Поисковый спам: что это и какие практики рискованны,"Что относят к поисковому спаму, почему манипуляции выдачей рискованны и чем они отличаются от нормальной оптимизации.",1,Поисковый спам,743,7,66,True,GLOSSARY_SINGLE,False
https://i-seo.su/glossary/poiskovyj-zapros,sitemap:https://i-seo.su/wp-sitemap-posts-glossary-1.xml,200,https://i-seo.su/glossary/poiskovyj-zapros,0,text/html; charset=UTF-8,True,"index, follow, max-image-preview:large, max-snippet:-1, max-video-preview:-1",https://i-seo.su/glossary/poiskovyj-zapros,Поисковый запрос: что это,Что такое поисковый запрос и чем он отличается от ключевого слова в практике SEO.,1,Поисковый запрос,687,5,68,True,GLOSSARY_SINGLE,False
https://i-seo.su/glossary/pokazatel-otkazov,sitemap:https://i-seo.su/wp-sitemap-posts-glossary-1.xml,200,https://i-seo.su/glossary/pokazatel-otkazov,0,text/html; charset=UTF-8,True,"index, follow, max-image-preview:large, max-snippet:-1, max-video-preview:-1",https://i-seo.su/glossary/pokazatel-otkazov,Показатель отказов: что это и как трактовать,"Что означает показатель отказов, почему его нельзя считать универсальной оценкой качества страницы и чем метрика Яндекс.Метрики отличается от bounce rate.",1,Показатель отказов,724,4,67,True,GLOSSARY_SINGLE,False
https://i-seo.su/glossary/posadochnaya-stranicza,sitemap:https://i-seo.su/wp-sitemap-posts-glossary-1.xml,200,https://i-seo.su/glossary/posadochnaya-stranicza,0,text/html; charset=UTF-8,True,"index, follow, max-image-preview:large, max-snippet:-1, max-video-preview:-1",https://i-seo.su/glossary/posadochnaya-stranicza,Посадочная страница: что это и зачем нужна,"Что называют посадочной страницей, чем она отличается от лендинга и какие задачи решает для трафика и конверсии.",1,Посадочная страница,792,8,67,True,GLOSSARY_SINGLE,False
https://i-seo.su/glossary/posetitel,sitemap:https://i-seo.su/wp-sitemap-posts-glossary-1.xml,200,https://i-seo.su/glossary/posetitel,0,text/html; charset=UTF-8,True,"index, follow, max-image-preview:large, max-snippet:-1, max-video-preview:-1",https://i-seo.su/glossary/posetitel,Посетитель сайта: что это в веб-аналитике,"Кого называют посетителем сайта и чем посетитель отличается от визита, сессии и уникального пользователя.",1,Посетитель,697,3,66,True,GLOSSARY_SINGLE,False
https://i-seo.su/glossary/povedencheskie-faktory,sitemap:https://i-seo.su/wp-sitemap-posts-glossary-1.xml,200,https://i-seo.su/glossary/povedencheskie-faktory,0,text/html; charset=UTF-8,True,"index, follow, max-image-preview:large, max-snippet:-1, max-video-preview:-1",https://i-seo.su/glossary/povedencheskie-faktory,Поведенческие факторы: что это в SEO,"Что в SEO называют поведенческими факторами, как отделять аналитику сайта от непубличных сигналов поиска и почему нельзя заявлять известные веса.",1,Поведенческие факторы,905,5,69,True,GLOSSARY_SINGLE,False
https://i-seo.su/glossary/poziczii-sajta,sitemap:https://i-seo.su/wp-sitemap-posts-glossary-1.xml,200,https://i-seo.su/glossary/poziczii-sajta,0,text/html; charset=UTF-8,True,"index, follow, max-image-preview:large, max-snippet:-1, max-video-preview:-1",https://i-seo.su/glossary/poziczii-sajta,Позиции сайта: что это в поисковой выдаче,"Что называют позициями сайта, от чего зависит место в выдаче и почему нельзя смотреть на него без региона и устройства.",1,Позиции сайта,751,3,67,True,GLOSSARY_SINGLE,False
https://i-seo.su/glossary/ppc,sitemap:https://i-seo.su/wp-sitemap-posts-glossary-1.xml,200,https://i-seo.su/glossary/ppc,0,text/html; charset=UTF-8,True,"index, follow, max-image-preview:large, max-snippet:-1, max-video-preview:-1",https://i-seo.su/glossary/ppc,PPC-реклама: что такое оплата за клик,Разбираем модель PPC: как работает оплата за клик и чем контекстная реклама отличается от органического поиска.,1,PPC,720,3,67,True,GLOSSARY_SINGLE,False
https://i-seo.su/glossary/pryamye-zahody,sitemap:https://i-seo.su/wp-sitemap-posts-glossary-1.xml,200,https://i-seo.su/glossary/pryamye-zahody,0,text/html; charset=UTF-8,True,"index, follow, max-image-preview:large, max-snippet:-1, max-video-preview:-1",https://i-seo.su/glossary/pryamye-zahody,Прямые заходы: что это в аналитике,Что относят к прямым заходам и почему этот канал в отчёте не всегда означает ручной ввод адреса сайта.,1,Прямые заходы,731,3,66,True,GLOSSARY_SINGLE,False
https://i-seo.su/glossary/rankbrain,sitemap:https://i-seo.su/wp-sitemap-posts-glossary-1.xml,200,https://i-seo.su/glossary/rankbrain,0,text/html; charset=UTF-8,True,"index, follow, max-image-preview:large, max-snippet:-1, max-video-preview:-1",https://i-seo.su/glossary/rankbrain,RankBrain: что это в Google,"Что такое RankBrain у Google, какую роль системе приписывают и какие выводы безопасны для SEO.",1,RankBrain,765,4,68,True,GLOSSARY_SINGLE,False
https://i-seo.su/glossary/ranzhirovanie,sitemap:https://i-seo.su/wp-sitemap-posts-glossary-1.xml,200,https://i-seo.su/glossary/ranzhirovanie,0,text/html; charset=UTF-8,True,"index, follow, max-image-preview:large, max-snippet:-1, max-video-preview:-1",https://i-seo.su/glossary/ranzhirovanie,Ранжирование: что это в поисковых системах,"Что означает ранжирование, чем оно отличается от индексации и почему позиция зависит от запроса и условий поиска.",1,Ранжирование,767,12,67,True,GLOSSARY_SINGLE,False
https://i-seo.su/glossary/razbavlennoe-vhozhdenie,sitemap:https://i-seo.su/wp-sitemap-posts-glossary-1.xml,200,https://i-seo.su/glossary/razbavlennoe-vhozhdenie,0,text/html; charset=UTF-8,True,"index, follow, max-image-preview:large, max-snippet:-1, max-video-preview:-1",https://i-seo.su/glossary/razbavlennoe-vhozhdenie,Разбавленное вхождение: что это в SEO-тексте,Что такое разбавленное вхождение ключевой фразы и почему естественный текст важнее механического порядка слов.,1,Разбавленное вхождение,698,4,66,True,GLOSSARY_SINGLE,False
https://i-seo.su/glossary/redirekt,sitemap:https://i-seo.su/wp-sitemap-posts-glossary-1.xml,200,https://i-seo.su/glossary/redirekt,0,text/html; charset=UTF-8,True,"index, follow, max-image-preview:large, max-snippet:-1, max-video-preview:-1",https://i-seo.su/glossary/redirekt,Редирект: что это и какие бывают,"Что такое редирект, когда используют 301 и 302 и почему перенаправления нужно проверять на отсутствие цепочек и циклов.",1,Редирект,725,9,67,True,GLOSSARY_SINGLE,False
https://i-seo.su/glossary/referalnyj-trafik,sitemap:https://i-seo.su/wp-sitemap-posts-glossary-1.xml,200,https://i-seo.su/glossary/referalnyj-trafik,0,text/html; charset=UTF-8,True,"index, follow, max-image-preview:large, max-snippet:-1, max-video-preview:-1",https://i-seo.su/glossary/referalnyj-trafik,Реферальный трафик: что это такое,"Что называют реферальным трафиком, как он попадает в отчёты и почему данные об источнике могут быть неполными.",1,Реферальный трафик,736,4,66,True,GLOSSARY_SINGLE,False
https://i-seo.su/glossary/relevantnost-straniczy,sitemap:https://i-seo.su/wp-sitemap-posts-glossary-1.xml,200,https://i-seo.su/glossary/relevantnost-straniczy,0,text/html; charset=UTF-8,True,"index, follow, max-image-preview:large, max-snippet:-1, max-video-preview:-1",https://i-seo.su/glossary/relevantnost-straniczy,Релевантность страницы: что это в поиске,Что такое релевантность страницы запросу и как её оценивают с точки зрения пользователя и SEO.,1,Релевантность страницы,703,8,68,True,GLOSSARY_SINGLE,False
https://i-seo.su/glossary/robots-txt,sitemap:https://i-seo.su/wp-sitemap-posts-glossary-1.xml,200,https://i-seo.su/glossary/robots-txt,0,text/html; charset=UTF-8,True,"index, follow, max-image-preview:large, max-snippet:-1, max-video-preview:-1",https://i-seo.su/glossary/robots-txt,robots.txt: что это и как работает,"Объясняем назначение robots.txt, его связь с обходом сайта и отличие от noindex.",1,robots.txt,723,9,68,True,GLOSSARY_SINGLE,False
https://i-seo.su/glossary/roi,sitemap:https://i-seo.su/wp-sitemap-posts-glossary-1.xml,200,https://i-seo.su/glossary/roi,0,text/html; charset=UTF-8,True,"index, follow, max-image-preview:large, max-snippet:-1, max-video-preview:-1",https://i-seo.su/glossary/roi,ROI: что означает окупаемость инвестиций,"Как рассчитывают ROI, чем окупаемость отличается от выручки и почему важно заранее определить состав затрат.",1,ROI,700,4,67,True,GLOSSARY_SINGLE,False
https://i-seo.su/glossary/romi,sitemap:https://i-seo.su/wp-sitemap-posts-glossary-1.xml,200,https://i-seo.su/glossary/romi,0,text/html; charset=UTF-8,True,"index, follow, max-image-preview:large, max-snippet:-1, max-video-preview:-1",https://i-seo.su/glossary/romi,ROMI: что это и как считать,"Что показывает ROMI, чем он отличается от ROI и какие данные нужны для оценки окупаемости маркетинга.",1,ROMI,782,6,67,True,GLOSSARY_SINGLE,False
https://i-seo.su/glossary/runet,sitemap:https://i-seo.su/wp-sitemap-posts-glossary-1.xml,200,https://i-seo.su/glossary/runet,0,text/html; charset=UTF-8,True,"index, follow, max-image-preview:large, max-snippet:-1, max-video-preview:-1",https://i-seo.su/glossary/runet,Рунет: что это такое,"Что называют Рунетом, почему это не просто доменная зона .ru и как термин используют в маркетинге и SEO.",1,Рунет,708,2,65,True,GLOSSARY_SINGLE,False
https://i-seo.su/glossary/satellit,sitemap:https://i-seo.su/wp-sitemap-posts-glossary-1.xml,200,https://i-seo.su/glossary/satellit,0,text/html; charset=UTF-8,True,"index, follow, max-image-preview:large, max-snippet:-1, max-video-preview:-1",https://i-seo.su/glossary/satellit,Сателлит: что это в SEO и какие риски,"Что называют сайтом-сателлитом, когда он становится манипулятивной схемой и почему такие практики рискованны.",1,Сателлит,748,3,68,True,GLOSSARY_SINGLE,False
https://i-seo.su/glossary/schetchik-poseshhaemosti,sitemap:https://i-seo.su/wp-sitemap-posts-glossary-1.xml,200,https://i-seo.su/glossary/schetchik-poseshhaemosti,0,text/html; charset=UTF-8,True,"index, follow, max-image-preview:large, max-snippet:-1, max-video-preview:-1",https://i-seo.su/glossary/schetchik-poseshhaemosti,Счетчик посещаемости: что это такое,"Что такое счётчик посещаемости сайта, какие данные он собирает и почему его показания зависят от настроек аналитики.",1,Счетчик посещаемости,711,2,65,True,GLOSSARY_SINGLE,False
https://i-seo.su/glossary/sdl,sitemap:https://i-seo.su/wp-sitemap-posts-glossary-1.xml,200,https://i-seo.su/glossary/sdl,0,text/html; charset=UTF-8,True,"index, follow, max-image-preview:large, max-snippet:-1, max-video-preview:-1",https://i-seo.su/glossary/sdl,СДЛ: что означает «сайт для людей»,"Что в SEO называют СДЛ, по каким признакам оценивают пользу сайта и почему это не официальный статус поисковика.",1,СДЛ,759,2,66,True,GLOSSARY_SINGLE,False
https://i-seo.su/glossary/semanticheskoe-yadro,sitemap:https://i-seo.su/wp-sitemap-posts-glossary-1.xml,200,https://i-seo.su/glossary/semanticheskoe-yadro,0,text/html; charset=UTF-8,True,"index, follow, max-image-preview:large, max-snippet:-1, max-video-preview:-1",https://i-seo.su/glossary/semanticheskoe-yadro,Семантическое ядро: что это в SEO,"Что входит в семантическое ядро, зачем группировать запросы и как семантика связана со структурой сайта.",1,Семантическое ядро,725,16,68,True,GLOSSARY_SINGLE,False
https://i-seo.su/glossary/seo,sitemap:https://i-seo.su/wp-sitemap-posts-glossary-1.xml,200,https://i-seo.su/glossary/seo,0,text/html; charset=UTF-8,True,"index, follow, max-image-preview:large, max-snippet:-1, max-video-preview:-1",https://i-seo.su/glossary/seo,SEO: что это такое простыми словами,"Разбираем, что такое SEO, из каких работ состоит поисковая оптимизация и чем она отличается от платной рекламы.",1,SEO,705,13,68,True,GLOSSARY_SINGLE,False
https://i-seo.su/glossary/seo-audit,sitemap:https://i-seo.su/wp-sitemap-posts-glossary-1.xml,200,https://i-seo.su/glossary/seo-audit,0,text/html; charset=UTF-8,True,"index, follow, max-image-preview:large, max-snippet:-1, max-video-preview:-1",https://i-seo.su/glossary/seo-audit,SEO-аудит: что это и что проверяют,"Что включает SEO-аудит сайта, как приоритизировать найденные проблемы и почему аудит не обещает позиции.",1,SEO-аудит,774,3,67,True,GLOSSARY_SINGLE,False
https://i-seo.su/glossary/serm,sitemap:https://i-seo.su/wp-sitemap-posts-glossary-1.xml,200,https://i-seo.su/glossary/serm,0,text/html; charset=UTF-8,True,"index, follow, max-image-preview:large, max-snippet:-1, max-video-preview:-1",https://i-seo.su/glossary/serm,SERM: что это,Что такое SERM и чем управление репутацией в поиске отличается от обычного SEO.,1,SERM,684,3,66,True,GLOSSARY_SINGLE,False
https://i-seo.su/glossary/sessiya,sitemap:https://i-seo.su/wp-sitemap-posts-glossary-1.xml,200,https://i-seo.su/glossary/sessiya,0,text/html; charset=UTF-8,True,"index, follow, max-image-preview:large, max-snippet:-1, max-video-preview:-1",https://i-seo.su/glossary/sessiya,Сессия: что это в веб-аналитике,Что называют сессией или визитом в аналитике и почему количество сессий не равно числу уникальных пользователей.,1,Сессия,699,4,67,True,GLOSSARY_SINGLE,False
https://i-seo.su/glossary/shingl,sitemap:https://i-seo.su/wp-sitemap-posts-glossary-1.xml,200,https://i-seo.su/glossary/shingl,0,text/html; charset=UTF-8,True,"index, follow, max-image-preview:large, max-snippet:-1, max-video-preview:-1",https://i-seo.su/glossary/shingl,Шингл: что это в проверке текста,"Что такое шингл, как n-граммы используют для сравнения текстов и почему процент уникальности не является оценкой качества страницы.",1,Шингл,752,3,66,True,GLOSSARY_SINGLE,False
https://i-seo.su/glossary/skorost-zagruzki-straniczy,sitemap:https://i-seo.su/wp-sitemap-posts-glossary-1.xml,200,https://i-seo.su/glossary/skorost-zagruzki-straniczy,0,text/html; charset=UTF-8,True,"index, follow, max-image-preview:large, max-snippet:-1, max-video-preview:-1",https://i-seo.su/glossary/skorost-zagruzki-straniczy,Скорость загрузки страницы: что измерять,"Что означает скорость загрузки страницы, какие метрики смотреть и почему «секунды в браузере» — не единственный критерий.",1,Скорость загрузки страницы,726,6,66,True,GLOSSARY_SINGLE,False
https://i-seo.su/glossary/skvoznaya-analitika,sitemap:https://i-seo.su/wp-sitemap-posts-glossary-1.xml,200,https://i-seo.su/glossary/skvoznaya-analitika,0,text/html; charset=UTF-8,True,"index, follow, max-image-preview:large, max-snippet:-1, max-video-preview:-1",https://i-seo.su/glossary/skvoznaya-analitika,Сквозная аналитика: что это и зачем нужна,"Что объединяет сквозная аналитика, какие данные связывает с CRM и почему важны правила атрибуции.",1,Сквозная аналитика,776,8,68,True,GLOSSARY_SINGLE,False
https://i-seo.su/glossary/snippet,sitemap:https://i-seo.su/wp-sitemap-posts-glossary-1.xml,200,https://i-seo.su/glossary/snippet,0,text/html; charset=UTF-8,True,"index, follow, max-image-preview:large, max-snippet:-1, max-video-preview:-1",https://i-seo.su/glossary/snippet,Сниппет: что это в поисковой выдаче,"Что такое сниппет, из чего он состоит и почему поисковая система может сформировать описание не из meta description.",1,Сниппет,714,14,68,True,GLOSSARY_SINGLE,False
https://i-seo.su/glossary/soczialnye-signaly,sitemap:https://i-seo.su/wp-sitemap-posts-glossary-1.xml,200,https://i-seo.su/glossary/soczialnye-signaly,0,text/html; charset=UTF-8,True,"index, follow, max-image-preview:large, max-snippet:-1, max-video-preview:-1",https://i-seo.su/glossary/soczialnye-signaly,Социальные сигналы: что это в digital-маркетинге,"Что называют социальными сигналами, как их используют в маркетинге и почему лайки не стоит считать официальным фактором ранжирования.",1,Социальные сигналы,750,2,67,True,GLOSSARY_SINGLE,False
https://i-seo.su/glossary/spam-update,sitemap:https://i-seo.su/wp-sitemap-posts-glossary-1.xml,200,https://i-seo.su/glossary/spam-update,0,text/html; charset=UTF-8,True,"index, follow, max-image-preview:large, max-snippet:-1, max-video-preview:-1",https://i-seo.su/glossary/spam-update,Spam Update: что это за обновление Google,"Что называют Spam Update в Google, как антиспам-обновления связаны с правилами поиска и почему по ним нельзя составить исчерпывающий список дат.",1,Spam Update,682,2,67,True,GLOSSARY_SINGLE,False
https://i-seo.su/glossary/ssylochnaya-massa,sitemap:https://i-seo.su/wp-sitemap-posts-glossary-1.xml,200,https://i-seo.su/glossary/ssylochnaya-massa,0,text/html; charset=UTF-8,True,"index, follow, max-image-preview:large, max-snippet:-1, max-video-preview:-1",https://i-seo.su/glossary/ssylochnaya-massa,Ссылочная масса: что это в SEO,"Что называют ссылочной массой, из чего состоит ссылочный профиль и почему количество ссылок не равно их качеству.",1,Ссылочная масса,746,3,67,True,GLOSSARY_SINGLE,False
https://i-seo.su/glossary/ssylochnyj-profil,sitemap:https://i-seo.su/wp-sitemap-posts-glossary-1.xml,200,https://i-seo.su/glossary/ssylochnyj-profil,0,text/html; charset=UTF-8,True,"index, follow, max-image-preview:large, max-snippet:-1, max-video-preview:-1",https://i-seo.su/glossary/ssylochnyj-profil,Ссылочный профиль сайта: что это,"Что входит в ссылочный профиль сайта, какие характеристики анализируют и почему число ссылок не является единственной оценкой.",1,Ссылочный профиль,717,12,67,True,GLOSSARY_SINGLE,False
https://i-seo.su/glossary/ssylochnyj-spam,sitemap:https://i-seo.su/wp-sitemap-posts-glossary-1.xml,200,https://i-seo.su/glossary/ssylochnyj-spam,0,text/html; charset=UTF-8,True,"index, follow, max-image-preview:large, max-snippet:-1, max-video-preview:-1",https://i-seo.su/glossary/ssylochnyj-spam,Ссылочный спам: что это,Что относят к ссылочному спаму и какие риски он создаёт.,1,Ссылочный спам,706,15,68,True,GLOSSARY_SINGLE,False
https://i-seo.su/glossary/struktura-sajta,sitemap:https://i-seo.su/wp-sitemap-posts-glossary-1.xml,200,https://i-seo.su/glossary/struktura-sajta,0,text/html; charset=UTF-8,True,"index, follow, max-image-preview:large, max-snippet:-1, max-video-preview:-1",https://i-seo.su/glossary/struktura-sajta,Структура сайта: что это и зачем нужна,"Что такое структура сайта, как она связана с навигацией и SEO и какие признаки хорошей архитектуры.",1,Структура сайта,709,7,68,True,GLOSSARY_SINGLE,False
https://i-seo.su/glossary/tehnicheskaya-optimizacziya,sitemap:https://i-seo.su/wp-sitemap-posts-glossary-1.xml,200,https://i-seo.su/glossary/tehnicheskaya-optimizacziya,0,text/html; charset=UTF-8,True,"index, follow, max-image-preview:large, max-snippet:-1, max-video-preview:-1",https://i-seo.su/glossary/tehnicheskaya-optimizacziya,Техническая оптимизация сайта: что входит,Что относится к технической оптимизации сайта и почему она важна для доступности страниц пользователям и поисковым роботам.,1,Техническая оптимизация,711,13,68,True,GLOSSARY_SINGLE,False
https://i-seo.su/glossary/tekstovye-faktory,sitemap:https://i-seo.su/wp-sitemap-posts-glossary-1.xml,200,https://i-seo.su/glossary/tekstovye-faktory,0,text/html; charset=UTF-8,True,"index, follow, max-image-preview:large, max-snippet:-1, max-video-preview:-1",https://i-seo.su/glossary/tekstovye-faktory,Текстовые факторы: что это в SEO,"Что относят к текстовым факторам, как текст связан с релевантностью страницы и почему нельзя сводить SEO к плотности ключевых слов.",1,Текстовые факторы,750,2,66,True,GLOSSARY_SINGLE,False
https://i-seo.su/glossary/tf-idf,sitemap:https://i-seo.su/wp-sitemap-posts-glossary-1.xml,200,https://i-seo.su/glossary/tf-idf,0,text/html; charset=UTF-8,True,"index, follow, max-image-preview:large, max-snippet:-1, max-video-preview:-1",https://i-seo.su/glossary/tf-idf,TF-IDF: что это простыми словами,Что такое TF-IDF в информационном поиске и почему это не волшебная формула современного SEO.,1,TF-IDF,691,3,67,True,GLOSSARY_SINGLE,False
https://i-seo.su/glossary/ticz,sitemap:https://i-seo.su/wp-sitemap-posts-glossary-1.xml,200,https://i-seo.su/glossary/ticz,0,text/html; charset=UTF-8,True,"index, follow, max-image-preview:large, max-snippet:-1, max-video-preview:-1",https://i-seo.su/glossary/ticz,тИЦ: что это за исторический показатель Яндекса,"Что такое тематический индекс цитирования, почему Яндекс отменил тИЦ и чем он не является сегодня.",1,тИЦ,734,2,66,True,GLOSSARY_SINGLE,False
https://i-seo.su/glossary/tochnoe-vhozhdenie,sitemap:https://i-seo.su/wp-sitemap-posts-glossary-1.xml,200,https://i-seo.su/glossary/tochnoe-vhozhdenie,0,text/html; charset=UTF-8,True,"index, follow, max-image-preview:large, max-snippet:-1, max-video-preview:-1",https://i-seo.su/glossary/tochnoe-vhozhdenie,Точное вхождение: что это в SEO-тексте,Что называют точным вхождением ключевой фразы и почему его не нужно повторять в тексте механически.,1,Точное вхождение,712,4,66,True,GLOSSARY_SINGLE,False
https://i-seo.su/glossary/tranzakczionnyj-intent,sitemap:https://i-seo.su/wp-sitemap-posts-glossary-1.xml,200,https://i-seo.su/glossary/tranzakczionnyj-intent,0,text/html; charset=UTF-8,True,"index, follow, max-image-preview:large, max-snippet:-1, max-video-preview:-1",https://i-seo.su/glossary/tranzakczionnyj-intent,Транзакционный интент: что это в поиске,"Что такое транзакционный интент, по каким признакам его распознать и какой контент нужен пользователю, готовому к действию.",1,Транзакционный интент,745,2,67,True,GLOSSARY_SINGLE,False
https://i-seo.su/glossary/trast-sajta,sitemap:https://i-seo.su/wp-sitemap-posts-glossary-1.xml,200,https://i-seo.su/glossary/trast-sajta,0,text/html; charset=UTF-8,True,"index, follow, max-image-preview:large, max-snippet:-1, max-video-preview:-1",https://i-seo.su/glossary/trast-sajta,Траст сайта: что это в SEO,"Что называют трастом сайта, почему это не официальный балл поисковика и как не подменять оценку проекта одной метрикой.",1,Траст сайта,748,2,66,True,GLOSSARY_SINGLE,False
https://i-seo.su/glossary/unikalnost-teksta,sitemap:https://i-seo.su/wp-sitemap-posts-glossary-1.xml,200,https://i-seo.su/glossary/unikalnost-teksta,0,text/html; charset=UTF-8,True,"index, follow, max-image-preview:large, max-snippet:-1, max-video-preview:-1",https://i-seo.su/glossary/unikalnost-teksta,Уникальность текста: что это и зачем проверяют,"Что значит уникальность текста для сайта, чем она отличается от пользы и почему процент антиплагиата не равен качеству.",1,Уникальность текста,691,7,67,True,GLOSSARY_SINGLE,False
https://i-seo.su/glossary/unikalnyj-posetitel,sitemap:https://i-seo.su/wp-sitemap-posts-glossary-1.xml,200,https://i-seo.su/glossary/unikalnyj-posetitel,0,text/html; charset=UTF-8,True,"index, follow, max-image-preview:large, max-snippet:-1, max-video-preview:-1",https://i-seo.su/glossary/unikalnyj-posetitel,Уникальный посетитель: что это в аналитике,"Что такое уникальный посетитель, как его считают в веб-аналитике и почему метрика не всегда равна числу реальных людей.",1,Уникальный посетитель,705,4,66,True,GLOSSARY_SINGLE,False
https://i-seo.su/glossary/ustranenie-dublej,sitemap:https://i-seo.su/wp-sitemap-posts-glossary-1.xml,200,https://i-seo.su/glossary/ustranenie-dublej,0,text/html; charset=UTF-8,True,"index, follow, max-image-preview:large, max-snippet:-1, max-video-preview:-1",https://i-seo.su/glossary/ustranenie-dublej,Устранение дублей: что делают в SEO,"Что значит устранение дублей страниц и какие инструменты используют: редиректы, canonical, параметры.",1,Устранение дублей,706,3,67,True,GLOSSARY_SINGLE,False
https://i-seo.su/glossary/utm-metki,sitemap:https://i-seo.su/wp-sitemap-posts-glossary-1.xml,200,https://i-seo.su/glossary/utm-metki,0,text/html; charset=UTF-8,True,"index, follow, max-image-preview:large, max-snippet:-1, max-video-preview:-1",https://i-seo.su/glossary/utm-metki,UTM-метки: что это и как использовать,"Что такое UTM-метки, какие параметры используют для аналитики кампаний и почему важны единые правила именования.",1,UTM-метки,771,9,67,True,GLOSSARY_SINGLE,False
https://i-seo.su/glossary/ux-i-ui,sitemap:https://i-seo.su/wp-sitemap-posts-glossary-1.xml,200,https://i-seo.su/glossary/ux-i-ui,0,text/html; charset=UTF-8,True,"index, follow, max-image-preview:large, max-snippet:-1, max-video-preview:-1",https://i-seo.su/glossary/ux-i-ui,UX и UI: различия и роль на сайте,"Чем отличаются UX и UI, какие элементы относятся к пользовательскому опыту и интерфейсу и как их проверять на сайте.",1,UX и UI,782,5,67,True,GLOSSARY_SINGLE,False
https://i-seo.su/glossary/veb-master,sitemap:https://i-seo.su/wp-sitemap-posts-glossary-1.xml,200,https://i-seo.su/glossary/veb-master,0,text/html; charset=UTF-8,True,"index, follow, max-image-preview:large, max-snippet:-1, max-video-preview:-1",https://i-seo.su/glossary/veb-master,Веб-мастер: кто это и чем занимается,"Кто такой веб-мастер и какие задачи он решает при поддержке сайта, его индексации и техническом состоянии.",1,Веб-мастер,705,2,66,True,GLOSSARY_SINGLE,False
https://i-seo.su/glossary/vertikalnyj-poisk,sitemap:https://i-seo.su/wp-sitemap-posts-glossary-1.xml,200,https://i-seo.su/glossary/vertikalnyj-poisk,0,text/html; charset=UTF-8,True,"index, follow, max-image-preview:large, max-snippet:-1, max-video-preview:-1",https://i-seo.su/glossary/vertikalnyj-poisk,Вертикальный поиск: что это и примеры,"Что такое вертикальный поиск, чем он отличается от обычной веб-выдачи и как учитывается в SEO.",1,Вертикальный поиск,734,2,67,True,GLOSSARY_SINGLE,False
https://i-seo.su/glossary/vidimost-sajta,sitemap:https://i-seo.su/wp-sitemap-posts-glossary-1.xml,200,https://i-seo.su/glossary/vidimost-sajta,0,text/html; charset=UTF-8,True,"index, follow, max-image-preview:large, max-snippet:-1, max-video-preview:-1",https://i-seo.su/glossary/vidimost-sajta,Видимость сайта: что это в SEO,"Что означает видимость сайта в поиске, как её оценивают и почему это не то же самое, что трафик.",1,Видимость сайта,728,4,68,True,GLOSSARY_SINGLE,False
https://i-seo.su/glossary/vneshnyaya-optimizacziya,sitemap:https://i-seo.su/wp-sitemap-posts-glossary-1.xml,200,https://i-seo.su/glossary/vneshnyaya-optimizacziya,0,text/html; charset=UTF-8,True,"index, follow, max-image-preview:large, max-snippet:-1, max-video-preview:-1",https://i-seo.su/glossary/vneshnyaya-optimizacziya,Внешняя оптимизация: что это в SEO,"Что относят к внешней оптимизации, почему важны релевантные упоминания и почему количество ссылок не является единственным критерием.",1,Внешняя оптимизация,780,3,67,True,GLOSSARY_SINGLE,False
https://i-seo.su/glossary/vnutrennyaya-optimizacziya,sitemap:https://i-seo.su/wp-sitemap-posts-glossary-1.xml,200,https://i-seo.su/glossary/vnutrennyaya-optimizacziya,0,text/html; charset=UTF-8,True,"index, follow, max-image-preview:large, max-snippet:-1, max-video-preview:-1",https://i-seo.su/glossary/vnutrennyaya-optimizacziya,Внутренняя оптимизация: что это в SEO,"Что входит во внутреннюю оптимизацию сайта, какие элементы она затрагивает и почему она не сводится к ключевым словам.",1,Внутренняя оптимизация,764,3,67,True,GLOSSARY_SINGLE,False
https://i-seo.su/glossary/vnutrennyaya-perelinkovka,sitemap:https://i-seo.su/wp-sitemap-posts-glossary-1.xml,200,https://i-seo.su/glossary/vnutrennyaya-perelinkovka,0,text/html; charset=UTF-8,True,"index, follow, max-image-preview:large, max-snippet:-1, max-video-preview:-1",https://i-seo.su/glossary/vnutrennyaya-perelinkovka,Внутренняя перелинковка: что это и зачем нужна,"Как внутренние ссылки помогают пользователям и роботам находить страницы, какие анкоры использовать и что проверять.",1,Внутренняя перелинковка,768,9,67,True,GLOSSARY_SINGLE,False
https://i-seo.su/glossary/voda-v-tekste,sitemap:https://i-seo.su/wp-sitemap-posts-glossary-1.xml,200,https://i-seo.su/glossary/voda-v-tekste,0,text/html; charset=UTF-8,True,"index, follow, max-image-preview:large, max-snippet:-1, max-video-preview:-1",https://i-seo.su/glossary/voda-v-tekste,Вода в тексте: что это,Что называют водой в тексте и почему она мешает читателю и SEO-странице.,1,Вода в тексте,663,3,66,True,GLOSSARY_SINGLE,False
https://i-seo.su/glossary/voronka-prodazh,sitemap:https://i-seo.su/wp-sitemap-posts-glossary-1.xml,200,https://i-seo.su/glossary/voronka-prodazh,0,text/html; charset=UTF-8,True,"index, follow, max-image-preview:large, max-snippet:-1, max-video-preview:-1",https://i-seo.su/glossary/voronka-prodazh,Воронка продаж: что это и как анализировать,"Объясняем, что такое воронка продаж, из каких этапов она состоит и как использовать её в аналитике сайта.",1,Воронка продаж,785,7,67,True,GLOSSARY_SINGLE,False
https://i-seo.su/glossary/wayback-machine,sitemap:https://i-seo.su/wp-sitemap-posts-glossary-1.xml,200,https://i-seo.su/glossary/wayback-machine,0,text/html; charset=UTF-8,True,"index, follow, max-image-preview:large, max-snippet:-1, max-video-preview:-1",https://i-seo.su/glossary/wayback-machine,Wayback Machine: что это,Что такое Wayback Machine и как архив страниц помогает в аудите и исследовании истории сайта.,1,Wayback Machine,689,3,66,True,GLOSSARY_SINGLE,False
https://i-seo.su/glossary/whois,sitemap:https://i-seo.su/wp-sitemap-posts-glossary-1.xml,200,https://i-seo.su/glossary/whois,0,text/html; charset=UTF-8,True,"index, follow, max-image-preview:large, max-snippet:-1, max-video-preview:-1",https://i-seo.su/glossary/whois,WHOIS: что это,Что такое WHOIS и какие данные о домене можно узнать.,1,WHOIS,654,3,66,True,GLOSSARY_SINGLE,False
https://i-seo.su/glossary/yandeks-direkt,sitemap:https://i-seo.su/wp-sitemap-posts-glossary-1.xml,200,https://i-seo.su/glossary/yandeks-direkt,0,text/html; charset=UTF-8,True,"index, follow, max-image-preview:large, max-snippet:-1, max-video-preview:-1",https://i-seo.su/glossary/yandeks-direkt,Яндекс Директ: что это и как используется,"Что такое Яндекс Директ, чем платное размещение отличается от органической выдачи и какие метрики помогают оценить кампанию.",1,Яндекс Директ,767,3,67,True,GLOSSARY_SINGLE,False
https://i-seo.su/glossary/yandeks-metrika,sitemap:https://i-seo.su/wp-sitemap-posts-glossary-1.xml,200,https://i-seo.su/glossary/yandeks-metrika,0,text/html; charset=UTF-8,True,"index, follow, max-image-preview:large, max-snippet:-1, max-video-preview:-1",https://i-seo.su/glossary/yandeks-metrika,Яндекс.Метрика: что это и как используется,"Что такое Яндекс.Метрика, какие данные она собирает и почему отчёты нужно интерпретировать с учётом целей и настроек счётчика.",1,Яндекс.Метрика,725,6,67,True,GLOSSARY_SINGLE,False
https://i-seo.su/glossary/yandeks-vebmaster,sitemap:https://i-seo.su/wp-sitemap-posts-glossary-1.xml,200,https://i-seo.su/glossary/yandeks-vebmaster,0,text/html; charset=UTF-8,True,"index, follow, max-image-preview:large, max-snippet:-1, max-video-preview:-1",https://i-seo.su/glossary/yandeks-vebmaster,Яндекс.Вебмастер: что это и для чего нужен,"Что показывает Яндекс.Вебмастер, какие задачи помогает решать владельцу сайта и чего сервис не позволяет делать.",1,Яндекс.Вебмастер,769,6,67,True,GLOSSARY_SINGLE,False
https://i-seo.su/glossary/zagolovki-h1-h6,sitemap:https://i-seo.su/wp-sitemap-posts-glossary-1.xml,200,https://i-seo.su/glossary/zagolovki-h1-h6,0,text/html; charset=UTF-8,True,"index, follow, max-image-preview:large, max-snippet:-1, max-video-preview:-1",https://i-seo.su/glossary/zagolovki-h1-h6,Заголовки H1–H6: что это и как использовать,Как HTML-заголовки H1–H6 формируют структуру страницы и почему их уровни выбирают по смысловой иерархии.,1,Заголовки H1–H6,709,2,67,True,GLOSSARY_SINGLE,False
https://i-seo.su/glossary/zaspamlennost-teksta,sitemap:https://i-seo.su/wp-sitemap-posts-glossary-1.xml,200,https://i-seo.su/glossary/zaspamlennost-teksta,0,text/html; charset=UTF-8,True,"index, follow, max-image-preview:large, max-snippet:-1, max-video-preview:-1",https://i-seo.su/glossary/zaspamlennost-teksta,Заспамленность текста: что это,Что такое заспамленность текста и как она связана с переоптимизацией под поиск.,1,Заспамленность текста,705,4,67,True,GLOSSARY_SINGLE,False
https://i-seo.su/guarantees.html,seed,200,https://i-seo.su/guarantees.html,0,text/html; charset=UTF-8,True,"index, follow",,Наши гарантии | Агентство INTLSEO,INTLSEO предлагает гарантии на все свои SEO услуги. Мы уверены в эффективности наших методов и готовы гарантировать вам достижение результатов. Узнайте больше о наших условиях и защитите свои инвестиции в SEO.,1,Гарантии,1040,675,64,True,STATIC,False
https://i-seo.su/home.html,seed,200,https://i-seo.su/home.html,0,text/html; charset=UTF-8,True,"index, follow",,Продвижение сайтов в ТОП под ключ в Москве | Агентство INTLSEO,"Компания INTLSEO по продвижению сайтов в ТОП Яндекс и Google. Разрабатываем сайты с оптимизацией под SEO, продвигаем в топ, настраиваем контекстную рекламу.",1,Продвигаем сайты в ТОП Яндекса и Google,1677,0,70,False,STATIC,False
https://i-seo.su/img/cases/seo_ai_cases/drive_01.png,outlink-followup,200,https://i-seo.su/img/cases/seo_ai_cases/drive_01.png,0,image/png,,,,,,0,,0,1,0,False,WP_PAGE,False
https://i-seo.su/img/cases/seo_ai_cases/drive_02.png,outlink-followup,200,https://i-seo.su/img/cases/seo_ai_cases/drive_02.png,0,image/png,,,,,,0,,0,1,0,False,WP_PAGE,False
https://i-seo.su/img/cases/seo_ai_cases/drive_03.JPG,outlink-followup,200,https://i-seo.su/img/cases/seo_ai_cases/drive_03.JPG,0,image/jpeg,,,,,,0,,0,1,0,False,WP_PAGE,False
https://i-seo.su/img/cases/seo_ai_cases/drive_04.JPG,outlink-followup,200,https://i-seo.su/img/cases/seo_ai_cases/drive_04.JPG,0,image/jpeg,,,,,,0,,0,1,0,False,WP_PAGE,False
https://i-seo.su/img/cases/seo_ai_cases/drive_05.JPG,outlink-followup,200,https://i-seo.su/img/cases/seo_ai_cases/drive_05.JPG,0,image/jpeg,,,,,,0,,0,1,0,False,WP_PAGE,False
https://i-seo.su/img/cases/seo_ai_cases/makita_01.png,outlink-followup,200,https://i-seo.su/img/cases/seo_ai_cases/makita_01.png,0,image/png,,,,,,0,,0,1,0,False,WP_PAGE,False
https://i-seo.su/img/cases/seo_ai_cases/makita_02.png,outlink-followup,200,https://i-seo.su/img/cases/seo_ai_cases/makita_02.png,0,image/png,,,,,,0,,0,1,0,False,WP_PAGE,False
https://i-seo.su/img/cases/seo_ai_cases/makita_03.png,outlink-followup,200,https://i-seo.su/img/cases/seo_ai_cases/makita_03.png,0,image/png,,,,,,0,,0,1,0,False,WP_PAGE,False
https://i-seo.su/img/cases/seo_ai_cases/maltipoo_01.png,outlink-followup,200,https://i-seo.su/img/cases/seo_ai_cases/maltipoo_01.png,0,image/png,,,,,,0,,0,1,0,False,WP_PAGE,False
https://i-seo.su/img/cases/seo_ai_cases/maltipoo_02.png,outlink-followup,200,https://i-seo.su/img/cases/seo_ai_cases/maltipoo_02.png,0,image/png,,,,,,0,,0,1,0,False,WP_PAGE,False
https://i-seo.su/img/cases/seo_ai_cases/maltipoo_03.png,outlink-followup,200,https://i-seo.su/img/cases/seo_ai_cases/maltipoo_03.png,0,image/png,,,,,,0,,0,1,0,False,WP_PAGE,False
https://i-seo.su/img/cases/stat_slides/aaa_limo_00.jpg,outlink-followup,200,https://i-seo.su/img/cases/stat_slides/aaa_limo_00.jpg,0,image/jpeg,,,,,,0,,0,1,0,False,WP_PAGE,False
https://i-seo.su/img/cases/stat_slides/aaa_limo_01.jpg,outlink-followup,200,https://i-seo.su/img/cases/stat_slides/aaa_limo_01.jpg,0,image/jpeg,,,,,,0,,0,1,0,False,WP_PAGE,False
https://i-seo.su/img/cases/stat_slides/aaa_limo_02.jpg,outlink-followup,200,https://i-seo.su/img/cases/stat_slides/aaa_limo_02.jpg,0,image/jpeg,,,,,,0,,0,1,0,False,WP_PAGE,False
https://i-seo.su/img/cases/stat_slides/aaa_limo_03.jpg,outlink-followup,200,https://i-seo.su/img/cases/stat_slides/aaa_limo_03.jpg,0,image/jpeg,,,,,,0,,0,1,0,False,WP_PAGE,False
https://i-seo.su/img/cases/stat_slides/agran_00.jpg,outlink-followup,200,https://i-seo.su/img/cases/stat_slides/agran_00.jpg,0,image/jpeg,,,,,,0,,0,1,0,False,WP_PAGE,False
https://i-seo.su/img/cases/stat_slides/agran_01.jpg,outlink-followup,200,https://i-seo.su/img/cases/stat_slides/agran_01.jpg,0,image/jpeg,,,,,,0,,0,1,0,False,WP_PAGE,False
https://i-seo.su/img/cases/stat_slides/agran_02.jpg,outlink-followup,200,https://i-seo.su/img/cases/stat_slides/agran_02.jpg,0,image/jpeg,,,,,,0,,0,1,0,False,WP_PAGE,False
https://i-seo.su/img/cases/stat_slides/agran_03.jpg,outlink-followup,200,https://i-seo.su/img/cases/stat_slides/agran_03.jpg,0,image/jpeg,,,,,,0,,0,1,0,False,WP_PAGE,False
https://i-seo.su/img/cases/stat_slides/altexa_00.jpg,outlink-followup,200,https://i-seo.su/img/cases/stat_slides/altexa_00.jpg,0,image/jpeg,,,,,,0,,0,1,0,False,WP_PAGE,False
https://i-seo.su/img/cases/stat_slides/altexa_01.jpg,outlink-followup,200,https://i-seo.su/img/cases/stat_slides/altexa_01.jpg,0,image/jpeg,,,,,,0,,0,1,0,False,WP_PAGE,False
https://i-seo.su/img/cases/stat_slides/altexa_02.jpg,outlink-followup,200,https://i-seo.su/img/cases/stat_slides/altexa_02.jpg,0,image/jpeg,,,,,,0,,0,1,0,False,WP_PAGE,False
https://i-seo.su/img/cases/stat_slides/altexa_03.jpg,outlink-followup,200,https://i-seo.su/img/cases/stat_slides/altexa_03.jpg,0,image/jpeg,,,,,,0,,0,1,0,False,WP_PAGE,False
https://i-seo.su/img/cases/stat_slides/apk_00.jpg,outlink-followup,200,https://i-seo.su/img/cases/stat_slides/apk_00.jpg,0,image/jpeg,,,,,,0,,0,1,0,False,WP_PAGE,False
https://i-seo.su/img/cases/stat_slides/apk_01.jpg,outlink-followup,200,https://i-seo.su/img/cases/stat_slides/apk_01.jpg,0,image/jpeg,,,,,,0,,0,1,0,False,WP_PAGE,False
https://i-seo.su/img/cases/stat_slides/aqua_house_00.jpg,outlink-followup,200,https://i-seo.su/img/cases/stat_slides/aqua_house_00.jpg,0,image/jpeg,,,,,,0,,0,1,0,False,WP_PAGE,False
https://i-seo.su/img/cases/stat_slides/aqua_house_01.jpg,outlink-followup,200,https://i-seo.su/img/cases/stat_slides/aqua_house_01.jpg,0,image/jpeg,,,,,,0,,0,1,0,False,WP_PAGE,False
https://i-seo.su/img/cases/stat_slides/aqua_house_02.jpg,outlink-followup,200,https://i-seo.su/img/cases/stat_slides/aqua_house_02.jpg,0,image/jpeg,,,,,,0,,0,1,0,False,WP_PAGE,False
https://i-seo.su/img/cases/stat_slides/aqua_house_03.jpg,outlink-followup,200,https://i-seo.su/img/cases/stat_slides/aqua_house_03.jpg,0,image/jpeg,,,,,,0,,0,1,0,False,WP_PAGE,False
https://i-seo.su/img/cases/stat_slides/aviasolution_00.jpg,outlink-followup,200,https://i-seo.su/img/cases/stat_slides/aviasolution_00.jpg,0,image/jpeg,,,,,,0,,0,1,0,False,WP_PAGE,False
https://i-seo.su/img/cases/stat_slides/aviasolution_01.jpg,outlink-followup,200,https://i-seo.su/img/cases/stat_slides/aviasolution_01.jpg,0,image/jpeg,,,,,,0,,0,1,0,False,WP_PAGE,False
https://i-seo.su/img/cases/stat_slides/aviasolution_02.jpg,outlink-followup,200,https://i-seo.su/img/cases/stat_slides/aviasolution_02.jpg,0,image/jpeg,,,,,,0,,0,1,0,False,WP_PAGE,False
https://i-seo.su/img/cases/stat_slides/aviasolution_03.jpg,outlink-followup,200,https://i-seo.su/img/cases/stat_slides/aviasolution_03.jpg,0,image/jpeg,,,,,,0,,0,1,0,False,WP_PAGE,False
https://i-seo.su/img/cases/stat_slides/belkhoum_00.jpg,outlink-followup,200,https://i-seo.su/img/cases/stat_slides/belkhoum_00.jpg,0,image/jpeg,,,,,,0,,0,1,0,False,WP_PAGE,False
https://i-seo.su/img/cases/stat_slides/belkhoum_01.jpg,outlink-followup,200,https://i-seo.su/img/cases/stat_slides/belkhoum_01.jpg,0,image/jpeg,,,,,,0,,0,1,0,False,WP_PAGE,False
https://i-seo.su/img/cases/stat_slides/belkhoum_02.jpg,outlink-followup,200,https://i-seo.su/img/cases/stat_slides/belkhoum_02.jpg,0,image/jpeg,,,,,,0,,0,1,0,False,WP_PAGE,False
https://i-seo.su/img/cases/stat_slides/belkhoum_03.jpg,outlink-followup,200,https://i-seo.su/img/cases/stat_slides/belkhoum_03.jpg,0,image/jpeg,,,,,,0,,0,1,0,False,WP_PAGE,False
https://i-seo.su/img/cases/stat_slides/corsini_00.jpg,outlink-followup,200,https://i-seo.su/img/cases/stat_slides/corsini_00.jpg,0,image/jpeg,,,,,,0,,0,1,0,False,WP_PAGE,False
https://i-seo.su/img/cases/stat_slides/corsini_01.jpg,outlink-followup,200,https://i-seo.su/img/cases/stat_slides/corsini_01.jpg,0,image/jpeg,,,,,,0,,0,1,0,False,WP_PAGE,False
https://i-seo.su/img/cases/stat_slides/corsini_02.jpg,outlink-followup,200,https://i-seo.su/img/cases/stat_slides/corsini_02.jpg,0,image/jpeg,,,,,,0,,0,1,0,False,WP_PAGE,False
https://i-seo.su/img/cases/stat_slides/corsini_03.jpg,outlink-followup,200,https://i-seo.su/img/cases/stat_slides/corsini_03.jpg,0,image/jpeg,,,,,,0,,0,1,0,False,WP_PAGE,False
https://i-seo.su/img/cases/stat_slides/drnicole_00.jpg,outlink-followup,200,https://i-seo.su/img/cases/stat_slides/drnicole_00.jpg,0,image/jpeg,,,,,,0,,0,1,0,False,WP_PAGE,False
https://i-seo.su/img/cases/stat_slides/drnicole_01.jpg,outlink-followup,200,https://i-seo.su/img/cases/stat_slides/drnicole_01.jpg,0,image/jpeg,,,,,,0,,0,1,0,False,WP_PAGE,False
https://i-seo.su/img/cases/stat_slides/drnicole_02.jpg,outlink-followup,200,https://i-seo.su/img/cases/stat_slides/drnicole_02.jpg,0,image/jpeg,,,,,,0,,0,1,0,False,WP_PAGE,False
https://i-seo.su/img/cases/stat_slides/drnicole_03.jpg,outlink-followup,200,https://i-seo.su/img/cases/stat_slides/drnicole_03.jpg,0,image/jpeg,,,,,,0,,0,1,0,False,WP_PAGE,False
https://i-seo.su/img/cases/stat_slides/fabrika_eko_00.jpg,outlink-followup,200,https://i-seo.su/img/cases/stat_slides/fabrika_eko_00.jpg,0,image/jpeg,,,,,,0,,0,1,0,False,WP_PAGE,False
https://i-seo.su/img/cases/stat_slides/fabrika_eko_01.jpg,outlink-followup,200,https://i-seo.su/img/cases/stat_slides/fabrika_eko_01.jpg,0,image/jpeg,,,,,,0,,0,1,0,False,WP_PAGE,False
https://i-seo.su/img/cases/stat_slides/fabrika_eko_02.jpg,outlink-followup,200,https://i-seo.su/img/cases/stat_slides/fabrika_eko_02.jpg,0,image/jpeg,,,,,,0,,0,1,0,False,WP_PAGE,False
https://i-seo.su/img/cases/stat_slides/fabrika_eko_03.jpg,outlink-followup,200,https://i-seo.su/img/cases/stat_slides/fabrika_eko_03.jpg,0,image/jpeg,,,,,,0,,0,1,0,False,WP_PAGE,False
https://i-seo.su/img/cases/stat_slides/iluve_me_00.jpg,outlink-followup,200,https://i-seo.su/img/cases/stat_slides/iluve_me_00.jpg,0,image/jpeg,,,,,,0,,0,1,0,False,WP_PAGE,False
https://i-seo.su/img/cases/stat_slides/iluve_me_01.jpg,outlink-followup,200,https://i-seo.su/img/cases/stat_slides/iluve_me_01.jpg,0,image/jpeg,,,,,,0,,0,1,0,False,WP_PAGE,False
https://i-seo.su/img/cases/stat_slides/iluve_me_02.jpg,outlink-followup,200,https://i-seo.su/img/cases/stat_slides/iluve_me_02.jpg,0,image/jpeg,,,,,,0,,0,1,0,False,WP_PAGE,False
https://i-seo.su/img/cases/stat_slides/iluve_me_03.jpg,outlink-followup,200,https://i-seo.su/img/cases/stat_slides/iluve_me_03.jpg,0,image/jpeg,,,,,,0,,0,1,0,False,WP_PAGE,False
https://i-seo.su/img/cases/stat_slides/krokus_00.jpg,outlink-followup,200,https://i-seo.su/img/cases/stat_slides/krokus_00.jpg,0,image/jpeg,,,,,,0,,0,1,0,False,WP_PAGE,False
https://i-seo.su/img/cases/stat_slides/krokus_01.jpg,outlink-followup,200,https://i-seo.su/img/cases/stat_slides/krokus_01.jpg,0,image/jpeg,,,,,,0,,0,1,0,False,WP_PAGE,False
https://i-seo.su/img/cases/stat_slides/krokus_02.jpg,outlink-followup,200,https://i-seo.su/img/cases/stat_slides/krokus_02.jpg,0,image/jpeg,,,,,,0,,0,1,0,False,WP_PAGE,False
https://i-seo.su/img/cases/stat_slides/krokus_03.jpg,outlink-followup,200,https://i-seo.su/img/cases/stat_slides/krokus_03.jpg,0,image/jpeg,,,,,,0,,0,1,0,False,WP_PAGE,False
https://i-seo.su/img/cases/stat_slides/line_sport_00.jpg,outlink-followup,200,https://i-seo.su/img/cases/stat_slides/line_sport_00.jpg,0,image/jpeg,,,,,,0,,0,1,0,False,WP_PAGE,False
https://i-seo.su/img/cases/stat_slides/line_sport_01.jpg,outlink-followup,200,https://i-seo.su/img/cases/stat_slides/line_sport_01.jpg,0,image/jpeg,,,,,,0,,0,1,0,False,WP_PAGE,False
https://i-seo.su/img/cases/stat_slides/line_sport_02.jpg,outlink-followup,200,https://i-seo.su/img/cases/stat_slides/line_sport_02.jpg,0,image/jpeg,,,,,,0,,0,1,0,False,WP_PAGE,False
https://i-seo.su/img/cases/stat_slides/line_sport_03.jpg,outlink-followup,200,https://i-seo.su/img/cases/stat_slides/line_sport_03.jpg,0,image/jpeg,,,,,,0,,0,1,0,False,WP_PAGE,False
https://i-seo.su/img/cases/stat_slides/magdalina_00.jpg,outlink-followup,200,https://i-seo.su/img/cases/stat_slides/magdalina_00.jpg,0,image/jpeg,,,,,,0,,0,1,0,False,WP_PAGE,False
https://i-seo.su/img/cases/stat_slides/magdalina_01.jpg,outlink-followup,200,https://i-seo.su/img/cases/stat_slides/magdalina_01.jpg,0,image/jpeg,,,,,,0,,0,1,0,False,WP_PAGE,False
https://i-seo.su/img/cases/stat_slides/magdalina_02.jpg,outlink-followup,200,https://i-seo.su/img/cases/stat_slides/magdalina_02.jpg,0,image/jpeg,,,,,,0,,0,1,0,False,WP_PAGE,False
https://i-seo.su/img/cases/stat_slides/magdalina_03.jpg,outlink-followup,200,https://i-seo.su/img/cases/stat_slides/magdalina_03.jpg,0,image/jpeg,,,,,,0,,0,1,0,False,WP_PAGE,False
https://i-seo.su/img/cases/stat_slides/makita_00.jpg,outlink-followup,200,https://i-seo.su/img/cases/stat_slides/makita_00.jpg,0,image/jpeg,,,,,,0,,0,1,0,False,WP_PAGE,False
https://i-seo.su/img/cases/stat_slides/makita_01.jpg,outlink-followup,200,https://i-seo.su/img/cases/stat_slides/makita_01.jpg,0,image/jpeg,,,,,,0,,0,1,0,False,WP_PAGE,False
https://i-seo.su/img/cases/stat_slides/makita_02.jpg,outlink-followup,200,https://i-seo.su/img/cases/stat_slides/makita_02.jpg,0,image/jpeg,,,,,,0,,0,1,0,False,WP_PAGE,False
https://i-seo.su/img/cases/stat_slides/makita_03.jpg,outlink-followup,200,https://i-seo.su/img/cases/stat_slides/makita_03.jpg,0,image/jpeg,,,,,,0,,0,1,0,False,WP_PAGE,False
https://i-seo.su/img/cases/stat_slides/salis_med_00.jpg,outlink-followup,200,https://i-seo.su/img/cases/stat_slides/salis_med_00.jpg,0,image/jpeg,,,,,,0,,0,1,0,False,WP_PAGE,False
https://i-seo.su/img/cases/stat_slides/salis_med_01.jpg,outlink-followup,200,https://i-seo.su/img/cases/stat_slides/salis_med_01.jpg,0,image/jpeg,,,,,,0,,0,1,0,False,WP_PAGE,False
https://i-seo.su/img/cases/stat_slides/salis_med_02.jpg,outlink-followup,200,https://i-seo.su/img/cases/stat_slides/salis_med_02.jpg,0,image/jpeg,,,,,,0,,0,1,0,False,WP_PAGE,False
https://i-seo.su/img/cases/stat_slides/salis_med_03.jpg,outlink-followup,200,https://i-seo.su/img/cases/stat_slides/salis_med_03.jpg,0,image/jpeg,,,,,,0,,0,1,0,False,WP_PAGE,False
https://i-seo.su/img/cases/stat_slides/simpl_kom_00.jpg,outlink-followup,200,https://i-seo.su/img/cases/stat_slides/simpl_kom_00.jpg,0,image/jpeg,,,,,,0,,0,1,0,False,WP_PAGE,False
https://i-seo.su/img/cases/stat_slides/simpl_kom_01.jpg,outlink-followup,200,https://i-seo.su/img/cases/stat_slides/simpl_kom_01.jpg,0,image/jpeg,,,,,,0,,0,1,0,False,WP_PAGE,False
https://i-seo.su/img/cases/stat_slides/sladkie_sladosti_00.jpg,outlink-followup,200,https://i-seo.su/img/cases/stat_slides/sladkie_sladosti_00.jpg,0,image/jpeg,,,,,,0,,0,1,0,False,WP_PAGE,False
https://i-seo.su/img/cases/stat_slides/sladkie_sladosti_01.jpg,outlink-followup,200,https://i-seo.su/img/cases/stat_slides/sladkie_sladosti_01.jpg,0,image/jpeg,,,,,,0,,0,1,0,False,WP_PAGE,False
https://i-seo.su/img/cases/stat_slides/smm-magdalina-01.jpg,outlink-followup,200,https://i-seo.su/img/cases/stat_slides/smm-magdalina-01.jpg,0,image/jpeg,,,,,,0,,0,1,0,False,WP_PAGE,False
https://i-seo.su/img/cases/stat_slides/smm-magdalina-02.jpg,outlink-followup,200,https://i-seo.su/img/cases/stat_slides/smm-magdalina-02.jpg,0,image/jpeg,,,,,,0,,0,1,0,False,WP_PAGE,False
https://i-seo.su/img/cases/stat_slides/smm-magdalina-03.jpg,outlink-followup,200,https://i-seo.su/img/cases/stat_slides/smm-magdalina-03.jpg,0,image/jpeg,,,,,,0,,0,1,0,False,WP_PAGE,False
https://i-seo.su/img/cases/stat_slides/smm-magdalina-04.jpg,outlink-followup,200,https://i-seo.su/img/cases/stat_slides/smm-magdalina-04.jpg,0,image/jpeg,,,,,,0,,0,1,0,False,WP_PAGE,False
https://i-seo.su/img/cases/stat_slides/smm-newnamclin-01.jpg,outlink-followup,200,https://i-seo.su/img/cases/stat_slides/smm-newnamclin-01.jpg,0,image/jpeg,,,,,,0,,0,1,0,False,WP_PAGE,False
https://i-seo.su/img/cases/stat_slides/smm-newnamclin-02.jpg,outlink-followup,200,https://i-seo.su/img/cases/stat_slides/smm-newnamclin-02.jpg,0,image/jpeg,,,,,,0,,0,1,0,False,WP_PAGE,False
https://i-seo.su/img/cases/stat_slides/smm_arena_01.jpg,outlink-followup,200,https://i-seo.su/img/cases/stat_slides/smm_arena_01.jpg,0,image/jpeg,,,,,,0,,0,1,0,False,WP_PAGE,False
https://i-seo.su/img/cases/stat_slides/smm_arena_02.jpg,outlink-followup,200,https://i-seo.su/img/cases/stat_slides/smm_arena_02.jpg,0,image/jpeg,,,,,,0,,0,1,0,False,WP_PAGE,False
https://i-seo.su/img/cases/stat_slides/smm_arena_03.jpg,outlink-followup,200,https://i-seo.su/img/cases/stat_slides/smm_arena_03.jpg,0,image/jpeg,,,,,,0,,0,1,0,False,WP_PAGE,False
https://i-seo.su/img/cases/stat_slides/smm_direveavenue_01.jpg,outlink-followup,200,https://i-seo.su/img/cases/stat_slides/smm_direveavenue_01.jpg,0,image/jpeg,,,,,,0,,0,1,0,False,WP_PAGE,False
https://i-seo.su/img/cases/stat_slides/smm_direveavenue_02.jpg,outlink-followup,200,https://i-seo.su/img/cases/stat_slides/smm_direveavenue_02.jpg,0,image/jpeg,,,,,,0,,0,1,0,False,WP_PAGE,False
https://i-seo.su/img/cases/stat_slides/smm_direveavenue_03.jpg,outlink-followup,200,https://i-seo.su/img/cases/stat_slides/smm_direveavenue_03.jpg,0,image/jpeg,,,,,,0,,0,1,0,False,WP_PAGE,False
https://i-seo.su/img/cases/stat_slides/smm_direveavenue_04.jpg,outlink-followup,200,https://i-seo.su/img/cases/stat_slides/smm_direveavenue_04.jpg,0,image/jpeg,,,,,,0,,0,1,0,False,WP_PAGE,False
https://i-seo.su/img/cases/stat_slides/smm_kzs_01.jpg,outlink-followup,200,https://i-seo.su/img/cases/stat_slides/smm_kzs_01.jpg,0,image/jpeg,,,,,,0,,0,1,0,False,WP_PAGE,False
https://i-seo.su/img/cases/stat_slides/smm_kzs_02.jpg,outlink-followup,200,https://i-seo.su/img/cases/stat_slides/smm_kzs_02.jpg,0,image/jpeg,,,,,,0,,0,1,0,False,WP_PAGE,False
https://i-seo.su/img/cases/stat_slides/smm_kzs_03.jpg,outlink-followup,200,https://i-seo.su/img/cases/stat_slides/smm_kzs_03.jpg,0,image/jpeg,,,,,,0,,0,1,0,False,WP_PAGE,False
https://i-seo.su/img/cases/stat_slides/smm_kzs_04.jpg,outlink-followup,200,https://i-seo.su/img/cases/stat_slides/smm_kzs_04.jpg,0,image/jpeg,,,,,,0,,0,1,0,False,WP_PAGE,False
https://i-seo.su/img/cases/stat_slides/smm_nashedelo_01.jpg,outlink-followup,200,https://i-seo.su/img/cases/stat_slides/smm_nashedelo_01.jpg,0,image/jpeg,,,,,,0,,0,1,0,False,WP_PAGE,False
https://i-seo.su/img/cases/stat_slides/smm_nashedelo_02.jpg,outlink-followup,200,https://i-seo.su/img/cases/stat_slides/smm_nashedelo_02.jpg,0,image/jpeg,,,,,,0,,0,1,0,False,WP_PAGE,False
https://i-seo.su/img/cases/stat_slides/smm_nashedelo_03.jpg,outlink-followup,200,https://i-seo.su/img/cases/stat_slides/smm_nashedelo_03.jpg,0,image/jpeg,,,,,,0,,0,1,0,False,WP_PAGE,False
https://i-seo.su/img/cases/stat_slides/smm_nashedelo_04.jpg,outlink-followup,200,https://i-seo.su/img/cases/stat_slides/smm_nashedelo_04.jpg,0,image/jpeg,,,,,,0,,0,1,0,False,WP_PAGE,False
https://i-seo.su/img/cases/stat_slides/smm_pwl_01.jpg,outlink-followup,200,https://i-seo.su/img/cases/stat_slides/smm_pwl_01.jpg,0,image/jpeg,,,,,,0,,0,1,0,False,WP_PAGE,False
https://i-seo.su/img/cases/stat_slides/smm_pwl_02.jpg,outlink-followup,200,https://i-seo.su/img/cases/stat_slides/smm_pwl_02.jpg,0,image/jpeg,,,,,,0,,0,1,0,False,WP_PAGE,False
https://i-seo.su/img/cases/stat_slides/smm_pwl_03.jpg,outlink-followup,200,https://i-seo.su/img/cases/stat_slides/smm_pwl_03.jpg,0,image/jpeg,,,,,,0,,0,1,0,False,WP_PAGE,False
https://i-seo.su/img/cases/stat_slides/smm_pwl_04.jpg,outlink-followup,200,https://i-seo.su/img/cases/stat_slides/smm_pwl_04.jpg,0,image/jpeg,,,,,,0,,0,1,0,False,WP_PAGE,False
https://i-seo.su/img/cases/stat_slides/tech-iq_00.jpg,outlink-followup,200,https://i-seo.su/img/cases/stat_slides/tech-iq_00.jpg,0,image/jpeg,,,,,,0,,0,1,0,False,WP_PAGE,False
https://i-seo.su/img/cases/stat_slides/tech-iq_01.jpg,outlink-followup,200,https://i-seo.su/img/cases/stat_slides/tech-iq_01.jpg,0,image/jpeg,,,,,,0,,0,1,0,False,WP_PAGE,False
https://i-seo.su/img/cases/stat_slides/tech-iq_03.jpg,outlink-followup,200,https://i-seo.su/img/cases/stat_slides/tech-iq_03.jpg,0,image/jpeg,,,,,,0,,0,1,0,False,WP_PAGE,False
https://i-seo.su/img/develop/site1-1.webp,outlink-followup,200,https://i-seo.su/img/develop/site1-1.webp,0,image/webp,,,,,,0,,0,5,0,False,WP_PAGE,False
https://i-seo.su/img/develop/site1-2.webp,outlink-followup,200,https://i-seo.su/img/develop/site1-2.webp,0,image/webp,,,,,,0,,0,5,0,False,WP_PAGE,False
https://i-seo.su/img/develop/site1-3.webp,outlink-followup,200,https://i-seo.su/img/develop/site1-3.webp,0,image/webp,,,,,,0,,0,5,0,False,WP_PAGE,False
https://i-seo.su/img/develop/site1-4.webp,outlink-followup,200,https://i-seo.su/img/develop/site1-4.webp,0,image/webp,,,,,,0,,0,5,0,False,WP_PAGE,False
https://i-seo.su/img/develop/site1-5.webp,outlink-followup,200,https://i-seo.su/img/develop/site1-5.webp,0,image/webp,,,,,,0,,0,5,0,False,WP_PAGE,False
https://i-seo.su/img/develop/site1-6.webp,outlink-followup,200,https://i-seo.su/img/develop/site1-6.webp,0,image/webp,,,,,,0,,0,5,0,False,WP_PAGE,False
https://i-seo.su/img/develop/site2-1.webp,outlink-followup,200,https://i-seo.su/img/develop/site2-1.webp,0,image/webp,,,,,,0,,0,5,0,False,WP_PAGE,False
https://i-seo.su/img/develop/site2-2.webp,outlink-followup,200,https://i-seo.su/img/develop/site2-2.webp,0,image/webp,,,,,,0,,0,5,0,False,WP_PAGE,False
https://i-seo.su/img/develop/site2-3.webp,outlink-followup,200,https://i-seo.su/img/develop/site2-3.webp,0,image/webp,,,,,,0,,0,5,0,False,WP_PAGE,False
https://i-seo.su/img/develop/site2-4.webp,outlink-followup,200,https://i-seo.su/img/develop/site2-4.webp,0,image/webp,,,,,,0,,0,5,0,False,WP_PAGE,False
https://i-seo.su/img/develop/site2-5.webp,outlink-followup,200,https://i-seo.su/img/develop/site2-5.webp,0,image/webp,,,,,,0,,0,5,0,False,WP_PAGE,False
https://i-seo.su/img/develop/site2-6.webp,outlink-followup,200,https://i-seo.su/img/develop/site2-6.webp,0,image/webp,,,,,,0,,0,5,0,False,WP_PAGE,False
https://i-seo.su/img/develop/site3-1.webp,outlink-followup,200,https://i-seo.su/img/develop/site3-1.webp,0,image/webp,,,,,,0,,0,5,0,False,WP_PAGE,False
https://i-seo.su/img/develop/site3-2.webp,outlink-followup,200,https://i-seo.su/img/develop/site3-2.webp,0,image/webp,,,,,,0,,0,5,0,False,WP_PAGE,False
https://i-seo.su/img/develop/site3-3.webp,outlink-followup,200,https://i-seo.su/img/develop/site3-3.webp,0,image/webp,,,,,,0,,0,5,0,False,WP_PAGE,False
https://i-seo.su/img/develop/site3-4.webp,outlink-followup,200,https://i-seo.su/img/develop/site3-4.webp,0,image/webp,,,,,,0,,0,5,0,False,WP_PAGE,False
https://i-seo.su/img/develop/site3-5.webp,outlink-followup,200,https://i-seo.su/img/develop/site3-5.webp,0,image/webp,,,,,,0,,0,5,0,False,WP_PAGE,False
https://i-seo.su/img/develop/site3-6.webp,outlink-followup,200,https://i-seo.su/img/develop/site3-6.webp,0,image/webp,,,,,,0,,0,5,0,False,WP_PAGE,False
https://i-seo.su/img/develop/site4-1.webp,outlink-followup,200,https://i-seo.su/img/develop/site4-1.webp,0,image/webp,,,,,,0,,0,5,0,False,WP_PAGE,False
https://i-seo.su/img/develop/site4-2.webp,outlink-followup,200,https://i-seo.su/img/develop/site4-2.webp,0,image/webp,,,,,,0,,0,5,0,False,WP_PAGE,False
https://i-seo.su/img/develop/site4-3.webp,outlink-followup,200,https://i-seo.su/img/develop/site4-3.webp,0,image/webp,,,,,,0,,0,5,0,False,WP_PAGE,False
https://i-seo.su/img/develop/site4-4.webp,outlink-followup,200,https://i-seo.su/img/develop/site4-4.webp,0,image/webp,,,,,,0,,0,5,0,False,WP_PAGE,False
https://i-seo.su/img/develop/site4-5.webp,outlink-followup,200,https://i-seo.su/img/develop/site4-5.webp,0,image/webp,,,,,,0,,0,5,0,False,WP_PAGE,False
https://i-seo.su/img/develop/site4-6.webp,outlink-followup,200,https://i-seo.su/img/develop/site4-6.webp,0,image/webp,,,,,,0,,0,5,0,False,WP_PAGE,False
https://i-seo.su/offer/kp-brost,sitemap:https://i-seo.su/wp-sitemap-posts-offer-1.xml,200,https://i-seo.su/offer/kp-brost,0,text/html; charset=UTF-8,False,"noindex, nofollow",,Коммерческое предложение для Бизнес-Рост,Аудит вашего сайта приложен файлом pdf. Точки роста. Этапы работ. Стоимость. Кейсы. Отзывы. Команда проекта. Контакты,1,Коммерческое предложение,1795,0,68,True,OFFER,False
https://i-seo.su/offer/kp-buh-krasnodar,sitemap:https://i-seo.su/wp-sitemap-posts-offer-1.xml,200,https://i-seo.su/offer/kp-buh-krasnodar,0,text/html; charset=UTF-8,False,"noindex, nofollow",,Коммерческое предложение для buh-krasnodar,Аудит вашего сайта приложен файлом pdf.,1,Коммерческое предложение,1920,0,69,True,OFFER,False
https://i-seo.su/offer/kp-dlya-acril-plastic,sitemap:https://i-seo.su/wp-sitemap-posts-offer-1.xml,200,https://i-seo.su/offer/kp-dlya-acril-plastic,0,text/html; charset=UTF-8,False,"noindex, nofollow",,Коммерческое предложение для ПластикАкрил,Аудит вашего сайта приложен файлом pdf. Точки роста. Этапы работ. Стоимость. Кейсы. Отзывы. Команда проекта. Контакты,1,Коммерческое предложение,1792,0,67,True,OFFER,False
https://i-seo.su/offer/kp-dlya-businesscommandos,sitemap:https://i-seo.su/wp-sitemap-posts-offer-1.xml,200,https://i-seo.su/offer/kp-dlya-businesscommandos,0,text/html; charset=UTF-8,False,"noindex, nofollow",,Коммерческое предложение для Вusinesscommandos,Аудит вашего сайта приложен файлом pdf. Точки роста. Этапы работ. Стоимость. Кейсы. Отзывы. Команда проекта. Контакты,1,Коммерческое предложение,1768,0,65,True,OFFER,False
https://i-seo.su/offer/kp-dlya-ckperemeny-ru,sitemap:https://i-seo.su/wp-sitemap-posts-offer-1.xml,200,https://i-seo.su/offer/kp-dlya-ckperemeny-ru,0,text/html; charset=UTF-8,False,"noindex, nofollow",,КП для ckperemeny.ru - INTLSEO Studio,Аудит и КП,1,Коммерческое предложение,1807,0,66,True,OFFER,False
https://i-seo.su/offer/kp-dlya-enzym,sitemap:https://i-seo.su/wp-sitemap-posts-offer-1.xml,200,https://i-seo.su/offer/kp-dlya-enzym,0,text/html; charset=UTF-8,False,"noindex, nofollow",,Коммерческое предложение для Enzym,Аудит вашего сайта приложен файлом pdf. Точки роста. Этапы работ. Стоимость. Кейсы. Отзывы. Команда проекта. Контакты,1,Коммерческое предложение,1810,0,68,True,OFFER,False
https://i-seo.su/offer/kp-dlya-expertiza,sitemap:https://i-seo.su/wp-sitemap-posts-offer-1.xml,200,https://i-seo.su/offer/kp-dlya-expertiza,0,text/html; charset=UTF-8,False,"noindex, nofollow",,Коммерческое предложение для Экспертиза,Аудит вашего сайта приложен файлом pdf. Точки роста. Этапы работ. Стоимость. Кейсы. Отзывы. Команда проекта. Контакты,1,Коммерческое предложение,1858,0,68,True,OFFER,False
https://i-seo.su/offer/kp-dlya-findreason,sitemap:https://i-seo.su/wp-sitemap-posts-offer-1.xml,200,https://i-seo.su/offer/kp-dlya-findreason,0,text/html; charset=UTF-8,False,"noindex, nofollow",,Коммерческое предложение для Повод найдется,Аудит вашего сайта приложен файлом pdf. Точки роста. Этапы работ. Стоимость. Кейсы. Отзывы. Команда проекта. Контакты,1,Коммерческое предложение,1741,0,66,True,OFFER,False
https://i-seo.su/offer/kp-dlya-gazss-ru,sitemap:https://i-seo.su/wp-sitemap-posts-offer-1.xml,200,https://i-seo.su/offer/kp-dlya-gazss-ru,0,text/html; charset=UTF-8,False,"noindex, nofollow",,КП для gazss.ru - INTLSEO Studio,КП и тех.аудит для gazss.ru,1,Коммерческое предложение,1901,0,69,True,OFFER,False
https://i-seo.su/offer/kp-dlya-gsn-auto-ru,sitemap:https://i-seo.su/wp-sitemap-posts-offer-1.xml,200,https://i-seo.su/offer/kp-dlya-gsn-auto-ru,0,text/html; charset=UTF-8,False,"noindex, nofollow",,КП для сайта gsn-auto.ru,КП с точками роста и тех.аудитом,1,Коммерческое предложение,1823,0,66,True,OFFER,False
https://i-seo.su/offer/kp-dlya-innovaai-ru,sitemap:https://i-seo.su/wp-sitemap-posts-offer-1.xml,200,https://i-seo.su/offer/kp-dlya-innovaai-ru,0,text/html; charset=UTF-8,False,"noindex, nofollow",,КП для innovaai.ru - INTLSEO Studio,Тех. аудит и КП для ИИ innova,1,Коммерческое предложение,1839,0,67,True,OFFER,False
https://i-seo.su/offer/kp-dlya-keywarm,sitemap:https://i-seo.su/wp-sitemap-posts-offer-1.xml,200,https://i-seo.su/offer/kp-dlya-keywarm,0,text/html; charset=UTF-8,False,"noindex, nofollow",,Коммерческое предложение для keywarm,Аудит вашего сайта приложен файлом pdf. Точки роста. Этапы работ. Стоимость. Кейсы. Отзывы. Команда проекта. Контакты,1,Коммерческое предложение,1754,0,67,True,OFFER,False
https://i-seo.su/offer/kp-dlya-klimat-master-ru,sitemap:https://i-seo.su/wp-sitemap-posts-offer-1.xml,200,https://i-seo.su/offer/kp-dlya-klimat-master-ru,0,text/html; charset=UTF-8,False,"noindex, nofollow",,КП для klimat-master.ru - INTLSEO Studio,Кп + тех аудит сайта,1,Коммерческое предложение,1914,0,69,True,OFFER,False
https://i-seo.su/offer/kp-dlya-kollagen-pmt,sitemap:https://i-seo.su/wp-sitemap-posts-offer-1.xml,200,https://i-seo.su/offer/kp-dlya-kollagen-pmt,0,text/html; charset=UTF-8,False,"noindex, nofollow",,Коммерческое предложение для collagen-pmt,Аудит вашего сайта приложен файлом pdf. Точки роста. Этапы работ. Стоимость. Кейсы. Отзывы. Команда проекта. Контакты,1,Коммерческое предложение,1769,0,68,True,OFFER,False
https://i-seo.su/offer/kp-dlya-konturteplo,sitemap:https://i-seo.su/wp-sitemap-posts-offer-1.xml,200,https://i-seo.su/offer/kp-dlya-konturteplo,0,text/html; charset=UTF-8,False,"noindex, nofollow",,Коммерческое предложение для контуртепло.рф,Аудит вашего сайта приложен файлом pdf. Точки роста. Этапы работ. Стоимость. Кейсы. Отзывы. Команда проекта. Контакты,1,Коммерческое предложение,1773,0,67,True,OFFER,False
https://i-seo.su/offer/kp-dlya-litomarket,sitemap:https://i-seo.su/wp-sitemap-posts-offer-1.xml,200,https://i-seo.su/offer/kp-dlya-litomarket,0,text/html; charset=UTF-8,False,"noindex, nofollow",,Коммерческое предложение для Литомаркет,Аудит вашего сайта приложен файлом pdf. Точки роста. Этапы работ. Стоимость. Кейсы. Отзывы. Команда проекта. Контакты,1,Коммерческое предложение,1752,0,67,True,OFFER,False
https://i-seo.su/offer/kp-dlya-lmsic,sitemap:https://i-seo.su/wp-sitemap-posts-offer-1.xml,200,https://i-seo.su/offer/kp-dlya-lmsic,0,text/html; charset=UTF-8,False,"noindex, nofollow",,Коммерческое предложение для АО «Инвестиционная компания ЛМС»,Аудит вашего сайта приложен файлом pdf. Точки роста. Этапы работ. Стоимость. Кейсы. Отзывы. Команда проекта. Контакты,1,Коммерческое предложение,1588,0,62,True,OFFER,False
https://i-seo.su/offer/kp-dlya-lystoppen,sitemap:https://i-seo.su/wp-sitemap-posts-offer-1.xml,200,https://i-seo.su/offer/kp-dlya-lystoppen,0,text/html; charset=UTF-8,False,"noindex, nofollow",,Коммерческое предложение для LYSTOPPEN,Аудит вашего сайта приложен файлом pdf. Точки роста. Этапы работ. Стоимость. Кейсы. Отзывы. Команда проекта. Контакты,1,Коммерческое предложение,1809,0,67,True,OFFER,False
https://i-seo.su/offer/kp-dlya-meatbridge,sitemap:https://i-seo.su/wp-sitemap-posts-offer-1.xml,200,https://i-seo.su/offer/kp-dlya-meatbridge,0,text/html; charset=UTF-8,False,"noindex, nofollow",,Коммерческое предложение для maetbridge,Аудит вашего сайта приложен файлом pdf. Точки роста. Этапы работ. Стоимость. Кейсы. Отзывы. Команда проекта. Контакты,1,Коммерческое предложение,1786,0,63,True,OFFER,False
https://i-seo.su/offer/kp-dlya-peptidy,sitemap:https://i-seo.su/wp-sitemap-posts-offer-1.xml,200,https://i-seo.su/offer/kp-dlya-peptidy,0,text/html; charset=UTF-8,False,"noindex, nofollow",,Коммерческое предложение для Пептиды Премиум,Аудит вашего сайта приложен файлом pdf. Точки роста. Этапы работ. Стоимость. Кейсы. Отзывы. Команда проекта. Контакты,1,Коммерческое предложение,1850,0,67,True,OFFER,False
https://i-seo.su/offer/kp-dlya-reka-cvetov,sitemap:https://i-seo.su/wp-sitemap-posts-offer-1.xml,200,https://i-seo.su/offer/kp-dlya-reka-cvetov,0,text/html; charset=UTF-8,False,"noindex, nofollow",,Коммерческое предложение для Река Цветов,Аудит вашего сайта приложен файлом pdf. Точки роста. Этапы работ. Стоимость. Кейсы. Отзывы. Команда проекта. Контакты,1,Коммерческое предложение,1819,0,69,True,OFFER,False
https://i-seo.su/offer/kp-dlya-showerglass,sitemap:https://i-seo.su/wp-sitemap-posts-offer-1.xml,200,https://i-seo.su/offer/kp-dlya-showerglass,0,text/html; charset=UTF-8,False,"noindex, nofollow",,Коммерческое предложение для Showerglass,Аудит вашего сайта приложен файлом pdf. Точки роста. Этапы работ. Стоимость. Кейсы. Отзывы. Команда проекта. Контакты,1,Коммерческое предложение,1834,0,67,True,OFFER,False
https://i-seo.su/offer/kp-dlya-skn-dom,sitemap:https://i-seo.su/wp-sitemap-posts-offer-1.xml,200,https://i-seo.su/offer/kp-dlya-skn-dom,0,text/html; charset=UTF-8,False,"noindex, nofollow",,Коммерческое предложение для skn-dom,Аудит вашего сайта приложен файлом pdf. Точки роста. Этапы работ. Стоимость. Кейсы. Отзывы. Команда проекта. Контакты,1,Коммерческое предложение,1756,0,67,True,OFFER,False
https://i-seo.su/offer/kp-dlya-sophia,sitemap:https://i-seo.su/wp-sitemap-posts-offer-1.xml,200,https://i-seo.su/offer/kp-dlya-sophia,0,text/html; charset=UTF-8,False,"noindex, nofollow",,Коммерческое предложение для Издательство София,Аудит вашего сайта приложен файлом pdf. Точки роста. Этапы работ. Стоимость. Кейсы. Отзывы. Команда проекта. Контакты,1,Коммерческое предложение,1722,0,66,True,OFFER,False
https://i-seo.su/offer/kp-dlya-tekstil,sitemap:https://i-seo.su/wp-sitemap-posts-offer-1.xml,200,https://i-seo.su/offer/kp-dlya-tekstil,0,text/html; charset=UTF-8,False,"noindex, nofollow",,Коммерческое предложение для Atelier tekstile,Аудит вашего сайта приложен файлом pdf. Точки роста. Этапы работ. Стоимость. Кейсы. Отзывы. Команда проекта. Контакты,1,Коммерческое предложение,1872,0,69,True,OFFER,False
https://i-seo.su/offer/kp-dlya-tentov,sitemap:https://i-seo.su/wp-sitemap-posts-offer-1.xml,200,https://i-seo.su/offer/kp-dlya-tentov,0,text/html; charset=UTF-8,False,"noindex, nofollow",,Коммерческое предложение для Тентовъ,Аудит вашего сайта приложен файлом pdf. Точки роста. Этапы работ. Стоимость. Кейсы. Отзывы. Команда проекта. Контакты,1,Коммерческое предложение,1783,0,68,True,OFFER,False
https://i-seo.su/offer/kp-dlya-vdservis,sitemap:https://i-seo.su/wp-sitemap-posts-offer-1.xml,200,https://i-seo.su/offer/kp-dlya-vdservis,0,text/html; charset=UTF-8,False,"noindex, nofollow",,Коммерческое предложение для ВДСервис Событий,Аудит вашего сайта приложен файлом pdf. Точки роста. Этапы работ. Стоимость. Кейсы. Отзывы. Команда проекта. Контакты,1,Коммерческое предложение,1787,0,67,True,OFFER,False
https://i-seo.su/offer/kp-dlya-yyy,sitemap:https://i-seo.su/wp-sitemap-posts-offer-1.xml,200,https://i-seo.su/offer/kp-dlya-yyy,0,text/html; charset=UTF-8,False,"noindex, nofollow",,Коммерческое предложение для YYY,Аудит вашего сайта приложен файлом pdf. Точки роста. Этапы работ. Стоимость. Кейсы. Отзывы. Команда проекта. Контакты,1,Коммерческое предложение,1808,0,68,True,OFFER,False
https://i-seo.su/offer/kp-oleandra,sitemap:https://i-seo.su/wp-sitemap-posts-offer-1.xml,200,https://i-seo.su/offer/kp-oleandra,0,text/html; charset=UTF-8,False,"noindex, nofollow",,Коммерческое предложение для клиники стоматологии в Перми,Аудит вашего сайта приложен файлом pdf. Точки роста. Этапы работ. Стоимость. Кейсы. Отзывы. Команда проекта. Контакты,1,Коммерческое предложение,1770,0,66,True,OFFER,False
https://i-seo.su/offer/kp-rehabmoscow,sitemap:https://i-seo.su/wp-sitemap-posts-offer-1.xml,200,https://i-seo.su/offer/kp-rehabmoscow,0,text/html; charset=UTF-8,False,"noindex, nofollow",,Коммерческое предложение для Rehabmoscow,Аудит вашего сайта приложен файлом pdf. Точки роста. Этапы работ. Стоимость. Кейсы. Отзывы. Команда проекта. Контакты,1,Коммерческое предложение,1864,0,68,True,OFFER,False
https://i-seo.su/offer/kp-stroy-market,sitemap:https://i-seo.su/wp-sitemap-posts-offer-1.xml,200,https://i-seo.su/offer/kp-stroy-market,0,text/html; charset=UTF-8,False,"noindex, nofollow",,Коммерческое предложение для СтройМаркет,Аудит вашего сайта приложен файлом pdf. Точки роста. Этапы работ. Стоимость. Кейсы. Отзывы. Команда проекта. Контакты,1,Коммерческое предложение,1507,0,70,True,OFFER,False
https://i-seo.su/offer/kp-territoriya-prokata,sitemap:https://i-seo.su/wp-sitemap-posts-offer-1.xml,200,https://i-seo.su/offer/kp-territoriya-prokata,0,text/html; charset=UTF-8,False,"noindex, nofollow",,Коммерческое предложение для Rehabmoscow,Аудит вашего сайта приложен файлом pdf. Точки роста. Этапы работ. Стоимость. Кейсы. Отзывы. Команда проекта. Контакты,1,Коммерческое предложение,1844,0,61,True,OFFER,False
https://i-seo.su/offer/test,sitemap:https://i-seo.su/wp-sitemap-posts-offer-1.xml,200,https://i-seo.su/offer/test,0,text/html; charset=UTF-8,False,"noindex, nofollow",,Тестовое предложение - INTLSEO Studio,,1,Коммерческое предложение,1694,0,83,True,OFFER,False
https://i-seo.su/offers,seed,200,https://i-seo.su/offers,0,text/html; charset=UTF-8,False,"noindex, follow",,Предложения - INTLSEO Studio,,1,Предложения,677,0,83,True,OFFER,False
https://i-seo.su/offers/,seed,200,https://i-seo.su/offers,1,text/html; charset=UTF-8,False,"noindex, follow",,Предложения - INTLSEO Studio,,1,Предложения,677,0,83,True,OFFER,False
https://i-seo.su/partners.html,seed,200,https://i-seo.su/partners.html,0,text/html; charset=UTF-8,True,"index, follow",,Партнерская программа INTLSEO – Растите вместе с нами,Станьте партнером INTLSEO и получите доступ к уникальным возможностям и выгодным условиям сотрудничества. Наш опыт в SEO с 2019 года поможет вам и вашим клиентам достигать успеха. Мы предлагаем выгодные условия и профессиональную поддержку для успешного SEO продвижения ваших клиентов.,1,Станьте партнером INTLSEO,1124,675,63,True,STATIC,False
https://i-seo.su/privacy-policy.html,sitemap:https://i-seo.su/sitemap-static.xml,200,https://i-seo.su/privacy-policy.html,0,text/html; charset=UTF-8,True,"index, follow",,Политика конфиденциальности | Агентство INTLSEO,"INTLSEO гарантирует защиту и конфиденциальность ваших данных. Ознакомьтесь с нашей политикой конфиденциальности и узнайте, как мы обрабатываем и храним вашу информацию.",1,Политика обработки персональных данных,756,642,63,True,LEGAL,False
https://i-seo.su/report-hub/,seed,200,https://i-seo.su/report-hub/,0,text/html; charset=UTF-8,True,,,Обзор проектов — i-SEO Report Hub (Демо v0.4),,1,i-SEO Report Hub,179,0,10,False,WP_PAGE,False
https://i-seo.su/report-hub/client-report.html,inlink:https://i-seo.su/report-hub/,200,https://i-seo.su/report-hub/client-report.html,0,text/html; charset=UTF-8,True,,,SEO-отчёт — i-SEO Report Hub (Демо v0.4),,0,,113,16,2,False,STATIC,False
https://i-seo.su/report-hub/client-report.html?project=ecommerce,inlink:https://i-seo.su/report-hub/project.html,200,https://i-seo.su/report-hub/client-report.html?project=ecommerce,0,text/html; charset=UTF-8,True,,,SEO-отчёт — i-SEO Report Hub (Демо v0.4),,0,,113,1,2,False,STATIC,False
https://i-seo.su/report-hub/client-report.html?project=local,inlink:https://i-seo.su/report-hub/,200,https://i-seo.su/report-hub/client-report.html?project=local,0,text/html; charset=UTF-8,True,,,SEO-отчёт — i-SEO Report Hub (Демо v0.4),,0,,113,4,2,False,STATIC,False
https://i-seo.su/report-hub/client-report.html?project=service,inlink:https://i-seo.su/report-hub/project.html,200,https://i-seo.su/report-hub/client-report.html?project=service,0,text/html; charset=UTF-8,True,,,SEO-отчёт — i-SEO Report Hub (Демо v0.4),,0,,113,1,2,False,STATIC,False
https://i-seo.su/report-hub/index.html,inlink:https://i-seo.su/report-hub/,200,https://i-seo.su/report-hub/index.html,0,text/html; charset=UTF-8,True,,,Обзор проектов — i-SEO Report Hub (Демо v0.4),,1,i-SEO Report Hub,179,20,10,False,STATIC,False
https://i-seo.su/report-hub/monthly.html,inlink:https://i-seo.su/report-hub/,200,https://i-seo.su/report-hub/monthly.html,0,text/html; charset=UTF-8,True,,,Месячный отчёт — i-SEO Report Hub (Демо v0.4),,1,Структурированный вид месячного отчёта,135,16,7,False,STATIC,False
https://i-seo.su/report-hub/monthly.html?project=ecommerce,inlink:https://i-seo.su/report-hub/project.html,200,https://i-seo.su/report-hub/monthly.html?project=ecommerce,0,text/html; charset=UTF-8,True,,,Месячный отчёт — i-SEO Report Hub (Демо v0.4),,1,Структурированный вид месячного отчёта,135,2,7,False,STATIC,False
https://i-seo.su/report-hub/monthly.html?project=local,inlink:https://i-seo.su/report-hub/project.html,200,https://i-seo.su/report-hub/monthly.html?project=local,0,text/html; charset=UTF-8,True,,,Месячный отчёт — i-SEO Report Hub (Демо v0.4),,1,Структурированный вид месячного отчёта,135,1,7,False,STATIC,False
https://i-seo.su/report-hub/monthly.html?project=service,inlink:https://i-seo.su/report-hub/project.html,200,https://i-seo.su/report-hub/monthly.html?project=service,0,text/html; charset=UTF-8,True,,,Месячный отчёт — i-SEO Report Hub (Демо v0.4),,1,Структурированный вид месячного отчёта,135,1,7,False,STATIC,False
https://i-seo.su/report-hub/project.html,inlink:https://i-seo.su/report-hub/,200,https://i-seo.su/report-hub/project.html,0,text/html; charset=UTF-8,True,,,Проект и отчётный цикл — i-SEO Report Hub (Демо v0.4),,1,Проект и отчётный цикл,200,16,19,False,STATIC,False
https://i-seo.su/report-hub/review.html,inlink:https://i-seo.su/report-hub/,200,https://i-seo.su/report-hub/review.html,0,text/html; charset=UTF-8,True,,,Очередь проверки — i-SEO Report Hub (Демо v0.4),,1,Очередь проверки,143,16,12,False,STATIC,False
https://i-seo.su/report-hub/specialist-workspace.html,inlink:https://i-seo.su/report-hub/,200,https://i-seo.su/report-hub/specialist-workspace.html,0,text/html; charset=UTF-8,True,,,Рабочая панель SEO-специалиста — i-SEO Report Hub (Демо v0.4),,1,Рабочая панель SEO-специалиста,309,20,7,False,STATIC,False
https://i-seo.su/report-hub/specialist-workspace.html?project=ecommerce,inlink:https://i-seo.su/report-hub/,200,https://i-seo.su/report-hub/specialist-workspace.html?project=ecommerce,0,text/html; charset=UTF-8,True,,,Рабочая панель SEO-специалиста — i-SEO Report Hub (Демо v0.4),,1,Рабочая панель SEO-специалиста,309,4,7,False,STATIC,False
https://i-seo.su/report-hub/specialist-workspace.html?project=local,inlink:https://i-seo.su/report-hub/project.html,200,https://i-seo.su/report-hub/specialist-workspace.html?project=local,0,text/html; charset=UTF-8,True,,,Рабочая панель SEO-специалиста — i-SEO Report Hub (Демо v0.4),,1,Рабочая панель SEO-специалиста,309,1,7,False,STATIC,False
https://i-seo.su/report-hub/specialist-workspace.html?project=service,inlink:https://i-seo.su/report-hub/project.html,200,https://i-seo.su/report-hub/specialist-workspace.html?project=service,0,text/html; charset=UTF-8,True,,,Рабочая панель SEO-специалиста — i-SEO Report Hub (Демо v0.4),,1,Рабочая панель SEO-специалиста,309,1,7,False,STATIC,False
https://i-seo.su/report-hub/weekly.html,inlink:https://i-seo.su/report-hub/,200,https://i-seo.su/report-hub/weekly.html,0,text/html; charset=UTF-8,True,,,Недельный чекпоинт — i-SEO Report Hub (Демо v0.4),,1,Структурированный вид недельного чекпоинта,152,16,7,False,STATIC,False
https://i-seo.su/report-hub/weekly.html?project=ecommerce,inlink:https://i-seo.su/report-hub/project.html,200,https://i-seo.su/report-hub/weekly.html?project=ecommerce,0,text/html; charset=UTF-8,True,,,Недельный чекпоинт — i-SEO Report Hub (Демо v0.4),,1,Структурированный вид недельного чекпоинта,152,2,7,False,STATIC,False
https://i-seo.su/report-hub/weekly.html?project=local,inlink:https://i-seo.su/report-hub/project.html,200,https://i-seo.su/report-hub/weekly.html?project=local,0,text/html; charset=UTF-8,True,,,Недельный чекпоинт — i-SEO Report Hub (Демо v0.4),,1,Структурированный вид недельного чекпоинта,152,1,7,False,STATIC,False
https://i-seo.su/report-hub/weekly.html?project=service,inlink:https://i-seo.su/report-hub/,200,https://i-seo.su/report-hub/weekly.html?project=service,0,text/html; charset=UTF-8,True,,,Недельный чекпоинт — i-SEO Report Hub (Демо v0.4),,1,Структурированный вид недельного чекпоинта,152,4,7,False,STATIC,False
https://i-seo.su/reviews.html,seed,200,https://i-seo.su/reviews.html,0,text/html; charset=UTF-8,True,"index, follow",,Отзывы клиентов INTLSEO,"Мы гордимся положительными отзывами и успешными кейсами, которые подтверждают нашу экспертность и профессионализм. С 2019 года мы помогаем бизнесам достигать успеха в поисковых системах.",1,Отзывы,865,675,63,True,STATIC,False
https://i-seo.su/robots.txt,seed,200,https://i-seo.su/robots.txt,0,text/plain,True,,,,,0,,0,0,0,False,WP_PAGE,
https://i-seo.su/services.html,seed,200,https://i-seo.su/services.html,0,text/html; charset=UTF-8,True,"index, follow",,Услуги SEO продвижения сайтов в Москве | INTLSEO,"Профессиональные услуги SEO продвижения и оптимизации сайтов в Москве. Прозрачная стоимость, результат по ТОП-10. Закажите SEO-аудит бесплатно!",1,SEO услуги для вашего бизнеса,761,642,64,True,SERVICE,False
https://i-seo.su/services/adv.html,sitemap:https://i-seo.su/sitemap-static.xml,200,https://i-seo.su/services/adv.html,0,text/html; charset=UTF-8,True,"index, follow",,Профессиональное ведение контекстной рекламы | INTLSEO,"Контекстной рекламы, которая привлечет целевых клиентов и увеличивать продажи. Настроим, оптимизируем и обеспечим высокую эффективность кампаний, благодаря аналитике и колл-треккингу.",1,Ведение контекстной рекламы,1257,675,64,True,SERVICE,False
https://i-seo.su/services/adv/google-adwords.html,sitemap:https://i-seo.su/sitemap-static.xml,200,https://i-seo.su/services/adv/google-adwords.html,0,text/html; charset=UTF-8,True,"index, follow",,Ведение и настройка Google Ads для вашего бизнеса | INTLSEO,Заказать рофессиональную настройку Google Ads для увеличения продаж. Мы обеспечим максимальную эффективность ваших рекламных кампаний. Услуги по настройке и ведению Google Adwords. Достигайте высоких результатов с минимальными затратами с помощью наших экспертов.,1,Настройка и ведение Google adwords,1839,675,70,True,SERVICE,False
https://i-seo.su/services/adv/medijnaya-reklama.html,sitemap:https://i-seo.su/sitemap-static.xml,200,https://i-seo.su/services/adv/medijnaya-reklama.html,0,text/html; charset=UTF-8,True,"index, follow",,Эффективная медийная реклама для вашего бизнеса | INTLSEO,Настройка и ведение медийной рекламы для эффективного продвижения в 2025 году. Мы используем современные методы и инструменты для достижения лучших результатов.,1,Медийна реклама,1839,675,70,True,SERVICE,False
https://i-seo.su/services/adv/yandeks-direkt.html,sitemap:https://i-seo.su/sitemap-static.xml,200,https://i-seo.su/services/adv/yandeks-direkt.html,0,text/html; charset=UTF-8,True,"index, follow",,Яндекс Директ: настройка и управление кампаниями | INTLSEO,"Закажите оптимизацию рекламных кампаний в Яндекс Директ до достижения максимальных результатов. Мы создаем эффективные стратегии, чтобы повысить видимость и увеличить продажи вашего бизнеса, используя современные инструменты и техники.",1,Оптимизация и ведение Яндекс Директ,1831,675,70,True,SERVICE,False
https://i-seo.su/services/ai-optimization.html,inlink:https://i-seo.su/,200,https://i-seo.su/services/ai-optimization.html,0,text/html; charset=UTF-8,True,"index, follow",,SEO-продвижение в AI и нейросети — вывод сайта в ответы ИИ | INTLSEO,"Продвигаем сайты в ответы нейросетей и AI-поиска: ChatGPT, Gemini, Perplexity, Яндекс и другие. Повышаем упоминания, доверие ИИ и получаем трафик из AI-ответов.",1,Продвижение сайтов в AI-ответы и нейросети,1585,675,65,False,SERVICE,False
https://i-seo.su/services/ai-optimization/chatgpt.html,inlink:https://i-seo.su/,200,https://i-seo.su/services/ai-optimization/chatgpt.html,0,text/html; charset=UTF-8,True,"index, follow",,SEO-продвижение в ChatGPT — вывод бренда в ответы ИИ | INTLSEO,"SEO-продвижение в ChatGPT для вывода бренда в ответы ИИ: анализируем источники, усиливаем экспертность, создаём цитируемый контент и повышаем видимость компании в ChatGPT.",1,SEO продвижение в ChatGPT,2125,674,73,False,SERVICE,False
https://i-seo.su/services/ai-optimization/claude.html,inlink:https://i-seo.su/,200,https://i-seo.su/services/ai-optimization/claude.html,0,text/html; charset=UTF-8,True,"index, follow",,SEO-продвижение в Claude — вывод бренда в ответы ИИ | INTLSEO,"SEO-продвижение в Claude для вывода бренда в ответы ИИ: анализируем источники, усиливаем экспертность, создаём цитируемый контент и повышаем видимость компании в Claude.",1,SEO продвижение в Claude,2125,674,73,False,SERVICE,False
https://i-seo.su/services/ai-optimization/deepseek.html,inlink:https://i-seo.su/,200,https://i-seo.su/services/ai-optimization/deepseek.html,0,text/html; charset=UTF-8,True,"index, follow",,SEO-продвижение в DeepSeek — вывод бренда в ответы ИИ | INTLSEO,"SEO-продвижение в DeepSeek для вывода бренда в ответы ИИ: анализируем источники, усиливаем экспертность, создаём цитируемый контент и повышаем видимость компании в DeepSeek.",1,SEO продвижение в DeepSeek,2125,674,73,False,SERVICE,False
https://i-seo.su/services/ai-optimization/gemini.html,inlink:https://i-seo.su/,200,https://i-seo.su/services/ai-optimization/gemini.html,0,text/html; charset=UTF-8,True,"index, follow",,SEO-продвижение в Gemini — вывод бренда в ответы ИИ | INTLSEO,"SEO-продвижение в Gemini для вывода бренда в ответы ИИ: анализируем источники, усиливаем экспертность, создаём цитируемый контент и повышаем видимость компании в Gemini.",1,SEO продвижение в Gemini,2124,674,73,False,SERVICE,False
https://i-seo.su/services/ai-optimization/geo.html,inlink:https://i-seo.su/,200,https://i-seo.su/services/ai-optimization/geo.html,0,text/html; charset=UTF-8,True,"index, follow",,GEO-оптимизация сайта — вывод бренда в нейросети и AI | INTLSEO,"GEO-оптимизация для вывода бренда в ответы нейросетей: ChatGPT, Gemini, Perplexity, Яндекс.Алиса. Делаем ваш бренд приоритетным выбором ИИ. Первые результаты — от 1 месяца.",1,GEO оптимизация сайта,2191,675,73,False,SERVICE,False
https://i-seo.su/services/ai-optimization/gigachat.html,inlink:https://i-seo.su/,200,https://i-seo.su/services/ai-optimization/gigachat.html,0,text/html; charset=UTF-8,True,"index, follow",,SEO-продвижение в GigaChat — вывод бренда в ответы ИИ | INTLSEO,"SEO-продвижение в GigaChat для вывода бренда в ответы ИИ: анализируем источники, усиливаем экспертность, создаём цитируемый контент и повышаем видимость компании в GigaChat.",1,SEO продвижение в GigaChat,2125,674,73,False,SERVICE,False
https://i-seo.su/services/ai-optimization/google-ai-overviews.html,inlink:https://i-seo.su/,200,https://i-seo.su/services/ai-optimization/google-ai-overviews.html,0,text/html; charset=UTF-8,True,"index, follow",,SEO-продвижение в Google AI Overviews — вывод бренда в ответы ИИ | INTLSEO,"SEO-продвижение в Google AI Overviews для вывода бренда в ответы ИИ: анализируем источники, усиливаем экспертность, создаём цитируемый контент и повышаем видимость компании в Google AI Overviews.",1,SEO продвижение в Google AI Overviews,2194,674,73,False,SERVICE,False
https://i-seo.su/services/ai-optimization/perplexity.html,inlink:https://i-seo.su/,200,https://i-seo.su/services/ai-optimization/perplexity.html,0,text/html; charset=UTF-8,True,"index, follow",,SEO-продвижение в Perplexity — вывод бренда в ответы ИИ | INTLSEO,"SEO-продвижение в Perplexity для вывода бренда в ответы ИИ: анализируем источники, усиливаем экспертность, создаём цитируемый контент и повышаем видимость компании в Perplexity.",1,SEO продвижение в Perplexity,2125,674,73,False,SERVICE,False
https://i-seo.su/services/ai-optimization/yandex-ai.html,inlink:https://i-seo.su/,200,https://i-seo.su/services/ai-optimization/yandex-ai.html,0,text/html; charset=UTF-8,True,"index, follow",,SEO-продвижение в Yandex AI — вывод бренда в ответы ИИ | INTLSEO,"SEO-продвижение в Yandex AI для вывода бренда в ответы ИИ: анализируем источники, усиливаем экспертность, создаём цитируемый контент и повышаем видимость компании в Yandex AI.",1,SEO продвижение в Yandex AI,2159,674,73,False,SERVICE,False
https://i-seo.su/services/audit.html,sitemap:https://i-seo.su/sitemap-static.xml,200,https://i-seo.su/services/audit.html,0,text/html; charset=UTF-8,True,"index, follow",,Комплексный анализ и аудит сайтов | INTLSEO,Экспертная аналитика и аудит сайтов для выявления проблем и их устранения. Мы поможем улучшить ваш сайт и увеличить его производительность.,1,Аналитика и аудиты,1213,675,63,True,SERVICE,False
https://i-seo.su/services/audit/analiz-konkurentov.html,sitemap:https://i-seo.su/sitemap-static.xml,200,https://i-seo.su/services/audit/analiz-konkurentov.html,0,text/html; charset=UTF-8,True,"index, follow",,Углубленный конкурентный анализ | INTLSEO,Экспертный конкурентный анализ сайтов для выявления возможностей и точек роста. Мы поможем вам оставаться впереди конкурентов. Профессиональный конкурентный анализ сайта. Получите ценные данные и рекомендации для улучшения вашего сайта и увеличения его конкурентоспособности.,1,Конкурентный анализ сайта,1664,675,70,True,SERVICE,False
https://i-seo.su/services/audit/analiz-sajta.html,sitemap:https://i-seo.su/sitemap-static.xml,200,https://i-seo.su/services/audit/analiz-sajta.html,0,text/html; charset=UTF-8,True,"index, follow",,Полный анализ сайта - INTLSEO Studio,"Заказать анализ сайта с глубоким аудитом в Москве можно в INTLSEO. Проведем оценку всех факторов влияющих на продвижение сайта, на появление вашего бренда в ИИ среде, сделаем технический анализ, анализ юзабилитие. Дадим развернутые рекомендации.",1,Полный анализ сайта,1698,675,70,True,SERVICE,False
https://i-seo.su/services/audit/audit-sajta.html,sitemap:https://i-seo.su/sitemap-static.xml,200,https://i-seo.su/services/audit/audit-sajta.html,0,text/html; charset=UTF-8,True,"index, follow",,Комплексный бесплатный SEO аудит | INTLSEO,"Закажите бесплатный SEO аудит вашего сайта и получите подробный отчет с рекомендациями по улучшению. Мы поможем вам увеличить видимость в поисковых системах. Узнайте, как улучшить позиции вашего сайта в поисковых системах с помощью наших рекомендаций.",1,Бесплатный SEO аудит сайта,1672,675,70,True,SERVICE,False
https://i-seo.su/services/audit/kompleksnyj-audit.html,sitemap:https://i-seo.su/sitemap-static.xml,200,https://i-seo.su/services/audit/kompleksnyj-audit.html,0,text/html; charset=UTF-8,True,"index, follow",,Комплексный аудит вашего сайта | INTLSEO,Полный аудит сайта от экспертов по специальной цене. Мы выявим все слабые места и предложим пути их улучшения для повышения эффективности. Получите подробный анализ и рекомендации для улучшения эффективности вашего сайта.,1,Аудит сайта,1747,675,70,True,SERVICE,False
https://i-seo.su/services/audit/tekhnicheskij-audit.html,sitemap:https://i-seo.su/sitemap-static.xml,200,https://i-seo.su/services/audit/tekhnicheskij-audit.html,0,text/html; charset=UTF-8,True,"index, follow",,Детальный технический аудит вашего сайта | INTLSEO,Профессиональный технический аудит вашего сайта для повышения его производительности. Мы выявим и устраним все технические проблемы для улучшения его работы. Узнайте о всех проблемах и получите рекомендации по их устранению от наших экспертов.,1,Технический аудит сайта,1671,675,70,True,SERVICE,False
https://i-seo.su/services/audit/yuzabiliti-audit.html,sitemap:https://i-seo.su/sitemap-static.xml,200,https://i-seo.su/services/audit/yuzabiliti-audit.html,0,text/html; charset=UTF-8,True,"index, follow",,Анализ и улучшение Usability сайта | INTLSEO,"Закажите экспертный анализ удобства (юзабилити) сайта. Доверьтесь нашим специалистам для улучшения пользовательского опыта и увеличения конверсии. Узнайте, как улучшить ваш сайт и сделать его удобнее для пользователей.",1,Улучшение Usability сайта,1687,675,70,True,SERVICE,False
https://i-seo.su/services/development.html,sitemap:https://i-seo.su/sitemap-static.xml,200,https://i-seo.su/services/development.html,0,text/html; charset=UTF-8,True,"index, follow",,Разработка и создание сайтов в Москве под ключ | INTLSEO,"Разработка сайтов в Москве под ключ с продуманным дизайном, адаптивной вёрсткой и SEO-оптимизацией. Проектируем сайты для привлечения клиентов и продаж.",1,Разработка сайтов в Москве под ключ,1247,675,64,True,SERVICE,False
https://i-seo.su/services/development/optimizaciya-pod-mobilnye-ustrojstva.html,sitemap:https://i-seo.su/sitemap-static.xml,200,https://i-seo.su/services/development/optimizaciya-pod-mobilnye-ustrojstva.html,0,text/html; charset=UTF-8,True,"index, follow",,Адаптация сайта под мобильные устройства | INTLSEO,"Мобильная адаптация сайта с оптимизацией интерфейса, скорости загрузки и отображения на разных экранах. Улучшим удобство сайта для пользователей и клиентов.",1,Адаптация сайта под мобильные устройства,1646,675,71,True,SERVICE,False
https://i-seo.su/services/development/soprovozhdenie-sajta.html,sitemap:https://i-seo.su/sitemap-static.xml,200,https://i-seo.su/services/development/soprovozhdenie-sajta.html,0,text/html; charset=UTF-8,True,"index, follow",,Сопровождение и обслуживание сайта под ключ | INTLSEO,"Сопровождение сайта включает обновление контента, контроль работы, технические доработки, резервное копирование и устранение возникающих ошибок на сайте.",1,Сопровождение сайта,1581,675,71,True,SERVICE,False
https://i-seo.su/services/development/sozdanie-sajta.html,sitemap:https://i-seo.su/sitemap-static.xml,200,https://i-seo.su/services/development/sozdanie-sajta.html,0,text/html; charset=UTF-8,True,"index, follow",,Создание сайтов в Москве под ключ по выгодной цене | INTLSEO,"Создание сайтов в Москве под ключ с разработкой дизайна, вёрсткой, программированием и базовой SEO-оптимизацией. Рассчитаем стоимость проекта без оплаты.",1,Создание сайтов в Москве под ключ,1834,675,94,True,SERVICE,False
https://i-seo.su/services/development/tekhnicheskaya-optimizaciya.html,sitemap:https://i-seo.su/sitemap-static.xml,200,https://i-seo.su/services/development/tekhnicheskaya-optimizaciya.html,0,text/html; charset=UTF-8,True,"index, follow",,Техническая оптимизация сайта под ключ | INTLSEO,"Техническая оптимизация сайта включает ускорение загрузки, настройку кэширования, исправление ошибок и оптимизацию кода для стабильной работы ресурса.",1,Техническая оптимизация сайта,1617,675,71,True,SERVICE,False
https://i-seo.su/services/development/tekhnicheskaya-podderzhka.html,sitemap:https://i-seo.su/sitemap-static.xml,200,https://i-seo.su/services/development/tekhnicheskaya-podderzhka.html,0,text/html; charset=UTF-8,True,"index, follow",,Техническая поддержка сайта в Москве | INTLSEO,"Техническая поддержка сайта в Москве включает мониторинг, обновления, резервное копирование, устранение ошибок и защиту от технических сбоев и взломов.",1,Техническая поддержка сайта в Москве,1613,675,71,True,SERVICE,False
https://i-seo.su/services/seo.html,sitemap:https://i-seo.su/sitemap-static.xml,200,https://i-seo.su/services/seo.html,0,text/html; charset=UTF-8,True,"index, follow",,Заказать SEO продвижение сайтов в Москве — поисковая оптимизация | INTLSEO,Закажите SEO продвижение сайта в Москве с гарантией результата. Выводим в ТОП Яндекс и Google. Прозрачная стоимость от 39 000 ₽/мес. Бесплатный аудит — прямо сейчас!,1,SEO продвижение сайтов,2077,675,96,True,SERVICE,False
https://i-seo.su/services/seo/b-regionakh.html,sitemap:https://i-seo.su/sitemap-static.xml,200,https://i-seo.su/services/seo/b-regionakh.html,0,text/html; charset=UTF-8,True,"index, follow",,SEO продвижение сайта в регионах России — под ключ | INTLSEO,"Продвигаем сайты в регионах РФ: настройка гео-меток, локальных сниппетов, Яндекс.Справочника. Выводим в ТОП даже в малых городах. Бесплатный аудит для региональных проектов!",1,SEO продвижение в регионах,2225,675,71,True,SERVICE,False
https://i-seo.su/services/seo/b2b.html,sitemap:https://i-seo.su/sitemap-static.xml,200,https://i-seo.su/services/seo/b2b.html,0,text/html; charset=UTF-8,True,"index, follow",,Эффективное SEO для B2B компаний | INTLSEO,SEO продвижение B2B сайтов. Мы поможем вашему бизнесу привлечь больше корпоративных клиентов и увеличить продажи. Оптимизация сайта для улучшения его видимости и привлечения правильной целевой аудитории.,1,SEO для b2b,2207,675,71,True,SERVICE,False
https://i-seo.su/services/seo/dlya-uslug.html,sitemap:https://i-seo.su/sitemap-static.xml,200,https://i-seo.su/services/seo/dlya-uslug.html,0,text/html; charset=UTF-8,True,"index, follow",,Профессиональное SEO для сайтов услуг | INTLSEO,Оптимизация сайтов услуг для улучшение позиций в поиске и увеличения траффика и колчества клиентов. Наши специалисты разработают и реализуют стратегии для повышения видимости вашего сайта.,1,SEO услуги для сайтов услуг,2218,675,70,True,SERVICE,False
https://i-seo.su/services/seo/ehtap-razrabotki.html,sitemap:https://i-seo.su/sitemap-static.xml,200,https://i-seo.su/services/seo/ehtap-razrabotki.html,0,text/html; charset=UTF-8,True,"index, follow",,SEO оптимизация на этапе разработки сайта | INTLSEO,Предварительные SEO реккомендации помогут избежать лишних трат на доработки сайта в дальнейшем. Оптимизация сайта еще на этапе его создания для достижения лучших результатов в будущем. Мы обеспечим ваш сайт всем необходимым для успешного старта и высоких позиций в поисковых системах.,1,SEO для новых сайтов,2231,675,71,True,SERVICE,False
https://i-seo.su/services/seo/internet-magaziny.html,sitemap:https://i-seo.su/sitemap-static.xml,200,https://i-seo.su/services/seo/internet-magaziny.html,0,text/html; charset=UTF-8,True,"index, follow",,SEO продвижение интернет-магазина — комплексное продвижение цена от 39 000 ₽ | INTLSEO,"Комплексное SEO-продвижение интернет-магазина: оптимизация карточек, фильтров, структуры, ЧПУ. Работаем с органическим трафиком и конверсией. Узнайте стоимость — бесплатный аудит + план!",1,SEO интернет-магазина,2226,675,71,True,SERVICE,False
https://i-seo.su/services/seo/kompleksnoe.html,sitemap:https://i-seo.su/sitemap-static.xml,200,https://i-seo.su/services/seo/kompleksnoe.html,0,text/html; charset=UTF-8,True,"index, follow",,Комплексное SEO продвижение сайтов в Москве - комплексная оптимизация сайта | INTLSEO,"Полный цикл SEO: техническая оптимизация, контент, ссылки, аналитика. Комплексное продвижение сайта в Москве с гарантией роста трафика. Бесплатный аудит!",1,Комплексное SEO для вашего сайта,2211,675,71,True,SERVICE,False
https://i-seo.su/services/seo/novye-sajty.html,sitemap:https://i-seo.su/sitemap-static.xml,200,https://i-seo.su/services/seo/novye-sajty.html,0,text/html; charset=UTF-8,True,"index, follow",,SEO продвижение для молодого сайта - раскрутка новых сайтов | INTLSEO,SEO-продвижение молодых сайтов с нуля: выводим в ТОП даже без истории. Узнайте стоимость раскрутки и получите бесплатный аудит.,1,SEO для новых сайтов,2208,675,71,True,SERVICE,False
https://i-seo.su/services/seo/prodvizhenie-avtomobilnogo-sajta.html,inlink:https://i-seo.su/services/seo.html,200,https://i-seo.su/services/seo/prodvizhenie-avtomobilnogo-sajta.html,0,text/html; charset=UTF-8,True,"index, follow",,SEO продвижение автомобильного сайта | INTLSEO,"SEO продвижение автомобильного сайта — Продвижение сайта авто: оптимизация карточек, обзоры, статьи для привлечения целевой аудитории и увеличения трафика.",1,SEO продвижение автомобильного сайта,2187,1,71,False,SERVICE,False
https://i-seo.su/services/seo/prodvizhenie-biznesa.html,sitemap:https://i-seo.su/sitemap-static.xml,200,https://i-seo.su/services/seo/prodvizhenie-biznesa.html,0,text/html; charset=UTF-8,True,"index, follow",,SEO продвижение бизнеса в интернете под ключ | INTLSEO,"Комплексное продвижение бизнеса в интернете: SEO, контент, аналитика, лидогенерация. Работаем с B2B, e-commerce и брендами. Бесплатная стратегия под ваш бизнес — получить сейчас!",1,SEO продвижение бизнеса,2211,675,71,True,SERVICE,False
https://i-seo.su/services/seo/prodvizhenie-internet-magazina-detskikh-igrushek.html,inlink:https://i-seo.su/services/seo.html,200,https://i-seo.su/services/seo/prodvizhenie-internet-magazina-detskikh-igrushek.html,0,text/html; charset=UTF-8,True,"index, follow",,SEO продвижение Интернет-магазина детских игрушек | INTLSEO,"SEO продвижение Интернет-магазина детских игрушек — SEO для магазина детских игрушек: актуальные коллекции, отзывы, подборки и акции.",1,SEO продвижение Интернет-магазина детских игрушек,2176,1,71,False,SERVICE,False
https://i-seo.su/services/seo/prodvizhenie-internet-magazina-detskikh-tovarov.html,inlink:https://i-seo.su/services/seo.html,200,https://i-seo.su/services/seo/prodvizhenie-internet-magazina-detskikh-tovarov.html,0,text/html; charset=UTF-8,True,"index, follow",,SEO продвижение Интернет-магазина детских товаров | INTLSEO,"SEO продвижение Интернет-магазина детских товаров — SEO для детских товаров: акцент на сезонные коллекции, подборки, статьи и отзывы.",1,SEO продвижение Интернет-магазина детских товаров,2180,1,71,False,SERVICE,False
https://i-seo.su/services/seo/prodvizhenie-internet-magazina-detskoj-odezhdy.html,inlink:https://i-seo.su/services/seo.html,200,https://i-seo.su/services/seo/prodvizhenie-internet-magazina-detskoj-odezhdy.html,0,text/html; charset=UTF-8,True,"index, follow",,SEO продвижение Интернет-магазина детской одежды | INTLSEO,"SEO продвижение Интернет-магазина детской одежды — Продвижение детской одежды: акцент на сезонные коллекции, советы по выбору, акции и отзывы.",1,SEO продвижение Интернет-магазина детской одежды,2181,1,71,False,SERVICE,False
https://i-seo.su/services/seo/prodvizhenie-internet-magazina-knig.html,inlink:https://i-seo.su/services/seo.html,200,https://i-seo.su/services/seo/prodvizhenie-internet-magazina-knig.html,0,text/html; charset=UTF-8,True,"index, follow",,SEO продвижение Интернет-магазина книг | INTLSEO,"SEO продвижение Интернет-магазина книг — Продвижение книжного магазина: новинки, обзоры книг, рецензии и акции для привлечения аудитории.",1,SEO продвижение Интернет-магазина книг,2184,1,70,False,SERVICE,False
https://i-seo.su/services/seo/prodvizhenie-internet-magazina-lyustr.html,inlink:https://i-seo.su/services/seo.html,200,https://i-seo.su/services/seo/prodvizhenie-internet-magazina-lyustr.html,0,text/html; charset=UTF-8,True,"index, follow",,SEO продвижение Интернет-магазина люстр | INTLSEO,"SEO продвижение Интернет-магазина люстр — SEO для магазина люстр: оптимизация категорий, статьи по выбору люстр и акции.",1,SEO продвижение Интернет-магазина люстр,2175,1,70,False,SERVICE,False
https://i-seo.su/services/seo/prodvizhenie-internet-magazina-mebeli.html,inlink:https://i-seo.su/services/seo.html,200,https://i-seo.su/services/seo/prodvizhenie-internet-magazina-mebeli.html,0,text/html; charset=UTF-8,True,"index, follow",,Продвижение интернет-магазина мебели — SEO под ключ | INTLSEO,"SEO-продвижение мебельных интернет-магазинов: оптимизация карточек, фильтров, структуры каталога. Работаем с органическим поиском. Бесплатный аудит — получить стратегию!",1,SEO продвижение Интернет-магазина мебели,2179,1,71,False,SERVICE,False
https://i-seo.su/services/seo/prodvizhenie-internet-magazina-podarkov.html,inlink:https://i-seo.su/services/seo.html,200,https://i-seo.su/services/seo/prodvizhenie-internet-magazina-podarkov.html,0,text/html; charset=UTF-8,True,"index, follow",,SEO продвижение Интернет-магазина подарков | INTLSEO,"SEO продвижение Интернет-магазина подарков — Продвижение магазина подарков: подборки для праздников, акции и статьи о трендах в подарках.",1,SEO продвижение Интернет-магазина подарков,2175,1,71,False,SERVICE,False
https://i-seo.su/services/seo/prodvizhenie-internet-magazina-postelnogo-belya.html,inlink:https://i-seo.su/services/seo.html,200,https://i-seo.su/services/seo/prodvizhenie-internet-magazina-postelnogo-belya.html,0,text/html; charset=UTF-8,True,"index, follow",,SEO продвижение Интернет-магазина постельного белья | INTLSEO,"SEO продвижение Интернет-магазина постельного белья — SEO для постельного белья: акцент на материалы, сезонные коллекции и акции.",1,SEO продвижение Интернет-магазина постельного белья,2182,1,70,False,SERVICE,False
https://i-seo.su/services/seo/prodvizhenie-internet-magazina-tovarov-dlya-ofisa.html,inlink:https://i-seo.su/services/seo.html,200,https://i-seo.su/services/seo/prodvizhenie-internet-magazina-tovarov-dlya-ofisa.html,0,text/html; charset=UTF-8,True,"index, follow",,SEO продвижение Интернет-магазина товаров для офиса | INTLSEO,"SEO продвижение Интернет-магазина товаров для офиса — SEO для офиса: подборки мебели и канцелярии, акции и советы по обустройству рабочего пространства.",1,SEO продвижение Интернет-магазина товаров для офиса,2181,1,70,False,SERVICE,False
https://i-seo.su/services/seo/prodvizhenie-magazina-igrushek.html,inlink:https://i-seo.su/services/seo.html,200,https://i-seo.su/services/seo/prodvizhenie-magazina-igrushek.html,0,text/html; charset=UTF-8,True,"index, follow",,SEO продвижение магазина игрушек | INTLSEO,"SEO продвижение магазина игрушек — Продвижение магазина игрушек: проработка карточек товаров, акции и статьи о новинках.",1,SEO продвижение магазина игрушек,2168,1,71,False,SERVICE,False
https://i-seo.su/services/seo/prodvizhenie-obrazovatelnogo-sajta.html,inlink:https://i-seo.su/services/seo.html,200,https://i-seo.su/services/seo/prodvizhenie-obrazovatelnogo-sajta.html,0,text/html; charset=UTF-8,True,"index, follow",,SEO продвижение образовательного сайта | INTLSEO,"SEO продвижение образовательного сайта — SEO для образовательного сайта: курсы, отзывы, кейсы и статьи о преимуществах обучения.",1,SEO продвижение образовательного сайта,2175,1,71,False,SERVICE,False
https://i-seo.su/services/seo/prodvizhenie-sajta-agentstva-nedvizhimosti.html,inlink:https://i-seo.su/services/seo.html,200,https://i-seo.su/services/seo/prodvizhenie-sajta-agentstva-nedvizhimosti.html,0,text/html; charset=UTF-8,True,"index, follow",,SEO продвижение сайтов агентств недвижимости в Москве — SEO оптимизация| INTLSEO,"SEO-продвижение агентств недвижимости в Москве: оптимизация под объекты, фильтры, локальный поиск и Яндекс.Карты. Помогаем привлекать клиентов органически. Бесплатный аудит — получить план!",1,SEO продвижение сайта агентства недвижимости,2175,1,71,False,SERVICE,False
https://i-seo.su/services/seo/prodvizhenie-sajta-anketirovaniya.html,inlink:https://i-seo.su/services/seo.html,200,https://i-seo.su/services/seo/prodvizhenie-sajta-anketirovaniya.html,0,text/html; charset=UTF-8,True,"index, follow",,SEO продвижение сайта анкетирования | INTLSEO,"SEO продвижение сайта анкетирования — SEO для анкетирования: кейсы, статьи об аналитике данных и отзывы клиентов.",1,SEO продвижение сайта анкетирования,2179,1,70,False,SERVICE,False
https://i-seo.su/services/seo/prodvizhenie-sajta-avtosalona.html,inlink:https://i-seo.su/services/seo.html,200,https://i-seo.su/services/seo/prodvizhenie-sajta-avtosalona.html,0,text/html; charset=UTF-8,True,"index, follow",,SEO продвижение сайта автосалона | INTLSEO,"SEO продвижение сайта автосалона — SEO для автосалона: оптимизация каталога, акции и новинки, обзоры моделей для увеличения конверсии.",1,SEO продвижение сайта автосалона,2178,1,71,False,SERVICE,False
https://i-seo.su/services/seo/prodvizhenie-sajta-avtoservisa.html,inlink:https://i-seo.su/services/seo.html,200,https://i-seo.su/services/seo/prodvizhenie-sajta-avtoservisa.html,0,text/html; charset=UTF-8,True,"index, follow",,SEO раскрутка автосервиса - продвижение сайта автосервиса | INTLSEO,"SEO продвижение сайта автосервиса — Продвижение автосервиса: проработка локальных запросов, оптимизация услуг, кейсы и отзывы для роста заявок.",1,SEO продвижение сайта автосервиса,2187,1,70,False,SERVICE,False
https://i-seo.su/services/seo/prodvizhenie-sajta-banka.html,inlink:https://i-seo.su/services/seo.html,200,https://i-seo.su/services/seo/prodvizhenie-sajta-banka.html,0,text/html; charset=UTF-8,True,"index, follow",,SEO продвижение сайта банка | INTLSEO,"SEO продвижение сайта банка — Продвижение сайта банка: оптимизация финансовых услуг, калькуляторы и акции для увеличения трафика.",1,SEO продвижение сайта банка,2175,1,71,False,SERVICE,False
https://i-seo.su/services/seo/prodvizhenie-sajta-gostinicy.html,inlink:https://i-seo.su/services/seo.html,200,https://i-seo.su/services/seo/prodvizhenie-sajta-gostinicy.html,0,text/html; charset=UTF-8,True,"index, follow",,SEO продвижение сайта гостиницы | INTLSEO,"SEO продвижение сайта гостиницы — Продвижение гостиницы: акцент на спецпредложениях, отзывы гостей и статьи о новых услугах.",1,SEO продвижение сайта гостиницы,2174,1,70,False,SERVICE,False
https://i-seo.su/services/seo/prodvizhenie-sajta-mebeli.html,inlink:https://i-seo.su/services/seo.html,200,https://i-seo.su/services/seo/prodvizhenie-sajta-mebeli.html,0,text/html; charset=UTF-8,True,"index, follow",,SEO продвижение сайта мебели | INTLSEO,"SEO продвижение сайта мебели — Продвижение сайта мебели: актуальные коллекции, советы по дизайну и акции для привлечения клиентов.",1,SEO продвижение сайта мебели,2174,1,71,False,SERVICE,False
https://i-seo.su/services/seo/prodvizhenie-sajta-medicinskikh-uslug.html,inlink:https://i-seo.su/services/seo.html,200,https://i-seo.su/services/seo/prodvizhenie-sajta-medicinskikh-uslug.html,0,text/html; charset=UTF-8,True,"index, follow",,Продвижение медицинской клиники — SEO под ключ | INTLSEO,"SEO-продвижение клиник, медцентров и косметологии: оптимизация сайта, сбор отзывов, работа с локальным поиском и Яндекс.Картами. Повышаем доверие и видимость. Бесплатный аудит — получить план!",1,SEO продвижение сайта медицинских услуг,2169,1,71,False,SERVICE,False
https://i-seo.su/services/seo/prodvizhenie-sajta-onlajn-shkoly.html,inlink:https://i-seo.su/services/seo.html,200,https://i-seo.su/services/seo/prodvizhenie-sajta-onlajn-shkoly.html,0,text/html; charset=UTF-8,True,"index, follow",,SEO продвижение сайта Онлайн-школы | INTLSEO,"SEO продвижение сайта Онлайн-школы — SEO для онлайн-школы: курсы, отзывы, статьи о дистанционном обучении и акционные предложения.",1,SEO продвижение сайта Онлайн-школы,2188,1,71,False,SERVICE,False
https://i-seo.su/services/seo/prodvizhenie-sajta-otelya.html,inlink:https://i-seo.su/services/seo.html,200,https://i-seo.su/services/seo/prodvizhenie-sajta-otelya.html,0,text/html; charset=UTF-8,True,"index, follow",,SEO продвижение сайта отеля | INTLSEO,"SEO продвижение сайта отеля — SEO для отеля: оптимизация номеров, акции, отзывы и статьи о событиях и мероприятиях.",1,SEO продвижение сайта отеля,2172,1,70,False,SERVICE,False
https://i-seo.su/services/seo/prodvizhenie-sajta-po-remontu-kvartir.html,inlink:https://i-seo.su/services/seo.html,200,https://i-seo.su/services/seo/prodvizhenie-sajta-po-remontu-kvartir.html,0,text/html; charset=UTF-8,True,"index, follow",,SEO продвижение сайта по ремонту квартир | INTLSEO,"SEO продвижение сайта по ремонту квартир — SEO для ремонта квартир: кейсы, советы по дизайну, статьи и акции.",1,SEO продвижение сайта по ремонту квартир,2177,1,70,False,SERVICE,False
https://i-seo.su/services/seo/prodvizhenie-sajta-po-vykupu-avto.html,inlink:https://i-seo.su/services/seo.html,200,https://i-seo.su/services/seo/prodvizhenie-sajta-po-vykupu-avto.html,0,text/html; charset=UTF-8,True,"index, follow",,SEO продвижение сайта по выкупу авто | INTLSEO,"SEO продвижение сайта по выкупу авто — Продвижение сайта выкупа авто: калькулятор стоимости, кейсы, отзывы и статьи для повышения доверия.",1,SEO продвижение сайта по выкупу авто,2177,1,70,False,SERVICE,False
https://i-seo.su/services/seo/prodvizhenie-sajta-salona-krasoty.html,inlink:https://i-seo.su/services/seo.html,200,https://i-seo.su/services/seo/prodvizhenie-sajta-salona-krasoty.html,0,text/html; charset=UTF-8,True,"index, follow",,SEO продвижение салона красоты — оптимизация и вывод в ТОП | INTLSEO,"Продвигаем салоны красоты через SEO и локальные сервисы: Яндекс.Карты, Google Мой Бизнес. Помогаем привлекать больше клиентов органически. Бесплатный аудит + индивидуальный план — получить сейчас!",1,SEO продвижение сайта салона красоты,2174,1,71,False,SERVICE,False
https://i-seo.su/services/seo/prodvizhenie-sajta-shkoly.html,inlink:https://i-seo.su/services/seo.html,200,https://i-seo.su/services/seo/prodvizhenie-sajta-shkoly.html,0,text/html; charset=UTF-8,True,"index, follow",,SEO продвижение сайта школы | INTLSEO,"SEO продвижение сайта школы — Продвижение сайта школы: программы обучения, отзывы, кейсы и статьи о подготовке к экзаменам.",1,SEO продвижение сайта школы,2192,1,71,False,SERVICE,False
https://i-seo.su/services/seo/prodvizhenie-sajta-stroitelnoj-kompanii.html,inlink:https://i-seo.su/services/seo.html,200,https://i-seo.su/services/seo/prodvizhenie-sajta-stroitelnoj-kompanii.html,0,text/html; charset=UTF-8,True,"index, follow",,SEO продвижение строительных сайтов — ТОП по регионам | INTLSEO,"SEO-продвижение для строителей: выводим сайт в ТОП по городам и регионам. Работаем с застройщиками, подрядчиками, производителями. Бесплатный аудит + стратегия — получить сейчас!",1,SEO продвижение сайта строительной компании,2180,1,71,False,SERVICE,False
https://i-seo.su/services/seo/prodvizhenie-sajta-turagentstva.html,inlink:https://i-seo.su/services/seo.html,200,https://i-seo.su/services/seo/prodvizhenie-sajta-turagentstva.html,0,text/html; charset=UTF-8,True,"index, follow",,SEO продвижение сайта турагентства | INTLSEO,"SEO продвижение сайта турагентства — Продвижение турагентства: акции, популярные направления, отзывы и статьи о путешествиях.",1,SEO продвижение сайта турагентства,2177,1,70,False,SERVICE,False
https://i-seo.su/services/seo/prodvizhenie-sajtov-na-bitrix.html,sitemap:https://i-seo.su/sitemap-static.xml,200,https://i-seo.su/services/seo/prodvizhenie-sajtov-na-bitrix.html,0,text/html; charset=UTF-8,True,"index, follow",,SEO продвижение сайтов на Bitrix | INTLSEO,"Закажите продвижение сайта на Bitrix в INTLSEO. Мы обеспечим вашему сайту на Bitrix высокие позиции и стабильный траффик и поток целевых клиентов. Мы разрабатываем стратегии, учитывающие особенности платформы Bitrix и вашего бизнеса.",1,SEO Битрикс,2215,675,71,True,SERVICE,False
https://i-seo.su/services/seo/prodvizhenie-yuridicheskogo-sajta.html,inlink:https://i-seo.su/services/seo.html,200,https://i-seo.su/services/seo/prodvizhenie-yuridicheskogo-sajta.html,0,text/html; charset=UTF-8,True,"index, follow",,SEO продвижение юридического сайта | INTLSEO,"SEO продвижение юридического сайта — SEO для юридического сайта: экспертные статьи, кейсы, отзывы и проработка услуг для привлечения клиентов.",1,SEO продвижение юридического сайта,2174,1,71,False,SERVICE,False
https://i-seo.su/services/seo/prodvizhenie-yuvelirnogo-brenda.html,inlink:https://i-seo.su/services/seo.html,200,https://i-seo.su/services/seo/prodvizhenie-yuvelirnogo-brenda.html,0,text/html; charset=UTF-8,True,"index, follow",,SEO продвижение ювелирного бренда | INTLSEO,"SEO продвижение ювелирного бренда — SEO для ювелирного бренда: новые коллекции, акции, тренды и истории бренда.",1,SEO продвижение ювелирного бренда,2173,1,70,False,SERVICE,False
https://i-seo.su/services/seo/prodvizhenie-yuvelirnogo-internet-magazina.html,inlink:https://i-seo.su/services/seo.html,200,https://i-seo.su/services/seo/prodvizhenie-yuvelirnogo-internet-magazina.html,0,text/html; charset=UTF-8,True,"index, follow",,SEO продвижение ювелирного Интернет-магазина | INTLSEO,"SEO продвижение ювелирного Интернет-магазина — Продвижение ювелирного магазина: новые коллекции, акции, истории бренда и тренды.",1,SEO продвижение ювелирного Интернет-магазина,2178,1,70,False,SERVICE,False
https://i-seo.su/services/seo/top-10-google.html,sitemap:https://i-seo.su/sitemap-static.xml,200,https://i-seo.su/services/seo/top-10-google.html,0,text/html; charset=UTF-8,True,"index, follow",,SEO оптимизация и продвижение сайта в ТОП-10 Google | INTLSEO,"Цена от 39т.р./месяц. SEO продвижение сайта в ТОП-10 Google. Наши специалисты разрабатывают и реализуют стратегии для достижения высоких результатов. Обеспечим вашему сайту высокие позиции в Google, постоянный траффик и стабильный поток клиентов.",1,SEO оптимизация Google,2225,675,71,True,SERVICE,False
https://i-seo.su/services/seo/top-10-yandeks.html,sitemap:https://i-seo.su/sitemap-static.xml,200,https://i-seo.su/services/seo/top-10-yandeks.html,0,text/html; charset=UTF-8,True,"index, follow",,Стоимость SEO продвижения сайта в ТОП-10 Яндекс от 39тр | INTLSEO,"Стоимость SEO продвижения сайта в ТОП-10 Яндекс от 39т.р./месяц. Мы используем закрытые стратегии для достижения максимальных результатов в Яндексе. Обеспечим вашему сайту высокие позиции в выдаче Яндекса, постоянный траффик и стабильный поток клиентов.",1,SEO для Яндекса,2237,675,71,True,SERVICE,False
https://i-seo.su/services/seo/zarubezhnye.html,sitemap:https://i-seo.su/sitemap-static.xml,200,https://i-seo.su/services/seo/zarubezhnye.html,0,text/html; charset=UTF-8,True,"index, follow",,Продвижение зарубежных и иностранных сайтов в поиске | INTLSEO,"Закажите оптимизацию и продвижение сайта для зарубежного рынка. У нас есть кейсы по США, Дубаю, Испании, Германии и другим странам. Разрабатываем стратегии, учитывающие особенности различных стран и регионов. Продвижение иностранных сайтов в поисковых системах. Обеспечим вашему сайту высокие позиции и стабильный поток международных клиентов.",1,SEO продвижение зарубежных сайтов,2226,675,71,True,SERVICE,False
https://i-seo.su/services/serm.html,sitemap:https://i-seo.su/sitemap-static.xml,200,https://i-seo.su/services/serm.html,0,text/html; charset=UTF-8,True,"index, follow",,Эффективный социальный маркетинг для бизнеса | INTLSEO,"Наши специалисты разрабатывают стратегии для привлечения и удержания клиентов в социальных сетя - VK, TicTok, Likee, Instagram, повышая узнаваемость вашего бренда. Социальный маркетинг для роста бренда. Используем современные инструменты и методы для эффективного продвижения вашего бизнеса в соцсетях.",1,Продвижение в соцсетях,1176,675,64,True,SERVICE,False
https://i-seo.su/services/serm/email-marketing.html,sitemap:https://i-seo.su/sitemap-static.xml,200,https://i-seo.su/services/serm/email-marketing.html,0,text/html; charset=UTF-8,True,"index, follow",,Увеличение продаж с помощью E-Mail маркетинга | INTLSEO,"Создаем персонализированные рассылки, которые привлекают и удерживают клиентов. Увеличение продаж с помощью E-Mail маркетинга. Используем проверенные стратегии для повышения открываемости и конверсии ваших рассылок.",1,Профессиональный E-Mail маркетинг,1633,675,70,True,SERVICE,False
https://i-seo.su/services/serm/reklama-u-blogerov.html,sitemap:https://i-seo.su/sitemap-static.xml,200,https://i-seo.su/services/serm/reklama-u-blogerov.html,0,text/html; charset=UTF-8,True,"index, follow",,Эффективная реклама у блогеров | INTLSEO,"Поможем найти и привлечь блогеров, которые повысят узнаваемость вашего бренда и привлекут новых клиентов. Мы работаем с лидерами мнений для продвижения товаров и услуг на целевую аудиторию.",1,Продвижение через блогеров,1660,675,70,True,SERVICE,False
https://i-seo.su/services/serm/reklama-v-telegram.html,sitemap:https://i-seo.su/sitemap-static.xml,200,https://i-seo.su/services/serm/reklama-v-telegram.html,0,text/html; charset=UTF-8,True,"index, follow",,Продвижение через Telegram-каналы | INTLSEO,Заказать рекламу в мессенджере Telegram очень просто. Мы используем современные методы и инструменты для продвижения вашего бизнеса через Telegram. Наши специалисты подберут целевые каналы и группы для максимального охвата вашей аудитории и разместят рекламу.,1,Реклама в Telegram,1683,675,70,True,SERVICE,False
https://i-seo.su/services/serm/smm.html,sitemap:https://i-seo.su/sitemap-static.xml,200,https://i-seo.su/services/serm/smm.html,0,text/html; charset=UTF-8,True,"index, follow",,Профессиональное ведение социальных сетей | INTLSEO,Закажите комплексный SMM для бизнеса. Обеспечим вашему бизнесу стабильный рост и увеличение продаж через эффективное ведение социальных сетей. Наши специалисты разрабатывают стратегии для увеличения вовлеченности и роста подписчиков в социальных сетях.,1,SMM продвижение бренда,1650,675,70,True,SERVICE,False
https://i-seo.su/services/serm/targetirovannaya-reklama.html,sitemap:https://i-seo.su/sitemap-static.xml,200,https://i-seo.su/services/serm/targetirovannaya-reklama.html,0,text/html; charset=UTF-8,True,"index, follow",,Эффективная таргетированная реклама | INTLSEO,Таргетированная реклама для вашего бизнеса. Используем передовые методы и инструменты для привлечения клиентов и увеличения продаж. Наши специалисты разрабатывают и оптимизируют рекламные кампании для максимальной отдачи.,1,Настройка таргетированной рекламы,1691,675,70,True,SERVICE,False
https://i-seo.su/services/serm/upravlenie-reputaciej.html,sitemap:https://i-seo.su/sitemap-static.xml,200,https://i-seo.su/services/serm/upravlenie-reputaciej.html,0,text/html; charset=UTF-8,True,"index, follow",,Управление репутацией сайта (SERM) | INTLSEO,"Улучшение онлайн репутации вашего бренда. Наши специалисты анализируют и корректируют информацию о вашем бренде, создавая положительный имидж. Обеспечим вашему бизнесу защиту от негативных отзывов и информации, поддерживая высокую репутацию в сети.",1,Улучшение онлайн репутации вашего бренда,1585,675,70,True,SERVICE,False
https://i-seo.su/sitemap-static.xml,seed,200,https://i-seo.su/sitemap-static.xml,0,application/xml,True,,,,,0,,0,0,0,False,WP_PAGE,
https://i-seo.su/sitemap.xml,seed,200,https://i-seo.su/sitemap.xml,0,application/xml,True,,,,,0,,0,0,0,False,WP_PAGE,
https://i-seo.su/tariff-calc,seed,200,https://i-seo.su/tariff-calc,0,text/html; charset=UTF-8,False,"noindex, follow",,Калькулятор тарифов - INTLSEO Studio,,1,Калькулятор тарифов,739,641,63,True,CALCULATOR,False
https://i-seo.su/user-agreement.html,inlink:https://i-seo.su/,200,https://i-seo.su/user-agreement.html,0,text/html; charset=UTF-8,True,"index, follow",,Пользовательское соглашение | Агентство INTLSEO,"Пользовательское соглашение сайта i-seo.su от ИП Шваков Никита Алексеевич. Условия использования, права и обязанности сторон, ответственность и юридическая информация.",1,Пользовательское соглашение,731,642,63,False,LEGAL,False
https://i-seo.su/varvara-new.php,seed,200,https://i-seo.su/varvara-new.php,0,text/html; charset=utf-8,False,noindex,,VVR-Searcher,,0,,48,0,0,False,STATIC,False
https://i-seo.su/video/Portniagin.mp4,inlink:https://i-seo.su/,200,https://i-seo.su/video/Portniagin.mp4,0,video/mp4,True,,,,,0,,0,105,0,False,WP_PAGE,
https://i-seo.su/video/Press_about_01.mp4,inlink:https://i-seo.su/about.html,200,https://i-seo.su/video/Press_about_01.mp4,0,video/mp4,True,,,,,0,,0,1,0,False,WP_PAGE,
https://i-seo.su/video/Press_about_02.mp4,inlink:https://i-seo.su/about.html,200,https://i-seo.su/video/Press_about_02.mp4,0,video/mp4,True,,,,,0,,0,1,0,False,WP_PAGE,
https://i-seo.su/video/Press_about_03.mp4,inlink:https://i-seo.su/about.html,200,https://i-seo.su/video/Press_about_03.mp4,0,video/mp4,True,,,,,0,,0,1,0,False,WP_PAGE,
https://i-seo.su/video/Sokolovskii.mp4,inlink:https://i-seo.su/,200,https://i-seo.su/video/Sokolovskii.mp4,0,video/mp4,True,,,,,0,,0,105,0,False,WP_PAGE,
https://i-seo.su/video/The_new_CEO.mp4,inlink:https://i-seo.su/services/seo/b-regionakh.html,200,https://i-seo.su/video/The_new_CEO.mp4,0,video/mp4,True,,,,,0,,0,22,0,False,WP_PAGE,
https://i-seo.su/video/Valiullin.mp4,inlink:https://i-seo.su/,200,https://i-seo.su/video/Valiullin.mp4,0,video/mp4,True,,,,,0,,0,105,0,False,WP_PAGE,
https://i-seo.su/video/video_2026.mp4,inlink:https://i-seo.su/offer/test,200,https://i-seo.su/video/video_2026.mp4,0,video/mp4,True,,,,,0,,0,33,0,False,WP_PAGE,
https://i-seo.su/wp-content/uploads/2026/01/i-seo.su-dorabotki-29.01.2026-1_copy.pdf,inlink:https://i-seo.su/offer/test,200,https://i-seo.su/wp-content/uploads/2026/01/i-seo.su-dorabotki-29.01.2026-1_copy.pdf,0,application/pdf,True,,,,,0,,0,1,0,False,OTHER,
https://i-seo.su/wp-content/uploads/2026/01/rectangle-343.png,outlink-followup,200,https://i-seo.su/wp-content/uploads/2026/01/rectangle-343.png,0,image/png,,,,,,0,,0,1,0,False,OTHER,False
https://i-seo.su/wp-content/uploads/2026/02/snimok-ekrana-2026-02-18-v-18.49.17.png,outlink-followup,200,https://i-seo.su/wp-content/uploads/2026/02/snimok-ekrana-2026-02-18-v-18.49.17.png,0,image/png,,,,,,0,,0,1,0,False,OTHER,False
https://i-seo.su/wp-content/uploads/2026/02/snimok-ekrana-2026-02-18-v-19.24.38.png,outlink-followup,200,https://i-seo.su/wp-content/uploads/2026/02/snimok-ekrana-2026-02-18-v-19.24.38.png,0,image/png,,,,,,0,,0,1,0,False,OTHER,False
https://i-seo.su/wp-content/uploads/2026/02/snimok-ekrana-2026-02-18-v-19.47.19.png,outlink-followup,200,https://i-seo.su/wp-content/uploads/2026/02/snimok-ekrana-2026-02-18-v-19.47.19.png,0,image/png,,,,,,0,,0,1,0,False,OTHER,False
https://i-seo.su/wp-content/uploads/2026/02/snimok-ekrana-2026-02-18-v-20.31.25.png,outlink-followup,200,https://i-seo.su/wp-content/uploads/2026/02/snimok-ekrana-2026-02-18-v-20.31.25.png,0,image/png,,,,,,0,,0,1,0,False,OTHER,False
https://i-seo.su/wp-content/uploads/2026/02/snimok-ekrana-2026-02-18-v-20.34.38.png,outlink-followup,200,https://i-seo.su/wp-content/uploads/2026/02/snimok-ekrana-2026-02-18-v-20.34.38.png,0,image/png,,,,,,0,,0,1,0,False,OTHER,False
https://i-seo.su/wp-content/uploads/2026/02/snimok-ekrana-2026-02-18-v-20.42.12.png,outlink-followup,200,https://i-seo.su/wp-content/uploads/2026/02/snimok-ekrana-2026-02-18-v-20.42.12.png,0,image/png,,,,,,0,,0,1,0,False,OTHER,False
https://i-seo.su/wp-content/uploads/2026/02/snimok-ekrana-2026-02-18-v-20.45.54.png,outlink-followup,200,https://i-seo.su/wp-content/uploads/2026/02/snimok-ekrana-2026-02-18-v-20.45.54.png,0,image/png,,,,,,0,,0,1,0,False,OTHER,False
https://i-seo.su/wp-content/uploads/2026/02/snimok-ekrana-2026-02-18-v-20.50.10.png,outlink-followup,200,https://i-seo.su/wp-content/uploads/2026/02/snimok-ekrana-2026-02-18-v-20.50.10.png,0,image/png,,,,,,0,,0,1,0,False,OTHER,False
https://i-seo.su/wp-content/uploads/2026/02/tehnicheskij-audit-strojmarket.docx-google-dokumenty.pdf,inlink:https://i-seo.su/offer/kp-stroy-market,200,https://i-seo.su/wp-content/uploads/2026/02/tehnicheskij-audit-strojmarket.docx-google-dokumenty.pdf,0,application/pdf,True,,,,,0,,0,1,0,False,OTHER,
https://i-seo.su/wp-content/uploads/2026/03/1-1.png,outlink-followup,200,https://i-seo.su/wp-content/uploads/2026/03/1-1.png,0,image/png,,,,,,0,,0,1,0,False,OTHER,False
https://i-seo.su/wp-content/uploads/2026/03/1-2.png,outlink-followup,200,https://i-seo.su/wp-content/uploads/2026/03/1-2.png,0,image/png,,,,,,0,,0,1,0,False,OTHER,False
https://i-seo.su/wp-content/uploads/2026/03/1-3.png,outlink-followup,200,https://i-seo.su/wp-content/uploads/2026/03/1-3.png,0,image/png,,,,,,0,,0,1,0,False,OTHER,False
https://i-seo.su/wp-content/uploads/2026/03/1.png,outlink-followup,200,https://i-seo.su/wp-content/uploads/2026/03/1.png,0,image/png,,,,,,0,,0,1,0,False,OTHER,False
https://i-seo.su/wp-content/uploads/2026/03/11.png,outlink-followup,200,https://i-seo.su/wp-content/uploads/2026/03/11.png,0,image/png,,,,,,0,,0,1,0,False,OTHER,False
https://i-seo.su/wp-content/uploads/2026/03/12.png,outlink-followup,200,https://i-seo.su/wp-content/uploads/2026/03/12.png,0,image/png,,,,,,0,,0,1,0,False,OTHER,False
https://i-seo.su/wp-content/uploads/2026/03/2-1.png,outlink-followup,200,https://i-seo.su/wp-content/uploads/2026/03/2-1.png,0,image/png,,,,,,0,,0,1,0,False,OTHER,False
https://i-seo.su/wp-content/uploads/2026/03/2-2.png,outlink-followup,200,https://i-seo.su/wp-content/uploads/2026/03/2-2.png,0,image/png,,,,,,0,,0,1,0,False,OTHER,False
https://i-seo.su/wp-content/uploads/2026/03/2-3.png,outlink-followup,200,https://i-seo.su/wp-content/uploads/2026/03/2-3.png,0,image/png,,,,,,0,,0,1,0,False,OTHER,False
https://i-seo.su/wp-content/uploads/2026/03/2-4.png,outlink-followup,200,https://i-seo.su/wp-content/uploads/2026/03/2-4.png,0,image/png,,,,,,0,,0,1,0,False,OTHER,False
https://i-seo.su/wp-content/uploads/2026/03/2.png,outlink-followup,200,https://i-seo.su/wp-content/uploads/2026/03/2.png,0,image/png,,,,,,0,,0,1,0,False,OTHER,False
https://i-seo.su/wp-content/uploads/2026/03/3-1.png,outlink-followup,200,https://i-seo.su/wp-content/uploads/2026/03/3-1.png,0,image/png,,,,,,0,,0,1,0,False,OTHER,False
https://i-seo.su/wp-content/uploads/2026/03/3-2.png,outlink-followup,200,https://i-seo.su/wp-content/uploads/2026/03/3-2.png,0,image/png,,,,,,0,,0,1,0,False,OTHER,False
https://i-seo.su/wp-content/uploads/2026/03/3-3.png,outlink-followup,200,https://i-seo.su/wp-content/uploads/2026/03/3-3.png,0,image/png,,,,,,0,,0,1,0,False,OTHER,False
https://i-seo.su/wp-content/uploads/2026/03/3-4.png,outlink-followup,200,https://i-seo.su/wp-content/uploads/2026/03/3-4.png,0,image/png,,,,,,0,,0,1,0,False,OTHER,False
https://i-seo.su/wp-content/uploads/2026/03/3.png,outlink-followup,200,https://i-seo.su/wp-content/uploads/2026/03/3.png,0,image/png,,,,,,0,,0,1,0,False,OTHER,False
https://i-seo.su/wp-content/uploads/2026/03/4-1.png,outlink-followup,200,https://i-seo.su/wp-content/uploads/2026/03/4-1.png,0,image/png,,,,,,0,,0,1,0,False,OTHER,False
https://i-seo.su/wp-content/uploads/2026/03/4-2.png,outlink-followup,200,https://i-seo.su/wp-content/uploads/2026/03/4-2.png,0,image/png,,,,,,0,,0,1,0,False,OTHER,False
https://i-seo.su/wp-content/uploads/2026/03/4-3.png,outlink-followup,200,https://i-seo.su/wp-content/uploads/2026/03/4-3.png,0,image/png,,,,,,0,,0,1,0,False,OTHER,False
https://i-seo.su/wp-content/uploads/2026/03/4.png,outlink-followup,200,https://i-seo.su/wp-content/uploads/2026/03/4.png,0,image/png,,,,,,0,,0,1,0,False,OTHER,False
https://i-seo.su/wp-content/uploads/2026/03/44.png,outlink-followup,200,https://i-seo.su/wp-content/uploads/2026/03/44.png,0,image/png,,,,,,0,,0,1,0,False,OTHER,False
https://i-seo.su/wp-content/uploads/2026/03/5-1.png,outlink-followup,200,https://i-seo.su/wp-content/uploads/2026/03/5-1.png,0,image/png,,,,,,0,,0,1,0,False,OTHER,False
https://i-seo.su/wp-content/uploads/2026/03/6-1.png,outlink-followup,200,https://i-seo.su/wp-content/uploads/2026/03/6-1.png,0,image/png,,,,,,0,,0,1,0,False,OTHER,False
https://i-seo.su/wp-content/uploads/2026/03/6.png,outlink-followup,200,https://i-seo.su/wp-content/uploads/2026/03/6.png,0,image/png,,,,,,0,,0,1,0,False,OTHER,False
https://i-seo.su/wp-content/uploads/2026/03/7.png,outlink-followup,200,https://i-seo.su/wp-content/uploads/2026/03/7.png,0,image/png,,,,,,0,,0,1,0,False,OTHER,False
https://i-seo.su/wp-content/uploads/2026/03/8.png,outlink-followup,200,https://i-seo.su/wp-content/uploads/2026/03/8.png,0,image/png,,,,,,0,,0,1,0,False,OTHER,False
https://i-seo.su/wp-content/uploads/2026/03/snimok-ekrana-2026-03-17-v-14.30.32.png,outlink-followup,200,https://i-seo.su/wp-content/uploads/2026/03/snimok-ekrana-2026-03-17-v-14.30.32.png,0,image/png,,,,,,0,,0,1,0,False,OTHER,False
https://i-seo.su/wp-content/uploads/2026/03/snimok-ekrana-2026-03-17-v-14.32.43.png,outlink-followup,200,https://i-seo.su/wp-content/uploads/2026/03/snimok-ekrana-2026-03-17-v-14.32.43.png,0,image/png,,,,,,0,,0,1,0,False,OTHER,False
https://i-seo.su/wp-content/uploads/2026/03/snimok-ekrana-2026-03-17-v-17.50.38-scaled.png,outlink-followup,200,https://i-seo.su/wp-content/uploads/2026/03/snimok-ekrana-2026-03-17-v-17.50.38-scaled.png,0,image/png,,,,,,0,,0,1,0,False,OTHER,False
https://i-seo.su/wp-content/uploads/2026/03/snimok-ekrana-2026-03-17-v-17.55.54.png,outlink-followup,200,https://i-seo.su/wp-content/uploads/2026/03/snimok-ekrana-2026-03-17-v-17.55.54.png,0,image/png,,,,,,0,,0,1,0,False,OTHER,False
https://i-seo.su/wp-content/uploads/2026/03/snimok-ekrana-2026-03-17-v-18.01.02.png,outlink-followup,200,https://i-seo.su/wp-content/uploads/2026/03/snimok-ekrana-2026-03-17-v-18.01.02.png,0,image/png,,,,,,0,,0,1,0,False,OTHER,False
https://i-seo.su/wp-content/uploads/2026/03/snimok-ekrana-2026-03-17-v-18.17.40-scaled.png,outlink-followup,200,https://i-seo.su/wp-content/uploads/2026/03/snimok-ekrana-2026-03-17-v-18.17.40-scaled.png,0,image/png,,,,,,0,,0,1,0,False,OTHER,False
https://i-seo.su/wp-content/uploads/2026/03/snimok-ekrana-2026-03-19-161521.png,outlink-followup,200,https://i-seo.su/wp-content/uploads/2026/03/snimok-ekrana-2026-03-19-161521.png,0,image/png,,,,,,0,,0,1,0,False,OTHER,False
https://i-seo.su/wp-content/uploads/2026/03/tehnicheskij-audit_rehabmoscow-1.pdf,inlink:https://i-seo.su/offer/kp-rehabmoscow,200,https://i-seo.su/wp-content/uploads/2026/03/tehnicheskij-audit_rehabmoscow-1.pdf,0,application/pdf,True,,,,,0,,0,1,0,False,OTHER,
https://i-seo.su/wp-content/uploads/2026/03/tehnicheskij_audit_buh-krasnodar.ru_.docx.pdf,inlink:https://i-seo.su/offer/kp-buh-krasnodar,200,https://i-seo.su/wp-content/uploads/2026/03/tehnicheskij_audit_buh-krasnodar.ru_.docx.pdf,0,application/pdf,True,,,,,0,,0,1,0,False,OTHER,
https://i-seo.su/wp-content/uploads/2026/03/tehnicheskij_audit_http___ckperemeny.ru_.docx,inlink:https://i-seo.su/offer/kp-dlya-ckperemeny-ru,200,https://i-seo.su/wp-content/uploads/2026/03/tehnicheskij_audit_http___ckperemeny.ru_.docx,0,application/vnd.openxmlformats-officedocument.wordprocessingml.document,True,,,,,0,,0,1,0,False,OTHER,
https://i-seo.su/wp-content/uploads/2026/03/tehnicheskij_audit_https___gazss.ru_.docx,inlink:https://i-seo.su/offer/kp-dlya-gazss-ru,200,https://i-seo.su/wp-content/uploads/2026/03/tehnicheskij_audit_https___gazss.ru_.docx,0,application/vnd.openxmlformats-officedocument.wordprocessingml.document,True,,,,,0,,0,1,0,False,OTHER,
https://i-seo.su/wp-content/uploads/2026/03/tehnicheskij_audit_https___gsn-auto.ru_.docx,inlink:https://i-seo.su/offer/kp-dlya-gsn-auto-ru,200,https://i-seo.su/wp-content/uploads/2026/03/tehnicheskij_audit_https___gsn-auto.ru_.docx,0,application/vnd.openxmlformats-officedocument.wordprocessingml.document,True,,,,,0,,0,1,0,False,OTHER,
https://i-seo.su/wp-content/uploads/2026/03/tehnicheskij_audit_https___innovaai.ru_.docx,inlink:https://i-seo.su/offer/kp-dlya-innovaai-ru,200,https://i-seo.su/wp-content/uploads/2026/03/tehnicheskij_audit_https___innovaai.ru_.docx,0,application/vnd.openxmlformats-officedocument.wordprocessingml.document,True,,,,,0,,0,1,0,False,OTHER,
https://i-seo.su/wp-content/uploads/2026/04/1-1.png,outlink-followup,200,https://i-seo.su/wp-content/uploads/2026/04/1-1.png,0,image/png,,,,,,0,,0,1,0,False,OTHER,False
https://i-seo.su/wp-content/uploads/2026/04/2.png,outlink-followup,200,https://i-seo.su/wp-content/uploads/2026/04/2.png,0,image/png,,,,,,0,,0,1,0,False,OTHER,False
https://i-seo.su/wp-content/uploads/2026/04/3-1.png,outlink-followup,200,https://i-seo.su/wp-content/uploads/2026/04/3-1.png,0,image/png,,,,,,0,,0,1,0,False,OTHER,False
https://i-seo.su/wp-content/uploads/2026/04/4.png,outlink-followup,200,https://i-seo.su/wp-content/uploads/2026/04/4.png,0,image/png,,,,,,0,,0,1,0,False,OTHER,False
https://i-seo.su/wp-content/uploads/2026/04/5.png,outlink-followup,200,https://i-seo.su/wp-content/uploads/2026/04/5.png,0,image/png,,,,,,0,,0,1,0,False,OTHER,False
https://i-seo.su/wp-content/uploads/2026/04/6-1.png,outlink-followup,200,https://i-seo.su/wp-content/uploads/2026/04/6-1.png,0,image/png,,,,,,0,,0,1,0,False,OTHER,False
https://i-seo.su/wp-content/uploads/2026/04/7.png,outlink-followup,200,https://i-seo.su/wp-content/uploads/2026/04/7.png,0,image/png,,,,,,0,,0,1,0,False,OTHER,False
https://i-seo.su/wp-content/uploads/2026/04/snimok-ekrana-2026-04-24-v-09.50.11.png,outlink-followup,200,https://i-seo.su/wp-content/uploads/2026/04/snimok-ekrana-2026-04-24-v-09.50.11.png,0,image/png,,,,,,0,,0,1,0,False,OTHER,False
https://i-seo.su/wp-content/uploads/2026/04/snimok-ekrana-2026-04-24-v-11.24.38.png,outlink-followup,200,https://i-seo.su/wp-content/uploads/2026/04/snimok-ekrana-2026-04-24-v-11.24.38.png,0,image/png,,,,,,0,,0,1,0,False,OTHER,False
https://i-seo.su/wp-content/uploads/2026/04/snimok-ekrana-2026-04-24-v-11.44.38.png,outlink-followup,200,https://i-seo.su/wp-content/uploads/2026/04/snimok-ekrana-2026-04-24-v-11.44.38.png,0,image/png,,,,,,0,,0,1,0,False,OTHER,False
https://i-seo.su/wp-content/uploads/2026/04/snimok-ekrana-2026-04-28-v-09.01.50.png,outlink-followup,200,https://i-seo.su/wp-content/uploads/2026/04/snimok-ekrana-2026-04-28-v-09.01.50.png,0,image/png,,,,,,0,,0,1,0,False,OTHER,False
https://i-seo.su/wp-content/uploads/2026/04/snimok-ekrana-2026-04-28-v-09.13.18-scaled.png,outlink-followup,200,https://i-seo.su/wp-content/uploads/2026/04/snimok-ekrana-2026-04-28-v-09.13.18-scaled.png,0,image/png,,,,,,0,,0,1,0,False,OTHER,False
https://i-seo.su/wp-content/uploads/2026/04/snimok-ekrana-2026-04-28-v-09.49.46.png,outlink-followup,200,https://i-seo.su/wp-content/uploads/2026/04/snimok-ekrana-2026-04-28-v-09.49.46.png,0,image/png,,,,,,0,,0,1,0,False,OTHER,False
https://i-seo.su/wp-content/uploads/2026/04/snimok-ekrana-2026-04-30-v-08.28.13.png,outlink-followup,200,https://i-seo.su/wp-content/uploads/2026/04/snimok-ekrana-2026-04-30-v-08.28.13.png,0,image/png,,,,,,0,,0,1,0,False,OTHER,False
https://i-seo.su/wp-content/uploads/2026/04/snimok-ekrana-2026-04-30-v-08.31.05.png,outlink-followup,200,https://i-seo.su/wp-content/uploads/2026/04/snimok-ekrana-2026-04-30-v-08.31.05.png,0,image/png,,,,,,0,,0,1,0,False,OTHER,False
https://i-seo.su/wp-content/uploads/2026/04/snimok-ekrana-2026-04-30-v-08.45.48.png,outlink-followup,200,https://i-seo.su/wp-content/uploads/2026/04/snimok-ekrana-2026-04-30-v-08.45.48.png,0,image/png,,,,,,0,,0,1,0,False,OTHER,False
https://i-seo.su/wp-content/uploads/2026/04/snimok-ekrana-2026-04-30-v-09.49.29.png,outlink-followup,200,https://i-seo.su/wp-content/uploads/2026/04/snimok-ekrana-2026-04-30-v-09.49.29.png,0,image/png,,,,,,0,,0,1,0,False,OTHER,False
https://i-seo.su/wp-content/uploads/2026/04/tehnicheskij-audit_brost.pdf,inlink:https://i-seo.su/offer/kp-brost,200,https://i-seo.su/wp-content/uploads/2026/04/tehnicheskij-audit_brost.pdf,0,application/pdf,True,,,,,0,,0,1,0,False,OTHER,
https://i-seo.su/wp-content/uploads/2026/04/tehnicheskij-audit_oleandra.pdf,inlink:https://i-seo.su/offer/kp-oleandra,200,https://i-seo.su/wp-content/uploads/2026/04/tehnicheskij-audit_oleandra.pdf,0,application/pdf,True,,,,,0,,0,1,0,False,OTHER,
https://i-seo.su/wp-content/uploads/2026/04/tehnicheskij_audit_klimat-master.ru_.docx-4.pdf,inlink:https://i-seo.su/offer/kp-dlya-klimat-master-ru,200,https://i-seo.su/wp-content/uploads/2026/04/tehnicheskij_audit_klimat-master.ru_.docx-4.pdf,0,application/pdf,True,,,,,0,,0,1,0,False,OTHER,
https://i-seo.su/wp-content/uploads/2026/05/dubli-n1.png,outlink-followup,200,https://i-seo.su/wp-content/uploads/2026/05/dubli-n1.png,0,image/png,,,,,,0,,0,1,0,False,OTHER,False
https://i-seo.su/wp-content/uploads/2026/05/dubli-tfjtl.png,outlink-followup,200,https://i-seo.su/wp-content/uploads/2026/05/dubli-tfjtl.png,0,image/png,,,,,,0,,0,1,0,False,OTHER,False
https://i-seo.su/wp-content/uploads/2026/05/snimok-ekrana-2026-05-04-v-18.54.01.png,outlink-followup,200,https://i-seo.su/wp-content/uploads/2026/05/snimok-ekrana-2026-05-04-v-18.54.01.png,0,image/png,,,,,,0,,0,1,0,False,OTHER,False
https://i-seo.su/wp-content/uploads/2026/05/snimok-ekrana-2026-05-04-v-19.23.55.png,outlink-followup,200,https://i-seo.su/wp-content/uploads/2026/05/snimok-ekrana-2026-05-04-v-19.23.55.png,0,image/png,,,,,,0,,0,1,0,False,OTHER,False
https://i-seo.su/wp-content/uploads/2026/05/snimok-ekrana-2026-05-04-v-19.42.11.png,outlink-followup,200,https://i-seo.su/wp-content/uploads/2026/05/snimok-ekrana-2026-05-04-v-19.42.11.png,0,image/png,,,,,,0,,0,1,0,False,OTHER,False
https://i-seo.su/wp-content/uploads/2026/05/snimok-ekrana-2026-05-22-v-08.28.58.png,outlink-followup,200,https://i-seo.su/wp-content/uploads/2026/05/snimok-ekrana-2026-05-22-v-08.28.58.png,0,image/png,,,,,,0,,0,1,0,False,OTHER,False
https://i-seo.su/wp-content/uploads/2026/05/snimok-ekrana-2026-05-22-v-08.56.35.png,outlink-followup,200,https://i-seo.su/wp-content/uploads/2026/05/snimok-ekrana-2026-05-22-v-08.56.35.png,0,image/png,,,,,,0,,0,1,0,False,OTHER,False
https://i-seo.su/wp-content/uploads/2026/05/ssylki-stroj.png,outlink-followup,200,https://i-seo.su/wp-content/uploads/2026/05/ssylki-stroj.png,0,image/png,,,,,,0,,0,1,0,False,OTHER,False
https://i-seo.su/wp-content/uploads/2026/05/ssylki.png,outlink-followup,200,https://i-seo.su/wp-content/uploads/2026/05/ssylki.png,0,image/png,,,,,,0,,0,1,0,False,OTHER,False
https://i-seo.su/wp-content/uploads/2026/05/tehnicheskij-audit_keywarm.pdf,inlink:https://i-seo.su/offer/kp-dlya-keywarm,200,https://i-seo.su/wp-content/uploads/2026/05/tehnicheskij-audit_keywarm.pdf,0,application/pdf,True,,,,,0,,0,1,0,False,OTHER,
https://i-seo.su/wp-content/uploads/2026/05/tehnicheskij-audit_skn-dom.pdf,inlink:https://i-seo.su/offer/kp-dlya-skn-dom,200,https://i-seo.su/wp-content/uploads/2026/05/tehnicheskij-audit_skn-dom.pdf,0,application/pdf,True,,,,,0,,0,1,0,False,OTHER,
https://i-seo.su/wp-content/uploads/2026/05/yandeks.png,outlink-followup,200,https://i-seo.su/wp-content/uploads/2026/05/yandeks.png,0,image/png,,,,,,0,,0,1,0,False,OTHER,False
https://i-seo.su/wp-content/uploads/2026/06/photo_2026-06-08-09.01.43.jpeg,outlink-followup,200,https://i-seo.su/wp-content/uploads/2026/06/photo_2026-06-08-09.01.43.jpeg,0,image/jpeg,,,,,,0,,0,1,0,False,OTHER,False
https://i-seo.su/wp-content/uploads/2026/06/robots.png,outlink-followup,200,https://i-seo.su/wp-content/uploads/2026/06/robots.png,0,image/png,,,,,,0,,0,1,0,False,OTHER,False
https://i-seo.su/wp-content/uploads/2026/06/skorost.png,outlink-followup,200,https://i-seo.su/wp-content/uploads/2026/06/skorost.png,0,image/png,,,,,,0,,0,1,0,False,OTHER,False
https://i-seo.su/wp-content/uploads/2026/06/snimok-ekrana-2026-06-04-v-20.28.51.png,outlink-followup,200,https://i-seo.su/wp-content/uploads/2026/06/snimok-ekrana-2026-06-04-v-20.28.51.png,0,image/png,,,,,,0,,0,1,0,False,OTHER,False
https://i-seo.su/wp-content/uploads/2026/06/snimok-ekrana-2026-06-04-v-21.14.33.png,outlink-followup,200,https://i-seo.su/wp-content/uploads/2026/06/snimok-ekrana-2026-06-04-v-21.14.33.png,0,image/png,,,,,,0,,0,1,0,False,OTHER,False
https://i-seo.su/wp-content/uploads/2026/06/snimok-ekrana-2026-06-04-v-21.43.25.png,outlink-followup,200,https://i-seo.su/wp-content/uploads/2026/06/snimok-ekrana-2026-06-04-v-21.43.25.png,0,image/png,,,,,,0,,0,1,0,False,OTHER,False
https://i-seo.su/wp-content/uploads/2026/06/snimok-ekrana-2026-06-04-v-21.50.05.png,outlink-followup,200,https://i-seo.su/wp-content/uploads/2026/06/snimok-ekrana-2026-06-04-v-21.50.05.png,0,image/png,,,,,,0,,0,1,0,False,OTHER,False
https://i-seo.su/wp-content/uploads/2026/06/snimok-ekrana-2026-06-08-v-08.56.48.png,outlink-followup,200,https://i-seo.su/wp-content/uploads/2026/06/snimok-ekrana-2026-06-08-v-08.56.48.png,0,image/png,,,,,,0,,0,1,0,False,OTHER,False
https://i-seo.su/wp-content/uploads/2026/06/snimok-ekrana-2026-06-08-v-09.46.43-scaled.png,outlink-followup,200,https://i-seo.su/wp-content/uploads/2026/06/snimok-ekrana-2026-06-08-v-09.46.43-scaled.png,0,image/png,,,,,,0,,0,1,0,False,OTHER,False
https://i-seo.su/wp-content/uploads/2026/06/snimok-ekrana-2026-06-08-v-10.06.40.png,outlink-followup,200,https://i-seo.su/wp-content/uploads/2026/06/snimok-ekrana-2026-06-08-v-10.06.40.png,0,image/png,,,,,,0,,0,1,0,False,OTHER,False
https://i-seo.su/wp-content/uploads/2026/06/snimok-ekrana-2026-06-08-v-10.11.44.png,outlink-followup,200,https://i-seo.su/wp-content/uploads/2026/06/snimok-ekrana-2026-06-08-v-10.11.44.png,0,image/png,,,,,,0,,0,1,0,False,OTHER,False
https://i-seo.su/wp-content/uploads/2026/06/snimok-ekrana-2026-06-08-v-10.19.13.png,outlink-followup,200,https://i-seo.su/wp-content/uploads/2026/06/snimok-ekrana-2026-06-08-v-10.19.13.png,0,image/png,,,,,,0,,0,1,0,False,OTHER,False
https://i-seo.su/wp-content/uploads/2026/06/snimok-ekrana-2026-06-11-v-19.47.20.png,outlink-followup,200,https://i-seo.su/wp-content/uploads/2026/06/snimok-ekrana-2026-06-11-v-19.47.20.png,0,image/png,,,,,,0,,0,1,0,False,OTHER,False
https://i-seo.su/wp-content/uploads/2026/06/snimok-ekrana-2026-06-11-v-20.00.32-scaled.png,outlink-followup,200,https://i-seo.su/wp-content/uploads/2026/06/snimok-ekrana-2026-06-11-v-20.00.32-scaled.png,0,image/png,,,,,,0,,0,1,0,False,OTHER,False
https://i-seo.su/wp-content/uploads/2026/06/snimok-ekrana-2026-06-11-v-20.11.43.png,outlink-followup,200,https://i-seo.su/wp-content/uploads/2026/06/snimok-ekrana-2026-06-11-v-20.11.43.png,0,image/png,,,,,,0,,0,1,0,False,OTHER,False
https://i-seo.su/wp-content/uploads/2026/06/snimok-ekrana-2026-06-13-v-14.54.14-1.png,outlink-followup,200,https://i-seo.su/wp-content/uploads/2026/06/snimok-ekrana-2026-06-13-v-14.54.14-1.png,0,image/png,,,,,,0,,0,1,0,False,OTHER,False
https://i-seo.su/wp-content/uploads/2026/06/snimok-ekrana-2026-06-16-v-12.13.02.png,outlink-followup,200,https://i-seo.su/wp-content/uploads/2026/06/snimok-ekrana-2026-06-16-v-12.13.02.png,0,image/png,,,,,,0,,0,1,0,False,OTHER,False
https://i-seo.su/wp-content/uploads/2026/06/snimok-ekrana-2026-06-17-v-18.40.52.png,outlink-followup,200,https://i-seo.su/wp-content/uploads/2026/06/snimok-ekrana-2026-06-17-v-18.40.52.png,0,image/png,,,,,,0,,0,1,0,False,OTHER,False
https://i-seo.su/wp-content/uploads/2026/06/snimok-ekrana-2026-06-17-v-18.47.00.png,outlink-followup,200,https://i-seo.su/wp-content/uploads/2026/06/snimok-ekrana-2026-06-17-v-18.47.00.png,0,image/png,,,,,,0,,0,1,0,False,OTHER,False
https://i-seo.su/wp-content/uploads/2026/06/snimok-ekrana-2026-06-22-v-15.33.30.png,outlink-followup,200,https://i-seo.su/wp-content/uploads/2026/06/snimok-ekrana-2026-06-22-v-15.33.30.png,0,image/png,,,,,,0,,0,1,0,False,OTHER,False
https://i-seo.su/wp-content/uploads/2026/06/snimok-ekrana-2026-06-22-v-15.35.11-scaled.png,outlink-followup,200,https://i-seo.su/wp-content/uploads/2026/06/snimok-ekrana-2026-06-22-v-15.35.11-scaled.png,0,image/png,,,,,,0,,0,1,0,False,OTHER,False
https://i-seo.su/wp-content/uploads/2026/06/snimok-ekrana-2026-06-22-v-15.47.55.png,outlink-followup,200,https://i-seo.su/wp-content/uploads/2026/06/snimok-ekrana-2026-06-22-v-15.47.55.png,0,image/png,,,,,,0,,0,1,0,False,OTHER,False
https://i-seo.su/wp-content/uploads/2026/06/snimok-ekrana-2026-06-22-v-16.05.13.png,outlink-followup,200,https://i-seo.su/wp-content/uploads/2026/06/snimok-ekrana-2026-06-22-v-16.05.13.png,0,image/png,,,,,,0,,0,1,0,False,OTHER,False
https://i-seo.su/wp-content/uploads/2026/06/snimok-ekrana-2026-06-22-v-16.19.07.png,outlink-followup,200,https://i-seo.su/wp-content/uploads/2026/06/snimok-ekrana-2026-06-22-v-16.19.07.png,0,image/png,,,,,,0,,0,1,0,False,OTHER,False
https://i-seo.su/wp-content/uploads/2026/06/snimok-ekrana-2026-06-22-v-16.19.27-scaled.png,outlink-followup,200,https://i-seo.su/wp-content/uploads/2026/06/snimok-ekrana-2026-06-22-v-16.19.27-scaled.png,0,image/png,,,,,,0,,0,1,0,False,OTHER,False
https://i-seo.su/wp-content/uploads/2026/06/snimok-ekrana-2026-06-22-v-16.30.09-scaled.png,outlink-followup,200,https://i-seo.su/wp-content/uploads/2026/06/snimok-ekrana-2026-06-22-v-16.30.09-scaled.png,0,image/png,,,,,,0,,0,1,0,False,OTHER,False
https://i-seo.su/wp-content/uploads/2026/06/snimok-ekrana-2026-06-23-v-18.45.17.png,outlink-followup,200,https://i-seo.su/wp-content/uploads/2026/06/snimok-ekrana-2026-06-23-v-18.45.17.png,0,image/png,,,,,,0,,0,1,0,False,OTHER,False
https://i-seo.su/wp-content/uploads/2026/06/snimok-ekrana-2026-06-23-v-18.55.58.png,outlink-followup,200,https://i-seo.su/wp-content/uploads/2026/06/snimok-ekrana-2026-06-23-v-18.55.58.png,0,image/png,,,,,,0,,0,1,0,False,OTHER,False
https://i-seo.su/wp-content/uploads/2026/06/snimok-ekrana-2026-06-23-v-18.56.34.png,outlink-followup,200,https://i-seo.su/wp-content/uploads/2026/06/snimok-ekrana-2026-06-23-v-18.56.34.png,0,image/png,,,,,,0,,0,1,0,False,OTHER,False
https://i-seo.su/wp-content/uploads/2026/06/snimok-ekrana-2026-06-23-v-19.11.57.png,outlink-followup,200,https://i-seo.su/wp-content/uploads/2026/06/snimok-ekrana-2026-06-23-v-19.11.57.png,0,image/png,,,,,,0,,0,1,0,False,OTHER,False
https://i-seo.su/wp-content/uploads/2026/06/snimok-ekrana-2026-06-23-v-19.32.15.png,outlink-followup,200,https://i-seo.su/wp-content/uploads/2026/06/snimok-ekrana-2026-06-23-v-19.32.15.png,0,image/png,,,,,,0,,0,1,0,False,OTHER,False
https://i-seo.su/wp-content/uploads/2026/06/snimok-ekrana-2026-06-23-v-19.33.23-scaled.png,outlink-followup,200,https://i-seo.su/wp-content/uploads/2026/06/snimok-ekrana-2026-06-23-v-19.33.23-scaled.png,0,image/png,,,,,,0,,0,1,0,False,OTHER,False
https://i-seo.su/wp-content/uploads/2026/06/snimok-ekrana-2026-06-26-v-19.25.43-scaled.png,outlink-followup,200,https://i-seo.su/wp-content/uploads/2026/06/snimok-ekrana-2026-06-26-v-19.25.43-scaled.png,0,image/png,,,,,,0,,0,1,0,False,OTHER,False
https://i-seo.su/wp-content/uploads/2026/06/snimok-ekrana-2026-06-26-v-19.46.30.png,outlink-followup,200,https://i-seo.su/wp-content/uploads/2026/06/snimok-ekrana-2026-06-26-v-19.46.30.png,0,image/png,,,,,,0,,0,1,0,False,OTHER,False
https://i-seo.su/wp-content/uploads/2026/06/snimok-ekrana-2026-06-26-v-20.19.56.png,outlink-followup,200,https://i-seo.su/wp-content/uploads/2026/06/snimok-ekrana-2026-06-26-v-20.19.56.png,0,image/png,,,,,,0,,0,1,0,False,OTHER,False
https://i-seo.su/wp-content/uploads/2026/06/snimok-ekrana-2026-06-27-v-09.21.29.png,outlink-followup,200,https://i-seo.su/wp-content/uploads/2026/06/snimok-ekrana-2026-06-27-v-09.21.29.png,0,image/png,,,,,,0,,0,1,0,False,OTHER,False
https://i-seo.su/wp-content/uploads/2026/06/snimok-ekrana-2026-06-28-v-18.51.51.png,outlink-followup,200,https://i-seo.su/wp-content/uploads/2026/06/snimok-ekrana-2026-06-28-v-18.51.51.png,0,image/png,,,,,,0,,0,1,0,False,OTHER,False
https://i-seo.su/wp-content/uploads/2026/06/snimok-ekrana-2026-06-28-v-19.18.38.png,outlink-followup,200,https://i-seo.su/wp-content/uploads/2026/06/snimok-ekrana-2026-06-28-v-19.18.38.png,0,image/png,,,,,,0,,0,1,0,False,OTHER,False
https://i-seo.su/wp-content/uploads/2026/06/snimok-ekrana-2026-06-28-v-19.18.53.png,outlink-followup,200,https://i-seo.su/wp-content/uploads/2026/06/snimok-ekrana-2026-06-28-v-19.18.53.png,0,image/png,,,,,,0,,0,1,0,False,OTHER,False
https://i-seo.su/wp-content/uploads/2026/06/snimok-ekrana-2026-06-28-v-19.58.44.png,outlink-followup,200,https://i-seo.su/wp-content/uploads/2026/06/snimok-ekrana-2026-06-28-v-19.58.44.png,0,image/png,,,,,,0,,0,1,0,False,OTHER,False
https://i-seo.su/wp-content/uploads/2026/06/snimok-ekrana-2026-06-28-v-20.06.14.png,outlink-followup,200,https://i-seo.su/wp-content/uploads/2026/06/snimok-ekrana-2026-06-28-v-20.06.14.png,0,image/png,,,,,,0,,0,1,0,False,OTHER,False
https://i-seo.su/wp-content/uploads/2026/06/snimok-ekrana-2026-06-28-v-20.11.00.png,outlink-followup,200,https://i-seo.su/wp-content/uploads/2026/06/snimok-ekrana-2026-06-28-v-20.11.00.png,0,image/png,,,,,,0,,0,1,0,False,OTHER,False
https://i-seo.su/wp-content/uploads/2026/06/ssylki-1.png,outlink-followup,200,https://i-seo.su/wp-content/uploads/2026/06/ssylki-1.png,0,image/png,,,,,,0,,0,1,0,False,OTHER,False
https://i-seo.su/wp-content/uploads/2026/06/ssylki-2.png,outlink-followup,200,https://i-seo.su/wp-content/uploads/2026/06/ssylki-2.png,0,image/png,,,,,,0,,0,1,0,False,OTHER,False
https://i-seo.su/wp-content/uploads/2026/06/ssylki-kollagen-scaled.png,outlink-followup,200,https://i-seo.su/wp-content/uploads/2026/06/ssylki-kollagen-scaled.png,0,image/png,,,,,,0,,0,1,0,False,OTHER,False
https://i-seo.su/wp-content/uploads/2026/06/ssylki-lis.png,outlink-followup,200,https://i-seo.su/wp-content/uploads/2026/06/ssylki-lis.png,0,image/png,,,,,,0,,0,1,0,False,OTHER,False
https://i-seo.su/wp-content/uploads/2026/06/ssylki-scaled.png,outlink-followup,200,https://i-seo.su/wp-content/uploads/2026/06/ssylki-scaled.png,0,image/png,,,,,,0,,0,1,0,False,OTHER,False
https://i-seo.su/wp-content/uploads/2026/06/tehnicheskij-audit_czvety.pdf,inlink:https://i-seo.su/offer/kp-dlya-reka-cvetov,200,https://i-seo.su/wp-content/uploads/2026/06/tehnicheskij-audit_czvety.pdf,0,application/pdf,True,,,,,0,,0,1,0,False,OTHER,
https://i-seo.su/wp-content/uploads/2026/06/tehnicheskij-audit_eventy.docx.pdf,inlink:https://i-seo.su/offer/kp-dlya-vdservis,200,https://i-seo.su/wp-content/uploads/2026/06/tehnicheskij-audit_eventy.docx.pdf,0,application/pdf,True,,,,,0,,0,1,0,False,OTHER,
https://i-seo.su/wp-content/uploads/2026/06/tehnicheskij-audit_kollagen.pdf,inlink:https://i-seo.su/offer/kp-dlya-kollagen-pmt,200,https://i-seo.su/wp-content/uploads/2026/06/tehnicheskij-audit_kollagen.pdf,0,application/pdf,True,,,,,0,,0,1,0,False,OTHER,
https://i-seo.su/wp-content/uploads/2026/06/tehnicheskij-audit_konturtepla.pdf,inlink:https://i-seo.su/offer/kp-dlya-konturteplo,200,https://i-seo.su/wp-content/uploads/2026/06/tehnicheskij-audit_konturtepla.pdf,0,application/pdf,True,,,,,0,,0,1,0,False,OTHER,
https://i-seo.su/wp-content/uploads/2026/06/tehnicheskij-audit_litomarket.docx.pdf,inlink:https://i-seo.su/offer/kp-dlya-litomarket,200,https://i-seo.su/wp-content/uploads/2026/06/tehnicheskij-audit_litomarket.docx.pdf,0,application/pdf,True,,,,,0,,0,1,0,False,OTHER,
https://i-seo.su/wp-content/uploads/2026/06/tehnicheskij-audit_lystoppen.pdf,inlink:https://i-seo.su/offer/kp-dlya-lystoppen,200,https://i-seo.su/wp-content/uploads/2026/06/tehnicheskij-audit_lystoppen.pdf,0,application/pdf,True,,,,,0,,0,1,0,False,OTHER,
https://i-seo.su/wp-content/uploads/2026/06/tehnicheskij-audit_meatbridge.pdf,inlink:https://i-seo.su/offer/kp-dlya-meatbridge,200,https://i-seo.su/wp-content/uploads/2026/06/tehnicheskij-audit_meatbridge.pdf,0,application/pdf,True,,,,,0,,0,1,0,False,OTHER,
https://i-seo.su/wp-content/uploads/2026/06/tehnicheskij-audit_povod-najdetsya.pdf,inlink:https://i-seo.su/offer/kp-dlya-findreason,200,https://i-seo.su/wp-content/uploads/2026/06/tehnicheskij-audit_povod-najdetsya.pdf,0,application/pdf,True,,,,,0,,0,1,0,False,OTHER,
https://i-seo.su/wp-content/uploads/2026/06/tehnicheskij-audit_tenty.docx.pdf,inlink:https://i-seo.su/offer/kp-dlya-tentov,200,https://i-seo.su/wp-content/uploads/2026/06/tehnicheskij-audit_tenty.docx.pdf,0,application/pdf,True,,,,,0,,0,1,0,False,OTHER,
https://i-seo.su/wp-content/uploads/2026/06/tehnicheskij-audit_uuu.pdf,inlink:https://i-seo.su/offer/kp-dlya-yyy,200,https://i-seo.su/wp-content/uploads/2026/06/tehnicheskij-audit_uuu.pdf,0,application/pdf,True,,,,,0,,0,1,0,False,OTHER,
https://i-seo.su/wp-content/uploads/2026/06/yandeks-1.png,outlink-followup,200,https://i-seo.su/wp-content/uploads/2026/06/yandeks-1.png,0,image/png,,,,,,0,,0,1,0,False,OTHER,False
https://i-seo.su/wp-content/uploads/2026/06/yandeks-2.png,outlink-followup,200,https://i-seo.su/wp-content/uploads/2026/06/yandeks-2.png,0,image/png,,,,,,0,,0,1,0,False,OTHER,False
https://i-seo.su/wp-content/uploads/2026/06/yandeks.png,outlink-followup,200,https://i-seo.su/wp-content/uploads/2026/06/yandeks.png,0,image/png,,,,,,0,,0,1,0,False,OTHER,False
https://i-seo.su/wp-content/uploads/2026/07/ierarhiya.png,outlink-followup,200,https://i-seo.su/wp-content/uploads/2026/07/ierarhiya.png,0,image/png,,,,,,0,,0,1,0,False,OTHER,False
https://i-seo.su/wp-content/uploads/2026/07/snimok-ekrana-2026-07-10-v-06.30.21.png,outlink-followup,200,https://i-seo.su/wp-content/uploads/2026/07/snimok-ekrana-2026-07-10-v-06.30.21.png,0,image/png,,,,,,0,,0,1,0,False,OTHER,False
https://i-seo.su/wp-content/uploads/2026/07/snimok-ekrana-2026-07-10-v-06.35.22.png,outlink-followup,200,https://i-seo.su/wp-content/uploads/2026/07/snimok-ekrana-2026-07-10-v-06.35.22.png,0,image/png,,,,,,0,,0,1,0,False,OTHER,False
https://i-seo.su/wp-content/uploads/2026/07/snimok-ekrana-2026-07-10-v-06.41.36.png,outlink-followup,200,https://i-seo.su/wp-content/uploads/2026/07/snimok-ekrana-2026-07-10-v-06.41.36.png,0,image/png,,,,,,0,,0,1,0,False,OTHER,False
https://i-seo.su/wp-content/uploads/2026/07/snimok-ekrana-2026-07-10-v-06.57.10.png,outlink-followup,200,https://i-seo.su/wp-content/uploads/2026/07/snimok-ekrana-2026-07-10-v-06.57.10.png,0,image/png,,,,,,0,,0,1,0,False,OTHER,False
https://i-seo.su/wp-content/uploads/2026/07/snimok-ekrana-2026-07-10-v-07.19.21.png,outlink-followup,200,https://i-seo.su/wp-content/uploads/2026/07/snimok-ekrana-2026-07-10-v-07.19.21.png,0,image/png,,,,,,0,,0,1,0,False,OTHER,False
https://i-seo.su/wp-content/uploads/2026/07/snimok-ekrana-2026-07-10-v-07.26.53.png,outlink-followup,200,https://i-seo.su/wp-content/uploads/2026/07/snimok-ekrana-2026-07-10-v-07.26.53.png,0,image/png,,,,,,0,,0,1,0,False,OTHER,False
https://i-seo.su/wp-content/uploads/2026/07/snimok-ekrana-2026-07-13-v-06.45.03.png,outlink-followup,200,https://i-seo.su/wp-content/uploads/2026/07/snimok-ekrana-2026-07-13-v-06.45.03.png,0,image/png,,,,,,0,,0,1,0,False,OTHER,False
https://i-seo.su/wp-content/uploads/2026/07/snimok-ekrana-2026-07-13-v-06.53.24.png,outlink-followup,200,https://i-seo.su/wp-content/uploads/2026/07/snimok-ekrana-2026-07-13-v-06.53.24.png,0,image/png,,,,,,0,,0,1,0,False,OTHER,False
https://i-seo.su/wp-content/uploads/2026/07/snimok-ekrana-2026-07-13-v-07.37.48.png,outlink-followup,200,https://i-seo.su/wp-content/uploads/2026/07/snimok-ekrana-2026-07-13-v-07.37.48.png,0,image/png,,,,,,0,,0,1,0,False,OTHER,False
https://i-seo.su/wp-content/uploads/2026/07/snimok-ekrana-2026-07-13-v-07.49.10.png,outlink-followup,200,https://i-seo.su/wp-content/uploads/2026/07/snimok-ekrana-2026-07-13-v-07.49.10.png,0,image/png,,,,,,0,,0,1,0,False,OTHER,False
https://i-seo.su/wp-content/uploads/2026/07/snimok-ekrana-2026-07-16-v-17.00.47.png,outlink-followup,200,https://i-seo.su/wp-content/uploads/2026/07/snimok-ekrana-2026-07-16-v-17.00.47.png,0,image/png,,,,,,0,,0,1,0,False,OTHER,False
https://i-seo.su/wp-content/uploads/2026/07/snimok-ekrana-2026-07-16-v-17.00.49-scaled.png,outlink-followup,200,https://i-seo.su/wp-content/uploads/2026/07/snimok-ekrana-2026-07-16-v-17.00.49-scaled.png,0,image/png,,,,,,0,,0,1,0,False,OTHER,False
https://i-seo.su/wp-content/uploads/2026/07/snimok-ekrana-2026-07-16-v-17.47.54.png,outlink-followup,200,https://i-seo.su/wp-content/uploads/2026/07/snimok-ekrana-2026-07-16-v-17.47.54.png,0,image/png,,,,,,0,,0,1,0,False,OTHER,False
https://i-seo.su/wp-content/uploads/2026/07/snimok-ekrana-2026-07-17-v-09.37.37.png,outlink-followup,200,https://i-seo.su/wp-content/uploads/2026/07/snimok-ekrana-2026-07-17-v-09.37.37.png,0,image/png,,,,,,0,,0,1,0,False,OTHER,False
https://i-seo.su/wp-content/uploads/2026/07/snimok-ekrana-2026-07-17-v-10.00.59.png,outlink-followup,200,https://i-seo.su/wp-content/uploads/2026/07/snimok-ekrana-2026-07-17-v-10.00.59.png,0,image/png,,,,,,0,,0,1,0,False,OTHER,False
https://i-seo.su/wp-content/uploads/2026/07/snimok-ekrana-2026-07-17-v-10.46.17.png,outlink-followup,200,https://i-seo.su/wp-content/uploads/2026/07/snimok-ekrana-2026-07-17-v-10.46.17.png,0,image/png,,,,,,0,,0,1,0,False,OTHER,False
https://i-seo.su/wp-content/uploads/2026/07/snimok-ekrana-2026-07-21-v-10.52.42.png,outlink-followup,200,https://i-seo.su/wp-content/uploads/2026/07/snimok-ekrana-2026-07-21-v-10.52.42.png,0,image/png,,,,,,0,,0,1,0,False,OTHER,False
https://i-seo.su/wp-content/uploads/2026/07/snimok-ekrana-2026-07-21-v-10.53.25.png,outlink-followup,200,https://i-seo.su/wp-content/uploads/2026/07/snimok-ekrana-2026-07-21-v-10.53.25.png,0,image/png,,,,,,0,,0,1,0,False,OTHER,False
https://i-seo.su/wp-content/uploads/2026/07/snimok-ekrana-2026-07-21-v-10.59.04.png,outlink-followup,200,https://i-seo.su/wp-content/uploads/2026/07/snimok-ekrana-2026-07-21-v-10.59.04.png,0,image/png,,,,,,0,,0,1,0,False,OTHER,False
https://i-seo.su/wp-content/uploads/2026/07/snimok-ekrana-2026-07-21-v-11.31.14.png,outlink-followup,200,https://i-seo.su/wp-content/uploads/2026/07/snimok-ekrana-2026-07-21-v-11.31.14.png,0,image/png,,,,,,0,,0,1,0,False,OTHER,False
https://i-seo.su/wp-content/uploads/2026/07/snimok-ekrana-2026-07-21-v-12.25.32.png,outlink-followup,200,https://i-seo.su/wp-content/uploads/2026/07/snimok-ekrana-2026-07-21-v-12.25.32.png,0,image/png,,,,,,0,,0,1,0,False,OTHER,False
https://i-seo.su/wp-content/uploads/2026/07/snimok-ekrana-2026-07-22-v-14.26.13.png,outlink-followup,200,https://i-seo.su/wp-content/uploads/2026/07/snimok-ekrana-2026-07-22-v-14.26.13.png,0,image/png,,,,,,0,,0,1,0,False,OTHER,False
https://i-seo.su/wp-content/uploads/2026/07/snimok-ekrana-2026-07-22-v-14.33.15.png,outlink-followup,200,https://i-seo.su/wp-content/uploads/2026/07/snimok-ekrana-2026-07-22-v-14.33.15.png,0,image/png,,,,,,0,,0,1,0,False,OTHER,False
https://i-seo.su/wp-content/uploads/2026/07/snimok-ekrana-2026-07-22-v-14.34.33.png,outlink-followup,200,https://i-seo.su/wp-content/uploads/2026/07/snimok-ekrana-2026-07-22-v-14.34.33.png,0,image/png,,,,,,0,,0,1,0,False,OTHER,False
https://i-seo.su/wp-content/uploads/2026/07/snimok-ekrana-2026-07-22-v-14.51.16.png,outlink-followup,200,https://i-seo.su/wp-content/uploads/2026/07/snimok-ekrana-2026-07-22-v-14.51.16.png,0,image/png,,,,,,0,,0,1,0,False,OTHER,False
https://i-seo.su/wp-content/uploads/2026/07/snimok-ekrana-2026-07-26-v-17.24.38.png,outlink-followup,200,https://i-seo.su/wp-content/uploads/2026/07/snimok-ekrana-2026-07-26-v-17.24.38.png,0,image/png,,,,,,0,,0,1,0,False,OTHER,False
https://i-seo.su/wp-content/uploads/2026/07/snimok-ekrana-2026-07-26-v-17.27.07.png,outlink-followup,200,https://i-seo.su/wp-content/uploads/2026/07/snimok-ekrana-2026-07-26-v-17.27.07.png,0,image/png,,,,,,0,,0,1,0,False,OTHER,False
https://i-seo.su/wp-content/uploads/2026/07/snimok-ekrana-2026-07-26-v-17.41.54.png,outlink-followup,200,https://i-seo.su/wp-content/uploads/2026/07/snimok-ekrana-2026-07-26-v-17.41.54.png,0,image/png,,,,,,0,,0,1,0,False,OTHER,False
https://i-seo.su/wp-content/uploads/2026/07/snimok-ekrana-2026-07-26-v-17.43.09.png,outlink-followup,200,https://i-seo.su/wp-content/uploads/2026/07/snimok-ekrana-2026-07-26-v-17.43.09.png,0,image/png,,,,,,0,,0,1,0,False,OTHER,False
https://i-seo.su/wp-content/uploads/2026/07/snimok-ekrana-2026-07-26-v-18.25.29-scaled.png,outlink-followup,200,https://i-seo.su/wp-content/uploads/2026/07/snimok-ekrana-2026-07-26-v-18.25.29-scaled.png,0,image/png,,,,,,0,,0,1,0,False,OTHER,False
https://i-seo.su/wp-content/uploads/2026/07/snimok-ekrana-2026-07-26-v-18.40.03.png,outlink-followup,200,https://i-seo.su/wp-content/uploads/2026/07/snimok-ekrana-2026-07-26-v-18.40.03.png,0,image/png,,,,,,0,,0,1,0,False,OTHER,False
https://i-seo.su/wp-content/uploads/2026/07/ssyl.png,outlink-followup,200,https://i-seo.su/wp-content/uploads/2026/07/ssyl.png,0,image/png,,,,,,0,,0,1,0,False,OTHER,False
https://i-seo.su/wp-content/uploads/2026/07/tehnicheskij-audit_-atele-tekstil.pdf,inlink:https://i-seo.su/offer/kp-dlya-tekstil,200,https://i-seo.su/wp-content/uploads/2026/07/tehnicheskij-audit_-atele-tekstil.pdf,0,application/pdf,True,,,,,0,,0,1,0,False,OTHER,
https://i-seo.su/wp-content/uploads/2026/07/tehnicheskij-audit_-plastikakril.pdf,inlink:https://i-seo.su/offer/kp-dlya-acril-plastic,200,https://i-seo.su/wp-content/uploads/2026/07/tehnicheskij-audit_-plastikakril.pdf,0,application/pdf,True,,,,,0,,0,1,0,False,OTHER,
https://i-seo.su/wp-content/uploads/2026/07/tehnicheskij-audit_ekspertiza.docx.pdf,inlink:https://i-seo.su/offer/kp-dlya-expertiza,200,https://i-seo.su/wp-content/uploads/2026/07/tehnicheskij-audit_ekspertiza.docx.pdf,0,application/pdf,True,,,,,0,,0,1,0,False,OTHER,
https://i-seo.su/wp-content/uploads/2026/07/tehnicheskij-audit_enzym.pdf,inlink:https://i-seo.su/offer/kp-dlya-enzym,200,https://i-seo.su/wp-content/uploads/2026/07/tehnicheskij-audit_enzym.pdf,0,application/pdf,True,,,,,0,,0,1,0,False,OTHER,
https://i-seo.su/wp-content/uploads/2026/07/tehnicheskij-audit_peptidy.docx.pdf,inlink:https://i-seo.su/offer/kp-dlya-peptidy,200,https://i-seo.su/wp-content/uploads/2026/07/tehnicheskij-audit_peptidy.docx.pdf,0,application/pdf,True,,,,,0,,0,1,0,False,OTHER,
https://i-seo.su/wp-content/uploads/2026/07/tehnicheskij-audit_shower-glass.pdf,inlink:https://i-seo.su/offer/kp-dlya-showerglass,200,https://i-seo.su/wp-content/uploads/2026/07/tehnicheskij-audit_shower-glass.pdf,0,application/pdf,True,,,,,0,,0,1,0,False,OTHER,
https://i-seo.su/wp-content/uploads/2026/07/yand.png,outlink-followup,200,https://i-seo.su/wp-content/uploads/2026/07/yand.png,0,image/png,,,,,,0,,0,1,0,False,OTHER,False
https://i-seo.su/wp-content/uploads/2026/08/snimok-ekrana-—-2026-08-03-v-21.40.42.png,outlink-followup,200,https://i-seo.su/wp-content/uploads/2026/08/snimok-ekrana-%E2%80%94-2026-08-03-v-21.40.42.png,0,image/png,,,,,,0,,0,1,0,False,OTHER,False
https://i-seo.su/wp-content/uploads/2026/08/snimok-ekrana-—-2026-08-04-v-09.40.01.png,outlink-followup,200,https://i-seo.su/wp-content/uploads/2026/08/snimok-ekrana-%E2%80%94-2026-08-04-v-09.40.01.png,0,image/png,,,,,,0,,0,1,0,False,OTHER,False
https://i-seo.su/wp-content/uploads/2026/08/snimok-ekrana-—-2026-08-04-v-09.47.40.png,outlink-followup,200,https://i-seo.su/wp-content/uploads/2026/08/snimok-ekrana-%E2%80%94-2026-08-04-v-09.47.40.png,0,image/png,,,,,,0,,0,1,0,False,OTHER,False
https://i-seo.su/wp-content/uploads/2026/08/snimok-ekrana-—-2026-08-05-v-20.13.13.png,outlink-followup,200,https://i-seo.su/wp-content/uploads/2026/08/snimok-ekrana-%E2%80%94-2026-08-05-v-20.13.13.png,0,image/png,,,,,,0,,0,1,0,False,OTHER,False
https://i-seo.su/wp-content/uploads/2026/08/snimok-ekrana-—-2026-08-05-v-20.20.17.png,outlink-followup,200,https://i-seo.su/wp-content/uploads/2026/08/snimok-ekrana-%E2%80%94-2026-08-05-v-20.20.17.png,0,image/png,,,,,,0,,0,1,0,False,OTHER,False
https://i-seo.su/wp-content/uploads/2026/08/snimok-ekrana-—-2026-08-05-v-20.57.31-scaled.png,outlink-followup,200,https://i-seo.su/wp-content/uploads/2026/08/snimok-ekrana-%E2%80%94-2026-08-05-v-20.57.31-scaled.png,0,image/png,,,,,,0,,0,1,0,False,OTHER,False
https://i-seo.su/wp-content/uploads/2026/08/ssylki.png,outlink-followup,200,https://i-seo.su/wp-content/uploads/2026/08/ssylki.png,0,image/png,,,,,,0,,0,1,0,False,OTHER,False
https://i-seo.su/wp-content/uploads/2026/08/tehnicheskij-audit_businesscommandos.pdf,inlink:https://i-seo.su/offer/kp-dlya-businesscommandos,200,https://i-seo.su/wp-content/uploads/2026/08/tehnicheskij-audit_businesscommandos.pdf,0,application/pdf,True,,,,,0,,0,1,0,False,OTHER,
https://i-seo.su/wp-content/uploads/2026/08/tehnicheskij-audit_knigi.pdf,inlink:https://i-seo.su/offer/kp-dlya-sophia,200,https://i-seo.su/wp-content/uploads/2026/08/tehnicheskij-audit_knigi.pdf,0,application/pdf,True,,,,,0,,0,1,0,False,OTHER,
https://i-seo.su/wp-content/uploads/2026/08/tehnicheskij-audit_lms.pdf,inlink:https://i-seo.su/offer/kp-dlya-lmsic,200,https://i-seo.su/wp-content/uploads/2026/08/tehnicheskij-audit_lms.pdf,0,application/pdf,True,,,,,0,,0,1,0,False,OTHER,
https://i-seo.su/wp-sitemap.xml,seed,200,https://i-seo.su/wp-sitemap.xml,0,application/xml; charset=UTF-8,True,,,,,0,,0,0,0,False,OTHER,
